query_date,index,update_date,code,name
2015-01-10,hs300,2015-01-05,600000,浦发银行
2015-01-10,hs300,2015-01-05,600008,首创股份
2015-01-10,hs300,2015-01-05,600009,上海机场
2015-01-10,hs300,2015-01-05,600010,包钢股份
2015-01-10,hs300,2015-01-05,600011,华能国际
2015-01-10,hs300,2015-01-05,600015,华夏银行
2015-01-10,hs300,2015-01-05,600016,民生银行
2015-01-10,hs300,2015-01-05,600018,上港集团
2015-01-10,hs300,2015-01-05,600019,宝钢股份
2015-01-10,hs300,2015-01-05,600023,浙能电力
2015-01-10,hs300,2015-01-05,600027,华电国际
2015-01-10,hs300,2015-01-05,600028,中国石化
2015-01-10,hs300,2015-01-05,600029,南方航空
2015-01-10,hs300,2015-01-05,600030,中信证券
2015-01-10,hs300,2015-01-05,600031,三一重工
2015-01-10,hs300,2015-01-05,600036,招商银行
2015-01-10,hs300,2015-01-05,600038,中直股份
2015-01-10,hs300,2015-01-05,600048,保利地产
2015-01-10,hs300,2015-01-05,600050,中国联通
2015-01-10,hs300,2015-01-05,600058,五矿发展
2015-01-10,hs300,2015-01-05,600060,海信电器
2015-01-10,hs300,2015-01-05,600066,宇通客车
2015-01-10,hs300,2015-01-05,600068,葛洲坝
2015-01-10,hs300,2015-01-05,600079,人福医药
2015-01-10,hs300,2015-01-05,600085,同仁堂
2015-01-10,hs300,2015-01-05,600089,特变电工
2015-01-10,hs300,2015-01-05,600100,同方股份
2015-01-10,hs300,2015-01-05,600104,上汽集团
2015-01-10,hs300,2015-01-05,600108,亚盛集团
2015-01-10,hs300,2015-01-05,600109,国金证券
2015-01-10,hs300,2015-01-05,600111,北方稀土
2015-01-10,hs300,2015-01-05,600115,东方航空
2015-01-10,hs300,2015-01-05,600118,中国卫星
2015-01-10,hs300,2015-01-05,600143,金发科技
2015-01-10,hs300,2015-01-05,600150,*ST船舶
2015-01-10,hs300,2015-01-05,600153,建发股份
2015-01-10,hs300,2015-01-05,600157,永泰能源
2015-01-10,hs300,2015-01-05,600166,福田汽车
2015-01-10,hs300,2015-01-05,600170,上海建工
2015-01-10,hs300,2015-01-05,600177,雅戈尔
2015-01-10,hs300,2015-01-05,600188,兖州煤业
2015-01-10,hs300,2015-01-05,600196,复星医药
2015-01-10,hs300,2015-01-05,600208,新湖中宝
2015-01-10,hs300,2015-01-05,600221,海航控股
2015-01-10,hs300,2015-01-05,600252,中恒集团
2015-01-10,hs300,2015-01-05,600256,广汇能源
2015-01-10,hs300,2015-01-05,600267,海正药业
2015-01-10,hs300,2015-01-05,600271,航天信息
2015-01-10,hs300,2015-01-05,600276,恒瑞医药
2015-01-10,hs300,2015-01-05,600277,亿利洁能
2015-01-10,hs300,2015-01-05,600309,万华化学
2015-01-10,hs300,2015-01-05,600315,上海家化
2015-01-10,hs300,2015-01-05,600316,洪都航空
2015-01-10,hs300,2015-01-05,600332,白云山
2015-01-10,hs300,2015-01-05,600340,华夏幸福
2015-01-10,hs300,2015-01-05,600348,阳泉煤业
2015-01-10,hs300,2015-01-05,600352,浙江龙盛
2015-01-10,hs300,2015-01-05,600362,江西铜业
2015-01-10,hs300,2015-01-05,600369,西南证券
2015-01-10,hs300,2015-01-05,600372,中航电子
2015-01-10,hs300,2015-01-05,600373,中文传媒
2015-01-10,hs300,2015-01-05,600383,金地集团
2015-01-10,hs300,2015-01-05,600395,盘江股份
2015-01-10,hs300,2015-01-05,600398,海澜之家
2015-01-10,hs300,2015-01-05,600406,国电南瑞
2015-01-10,hs300,2015-01-05,600415,小商品城
2015-01-10,hs300,2015-01-05,600436,片仔癀
2015-01-10,hs300,2015-01-05,600485,信威集团
2015-01-10,hs300,2015-01-05,600489,中金黄金
2015-01-10,hs300,2015-01-05,600497,驰宏锌锗
2015-01-10,hs300,2015-01-05,600498,烽火通信
2015-01-10,hs300,2015-01-05,600516,方大炭素
2015-01-10,hs300,2015-01-05,600518,康美药业
2015-01-10,hs300,2015-01-05,600519,贵州茅台
2015-01-10,hs300,2015-01-05,600535,天士力
2015-01-10,hs300,2015-01-05,600547,山东黄金
2015-01-10,hs300,2015-01-05,600549,厦门钨业
2015-01-10,hs300,2015-01-05,600570,恒生电子
2015-01-10,hs300,2015-01-05,600578,京能电力
2015-01-10,hs300,2015-01-05,600583,海油工程
2015-01-10,hs300,2015-01-05,600585,海螺水泥
2015-01-10,hs300,2015-01-05,600588,用友网络
2015-01-10,hs300,2015-01-05,600597,光明乳业
2015-01-10,hs300,2015-01-05,600600,青岛啤酒
2015-01-10,hs300,2015-01-05,600633,浙数文化
2015-01-10,hs300,2015-01-05,600637,东方明珠
2015-01-10,hs300,2015-01-05,600642,申能股份
2015-01-10,hs300,2015-01-05,600648,外高桥
2015-01-10,hs300,2015-01-05,600649,城投控股
2015-01-10,hs300,2015-01-05,600655,豫园股份
2015-01-10,hs300,2015-01-05,600660,福耀玻璃
2015-01-10,hs300,2015-01-05,600663,陆家嘴
2015-01-10,hs300,2015-01-05,600664,哈药股份
2015-01-10,hs300,2015-01-05,600674,川投能源
2015-01-10,hs300,2015-01-05,600688,上海石化
2015-01-10,hs300,2015-01-05,600690,青岛海尔
2015-01-10,hs300,2015-01-05,600703,三安光电
2015-01-10,hs300,2015-01-05,600705,中航资本
2015-01-10,hs300,2015-01-05,600718,东软集团
2015-01-10,hs300,2015-01-05,600739,辽宁成大
2015-01-10,hs300,2015-01-05,600741,华域汽车
2015-01-10,hs300,2015-01-05,600783,鲁信创投
2015-01-10,hs300,2015-01-05,600795,国电电力
2015-01-10,hs300,2015-01-05,600804,鹏博士
2015-01-10,hs300,2015-01-05,600809,山西汾酒
2015-01-10,hs300,2015-01-05,600827,百联股份
2015-01-10,hs300,2015-01-05,600832,东方明珠
2015-01-10,hs300,2015-01-05,600837,海通证券
2015-01-10,hs300,2015-01-05,600839,四川长虹
2015-01-10,hs300,2015-01-05,600863,内蒙华电
2015-01-10,hs300,2015-01-05,600867,通化东宝
2015-01-10,hs300,2015-01-05,600873,梅花生物
2015-01-10,hs300,2015-01-05,600875,东方电气
2015-01-10,hs300,2015-01-05,600880,博瑞传播
2015-01-10,hs300,2015-01-05,600886,国投电力
2015-01-10,hs300,2015-01-05,600887,伊利股份
2015-01-10,hs300,2015-01-05,600893,航发动力
2015-01-10,hs300,2015-01-05,600900,长江电力
2015-01-10,hs300,2015-01-05,600998,九州通
2015-01-10,hs300,2015-01-05,600999,招商证券
2015-01-10,hs300,2015-01-05,601006,大秦铁路
2015-01-10,hs300,2015-01-05,601009,南京银行
2015-01-10,hs300,2015-01-05,601018,宁波港
2015-01-10,hs300,2015-01-05,601088,中国神华
2015-01-10,hs300,2015-01-05,601098,中南传媒
2015-01-10,hs300,2015-01-05,601111,中国国航
2015-01-10,hs300,2015-01-05,601117,中国化学
2015-01-10,hs300,2015-01-05,601118,海南橡胶
2015-01-10,hs300,2015-01-05,601158,重庆水务
2015-01-10,hs300,2015-01-05,601166,兴业银行
2015-01-10,hs300,2015-01-05,601168,西部矿业
2015-01-10,hs300,2015-01-05,601169,北京银行
2015-01-10,hs300,2015-01-05,601179,中国西电
2015-01-10,hs300,2015-01-05,601186,中国铁建
2015-01-10,hs300,2015-01-05,601216,君正集团
2015-01-10,hs300,2015-01-05,601225,陕西煤业
2015-01-10,hs300,2015-01-05,601231,环旭电子
2015-01-10,hs300,2015-01-05,601258,庞大集团
2015-01-10,hs300,2015-01-05,601288,农业银行
2015-01-10,hs300,2015-01-05,601299,中国北车
2015-01-10,hs300,2015-01-05,601318,中国平安
2015-01-10,hs300,2015-01-05,601328,交通银行
2015-01-10,hs300,2015-01-05,601333,广深铁路
2015-01-10,hs300,2015-01-05,601336,新华保险
2015-01-10,hs300,2015-01-05,601377,兴业证券
2015-01-10,hs300,2015-01-05,601390,中国中铁
2015-01-10,hs300,2015-01-05,601398,工商银行
2015-01-10,hs300,2015-01-05,601555,东吴证券
2015-01-10,hs300,2015-01-05,601600,中国铝业
2015-01-10,hs300,2015-01-05,601601,中国太保
2015-01-10,hs300,2015-01-05,601607,上海医药
2015-01-10,hs300,2015-01-05,601618,中国中冶
2015-01-10,hs300,2015-01-05,601628,中国人寿
2015-01-10,hs300,2015-01-05,601633,长城汽车
2015-01-10,hs300,2015-01-05,601668,中国建筑
2015-01-10,hs300,2015-01-05,601669,中国电建
2015-01-10,hs300,2015-01-05,601688,华泰证券
2015-01-10,hs300,2015-01-05,601699,潞安环能
2015-01-10,hs300,2015-01-05,601727,上海电气
2015-01-10,hs300,2015-01-05,601766,中国中车
2015-01-10,hs300,2015-01-05,601800,中国交建
2015-01-10,hs300,2015-01-05,601808,中海油服
2015-01-10,hs300,2015-01-05,601818,光大银行
2015-01-10,hs300,2015-01-05,601857,中国石油
2015-01-10,hs300,2015-01-05,601866,中远海发
2015-01-10,hs300,2015-01-05,601888,中国国旅
2015-01-10,hs300,2015-01-05,601898,中煤能源
2015-01-10,hs300,2015-01-05,601899,紫金矿业
2015-01-10,hs300,2015-01-05,601901,方正证券
2015-01-10,hs300,2015-01-05,601928,凤凰传媒
2015-01-10,hs300,2015-01-05,601929,吉视传媒
2015-01-10,hs300,2015-01-05,601933,永辉超市
2015-01-10,hs300,2015-01-05,601939,建设银行
2015-01-10,hs300,2015-01-05,601958,金钼股份
2015-01-10,hs300,2015-01-05,601988,中国银行
2015-01-10,hs300,2015-01-05,601989,中国重工
2015-01-10,hs300,2015-01-05,601992,金隅集团
2015-01-10,hs300,2015-01-05,601998,中信银行
2015-01-10,hs300,2015-01-05,603000,人民网
2015-01-10,hs300,2015-01-05,603288,海天味业
2015-01-10,hs300,2015-01-05,603699,纽威股份
2015-01-10,hs300,2015-01-05,603993,洛阳钼业
2015-01-10,hs300,2015-01-05,000001,平安银行
2015-01-10,hs300,2015-01-05,000002,万科A
2015-01-10,hs300,2015-01-05,000009,中国宝安
2015-01-10,hs300,2015-01-05,000024,招商地产
2015-01-10,hs300,2015-01-05,000027,深圳能源
2015-01-10,hs300,2015-01-05,000039,中集集团
2015-01-10,hs300,2015-01-05,000060,中金岭南
2015-01-10,hs300,2015-01-05,000061,农产品
2015-01-10,hs300,2015-01-05,000063,中兴通讯
2015-01-10,hs300,2015-01-05,000069,华侨城A
2015-01-10,hs300,2015-01-05,000100,TCL集团
2015-01-10,hs300,2015-01-05,000156,华数传媒
2015-01-10,hs300,2015-01-05,000157,中联重科
2015-01-10,hs300,2015-01-05,000333,美的集团
2015-01-10,hs300,2015-01-05,000338,潍柴动力
2015-01-10,hs300,2015-01-05,000400,许继电气
2015-01-10,hs300,2015-01-05,000401,冀东水泥
2015-01-10,hs300,2015-01-05,000402,金融街
2015-01-10,hs300,2015-01-05,000413,东旭光电
2015-01-10,hs300,2015-01-05,000423,东阿阿胶
2015-01-10,hs300,2015-01-05,000425,徐工机械
2015-01-10,hs300,2015-01-05,000503,国新健康
2015-01-10,hs300,2015-01-05,000536,华映科技
2015-01-10,hs300,2015-01-05,000538,云南白药
2015-01-10,hs300,2015-01-05,000559,万向钱潮
2015-01-10,hs300,2015-01-05,000562,宏源证券
2015-01-10,hs300,2015-01-05,000568,泸州老窖
2015-01-10,hs300,2015-01-05,000581,威孚高科
2015-01-10,hs300,2015-01-05,000598,兴蓉环境
2015-01-10,hs300,2015-01-05,000623,吉林敖东
2015-01-10,hs300,2015-01-05,000625,长安汽车
2015-01-10,hs300,2015-01-05,000629,攀钢钒钛
2015-01-10,hs300,2015-01-05,000630,铜陵有色
2015-01-10,hs300,2015-01-05,000651,格力电器
2015-01-10,hs300,2015-01-05,000686,东北证券
2015-01-10,hs300,2015-01-05,000709,河钢股份
2015-01-10,hs300,2015-01-05,000725,京东方A
2015-01-10,hs300,2015-01-05,000728,国元证券
2015-01-10,hs300,2015-01-05,000729,燕京啤酒
2015-01-10,hs300,2015-01-05,000750,国海证券
2015-01-10,hs300,2015-01-05,000768,中航飞机
2015-01-10,hs300,2015-01-05,000776,广发证券
2015-01-10,hs300,2015-01-05,000778,新兴铸管
2015-01-10,hs300,2015-01-05,000783,长江证券
2015-01-10,hs300,2015-01-05,000792,盐湖股份
2015-01-10,hs300,2015-01-05,000793,华闻传媒
2015-01-10,hs300,2015-01-05,000800,一汽轿车
2015-01-10,hs300,2015-01-05,000825,太钢不锈
2015-01-10,hs300,2015-01-05,000826,启迪桑德
2015-01-10,hs300,2015-01-05,000831,五矿稀土
2015-01-10,hs300,2015-01-05,000839,中信国安
2015-01-10,hs300,2015-01-05,000858,五粮液
2015-01-10,hs300,2015-01-05,000869,张裕A
2015-01-10,hs300,2015-01-05,000876,新希望
2015-01-10,hs300,2015-01-05,000878,云南铜业
2015-01-10,hs300,2015-01-05,000883,湖北能源
2015-01-10,hs300,2015-01-05,000895,双汇发展
2015-01-10,hs300,2015-01-05,000898,鞍钢股份
2015-01-10,hs300,2015-01-05,000917,电广传媒
2015-01-10,hs300,2015-01-05,000937,冀中能源
2015-01-10,hs300,2015-01-05,000960,锡业股份
2015-01-10,hs300,2015-01-05,000963,华东医药
2015-01-10,hs300,2015-01-05,000970,中科三环
2015-01-10,hs300,2015-01-05,000983,西山煤电
2015-01-10,hs300,2015-01-05,000999,华润三九
2015-01-10,hs300,2015-01-05,002001,新和成
2015-01-10,hs300,2015-01-05,002007,华兰生物
2015-01-10,hs300,2015-01-05,002008,大族激光
2015-01-10,hs300,2015-01-05,002024,苏宁易购
2015-01-10,hs300,2015-01-05,002038,双鹭药业
2015-01-10,hs300,2015-01-05,002051,中工国际
2015-01-10,hs300,2015-01-05,002065,东华软件
2015-01-10,hs300,2015-01-05,002081,金螳螂
2015-01-10,hs300,2015-01-05,002129,中环股份
2015-01-10,hs300,2015-01-05,002142,宁波银行
2015-01-10,hs300,2015-01-05,002146,荣盛发展
2015-01-10,hs300,2015-01-05,002153,石基信息
2015-01-10,hs300,2015-01-05,002202,金风科技
2015-01-10,hs300,2015-01-05,002230,科大讯飞
2015-01-10,hs300,2015-01-05,002236,大华股份
2015-01-10,hs300,2015-01-05,002241,歌尔股份
2015-01-10,hs300,2015-01-05,002252,上海莱士
2015-01-10,hs300,2015-01-05,002292,奥飞娱乐
2015-01-10,hs300,2015-01-05,002294,信立泰
2015-01-10,hs300,2015-01-05,002304,洋河股份
2015-01-10,hs300,2015-01-05,002310,东方园林
2015-01-10,hs300,2015-01-05,002344,海宁皮城
2015-01-10,hs300,2015-01-05,002353,杰瑞股份
2015-01-10,hs300,2015-01-05,002375,亚厦股份
2015-01-10,hs300,2015-01-05,002385,大北农
2015-01-10,hs300,2015-01-05,002399,海普瑞
2015-01-10,hs300,2015-01-05,002400,省广集团
2015-01-10,hs300,2015-01-05,002410,广联达
2015-01-10,hs300,2015-01-05,002415,海康威视
2015-01-10,hs300,2015-01-05,002416,爱施德
2015-01-10,hs300,2015-01-05,002422,科伦药业
2015-01-10,hs300,2015-01-05,002429,兆驰股份
2015-01-10,hs300,2015-01-05,002450,康得新
2015-01-10,hs300,2015-01-05,002456,欧菲科技
2015-01-10,hs300,2015-01-05,002465,海格通信
2015-01-10,hs300,2015-01-05,002470,金正大
2015-01-10,hs300,2015-01-05,002475,立讯精密
2015-01-10,hs300,2015-01-05,002500,山西证券
2015-01-10,hs300,2015-01-05,002570,*ST因美
2015-01-10,hs300,2015-01-05,002594,比亚迪
2015-01-10,hs300,2015-01-05,002603,以岭药业
2015-01-10,hs300,2015-01-05,002653,海思科
2015-01-10,hs300,2015-01-05,002673,西部证券
2015-01-10,hs300,2015-01-05,300015,爱尔眼科
2015-01-10,hs300,2015-01-05,300017,网宿科技
2015-01-10,hs300,2015-01-05,300024,机器人
2015-01-10,hs300,2015-01-05,300027,华谊兄弟
2015-01-10,hs300,2015-01-05,300058,蓝色光标
2015-01-10,hs300,2015-01-05,300070,碧水源
2015-01-10,hs300,2015-01-05,300124,汇川技术
2015-01-10,hs300,2015-01-05,300133,华策影视
2015-01-10,hs300,2015-01-05,300146,汤臣倍健
2015-01-10,hs300,2015-01-05,300251,光线传媒
2015-01-10,zz500,2015-01-05,600004,白云机场
2015-01-10,zz500,2015-01-05,600006,东风汽车
2015-01-10,zz500,2015-01-05,600017,日照港
2015-01-10,zz500,2015-01-05,600021,上海电力
2015-01-10,zz500,2015-01-05,600026,中远海能
2015-01-10,zz500,2015-01-05,600037,歌华有线
2015-01-10,zz500,2015-01-05,600039,四川路桥
2015-01-10,zz500,2015-01-05,600056,中国医药
2015-01-10,zz500,2015-01-05,600059,古越龙山
2015-01-10,zz500,2015-01-05,600062,华润双鹤
2015-01-10,zz500,2015-01-05,600064,南京高科
2015-01-10,zz500,2015-01-05,600067,冠城大通
2015-01-10,zz500,2015-01-05,600073,上海梅林
2015-01-10,zz500,2015-01-05,600078,澄星股份
2015-01-10,zz500,2015-01-05,600086,东方金钰
2015-01-10,zz500,2015-01-05,600088,中视传媒
2015-01-10,zz500,2015-01-05,600098,广州发展
2015-01-10,zz500,2015-01-05,600110,诺德股份
2015-01-10,zz500,2015-01-05,600112,天成控股
2015-01-10,zz500,2015-01-05,600120,浙江东方
2015-01-10,zz500,2015-01-05,600122,宏图高科
2015-01-10,zz500,2015-01-05,600125,铁龙物流
2015-01-10,zz500,2015-01-05,600132,重庆啤酒
2015-01-10,zz500,2015-01-05,600138,中青旅
2015-01-10,zz500,2015-01-05,600141,兴发集团
2015-01-10,zz500,2015-01-05,600151,航天机电
2015-01-10,zz500,2015-01-05,600158,中体产业
2015-01-10,zz500,2015-01-05,600160,巨化股份
2015-01-10,zz500,2015-01-05,600161,天坛生物
2015-01-10,zz500,2015-01-05,600162,香江控股
2015-01-10,zz500,2015-01-05,600169,太原重工
2015-01-10,zz500,2015-01-05,600171,上海贝岭
2015-01-10,zz500,2015-01-05,600175,美都能源
2015-01-10,zz500,2015-01-05,600176,中国巨石
2015-01-10,zz500,2015-01-05,600180,瑞茂通
2015-01-10,zz500,2015-01-05,600183,生益科技
2015-01-10,zz500,2015-01-05,600184,光电股份
2015-01-10,zz500,2015-01-05,600187,国中水务
2015-01-10,zz500,2015-01-05,600195,中牧股份
2015-01-10,zz500,2015-01-05,600197,伊力特
2015-01-10,zz500,2015-01-05,600198,*ST大唐
2015-01-10,zz500,2015-01-05,600199,金种子酒
2015-01-10,zz500,2015-01-05,600200,江苏吴中
2015-01-10,zz500,2015-01-05,600201,生物股份
2015-01-10,zz500,2015-01-05,600216,浙江医药
2015-01-10,zz500,2015-01-05,600219,南山铝业
2015-01-10,zz500,2015-01-05,600220,江苏阳光
2015-01-10,zz500,2015-01-05,600239,云南城投
2015-01-10,zz500,2015-01-05,600240,华业资本
2015-01-10,zz500,2015-01-05,600251,冠农股份
2015-01-10,zz500,2015-01-05,600259,广晟有色
2015-01-10,zz500,2015-01-05,600260,凯乐科技
2015-01-10,zz500,2015-01-05,600261,阳光照明
2015-01-10,zz500,2015-01-05,600266,北京城建
2015-01-10,zz500,2015-01-05,600270,外运发展
2015-01-10,zz500,2015-01-05,600280,中央商场
2015-01-10,zz500,2015-01-05,600284,浦东建设
2015-01-10,zz500,2015-01-05,600289,*ST信通
2015-01-10,zz500,2015-01-05,600292,远达环保
2015-01-10,zz500,2015-01-05,600298,安琪酵母
2015-01-10,zz500,2015-01-05,600300,维维股份
2015-01-10,zz500,2015-01-05,600312,平高电气
2015-01-10,zz500,2015-01-05,600317,营口港
2015-01-10,zz500,2015-01-05,600320,振华重工
2015-01-10,zz500,2015-01-05,600325,华发股份
2015-01-10,zz500,2015-01-05,600329,中新药业
2015-01-10,zz500,2015-01-05,600333,长春燃气
2015-01-10,zz500,2015-01-05,600335,国机汽车
2015-01-10,zz500,2015-01-05,600337,美克家居
2015-01-10,zz500,2015-01-05,600351,亚宝药业
2015-01-10,zz500,2015-01-05,600366,宁波韵升
2015-01-10,zz500,2015-01-05,600376,首开股份
2015-01-10,zz500,2015-01-05,600380,健康元
2015-01-10,zz500,2015-01-05,600387,海越能源
2015-01-10,zz500,2015-01-05,600389,江山股份
2015-01-10,zz500,2015-01-05,600392,盛和资源
2015-01-10,zz500,2015-01-05,600397,*ST安煤
2015-01-10,zz500,2015-01-05,600401,*ST海润
2015-01-10,zz500,2015-01-05,600409,三友化工
2015-01-10,zz500,2015-01-05,600410,华胜天成
2015-01-10,zz500,2015-01-05,600416,湘电股份
2015-01-10,zz500,2015-01-05,600418,江淮汽车
2015-01-10,zz500,2015-01-05,600422,昆药集团
2015-01-10,zz500,2015-01-05,600425,青松建化
2015-01-10,zz500,2015-01-05,600426,华鲁恒升
2015-01-10,zz500,2015-01-05,600428,中远海特
2015-01-10,zz500,2015-01-05,600429,三元股份
2015-01-10,zz500,2015-01-05,600432,退市吉恩
2015-01-10,zz500,2015-01-05,600433,冠豪高新
2015-01-10,zz500,2015-01-05,600435,北方导航
2015-01-10,zz500,2015-01-05,600438,通威股份
2015-01-10,zz500,2015-01-05,600439,瑞贝卡
2015-01-10,zz500,2015-01-05,600456,宝钛股份
2015-01-10,zz500,2015-01-05,600458,时代新材
2015-01-10,zz500,2015-01-05,600460,士兰微
2015-01-10,zz500,2015-01-05,600467,好当家
2015-01-10,zz500,2015-01-05,600468,百利电气
2015-01-10,zz500,2015-01-05,600478,科力远
2015-01-10,zz500,2015-01-05,600481,双良节能
2015-01-10,zz500,2015-01-05,600482,中国动力
2015-01-10,zz500,2015-01-05,600487,亨通光电
2015-01-10,zz500,2015-01-05,600488,天药股份
2015-01-10,zz500,2015-01-05,600490,鹏欣资源
2015-01-10,zz500,2015-01-05,600496,精工钢构
2015-01-10,zz500,2015-01-05,600499,科达洁能
2015-01-10,zz500,2015-01-05,600507,方大特钢
2015-01-10,zz500,2015-01-05,600509,天富能源
2015-01-10,zz500,2015-01-05,600510,黑牡丹
2015-01-10,zz500,2015-01-05,600511,国药股份
2015-01-10,zz500,2015-01-05,600517,置信电气
2015-01-10,zz500,2015-01-05,600521,华海药业
2015-01-10,zz500,2015-01-05,600522,中天科技
2015-01-10,zz500,2015-01-05,600525,长园集团
2015-01-10,zz500,2015-01-05,600528,中铁工业
2015-01-10,zz500,2015-01-05,600536,中国软件
2015-01-10,zz500,2015-01-05,600537,亿晶光电
2015-01-10,zz500,2015-01-05,600545,卓郎智能
2015-01-10,zz500,2015-01-05,600546,山煤国际
2015-01-10,zz500,2015-01-05,600551,时代出版
2015-01-10,zz500,2015-01-05,600557,康缘药业
2015-01-10,zz500,2015-01-05,600563,法拉电子
2015-01-10,zz500,2015-01-05,600572,康恩贝
2015-01-10,zz500,2015-01-05,600575,皖江物流
2015-01-10,zz500,2015-01-05,600580,卧龙电气
2015-01-10,zz500,2015-01-05,600582,天地科技
2015-01-10,zz500,2015-01-05,600584,长电科技
2015-01-10,zz500,2015-01-05,600586,金晶科技
2015-01-10,zz500,2015-01-05,600587,新华医疗
2015-01-10,zz500,2015-01-05,600596,新安股份
2015-01-10,zz500,2015-01-05,600601,方正科技
2015-01-10,zz500,2015-01-05,600611,大众交通
2015-01-10,zz500,2015-01-05,600612,老凤祥
2015-01-10,zz500,2015-01-05,600614,鹏起科技
2015-01-10,zz500,2015-01-05,600616,金枫酒业
2015-01-10,zz500,2015-01-05,600618,氯碱化工
2015-01-10,zz500,2015-01-05,600628,新世界
2015-01-10,zz500,2015-01-05,600635,大众公用
2015-01-10,zz500,2015-01-05,600636,三爱富
2015-01-10,zz500,2015-01-05,600639,浦东金桥
2015-01-10,zz500,2015-01-05,600640,号百控股
2015-01-10,zz500,2015-01-05,600643,爱建集团
2015-01-10,zz500,2015-01-05,600645,中源协和
2015-01-10,zz500,2015-01-05,600651,飞乐音响
2015-01-10,zz500,2015-01-05,600654,ST中安
2015-01-10,zz500,2015-01-05,600657,信达地产
2015-01-10,zz500,2015-01-05,600673,东阳光科
2015-01-10,zz500,2015-01-05,600675,中华企业
2015-01-10,zz500,2015-01-05,600685,中船防务
2015-01-10,zz500,2015-01-05,600694,大商股份
2015-01-10,zz500,2015-01-05,600699,均胜电子
2015-01-10,zz500,2015-01-05,600702,舍得酒业
2015-01-10,zz500,2015-01-05,600704,物产中大
2015-01-10,zz500,2015-01-05,600720,祁连山
2015-01-10,zz500,2015-01-05,600729,重庆百货
2015-01-10,zz500,2015-01-05,600736,苏州高新
2015-01-10,zz500,2015-01-05,600737,中粮糖业
2015-01-10,zz500,2015-01-05,600740,山西焦化
2015-01-10,zz500,2015-01-05,600743,华远地产
2015-01-10,zz500,2015-01-05,600747,ST大控
2015-01-10,zz500,2015-01-05,600748,上实发展
2015-01-10,zz500,2015-01-05,600750,江中药业
2015-01-10,zz500,2015-01-05,600754,锦江股份
2015-01-10,zz500,2015-01-05,600755,厦门国贸
2015-01-10,zz500,2015-01-05,600757,长江传媒
2015-01-10,zz500,2015-01-05,600759,洲际油气
2015-01-10,zz500,2015-01-05,600761,安徽合力
2015-01-10,zz500,2015-01-05,600765,中航重机
2015-01-10,zz500,2015-01-05,600770,综艺股份
2015-01-10,zz500,2015-01-05,600773,西藏城投
2015-01-10,zz500,2015-01-05,600776,东方通信
2015-01-10,zz500,2015-01-05,600780,通宝能源
2015-01-10,zz500,2015-01-05,600787,中储股份
2015-01-10,zz500,2015-01-05,600790,轻纺城
2015-01-10,zz500,2015-01-05,600797,浙大网新
2015-01-10,zz500,2015-01-05,600801,华新水泥
2015-01-10,zz500,2015-01-05,600803,新奥股份
2015-01-10,zz500,2015-01-05,600805,悦达投资
2015-01-10,zz500,2015-01-05,600811,东方集团
2015-01-10,zz500,2015-01-05,600812,华北制药
2015-01-10,zz500,2015-01-05,600816,安信信托
2015-01-10,zz500,2015-01-05,600820,隧道股份
2015-01-10,zz500,2015-01-05,600823,世茂股份
2015-01-10,zz500,2015-01-05,600825,新华传媒
2015-01-10,zz500,2015-01-05,600826,兰生股份
2015-01-10,zz500,2015-01-05,600830,香溢融通
2015-01-10,zz500,2015-01-05,600831,广电网络
2015-01-10,zz500,2015-01-05,600835,上海机电
2015-01-10,zz500,2015-01-05,600844,丹化科技
2015-01-10,zz500,2015-01-05,600850,华东电脑
2015-01-10,zz500,2015-01-05,600851,海欣股份
2015-01-10,zz500,2015-01-05,600859,王府井
2015-01-10,zz500,2015-01-05,600864,哈投股份
2015-01-10,zz500,2015-01-05,600869,智慧能源
2015-01-10,zz500,2015-01-05,600872,中炬高新
2015-01-10,zz500,2015-01-05,600874,创业环保
2015-01-10,zz500,2015-01-05,600879,航天电子
2015-01-10,zz500,2015-01-05,600881,亚泰集团
2015-01-10,zz500,2015-01-05,600884,杉杉股份
2015-01-10,zz500,2015-01-05,600885,宏发股份
2015-01-10,zz500,2015-01-05,600894,广日股份
2015-01-10,zz500,2015-01-05,600895,张江高科
2015-01-10,zz500,2015-01-05,600967,内蒙一机
2015-01-10,zz500,2015-01-05,600970,中材国际
2015-01-10,zz500,2015-01-05,600971,恒源煤电
2015-01-10,zz500,2015-01-05,600978,宜华生活
2015-01-10,zz500,2015-01-05,600983,惠而浦
2015-01-10,zz500,2015-01-05,600993,马应龙
2015-01-10,zz500,2015-01-05,600997,开滦股份
2015-01-10,zz500,2015-01-05,601000,唐山港
2015-01-10,zz500,2015-01-05,601001,大同煤业
2015-01-10,zz500,2015-01-05,601002,晋亿实业
2015-01-10,zz500,2015-01-05,601010,文峰股份
2015-01-10,zz500,2015-01-05,601011,宝泰隆
2015-01-10,zz500,2015-01-05,601012,隆基股份
2015-01-10,zz500,2015-01-05,601099,太平洋
2015-01-10,zz500,2015-01-05,601101,昊华能源
2015-01-10,zz500,2015-01-05,601126,四方股份
2015-01-10,zz500,2015-01-05,601208,东材科技
2015-01-10,zz500,2015-01-05,601233,桐昆股份
2015-01-10,zz500,2015-01-05,601311,骆驼股份
2015-01-10,zz500,2015-01-05,601369,陕鼓动力
2015-01-10,zz500,2015-01-05,601388,怡球资源
2015-01-10,zz500,2015-01-05,601515,东风股份
2015-01-10,zz500,2015-01-05,601519,大智慧
2015-01-10,zz500,2015-01-05,601566,九牧王
2015-01-10,zz500,2015-01-05,601608,中信重工
2015-01-10,zz500,2015-01-05,601666,平煤股份
2015-01-10,zz500,2015-01-05,601678,滨化股份
2015-01-10,zz500,2015-01-05,601717,郑煤机
2015-01-10,zz500,2015-01-05,601718,际华集团
2015-01-10,zz500,2015-01-05,601777,力帆股份
2015-01-10,zz500,2015-01-05,601801,皖新传媒
2015-01-10,zz500,2015-01-05,601872,招商轮船
2015-01-10,zz500,2015-01-05,601880,大连港
2015-01-10,zz500,2015-01-05,601886,江河集团
2015-01-10,zz500,2015-01-05,601908,京运通
2015-01-10,zz500,2015-01-05,601965,中国汽研
2015-01-10,zz500,2015-01-05,601999,出版传媒
2015-01-10,zz500,2015-01-05,603001,奥康国际
2015-01-10,zz500,2015-01-05,603005,晶方科技
2015-01-10,zz500,2015-01-05,603077,和邦生物
2015-01-10,zz500,2015-01-05,603328,依顿电子
2015-01-10,zz500,2015-01-05,603366,日出东方
2015-01-10,zz500,2015-01-05,603369,今世缘
2015-01-10,zz500,2015-01-05,603555,贵人鸟
2015-01-10,zz500,2015-01-05,603766,隆鑫通用
2015-01-10,zz500,2015-01-05,000006,深振业A
2015-01-10,zz500,2015-01-05,000012,南玻A
2015-01-10,zz500,2015-01-05,000021,深科技
2015-01-10,zz500,2015-01-05,000028,国药一致
2015-01-10,zz500,2015-01-05,000030,富奥股份
2015-01-10,zz500,2015-01-05,000031,中粮地产
2015-01-10,zz500,2015-01-05,000049,德赛电池
2015-01-10,zz500,2015-01-05,000050,深天马A
2015-01-10,zz500,2015-01-05,000062,深圳华强
2015-01-10,zz500,2015-01-05,000066,中国长城
2015-01-10,zz500,2015-01-05,000078,海王生物
2015-01-10,zz500,2015-01-05,000088,盐田港
2015-01-10,zz500,2015-01-05,000090,天健集团
2015-01-10,zz500,2015-01-05,000099,中信海直
2015-01-10,zz500,2015-01-05,000415,渤海金控
2015-01-10,zz500,2015-01-05,000417,合肥百货
2015-01-10,zz500,2015-01-05,000418,小天鹅A
2015-01-10,zz500,2015-01-05,000422,*ST宜化
2015-01-10,zz500,2015-01-05,000426,兴业矿业
2015-01-10,zz500,2015-01-05,000488,晨鸣纸业
2015-01-10,zz500,2015-01-05,000501,鄂武商A
2015-01-10,zz500,2015-01-05,000506,中润资源
2015-01-10,zz500,2015-01-05,000510,金路集团
2015-01-10,zz500,2015-01-05,000511,烯碳退
2015-01-10,zz500,2015-01-05,000513,丽珠集团
2015-01-10,zz500,2015-01-05,000519,中兵红箭
2015-01-10,zz500,2015-01-05,000525,红太阳
2015-01-10,zz500,2015-01-05,000528,柳工
2015-01-10,zz500,2015-01-05,000540,中天金融
2015-01-10,zz500,2015-01-05,000541,佛山照明
2015-01-10,zz500,2015-01-05,000543,皖能电力
2015-01-10,zz500,2015-01-05,000550,江铃汽车
2015-01-10,zz500,2015-01-05,000552,靖远煤电
2015-01-10,zz500,2015-01-05,000555,神州信息
2015-01-10,zz500,2015-01-05,000563,陕国投A
2015-01-10,zz500,2015-01-05,000566,海南海药
2015-01-10,zz500,2015-01-05,000572,海马汽车
2015-01-10,zz500,2015-01-05,000587,金洲慈航
2015-01-10,zz500,2015-01-05,000596,古井贡酒
2015-01-10,zz500,2015-01-05,000603,盛达矿业
2015-01-10,zz500,2015-01-05,000612,焦作万方
2015-01-10,zz500,2015-01-05,000616,海航投资
2015-01-10,zz500,2015-01-05,000620,新华联
2015-01-10,zz500,2015-01-05,000631,顺发恒业
2015-01-10,zz500,2015-01-05,000636,风华高科
2015-01-10,zz500,2015-01-05,000650,仁和药业
2015-01-10,zz500,2015-01-05,000652,泰达股份
2015-01-10,zz500,2015-01-05,000656,金科股份
2015-01-10,zz500,2015-01-05,000661,长春高新
2015-01-10,zz500,2015-01-05,000667,美好置业
2015-01-10,zz500,2015-01-05,000669,金鸿控股
2015-01-10,zz500,2015-01-05,000671,阳光城
2015-01-10,zz500,2015-01-05,000680,山推股份
2015-01-10,zz500,2015-01-05,000681,视觉中国
2015-01-10,zz500,2015-01-05,000685,中山公用
2015-01-10,zz500,2015-01-05,000688,国城矿业
2015-01-10,zz500,2015-01-05,000690,宝新能源
2015-01-10,zz500,2015-01-05,000693,*ST华泽
2015-01-10,zz500,2015-01-05,000697,炼石有色
2015-01-10,zz500,2015-01-05,000703,恒逸石化
2015-01-10,zz500,2015-01-05,000712,锦龙股份
2015-01-10,zz500,2015-01-05,000718,苏宁环球
2015-01-10,zz500,2015-01-05,000719,中原传媒
2015-01-10,zz500,2015-01-05,000726,鲁泰A
2015-01-10,zz500,2015-01-05,000732,泰禾集团
2015-01-10,zz500,2015-01-05,000735,罗牛山
2015-01-10,zz500,2015-01-05,000748,长城信息
2015-01-10,zz500,2015-01-05,000758,中色股份
2015-01-10,zz500,2015-01-05,000762,西藏矿业
2015-01-10,zz500,2015-01-05,000777,中核科技
2015-01-10,zz500,2015-01-05,000780,平庄能源
2015-01-10,zz500,2015-01-05,000786,北新建材
2015-01-10,zz500,2015-01-05,000788,北大医药
2015-01-10,zz500,2015-01-05,000809,铁岭新城
2015-01-10,zz500,2015-01-05,000816,*ST慧业
2015-01-10,zz500,2015-01-05,000823,超声电子
2015-01-10,zz500,2015-01-05,000829,天音控股
2015-01-10,zz500,2015-01-05,000830,鲁西化工
2015-01-10,zz500,2015-01-05,000848,承德露露
2015-01-10,zz500,2015-01-05,000850,华茂股份
2015-01-10,zz500,2015-01-05,000852,石化机械
2015-01-10,zz500,2015-01-05,000860,顺鑫农业
2015-01-10,zz500,2015-01-05,000861,海印股份
2015-01-10,zz500,2015-01-05,000877,天山股份
2015-01-10,zz500,2015-01-05,000886,海南高速
2015-01-10,zz500,2015-01-05,000887,中鼎股份
2015-01-10,zz500,2015-01-05,000897,津滨发展
2015-01-10,zz500,2015-01-05,000900,现代投资
2015-01-10,zz500,2015-01-05,000919,金陵药业
2015-01-10,zz500,2015-01-05,000921,海信科龙
2015-01-10,zz500,2015-01-05,000926,福星股份
2015-01-10,zz500,2015-01-05,000927,一汽夏利
2015-01-10,zz500,2015-01-05,000930,中粮生化
2015-01-10,zz500,2015-01-05,000931,中关村
2015-01-10,zz500,2015-01-05,000933,神火股份
2015-01-10,zz500,2015-01-05,000939,*ST凯迪
2015-01-10,zz500,2015-01-05,000951,中国重汽
2015-01-10,zz500,2015-01-05,000959,首钢股份
2015-01-10,zz500,2015-01-05,000961,中南建设
2015-01-10,zz500,2015-01-05,000962,东方钽业
2015-01-10,zz500,2015-01-05,000969,安泰科技
2015-01-10,zz500,2015-01-05,000973,佛塑科技
2015-01-10,zz500,2015-01-05,000975,银泰资源
2015-01-10,zz500,2015-01-05,000977,浪潮信息
2015-01-10,zz500,2015-01-05,000979,中弘股份
2015-01-10,zz500,2015-01-05,000982,*ST中绒
2015-01-10,zz500,2015-01-05,000988,华工科技
2015-01-10,zz500,2015-01-05,000997,新大陆
2015-01-10,zz500,2015-01-05,000998,隆平高科
2015-01-10,zz500,2015-01-05,001696,宗申动力
2015-01-10,zz500,2015-01-05,002004,华邦健康
2015-01-10,zz500,2015-01-05,002005,德豪润达
2015-01-10,zz500,2015-01-05,002011,盾安环境
2015-01-10,zz500,2015-01-05,002013,中航机电
2015-01-10,zz500,2015-01-05,002018,*ST华信
2015-01-10,zz500,2015-01-05,002022,科华生物
2015-01-10,zz500,2015-01-05,002025,航天电器
2015-01-10,zz500,2015-01-05,002028,思源电气
2015-01-10,zz500,2015-01-05,002029,七匹狼
2015-01-10,zz500,2015-01-05,002030,达安基因
2015-01-10,zz500,2015-01-05,002041,登海种业
2015-01-10,zz500,2015-01-05,002048,宁波华翔
2015-01-10,zz500,2015-01-05,002050,三花智控
2015-01-10,zz500,2015-01-05,002052,同洲电子
2015-01-10,zz500,2015-01-05,002056,横店东磁
2015-01-10,zz500,2015-01-05,002063,远光软件
2015-01-10,zz500,2015-01-05,002064,华峰氨纶
2015-01-10,zz500,2015-01-05,002069,獐子岛
2015-01-10,zz500,2015-01-05,002073,软控股份
2015-01-10,zz500,2015-01-05,002078,太阳纸业
2015-01-10,zz500,2015-01-05,002083,孚日股份
2015-01-10,zz500,2015-01-05,002091,江苏国泰
2015-01-10,zz500,2015-01-05,002092,中泰化学
2015-01-10,zz500,2015-01-05,002093,国脉科技
2015-01-10,zz500,2015-01-05,002106,莱宝高科
2015-01-10,zz500,2015-01-05,002118,紫鑫药业
2015-01-10,zz500,2015-01-05,002122,*ST天马
2015-01-10,zz500,2015-01-05,002123,梦网集团
2015-01-10,zz500,2015-01-05,002128,露天煤业
2015-01-10,zz500,2015-01-05,002140,东华科技
2015-01-10,zz500,2015-01-05,002155,湖南黄金
2015-01-10,zz500,2015-01-05,002161,远望谷
2015-01-10,zz500,2015-01-05,002168,深圳惠程
2015-01-10,zz500,2015-01-05,002174,游族网络
2015-01-10,zz500,2015-01-05,002179,中航光电
2015-01-10,zz500,2015-01-05,002181,粤传媒
2015-01-10,zz500,2015-01-05,002183,怡亚通
2015-01-10,zz500,2015-01-05,002191,劲嘉股份
2015-01-10,zz500,2015-01-05,002194,*ST凡谷
2015-01-10,zz500,2015-01-05,002203,海亮股份
2015-01-10,zz500,2015-01-05,002204,大连重工
2015-01-10,zz500,2015-01-05,002216,三全食品
2015-01-10,zz500,2015-01-05,002219,恒康医疗
2015-01-10,zz500,2015-01-05,002221,东华能源
2015-01-10,zz500,2015-01-05,002223,鱼跃医疗
2015-01-10,zz500,2015-01-05,002225,濮耐股份
2015-01-10,zz500,2015-01-05,002226,江南化工
2015-01-10,zz500,2015-01-05,002233,塔牌集团
2015-01-10,zz500,2015-01-05,002237,恒邦股份
2015-01-10,zz500,2015-01-05,002238,天威视讯
2015-01-10,zz500,2015-01-05,002240,威华股份
2015-01-10,zz500,2015-01-05,002242,九阳股份
2015-01-10,zz500,2015-01-05,002244,滨江集团
2015-01-10,zz500,2015-01-05,002249,大洋电机
2015-01-10,zz500,2015-01-05,002250,联化科技
2015-01-10,zz500,2015-01-05,002251,步步高
2015-01-10,zz500,2015-01-05,002254,泰和新材
2015-01-10,zz500,2015-01-05,002266,浙富控股
2015-01-10,zz500,2015-01-05,002267,陕天然气
2015-01-10,zz500,2015-01-05,002269,美邦服饰
2015-01-10,zz500,2015-01-05,002271,东方雨虹
2015-01-10,zz500,2015-01-05,002273,水晶光电
2015-01-10,zz500,2015-01-05,002275,桂林三金
2015-01-10,zz500,2015-01-05,002276,万马股份
2015-01-10,zz500,2015-01-05,002277,友阿股份
2015-01-10,zz500,2015-01-05,002281,光迅科技
2015-01-10,zz500,2015-01-05,002285,世联行
2015-01-10,zz500,2015-01-05,002293,罗莱生活
2015-01-10,zz500,2015-01-05,002299,圣农发展
2015-01-10,zz500,2015-01-05,002308,威创股份
2015-01-10,zz500,2015-01-05,002309,中利集团
2015-01-10,zz500,2015-01-05,002311,海大集团
2015-01-10,zz500,2015-01-05,002315,焦点科技
2015-01-10,zz500,2015-01-05,002317,众生药业
2015-01-10,zz500,2015-01-05,002320,海峡股份
2015-01-10,zz500,2015-01-05,002325,洪涛股份
2015-01-10,zz500,2015-01-05,002327,富安娜
2015-01-10,zz500,2015-01-05,002332,仙琚制药
2015-01-10,zz500,2015-01-05,002340,格林美
2015-01-10,zz500,2015-01-05,002342,巨力索具
2015-01-10,zz500,2015-01-05,002345,潮宏基
2015-01-10,zz500,2015-01-05,002358,森源电气
2015-01-10,zz500,2015-01-05,002368,太极股份
2015-01-10,zz500,2015-01-05,002371,北方华创
2015-01-10,zz500,2015-01-05,002384,东山精密
2015-01-10,zz500,2015-01-05,002390,信邦制药
2015-01-10,zz500,2015-01-05,002392,北京利尔
2015-01-10,zz500,2015-01-05,002393,力生制药
2015-01-10,zz500,2015-01-05,002396,星网锐捷
2015-01-10,zz500,2015-01-05,002405,四维图新
2015-01-10,zz500,2015-01-05,002408,齐翔腾达
2015-01-10,zz500,2015-01-05,002414,高德红外
2015-01-10,zz500,2015-01-05,002419,天虹股份
2015-01-10,zz500,2015-01-05,002424,贵州百灵
2015-01-10,zz500,2015-01-05,002428,云南锗业
2015-01-10,zz500,2015-01-05,002430,杭氧股份
2015-01-10,zz500,2015-01-05,002431,棕榈股份
2015-01-10,zz500,2015-01-05,002437,誉衡药业
2015-01-10,zz500,2015-01-05,002440,闰土股份
2015-01-10,zz500,2015-01-05,002444,巨星科技
2015-01-10,zz500,2015-01-05,002461,珠江啤酒
2015-01-10,zz500,2015-01-05,002463,沪电股份
2015-01-10,zz500,2015-01-05,002477,雏鹰农牧
2015-01-10,zz500,2015-01-05,002479,富春环保
2015-01-10,zz500,2015-01-05,002480,新筑股份
2015-01-10,zz500,2015-01-05,002482,广田集团
2015-01-10,zz500,2015-01-05,002489,浙江永强
2015-01-10,zz500,2015-01-05,002490,山东墨龙
2015-01-10,zz500,2015-01-05,002498,汉缆股份
2015-01-10,zz500,2015-01-05,002503,搜于特
2015-01-10,zz500,2015-01-05,002505,大康农业
2015-01-10,zz500,2015-01-05,002508,老板电器
2015-01-10,zz500,2015-01-05,002551,尚荣医疗
2015-01-10,zz500,2015-01-05,002557,洽洽食品
2015-01-10,zz500,2015-01-05,002573,清新环境
2015-01-10,zz500,2015-01-05,002574,明牌珠宝
2015-01-10,zz500,2015-01-05,002588,史丹利
2015-01-10,zz500,2015-01-05,002595,豪迈科技
2015-01-10,zz500,2015-01-05,002612,朗姿股份
2015-01-10,zz500,2015-01-05,002635,安洁科技
2015-01-10,zz500,2015-01-05,002646,青青稞酒
2015-01-10,zz500,2015-01-05,002648,卫星石化
2015-01-10,zz500,2015-01-05,002662,京威股份
2015-01-10,zz500,2015-01-05,002663,普邦股份
2015-01-10,zz500,2015-01-05,002665,首航节能
2015-01-10,zz500,2015-01-05,002672,东江环保
2015-01-10,zz500,2015-01-05,002678,珠江钢琴
2015-01-10,zz500,2015-01-05,002690,美亚光电
2015-01-10,zz500,2015-01-05,002698,博实股份
2015-01-10,zz500,2015-01-05,002701,奥瑞金
2015-01-10,zz500,2015-01-05,002705,新宝股份
2015-01-10,zz500,2015-01-05,002714,牧原股份
2015-01-10,zz500,2015-01-05,002727,一心堂
2015-01-10,zz500,2015-01-05,300039,上海凯宝
2015-01-10,zz500,2015-01-05,300059,东方财富
2015-01-10,zz500,2015-01-05,300088,长信科技
2015-01-10,zz500,2015-01-05,300115,长盈精密
2015-01-10,zz500,2015-01-05,300134,大富科技
2015-01-10,zz500,2015-01-05,300144,宋城演艺
2015-01-10,zz500,2015-01-05,300147,香雪制药
2015-01-10,zz500,2015-01-05,300168,万达信息
2015-01-10,zz500,2015-01-05,300202,聚龙股份
2015-01-10,zz500,2015-01-05,300253,卫宁健康
2015-01-10,zz500,2015-01-05,300273,和佳股份
2015-07-10,hs300,2015-07-06,600000,浦发银行
2015-07-10,hs300,2015-07-06,600005,武钢股份
2015-07-10,hs300,2015-07-06,600008,首创股份
2015-07-10,hs300,2015-07-06,600009,上海机场
2015-07-10,hs300,2015-07-06,600010,包钢股份
2015-07-10,hs300,2015-07-06,600011,华能国际
2015-07-10,hs300,2015-07-06,600015,华夏银行
2015-07-10,hs300,2015-07-06,600016,民生银行
2015-07-10,hs300,2015-07-06,600018,上港集团
2015-07-10,hs300,2015-07-06,600019,宝钢股份
2015-07-10,hs300,2015-07-06,600023,浙能电力
2015-07-10,hs300,2015-07-06,600027,华电国际
2015-07-10,hs300,2015-07-06,600028,中国石化
2015-07-10,hs300,2015-07-06,600029,南方航空
2015-07-10,hs300,2015-07-06,600030,中信证券
2015-07-10,hs300,2015-07-06,600031,三一重工
2015-07-10,hs300,2015-07-06,600036,招商银行
2015-07-10,hs300,2015-07-06,600038,中直股份
2015-07-10,hs300,2015-07-06,600048,保利地产
2015-07-10,hs300,2015-07-06,600050,中国联通
2015-07-10,hs300,2015-07-06,600060,海信电器
2015-07-10,hs300,2015-07-06,600066,宇通客车
2015-07-10,hs300,2015-07-06,600068,葛洲坝
2015-07-10,hs300,2015-07-06,600085,同仁堂
2015-07-10,hs300,2015-07-06,600089,特变电工
2015-07-10,hs300,2015-07-06,600100,同方股份
2015-07-10,hs300,2015-07-06,600104,上汽集团
2015-07-10,hs300,2015-07-06,600108,亚盛集团
2015-07-10,hs300,2015-07-06,600109,国金证券
2015-07-10,hs300,2015-07-06,600111,北方稀土
2015-07-10,hs300,2015-07-06,600115,东方航空
2015-07-10,hs300,2015-07-06,600118,中国卫星
2015-07-10,hs300,2015-07-06,600150,*ST船舶
2015-07-10,hs300,2015-07-06,600153,建发股份
2015-07-10,hs300,2015-07-06,600157,永泰能源
2015-07-10,hs300,2015-07-06,600166,福田汽车
2015-07-10,hs300,2015-07-06,600170,上海建工
2015-07-10,hs300,2015-07-06,600177,雅戈尔
2015-07-10,hs300,2015-07-06,600188,兖州煤业
2015-07-10,hs300,2015-07-06,600196,复星医药
2015-07-10,hs300,2015-07-06,600208,新湖中宝
2015-07-10,hs300,2015-07-06,600221,海航控股
2015-07-10,hs300,2015-07-06,600252,中恒集团
2015-07-10,hs300,2015-07-06,600256,广汇能源
2015-07-10,hs300,2015-07-06,600271,航天信息
2015-07-10,hs300,2015-07-06,600276,恒瑞医药
2015-07-10,hs300,2015-07-06,600277,亿利洁能
2015-07-10,hs300,2015-07-06,600309,万华化学
2015-07-10,hs300,2015-07-06,600315,上海家化
2015-07-10,hs300,2015-07-06,600316,洪都航空
2015-07-10,hs300,2015-07-06,600317,营口港
2015-07-10,hs300,2015-07-06,600332,白云山
2015-07-10,hs300,2015-07-06,600340,华夏幸福
2015-07-10,hs300,2015-07-06,600348,阳泉煤业
2015-07-10,hs300,2015-07-06,600352,浙江龙盛
2015-07-10,hs300,2015-07-06,600362,江西铜业
2015-07-10,hs300,2015-07-06,600369,西南证券
2015-07-10,hs300,2015-07-06,600372,中航电子
2015-07-10,hs300,2015-07-06,600373,中文传媒
2015-07-10,hs300,2015-07-06,600383,金地集团
2015-07-10,hs300,2015-07-06,600398,海澜之家
2015-07-10,hs300,2015-07-06,600406,国电南瑞
2015-07-10,hs300,2015-07-06,600415,小商品城
2015-07-10,hs300,2015-07-06,600485,信威集团
2015-07-10,hs300,2015-07-06,600489,中金黄金
2015-07-10,hs300,2015-07-06,600497,驰宏锌锗
2015-07-10,hs300,2015-07-06,600516,方大炭素
2015-07-10,hs300,2015-07-06,600518,康美药业
2015-07-10,hs300,2015-07-06,600519,贵州茅台
2015-07-10,hs300,2015-07-06,600535,天士力
2015-07-10,hs300,2015-07-06,600547,山东黄金
2015-07-10,hs300,2015-07-06,600549,厦门钨业
2015-07-10,hs300,2015-07-06,600570,恒生电子
2015-07-10,hs300,2015-07-06,600578,京能电力
2015-07-10,hs300,2015-07-06,600583,海油工程
2015-07-10,hs300,2015-07-06,600585,海螺水泥
2015-07-10,hs300,2015-07-06,600588,用友网络
2015-07-10,hs300,2015-07-06,600597,光明乳业
2015-07-10,hs300,2015-07-06,600600,青岛啤酒
2015-07-10,hs300,2015-07-06,600633,浙数文化
2015-07-10,hs300,2015-07-06,600637,东方明珠
2015-07-10,hs300,2015-07-06,600642,申能股份
2015-07-10,hs300,2015-07-06,600648,外高桥
2015-07-10,hs300,2015-07-06,600649,城投控股
2015-07-10,hs300,2015-07-06,600660,福耀玻璃
2015-07-10,hs300,2015-07-06,600663,陆家嘴
2015-07-10,hs300,2015-07-06,600674,川投能源
2015-07-10,hs300,2015-07-06,600688,上海石化
2015-07-10,hs300,2015-07-06,600690,青岛海尔
2015-07-10,hs300,2015-07-06,600703,三安光电
2015-07-10,hs300,2015-07-06,600705,中航资本
2015-07-10,hs300,2015-07-06,600717,天津港
2015-07-10,hs300,2015-07-06,600718,东软集团
2015-07-10,hs300,2015-07-06,600739,辽宁成大
2015-07-10,hs300,2015-07-06,600741,华域汽车
2015-07-10,hs300,2015-07-06,600783,鲁信创投
2015-07-10,hs300,2015-07-06,600795,国电电力
2015-07-10,hs300,2015-07-06,600804,鹏博士
2015-07-10,hs300,2015-07-06,600809,山西汾酒
2015-07-10,hs300,2015-07-06,600827,百联股份
2015-07-10,hs300,2015-07-06,600837,海通证券
2015-07-10,hs300,2015-07-06,600839,四川长虹
2015-07-10,hs300,2015-07-06,600863,内蒙华电
2015-07-10,hs300,2015-07-06,600867,通化东宝
2015-07-10,hs300,2015-07-06,600873,梅花生物
2015-07-10,hs300,2015-07-06,600875,东方电气
2015-07-10,hs300,2015-07-06,600886,国投电力
2015-07-10,hs300,2015-07-06,600887,伊利股份
2015-07-10,hs300,2015-07-06,600893,航发动力
2015-07-10,hs300,2015-07-06,600900,长江电力
2015-07-10,hs300,2015-07-06,600958,东方证券
2015-07-10,hs300,2015-07-06,600998,九州通
2015-07-10,hs300,2015-07-06,600999,招商证券
2015-07-10,hs300,2015-07-06,601006,大秦铁路
2015-07-10,hs300,2015-07-06,601009,南京银行
2015-07-10,hs300,2015-07-06,601018,宁波港
2015-07-10,hs300,2015-07-06,601021,春秋航空
2015-07-10,hs300,2015-07-06,601088,中国神华
2015-07-10,hs300,2015-07-06,601098,中南传媒
2015-07-10,hs300,2015-07-06,601099,太平洋
2015-07-10,hs300,2015-07-06,601106,中国一重
2015-07-10,hs300,2015-07-06,601111,中国国航
2015-07-10,hs300,2015-07-06,601117,中国化学
2015-07-10,hs300,2015-07-06,601118,海南橡胶
2015-07-10,hs300,2015-07-06,601158,重庆水务
2015-07-10,hs300,2015-07-06,601166,兴业银行
2015-07-10,hs300,2015-07-06,601168,西部矿业
2015-07-10,hs300,2015-07-06,601169,北京银行
2015-07-10,hs300,2015-07-06,601179,中国西电
2015-07-10,hs300,2015-07-06,601186,中国铁建
2015-07-10,hs300,2015-07-06,601216,君正集团
2015-07-10,hs300,2015-07-06,601225,陕西煤业
2015-07-10,hs300,2015-07-06,601231,环旭电子
2015-07-10,hs300,2015-07-06,601258,庞大集团
2015-07-10,hs300,2015-07-06,601288,农业银行
2015-07-10,hs300,2015-07-06,601318,中国平安
2015-07-10,hs300,2015-07-06,601328,交通银行
2015-07-10,hs300,2015-07-06,601333,广深铁路
2015-07-10,hs300,2015-07-06,601336,新华保险
2015-07-10,hs300,2015-07-06,601377,兴业证券
2015-07-10,hs300,2015-07-06,601390,中国中铁
2015-07-10,hs300,2015-07-06,601398,工商银行
2015-07-10,hs300,2015-07-06,601555,东吴证券
2015-07-10,hs300,2015-07-06,601600,中国铝业
2015-07-10,hs300,2015-07-06,601601,中国太保
2015-07-10,hs300,2015-07-06,601607,上海医药
2015-07-10,hs300,2015-07-06,601618,中国中冶
2015-07-10,hs300,2015-07-06,601628,中国人寿
2015-07-10,hs300,2015-07-06,601633,长城汽车
2015-07-10,hs300,2015-07-06,601668,中国建筑
2015-07-10,hs300,2015-07-06,601669,中国电建
2015-07-10,hs300,2015-07-06,601688,华泰证券
2015-07-10,hs300,2015-07-06,601699,潞安环能
2015-07-10,hs300,2015-07-06,601727,上海电气
2015-07-10,hs300,2015-07-06,601766,中国中车
2015-07-10,hs300,2015-07-06,601788,光大证券
2015-07-10,hs300,2015-07-06,601800,中国交建
2015-07-10,hs300,2015-07-06,601808,中海油服
2015-07-10,hs300,2015-07-06,601818,光大银行
2015-07-10,hs300,2015-07-06,601857,中国石油
2015-07-10,hs300,2015-07-06,601866,中远海发
2015-07-10,hs300,2015-07-06,601888,中国国旅
2015-07-10,hs300,2015-07-06,601898,中煤能源
2015-07-10,hs300,2015-07-06,601899,紫金矿业
2015-07-10,hs300,2015-07-06,601901,方正证券
2015-07-10,hs300,2015-07-06,601919,中远海控
2015-07-10,hs300,2015-07-06,601928,凤凰传媒
2015-07-10,hs300,2015-07-06,601929,吉视传媒
2015-07-10,hs300,2015-07-06,601933,永辉超市
2015-07-10,hs300,2015-07-06,601939,建设银行
2015-07-10,hs300,2015-07-06,601958,金钼股份
2015-07-10,hs300,2015-07-06,601969,海南矿业
2015-07-10,hs300,2015-07-06,601988,中国银行
2015-07-10,hs300,2015-07-06,601989,中国重工
2015-07-10,hs300,2015-07-06,601991,大唐发电
2015-07-10,hs300,2015-07-06,601992,金隅集团
2015-07-10,hs300,2015-07-06,601998,中信银行
2015-07-10,hs300,2015-07-06,603000,人民网
2015-07-10,hs300,2015-07-06,603288,海天味业
2015-07-10,hs300,2015-07-06,603993,洛阳钼业
2015-07-10,hs300,2015-07-06,000001,平安银行
2015-07-10,hs300,2015-07-06,000002,万科A
2015-07-10,hs300,2015-07-06,000009,中国宝安
2015-07-10,hs300,2015-07-06,000024,招商地产
2015-07-10,hs300,2015-07-06,000027,深圳能源
2015-07-10,hs300,2015-07-06,000039,中集集团
2015-07-10,hs300,2015-07-06,000046,泛海控股
2015-07-10,hs300,2015-07-06,000060,中金岭南
2015-07-10,hs300,2015-07-06,000061,农产品
2015-07-10,hs300,2015-07-06,000063,中兴通讯
2015-07-10,hs300,2015-07-06,000069,华侨城A
2015-07-10,hs300,2015-07-06,000100,TCL集团
2015-07-10,hs300,2015-07-06,000156,华数传媒
2015-07-10,hs300,2015-07-06,000157,中联重科
2015-07-10,hs300,2015-07-06,000166,申万宏源
2015-07-10,hs300,2015-07-06,000333,美的集团
2015-07-10,hs300,2015-07-06,000338,潍柴动力
2015-07-10,hs300,2015-07-06,000400,许继电气
2015-07-10,hs300,2015-07-06,000402,金融街
2015-07-10,hs300,2015-07-06,000413,东旭光电
2015-07-10,hs300,2015-07-06,000423,东阿阿胶
2015-07-10,hs300,2015-07-06,000425,徐工机械
2015-07-10,hs300,2015-07-06,000503,国新健康
2015-07-10,hs300,2015-07-06,000538,云南白药
2015-07-10,hs300,2015-07-06,000539,粤电力A
2015-07-10,hs300,2015-07-06,000559,万向钱潮
2015-07-10,hs300,2015-07-06,000568,泸州老窖
2015-07-10,hs300,2015-07-06,000581,威孚高科
2015-07-10,hs300,2015-07-06,000598,兴蓉环境
2015-07-10,hs300,2015-07-06,000623,吉林敖东
2015-07-10,hs300,2015-07-06,000625,长安汽车
2015-07-10,hs300,2015-07-06,000629,攀钢钒钛
2015-07-10,hs300,2015-07-06,000630,铜陵有色
2015-07-10,hs300,2015-07-06,000651,格力电器
2015-07-10,hs300,2015-07-06,000686,东北证券
2015-07-10,hs300,2015-07-06,000709,河钢股份
2015-07-10,hs300,2015-07-06,000712,锦龙股份
2015-07-10,hs300,2015-07-06,000725,京东方A
2015-07-10,hs300,2015-07-06,000728,国元证券
2015-07-10,hs300,2015-07-06,000729,燕京啤酒
2015-07-10,hs300,2015-07-06,000738,航发控制
2015-07-10,hs300,2015-07-06,000750,国海证券
2015-07-10,hs300,2015-07-06,000768,中航飞机
2015-07-10,hs300,2015-07-06,000776,广发证券
2015-07-10,hs300,2015-07-06,000778,新兴铸管
2015-07-10,hs300,2015-07-06,000783,长江证券
2015-07-10,hs300,2015-07-06,000792,盐湖股份
2015-07-10,hs300,2015-07-06,000793,华闻传媒
2015-07-10,hs300,2015-07-06,000800,一汽轿车
2015-07-10,hs300,2015-07-06,000825,太钢不锈
2015-07-10,hs300,2015-07-06,000826,启迪桑德
2015-07-10,hs300,2015-07-06,000831,五矿稀土
2015-07-10,hs300,2015-07-06,000839,中信国安
2015-07-10,hs300,2015-07-06,000858,五粮液
2015-07-10,hs300,2015-07-06,000876,新希望
2015-07-10,hs300,2015-07-06,000878,云南铜业
2015-07-10,hs300,2015-07-06,000883,湖北能源
2015-07-10,hs300,2015-07-06,000895,双汇发展
2015-07-10,hs300,2015-07-06,000898,鞍钢股份
2015-07-10,hs300,2015-07-06,000917,电广传媒
2015-07-10,hs300,2015-07-06,000937,冀中能源
2015-07-10,hs300,2015-07-06,000960,锡业股份
2015-07-10,hs300,2015-07-06,000963,华东医药
2015-07-10,hs300,2015-07-06,000970,中科三环
2015-07-10,hs300,2015-07-06,000983,西山煤电
2015-07-10,hs300,2015-07-06,000999,华润三九
2015-07-10,hs300,2015-07-06,002001,新和成
2015-07-10,hs300,2015-07-06,002007,华兰生物
2015-07-10,hs300,2015-07-06,002008,大族激光
2015-07-10,hs300,2015-07-06,002024,苏宁易购
2015-07-10,hs300,2015-07-06,002038,双鹭药业
2015-07-10,hs300,2015-07-06,002051,中工国际
2015-07-10,hs300,2015-07-06,002065,东华软件
2015-07-10,hs300,2015-07-06,002081,金螳螂
2015-07-10,hs300,2015-07-06,002129,中环股份
2015-07-10,hs300,2015-07-06,002142,宁波银行
2015-07-10,hs300,2015-07-06,002146,荣盛发展
2015-07-10,hs300,2015-07-06,002153,石基信息
2015-07-10,hs300,2015-07-06,002202,金风科技
2015-07-10,hs300,2015-07-06,002230,科大讯飞
2015-07-10,hs300,2015-07-06,002236,大华股份
2015-07-10,hs300,2015-07-06,002241,歌尔股份
2015-07-10,hs300,2015-07-06,002252,上海莱士
2015-07-10,hs300,2015-07-06,002292,奥飞娱乐
2015-07-10,hs300,2015-07-06,002294,信立泰
2015-07-10,hs300,2015-07-06,002304,洋河股份
2015-07-10,hs300,2015-07-06,002310,东方园林
2015-07-10,hs300,2015-07-06,002344,海宁皮城
2015-07-10,hs300,2015-07-06,002353,杰瑞股份
2015-07-10,hs300,2015-07-06,002375,亚厦股份
2015-07-10,hs300,2015-07-06,002385,大北农
2015-07-10,hs300,2015-07-06,002399,海普瑞
2015-07-10,hs300,2015-07-06,002410,广联达
2015-07-10,hs300,2015-07-06,002415,海康威视
2015-07-10,hs300,2015-07-06,002422,科伦药业
2015-07-10,hs300,2015-07-06,002450,康得新
2015-07-10,hs300,2015-07-06,002456,欧菲科技
2015-07-10,hs300,2015-07-06,002465,海格通信
2015-07-10,hs300,2015-07-06,002470,金正大
2015-07-10,hs300,2015-07-06,002475,立讯精密
2015-07-10,hs300,2015-07-06,002500,山西证券
2015-07-10,hs300,2015-07-06,002570,*ST因美
2015-07-10,hs300,2015-07-06,002594,比亚迪
2015-07-10,hs300,2015-07-06,002653,海思科
2015-07-10,hs300,2015-07-06,002673,西部证券
2015-07-10,hs300,2015-07-06,002736,国信证券
2015-07-10,hs300,2015-07-06,300002,神州泰岳
2015-07-10,hs300,2015-07-06,300003,乐普医疗
2015-07-10,hs300,2015-07-06,300015,爱尔眼科
2015-07-10,hs300,2015-07-06,300017,网宿科技
2015-07-10,hs300,2015-07-06,300024,机器人
2015-07-10,hs300,2015-07-06,300027,华谊兄弟
2015-07-10,hs300,2015-07-06,300058,蓝色光标
2015-07-10,hs300,2015-07-06,300059,东方财富
2015-07-10,hs300,2015-07-06,300070,碧水源
2015-07-10,hs300,2015-07-06,300104,乐视网
2015-07-10,hs300,2015-07-06,300124,汇川技术
2015-07-10,hs300,2015-07-06,300133,华策影视
2015-07-10,hs300,2015-07-06,300146,汤臣倍健
2015-07-10,hs300,2015-07-06,300251,光线传媒
2015-07-10,zz500,2015-07-06,600004,白云机场
2015-07-10,zz500,2015-07-06,600006,东风汽车
2015-07-10,zz500,2015-07-06,600017,日照港
2015-07-10,zz500,2015-07-06,600021,上海电力
2015-07-10,zz500,2015-07-06,600026,中远海能
2015-07-10,zz500,2015-07-06,600037,歌华有线
2015-07-10,zz500,2015-07-06,600039,四川路桥
2015-07-10,zz500,2015-07-06,600056,中国医药
2015-07-10,zz500,2015-07-06,600058,五矿发展
2015-07-10,zz500,2015-07-06,600059,古越龙山
2015-07-10,zz500,2015-07-06,600062,华润双鹤
2015-07-10,zz500,2015-07-06,600064,南京高科
2015-07-10,zz500,2015-07-06,600067,冠城大通
2015-07-10,zz500,2015-07-06,600073,上海梅林
2015-07-10,zz500,2015-07-06,600079,人福医药
2015-07-10,zz500,2015-07-06,600086,东方金钰
2015-07-10,zz500,2015-07-06,600088,中视传媒
2015-07-10,zz500,2015-07-06,600110,诺德股份
2015-07-10,zz500,2015-07-06,600112,天成控股
2015-07-10,zz500,2015-07-06,600120,浙江东方
2015-07-10,zz500,2015-07-06,600122,宏图高科
2015-07-10,zz500,2015-07-06,600125,铁龙物流
2015-07-10,zz500,2015-07-06,600132,重庆啤酒
2015-07-10,zz500,2015-07-06,600138,中青旅
2015-07-10,zz500,2015-07-06,600141,兴发集团
2015-07-10,zz500,2015-07-06,600143,金发科技
2015-07-10,zz500,2015-07-06,600151,航天机电
2015-07-10,zz500,2015-07-06,600158,中体产业
2015-07-10,zz500,2015-07-06,600160,巨化股份
2015-07-10,zz500,2015-07-06,600161,天坛生物
2015-07-10,zz500,2015-07-06,600169,太原重工
2015-07-10,zz500,2015-07-06,600171,上海贝岭
2015-07-10,zz500,2015-07-06,600175,美都能源
2015-07-10,zz500,2015-07-06,600176,中国巨石
2015-07-10,zz500,2015-07-06,600180,瑞茂通
2015-07-10,zz500,2015-07-06,600183,生益科技
2015-07-10,zz500,2015-07-06,600184,光电股份
2015-07-10,zz500,2015-07-06,600187,国中水务
2015-07-10,zz500,2015-07-06,600195,中牧股份
2015-07-10,zz500,2015-07-06,600198,*ST大唐
2015-07-10,zz500,2015-07-06,600199,金种子酒
2015-07-10,zz500,2015-07-06,600200,江苏吴中
2015-07-10,zz500,2015-07-06,600201,生物股份
2015-07-10,zz500,2015-07-06,600216,浙江医药
2015-07-10,zz500,2015-07-06,600219,南山铝业
2015-07-10,zz500,2015-07-06,600220,江苏阳光
2015-07-10,zz500,2015-07-06,600240,华业资本
2015-07-10,zz500,2015-07-06,600251,冠农股份
2015-07-10,zz500,2015-07-06,600259,广晟有色
2015-07-10,zz500,2015-07-06,600260,凯乐科技
2015-07-10,zz500,2015-07-06,600261,阳光照明
2015-07-10,zz500,2015-07-06,600267,海正药业
2015-07-10,zz500,2015-07-06,600270,外运发展
2015-07-10,zz500,2015-07-06,600280,中央商场
2015-07-10,zz500,2015-07-06,600284,浦东建设
2015-07-10,zz500,2015-07-06,600289,*ST信通
2015-07-10,zz500,2015-07-06,600292,远达环保
2015-07-10,zz500,2015-07-06,600298,安琪酵母
2015-07-10,zz500,2015-07-06,600300,维维股份
2015-07-10,zz500,2015-07-06,600312,平高电气
2015-07-10,zz500,2015-07-06,600320,振华重工
2015-07-10,zz500,2015-07-06,600325,华发股份
2015-07-10,zz500,2015-07-06,600329,中新药业
2015-07-10,zz500,2015-07-06,600335,国机汽车
2015-07-10,zz500,2015-07-06,600337,美克家居
2015-07-10,zz500,2015-07-06,600351,亚宝药业
2015-07-10,zz500,2015-07-06,600366,宁波韵升
2015-07-10,zz500,2015-07-06,600376,首开股份
2015-07-10,zz500,2015-07-06,600380,健康元
2015-07-10,zz500,2015-07-06,600387,海越能源
2015-07-10,zz500,2015-07-06,600389,江山股份
2015-07-10,zz500,2015-07-06,600392,盛和资源
2015-07-10,zz500,2015-07-06,600395,盘江股份
2015-07-10,zz500,2015-07-06,600397,*ST安煤
2015-07-10,zz500,2015-07-06,600403,大有能源
2015-07-10,zz500,2015-07-06,600409,三友化工
2015-07-10,zz500,2015-07-06,600410,华胜天成
2015-07-10,zz500,2015-07-06,600416,湘电股份
2015-07-10,zz500,2015-07-06,600418,江淮汽车
2015-07-10,zz500,2015-07-06,600422,昆药集团
2015-07-10,zz500,2015-07-06,600425,青松建化
2015-07-10,zz500,2015-07-06,600426,华鲁恒升
2015-07-10,zz500,2015-07-06,600428,中远海特
2015-07-10,zz500,2015-07-06,600429,三元股份
2015-07-10,zz500,2015-07-06,600433,冠豪高新
2015-07-10,zz500,2015-07-06,600435,北方导航
2015-07-10,zz500,2015-07-06,600436,片仔癀
2015-07-10,zz500,2015-07-06,600446,金证股份
2015-07-10,zz500,2015-07-06,600456,宝钛股份
2015-07-10,zz500,2015-07-06,600458,时代新材
2015-07-10,zz500,2015-07-06,600460,士兰微
2015-07-10,zz500,2015-07-06,600468,百利电气
2015-07-10,zz500,2015-07-06,600478,科力远
2015-07-10,zz500,2015-07-06,600481,双良节能
2015-07-10,zz500,2015-07-06,600482,中国动力
2015-07-10,zz500,2015-07-06,600487,亨通光电
2015-07-10,zz500,2015-07-06,600488,天药股份
2015-07-10,zz500,2015-07-06,600496,精工钢构
2015-07-10,zz500,2015-07-06,600498,烽火通信
2015-07-10,zz500,2015-07-06,600499,科达洁能
2015-07-10,zz500,2015-07-06,600500,中化国际
2015-07-10,zz500,2015-07-06,600507,方大特钢
2015-07-10,zz500,2015-07-06,600509,天富能源
2015-07-10,zz500,2015-07-06,600510,黑牡丹
2015-07-10,zz500,2015-07-06,600511,国药股份
2015-07-10,zz500,2015-07-06,600517,置信电气
2015-07-10,zz500,2015-07-06,600521,华海药业
2015-07-10,zz500,2015-07-06,600522,中天科技
2015-07-10,zz500,2015-07-06,600525,长园集团
2015-07-10,zz500,2015-07-06,600528,中铁工业
2015-07-10,zz500,2015-07-06,600536,中国软件
2015-07-10,zz500,2015-07-06,600537,亿晶光电
2015-07-10,zz500,2015-07-06,600545,卓郎智能
2015-07-10,zz500,2015-07-06,600546,山煤国际
2015-07-10,zz500,2015-07-06,600551,时代出版
2015-07-10,zz500,2015-07-06,600557,康缘药业
2015-07-10,zz500,2015-07-06,600563,法拉电子
2015-07-10,zz500,2015-07-06,600566,济川药业
2015-07-10,zz500,2015-07-06,600572,康恩贝
2015-07-10,zz500,2015-07-06,600575,皖江物流
2015-07-10,zz500,2015-07-06,600580,卧龙电气
2015-07-10,zz500,2015-07-06,600584,长电科技
2015-07-10,zz500,2015-07-06,600586,金晶科技
2015-07-10,zz500,2015-07-06,600587,新华医疗
2015-07-10,zz500,2015-07-06,600594,益佰制药
2015-07-10,zz500,2015-07-06,600596,新安股份
2015-07-10,zz500,2015-07-06,600601,方正科技
2015-07-10,zz500,2015-07-06,600611,大众交通
2015-07-10,zz500,2015-07-06,600614,鹏起科技
2015-07-10,zz500,2015-07-06,600617,国新能源
2015-07-10,zz500,2015-07-06,600618,氯碱化工
2015-07-10,zz500,2015-07-06,600628,新世界
2015-07-10,zz500,2015-07-06,600635,大众公用
2015-07-10,zz500,2015-07-06,600636,三爱富
2015-07-10,zz500,2015-07-06,600639,浦东金桥
2015-07-10,zz500,2015-07-06,600640,号百控股
2015-07-10,zz500,2015-07-06,600643,爱建集团
2015-07-10,zz500,2015-07-06,600645,中源协和
2015-07-10,zz500,2015-07-06,600651,飞乐音响
2015-07-10,zz500,2015-07-06,600654,ST中安
2015-07-10,zz500,2015-07-06,600655,豫园股份
2015-07-10,zz500,2015-07-06,600657,信达地产
2015-07-10,zz500,2015-07-06,600664,哈药股份
2015-07-10,zz500,2015-07-06,600673,东阳光科
2015-07-10,zz500,2015-07-06,600675,中华企业
2015-07-10,zz500,2015-07-06,600685,中船防务
2015-07-10,zz500,2015-07-06,600694,大商股份
2015-07-10,zz500,2015-07-06,600699,均胜电子
2015-07-10,zz500,2015-07-06,600702,舍得酒业
2015-07-10,zz500,2015-07-06,600704,物产中大
2015-07-10,zz500,2015-07-06,600720,祁连山
2015-07-10,zz500,2015-07-06,600729,重庆百货
2015-07-10,zz500,2015-07-06,600736,苏州高新
2015-07-10,zz500,2015-07-06,600737,中粮糖业
2015-07-10,zz500,2015-07-06,600743,华远地产
2015-07-10,zz500,2015-07-06,600747,ST大控
2015-07-10,zz500,2015-07-06,600748,上实发展
2015-07-10,zz500,2015-07-06,600750,江中药业
2015-07-10,zz500,2015-07-06,600754,锦江股份
2015-07-10,zz500,2015-07-06,600755,厦门国贸
2015-07-10,zz500,2015-07-06,600757,长江传媒
2015-07-10,zz500,2015-07-06,600759,洲际油气
2015-07-10,zz500,2015-07-06,600761,安徽合力
2015-07-10,zz500,2015-07-06,600765,中航重机
2015-07-10,zz500,2015-07-06,600770,综艺股份
2015-07-10,zz500,2015-07-06,600773,西藏城投
2015-07-10,zz500,2015-07-06,600776,东方通信
2015-07-10,zz500,2015-07-06,600780,通宝能源
2015-07-10,zz500,2015-07-06,600787,中储股份
2015-07-10,zz500,2015-07-06,600790,轻纺城
2015-07-10,zz500,2015-07-06,600797,浙大网新
2015-07-10,zz500,2015-07-06,600801,华新水泥
2015-07-10,zz500,2015-07-06,600803,新奥股份
2015-07-10,zz500,2015-07-06,600805,悦达投资
2015-07-10,zz500,2015-07-06,600808,马钢股份
2015-07-10,zz500,2015-07-06,600811,东方集团
2015-07-10,zz500,2015-07-06,600812,华北制药
2015-07-10,zz500,2015-07-06,600816,安信信托
2015-07-10,zz500,2015-07-06,600823,世茂股份
2015-07-10,zz500,2015-07-06,600825,新华传媒
2015-07-10,zz500,2015-07-06,600826,兰生股份
2015-07-10,zz500,2015-07-06,600831,广电网络
2015-07-10,zz500,2015-07-06,600835,上海机电
2015-07-10,zz500,2015-07-06,600850,华东电脑
2015-07-10,zz500,2015-07-06,600851,海欣股份
2015-07-10,zz500,2015-07-06,600859,王府井
2015-07-10,zz500,2015-07-06,600864,哈投股份
2015-07-10,zz500,2015-07-06,600869,智慧能源
2015-07-10,zz500,2015-07-06,600872,中炬高新
2015-07-10,zz500,2015-07-06,600874,创业环保
2015-07-10,zz500,2015-07-06,600879,航天电子
2015-07-10,zz500,2015-07-06,600880,博瑞传播
2015-07-10,zz500,2015-07-06,600881,亚泰集团
2015-07-10,zz500,2015-07-06,600884,杉杉股份
2015-07-10,zz500,2015-07-06,600885,宏发股份
2015-07-10,zz500,2015-07-06,600894,广日股份
2015-07-10,zz500,2015-07-06,600895,张江高科
2015-07-10,zz500,2015-07-06,600917,重庆燃气
2015-07-10,zz500,2015-07-06,600967,内蒙一机
2015-07-10,zz500,2015-07-06,600970,中材国际
2015-07-10,zz500,2015-07-06,600971,恒源煤电
2015-07-10,zz500,2015-07-06,600978,宜华生活
2015-07-10,zz500,2015-07-06,600983,惠而浦
2015-07-10,zz500,2015-07-06,600993,马应龙
2015-07-10,zz500,2015-07-06,600997,开滦股份
2015-07-10,zz500,2015-07-06,601000,唐山港
2015-07-10,zz500,2015-07-06,601001,大同煤业
2015-07-10,zz500,2015-07-06,601002,晋亿实业
2015-07-10,zz500,2015-07-06,601005,重庆钢铁
2015-07-10,zz500,2015-07-06,601010,文峰股份
2015-07-10,zz500,2015-07-06,601012,隆基股份
2015-07-10,zz500,2015-07-06,601101,昊华能源
2015-07-10,zz500,2015-07-06,601126,四方股份
2015-07-10,zz500,2015-07-06,601139,深圳燃气
2015-07-10,zz500,2015-07-06,601208,东材科技
2015-07-10,zz500,2015-07-06,601226,华电重工
2015-07-10,zz500,2015-07-06,601233,桐昆股份
2015-07-10,zz500,2015-07-06,601311,骆驼股份
2015-07-10,zz500,2015-07-06,601369,陕鼓动力
2015-07-10,zz500,2015-07-06,601515,东风股份
2015-07-10,zz500,2015-07-06,601608,中信重工
2015-07-10,zz500,2015-07-06,601666,平煤股份
2015-07-10,zz500,2015-07-06,601678,滨化股份
2015-07-10,zz500,2015-07-06,601717,郑煤机
2015-07-10,zz500,2015-07-06,601718,际华集团
2015-07-10,zz500,2015-07-06,601777,力帆股份
2015-07-10,zz500,2015-07-06,601801,皖新传媒
2015-07-10,zz500,2015-07-06,601880,大连港
2015-07-10,zz500,2015-07-06,601886,江河集团
2015-07-10,zz500,2015-07-06,601908,京运通
2015-07-10,zz500,2015-07-06,601965,中国汽研
2015-07-10,zz500,2015-07-06,601999,出版传媒
2015-07-10,zz500,2015-07-06,603001,奥康国际
2015-07-10,zz500,2015-07-06,603005,晶方科技
2015-07-10,zz500,2015-07-06,603019,中科曙光
2015-07-10,zz500,2015-07-06,603077,和邦生物
2015-07-10,zz500,2015-07-06,603169,兰石重装
2015-07-10,zz500,2015-07-06,603188,ST亚邦
2015-07-10,zz500,2015-07-06,603328,依顿电子
2015-07-10,zz500,2015-07-06,603366,日出东方
2015-07-10,zz500,2015-07-06,603369,今世缘
2015-07-10,zz500,2015-07-06,603555,贵人鸟
2015-07-10,zz500,2015-07-06,603698,航天工程
2015-07-10,zz500,2015-07-06,603699,纽威股份
2015-07-10,zz500,2015-07-06,603766,隆鑫通用
2015-07-10,zz500,2015-07-06,603899,晨光文具
2015-07-10,zz500,2015-07-06,000006,深振业A
2015-07-10,zz500,2015-07-06,000012,南玻A
2015-07-10,zz500,2015-07-06,000021,深科技
2015-07-10,zz500,2015-07-06,000028,国药一致
2015-07-10,zz500,2015-07-06,000030,富奥股份
2015-07-10,zz500,2015-07-06,000031,中粮地产
2015-07-10,zz500,2015-07-06,000049,德赛电池
2015-07-10,zz500,2015-07-06,000062,深圳华强
2015-07-10,zz500,2015-07-06,000066,中国长城
2015-07-10,zz500,2015-07-06,000078,海王生物
2015-07-10,zz500,2015-07-06,000088,盐田港
2015-07-10,zz500,2015-07-06,000090,天健集团
2015-07-10,zz500,2015-07-06,000099,中信海直
2015-07-10,zz500,2015-07-06,000401,冀东水泥
2015-07-10,zz500,2015-07-06,000415,渤海金控
2015-07-10,zz500,2015-07-06,000417,合肥百货
2015-07-10,zz500,2015-07-06,000418,小天鹅A
2015-07-10,zz500,2015-07-06,000422,*ST宜化
2015-07-10,zz500,2015-07-06,000426,兴业矿业
2015-07-10,zz500,2015-07-06,000488,晨鸣纸业
2015-07-10,zz500,2015-07-06,000501,鄂武商A
2015-07-10,zz500,2015-07-06,000511,烯碳退
2015-07-10,zz500,2015-07-06,000513,丽珠集团
2015-07-10,zz500,2015-07-06,000519,中兵红箭
2015-07-10,zz500,2015-07-06,000525,红太阳
2015-07-10,zz500,2015-07-06,000528,柳工
2015-07-10,zz500,2015-07-06,000540,中天金融
2015-07-10,zz500,2015-07-06,000541,佛山照明
2015-07-10,zz500,2015-07-06,000543,皖能电力
2015-07-10,zz500,2015-07-06,000547,航天发展
2015-07-10,zz500,2015-07-06,000550,江铃汽车
2015-07-10,zz500,2015-07-06,000552,靖远煤电
2015-07-10,zz500,2015-07-06,000563,陕国投A
2015-07-10,zz500,2015-07-06,000566,海南海药
2015-07-10,zz500,2015-07-06,000572,海马汽车
2015-07-10,zz500,2015-07-06,000582,北部湾港
2015-07-10,zz500,2015-07-06,000587,金洲慈航
2015-07-10,zz500,2015-07-06,000592,平潭发展
2015-07-10,zz500,2015-07-06,000596,古井贡酒
2015-07-10,zz500,2015-07-06,000600,建投能源
2015-07-10,zz500,2015-07-06,000603,盛达矿业
2015-07-10,zz500,2015-07-06,000612,焦作万方
2015-07-10,zz500,2015-07-06,000616,海航投资
2015-07-10,zz500,2015-07-06,000620,新华联
2015-07-10,zz500,2015-07-06,000631,顺发恒业
2015-07-10,zz500,2015-07-06,000636,风华高科
2015-07-10,zz500,2015-07-06,000650,仁和药业
2015-07-10,zz500,2015-07-06,000652,泰达股份
2015-07-10,zz500,2015-07-06,000656,金科股份
2015-07-10,zz500,2015-07-06,000661,长春高新
2015-07-10,zz500,2015-07-06,000667,美好置业
2015-07-10,zz500,2015-07-06,000669,金鸿控股
2015-07-10,zz500,2015-07-06,000671,阳光城
2015-07-10,zz500,2015-07-06,000680,山推股份
2015-07-10,zz500,2015-07-06,000681,视觉中国
2015-07-10,zz500,2015-07-06,000685,中山公用
2015-07-10,zz500,2015-07-06,000688,国城矿业
2015-07-10,zz500,2015-07-06,000690,宝新能源
2015-07-10,zz500,2015-07-06,000693,*ST华泽
2015-07-10,zz500,2015-07-06,000697,炼石有色
2015-07-10,zz500,2015-07-06,000703,恒逸石化
2015-07-10,zz500,2015-07-06,000718,苏宁环球
2015-07-10,zz500,2015-07-06,000719,中原传媒
2015-07-10,zz500,2015-07-06,000726,鲁泰A
2015-07-10,zz500,2015-07-06,000732,泰禾集团
2015-07-10,zz500,2015-07-06,000735,罗牛山
2015-07-10,zz500,2015-07-06,000748,长城信息
2015-07-10,zz500,2015-07-06,000758,中色股份
2015-07-10,zz500,2015-07-06,000762,西藏矿业
2015-07-10,zz500,2015-07-06,000777,中核科技
2015-07-10,zz500,2015-07-06,000780,平庄能源
2015-07-10,zz500,2015-07-06,000786,北新建材
2015-07-10,zz500,2015-07-06,000788,北大医药
2015-07-10,zz500,2015-07-06,000816,*ST慧业
2015-07-10,zz500,2015-07-06,000823,超声电子
2015-07-10,zz500,2015-07-06,000829,天音控股
2015-07-10,zz500,2015-07-06,000830,鲁西化工
2015-07-10,zz500,2015-07-06,000848,承德露露
2015-07-10,zz500,2015-07-06,000850,华茂股份
2015-07-10,zz500,2015-07-06,000852,石化机械
2015-07-10,zz500,2015-07-06,000860,顺鑫农业
2015-07-10,zz500,2015-07-06,000861,海印股份
2015-07-10,zz500,2015-07-06,000869,张裕A
2015-07-10,zz500,2015-07-06,000877,天山股份
2015-07-10,zz500,2015-07-06,000887,中鼎股份
2015-07-10,zz500,2015-07-06,000897,津滨发展
2015-07-10,zz500,2015-07-06,000900,现代投资
2015-07-10,zz500,2015-07-06,000919,金陵药业
2015-07-10,zz500,2015-07-06,000921,海信科龙
2015-07-10,zz500,2015-07-06,000926,福星股份
2015-07-10,zz500,2015-07-06,000930,中粮生化
2015-07-10,zz500,2015-07-06,000931,中关村
2015-07-10,zz500,2015-07-06,000933,神火股份
2015-07-10,zz500,2015-07-06,000939,*ST凯迪
2015-07-10,zz500,2015-07-06,000951,中国重汽
2015-07-10,zz500,2015-07-06,000961,中南建设
2015-07-10,zz500,2015-07-06,000962,东方钽业
2015-07-10,zz500,2015-07-06,000969,安泰科技
2015-07-10,zz500,2015-07-06,000973,佛塑科技
2015-07-10,zz500,2015-07-06,000975,银泰资源
2015-07-10,zz500,2015-07-06,000979,中弘股份
2015-07-10,zz500,2015-07-06,000988,华工科技
2015-07-10,zz500,2015-07-06,000997,新大陆
2015-07-10,zz500,2015-07-06,000998,隆平高科
2015-07-10,zz500,2015-07-06,001696,宗申动力
2015-07-10,zz500,2015-07-06,002004,华邦健康
2015-07-10,zz500,2015-07-06,002005,德豪润达
2015-07-10,zz500,2015-07-06,002011,盾安环境
2015-07-10,zz500,2015-07-06,002013,中航机电
2015-07-10,zz500,2015-07-06,002018,*ST华信
2015-07-10,zz500,2015-07-06,002022,科华生物
2015-07-10,zz500,2015-07-06,002025,航天电器
2015-07-10,zz500,2015-07-06,002028,思源电气
2015-07-10,zz500,2015-07-06,002029,七匹狼
2015-07-10,zz500,2015-07-06,002030,达安基因
2015-07-10,zz500,2015-07-06,002041,登海种业
2015-07-10,zz500,2015-07-06,002048,宁波华翔
2015-07-10,zz500,2015-07-06,002049,紫光国微
2015-07-10,zz500,2015-07-06,002050,三花智控
2015-07-10,zz500,2015-07-06,002056,横店东磁
2015-07-10,zz500,2015-07-06,002063,远光软件
2015-07-10,zz500,2015-07-06,002064,华峰氨纶
2015-07-10,zz500,2015-07-06,002069,獐子岛
2015-07-10,zz500,2015-07-06,002073,软控股份
2015-07-10,zz500,2015-07-06,002078,太阳纸业
2015-07-10,zz500,2015-07-06,002091,江苏国泰
2015-07-10,zz500,2015-07-06,002092,中泰化学
2015-07-10,zz500,2015-07-06,002093,国脉科技
2015-07-10,zz500,2015-07-06,002106,莱宝高科
2015-07-10,zz500,2015-07-06,002118,紫鑫药业
2015-07-10,zz500,2015-07-06,002122,*ST天马
2015-07-10,zz500,2015-07-06,002128,露天煤业
2015-07-10,zz500,2015-07-06,002140,东华科技
2015-07-10,zz500,2015-07-06,002143,印纪传媒
2015-07-10,zz500,2015-07-06,002155,湖南黄金
2015-07-10,zz500,2015-07-06,002161,远望谷
2015-07-10,zz500,2015-07-06,002168,深圳惠程
2015-07-10,zz500,2015-07-06,002174,游族网络
2015-07-10,zz500,2015-07-06,002179,中航光电
2015-07-10,zz500,2015-07-06,002181,粤传媒
2015-07-10,zz500,2015-07-06,002183,怡亚通
2015-07-10,zz500,2015-07-06,002190,成飞集成
2015-07-10,zz500,2015-07-06,002191,劲嘉股份
2015-07-10,zz500,2015-07-06,002194,*ST凡谷
2015-07-10,zz500,2015-07-06,002195,二三四五
2015-07-10,zz500,2015-07-06,002203,海亮股份
2015-07-10,zz500,2015-07-06,002204,大连重工
2015-07-10,zz500,2015-07-06,002216,三全食品
2015-07-10,zz500,2015-07-06,002219,恒康医疗
2015-07-10,zz500,2015-07-06,002221,东华能源
2015-07-10,zz500,2015-07-06,002223,鱼跃医疗
2015-07-10,zz500,2015-07-06,002225,濮耐股份
2015-07-10,zz500,2015-07-06,002233,塔牌集团
2015-07-10,zz500,2015-07-06,002237,恒邦股份
2015-07-10,zz500,2015-07-06,002238,天威视讯
2015-07-10,zz500,2015-07-06,002240,威华股份
2015-07-10,zz500,2015-07-06,002242,九阳股份
2015-07-10,zz500,2015-07-06,002244,滨江集团
2015-07-10,zz500,2015-07-06,002249,大洋电机
2015-07-10,zz500,2015-07-06,002250,联化科技
2015-07-10,zz500,2015-07-06,002251,步步高
2015-07-10,zz500,2015-07-06,002254,泰和新材
2015-07-10,zz500,2015-07-06,002266,浙富控股
2015-07-10,zz500,2015-07-06,002267,陕天然气
2015-07-10,zz500,2015-07-06,002269,美邦服饰
2015-07-10,zz500,2015-07-06,002271,东方雨虹
2015-07-10,zz500,2015-07-06,002273,水晶光电
2015-07-10,zz500,2015-07-06,002275,桂林三金
2015-07-10,zz500,2015-07-06,002276,万马股份
2015-07-10,zz500,2015-07-06,002277,友阿股份
2015-07-10,zz500,2015-07-06,002281,光迅科技
2015-07-10,zz500,2015-07-06,002285,世联行
2015-07-10,zz500,2015-07-06,002293,罗莱生活
2015-07-10,zz500,2015-07-06,002299,圣农发展
2015-07-10,zz500,2015-07-06,002308,威创股份
2015-07-10,zz500,2015-07-06,002309,中利集团
2015-07-10,zz500,2015-07-06,002311,海大集团
2015-07-10,zz500,2015-07-06,002315,焦点科技
2015-07-10,zz500,2015-07-06,002317,众生药业
2015-07-10,zz500,2015-07-06,002325,洪涛股份
2015-07-10,zz500,2015-07-06,002327,富安娜
2015-07-10,zz500,2015-07-06,002332,仙琚制药
2015-07-10,zz500,2015-07-06,002340,格林美
2015-07-10,zz500,2015-07-06,002342,巨力索具
2015-07-10,zz500,2015-07-06,002345,潮宏基
2015-07-10,zz500,2015-07-06,002358,森源电气
2015-07-10,zz500,2015-07-06,002368,太极股份
2015-07-10,zz500,2015-07-06,002371,北方华创
2015-07-10,zz500,2015-07-06,002373,千方科技
2015-07-10,zz500,2015-07-06,002384,东山精密
2015-07-10,zz500,2015-07-06,002390,信邦制药
2015-07-10,zz500,2015-07-06,002392,北京利尔
2015-07-10,zz500,2015-07-06,002393,力生制药
2015-07-10,zz500,2015-07-06,002396,星网锐捷
2015-07-10,zz500,2015-07-06,002400,省广集团
2015-07-10,zz500,2015-07-06,002405,四维图新
2015-07-10,zz500,2015-07-06,002408,齐翔腾达
2015-07-10,zz500,2015-07-06,002414,高德红外
2015-07-10,zz500,2015-07-06,002419,天虹股份
2015-07-10,zz500,2015-07-06,002424,贵州百灵
2015-07-10,zz500,2015-07-06,002428,云南锗业
2015-07-10,zz500,2015-07-06,002430,杭氧股份
2015-07-10,zz500,2015-07-06,002431,棕榈股份
2015-07-10,zz500,2015-07-06,002437,誉衡药业
2015-07-10,zz500,2015-07-06,002440,闰土股份
2015-07-10,zz500,2015-07-06,002444,巨星科技
2015-07-10,zz500,2015-07-06,002461,珠江啤酒
2015-07-10,zz500,2015-07-06,002463,沪电股份
2015-07-10,zz500,2015-07-06,002466,天齐锂业
2015-07-10,zz500,2015-07-06,002477,雏鹰农牧
2015-07-10,zz500,2015-07-06,002479,富春环保
2015-07-10,zz500,2015-07-06,002480,新筑股份
2015-07-10,zz500,2015-07-06,002482,广田集团
2015-07-10,zz500,2015-07-06,002489,浙江永强
2015-07-10,zz500,2015-07-06,002490,山东墨龙
2015-07-10,zz500,2015-07-06,002503,搜于特
2015-07-10,zz500,2015-07-06,002508,老板电器
2015-07-10,zz500,2015-07-06,002551,尚荣医疗
2015-07-10,zz500,2015-07-06,002557,洽洽食品
2015-07-10,zz500,2015-07-06,002573,清新环境
2015-07-10,zz500,2015-07-06,002574,明牌珠宝
2015-07-10,zz500,2015-07-06,002588,史丹利
2015-07-10,zz500,2015-07-06,002595,豪迈科技
2015-07-10,zz500,2015-07-06,002635,安洁科技
2015-07-10,zz500,2015-07-06,002642,荣之联
2015-07-10,zz500,2015-07-06,002646,青青稞酒
2015-07-10,zz500,2015-07-06,002648,卫星石化
2015-07-10,zz500,2015-07-06,002662,京威股份
2015-07-10,zz500,2015-07-06,002663,普邦股份
2015-07-10,zz500,2015-07-06,002665,首航节能
2015-07-10,zz500,2015-07-06,002672,东江环保
2015-07-10,zz500,2015-07-06,002678,珠江钢琴
2015-07-10,zz500,2015-07-06,002681,奋达科技
2015-07-10,zz500,2015-07-06,002698,博实股份
2015-07-10,zz500,2015-07-06,002701,奥瑞金
2015-07-10,zz500,2015-07-06,002705,新宝股份
2015-07-10,zz500,2015-07-06,002727,一心堂
2015-07-10,zz500,2015-07-06,300033,同花顺
2015-07-10,zz500,2015-07-06,300039,上海凯宝
2015-07-10,zz500,2015-07-06,300043,星辉娱乐
2015-07-10,zz500,2015-07-06,300072,三聚环保
2015-07-10,zz500,2015-07-06,300088,长信科技
2015-07-10,zz500,2015-07-06,300115,长盈精密
2015-07-10,zz500,2015-07-06,300134,大富科技
2015-07-10,zz500,2015-07-06,300144,宋城演艺
2015-07-10,zz500,2015-07-06,300147,香雪制药
2015-07-10,zz500,2015-07-06,300199,翰宇药业
2015-07-10,zz500,2015-07-06,300202,聚龙股份
2015-07-10,zz500,2015-07-06,300244,迪安诊断
2015-07-10,zz500,2015-07-06,300253,卫宁健康
2015-07-10,zz500,2015-07-06,300267,尔康制药
2015-07-10,zz500,2015-07-06,300273,和佳股份
2015-07-10,zz500,2015-07-06,300274,阳光电源
2015-07-10,zz500,2015-07-06,300291,华录百纳
2016-01-10,hs300,2016-01-04,600000,浦发银行
2016-01-10,hs300,2016-01-04,600005,武钢股份
2016-01-10,hs300,2016-01-04,600008,首创股份
2016-01-10,hs300,2016-01-04,600009,上海机场
2016-01-10,hs300,2016-01-04,600010,包钢股份
2016-01-10,hs300,2016-01-04,600011,华能国际
2016-01-10,hs300,2016-01-04,600015,华夏银行
2016-01-10,hs300,2016-01-04,600016,民生银行
2016-01-10,hs300,2016-01-04,600018,上港集团
2016-01-10,hs300,2016-01-04,600019,宝钢股份
2016-01-10,hs300,2016-01-04,600021,上海电力
2016-01-10,hs300,2016-01-04,600023,浙能电力
2016-01-10,hs300,2016-01-04,600027,华电国际
2016-01-10,hs300,2016-01-04,600028,中国石化
2016-01-10,hs300,2016-01-04,600029,南方航空
2016-01-10,hs300,2016-01-04,600030,中信证券
2016-01-10,hs300,2016-01-04,600031,三一重工
2016-01-10,hs300,2016-01-04,600036,招商银行
2016-01-10,hs300,2016-01-04,600038,中直股份
2016-01-10,hs300,2016-01-04,600048,保利地产
2016-01-10,hs300,2016-01-04,600050,中国联通
2016-01-10,hs300,2016-01-04,600060,海信电器
2016-01-10,hs300,2016-01-04,600066,宇通客车
2016-01-10,hs300,2016-01-04,600068,葛洲坝
2016-01-10,hs300,2016-01-04,600085,同仁堂
2016-01-10,hs300,2016-01-04,600089,特变电工
2016-01-10,hs300,2016-01-04,600100,同方股份
2016-01-10,hs300,2016-01-04,600104,上汽集团
2016-01-10,hs300,2016-01-04,600109,国金证券
2016-01-10,hs300,2016-01-04,600111,北方稀土
2016-01-10,hs300,2016-01-04,600115,东方航空
2016-01-10,hs300,2016-01-04,600118,中国卫星
2016-01-10,hs300,2016-01-04,600150,*ST船舶
2016-01-10,hs300,2016-01-04,600153,建发股份
2016-01-10,hs300,2016-01-04,600157,永泰能源
2016-01-10,hs300,2016-01-04,600166,福田汽车
2016-01-10,hs300,2016-01-04,600170,上海建工
2016-01-10,hs300,2016-01-04,600177,雅戈尔
2016-01-10,hs300,2016-01-04,600188,兖州煤业
2016-01-10,hs300,2016-01-04,600196,复星医药
2016-01-10,hs300,2016-01-04,600208,新湖中宝
2016-01-10,hs300,2016-01-04,600221,海航控股
2016-01-10,hs300,2016-01-04,600252,中恒集团
2016-01-10,hs300,2016-01-04,600256,广汇能源
2016-01-10,hs300,2016-01-04,600271,航天信息
2016-01-10,hs300,2016-01-04,600276,恒瑞医药
2016-01-10,hs300,2016-01-04,600309,万华化学
2016-01-10,hs300,2016-01-04,600315,上海家化
2016-01-10,hs300,2016-01-04,600317,营口港
2016-01-10,hs300,2016-01-04,600332,白云山
2016-01-10,hs300,2016-01-04,600340,华夏幸福
2016-01-10,hs300,2016-01-04,600350,山东高速
2016-01-10,hs300,2016-01-04,600352,浙江龙盛
2016-01-10,hs300,2016-01-04,600362,江西铜业
2016-01-10,hs300,2016-01-04,600369,西南证券
2016-01-10,hs300,2016-01-04,600372,中航电子
2016-01-10,hs300,2016-01-04,600373,中文传媒
2016-01-10,hs300,2016-01-04,600383,金地集团
2016-01-10,hs300,2016-01-04,600398,海澜之家
2016-01-10,hs300,2016-01-04,600406,国电南瑞
2016-01-10,hs300,2016-01-04,600415,小商品城
2016-01-10,hs300,2016-01-04,600485,信威集团
2016-01-10,hs300,2016-01-04,600489,中金黄金
2016-01-10,hs300,2016-01-04,600518,康美药业
2016-01-10,hs300,2016-01-04,600519,贵州茅台
2016-01-10,hs300,2016-01-04,600535,天士力
2016-01-10,hs300,2016-01-04,600547,山东黄金
2016-01-10,hs300,2016-01-04,600549,厦门钨业
2016-01-10,hs300,2016-01-04,600570,恒生电子
2016-01-10,hs300,2016-01-04,600578,京能电力
2016-01-10,hs300,2016-01-04,600583,海油工程
2016-01-10,hs300,2016-01-04,600585,海螺水泥
2016-01-10,hs300,2016-01-04,600588,用友网络
2016-01-10,hs300,2016-01-04,600600,青岛啤酒
2016-01-10,hs300,2016-01-04,600633,浙数文化
2016-01-10,hs300,2016-01-04,600637,东方明珠
2016-01-10,hs300,2016-01-04,600642,申能股份
2016-01-10,hs300,2016-01-04,600648,外高桥
2016-01-10,hs300,2016-01-04,600649,城投控股
2016-01-10,hs300,2016-01-04,600660,福耀玻璃
2016-01-10,hs300,2016-01-04,600663,陆家嘴
2016-01-10,hs300,2016-01-04,600674,川投能源
2016-01-10,hs300,2016-01-04,600688,上海石化
2016-01-10,hs300,2016-01-04,600690,青岛海尔
2016-01-10,hs300,2016-01-04,600703,三安光电
2016-01-10,hs300,2016-01-04,600705,中航资本
2016-01-10,hs300,2016-01-04,600717,天津港
2016-01-10,hs300,2016-01-04,600718,东软集团
2016-01-10,hs300,2016-01-04,600739,辽宁成大
2016-01-10,hs300,2016-01-04,600741,华域汽车
2016-01-10,hs300,2016-01-04,600783,鲁信创投
2016-01-10,hs300,2016-01-04,600795,国电电力
2016-01-10,hs300,2016-01-04,600804,鹏博士
2016-01-10,hs300,2016-01-04,600820,隧道股份
2016-01-10,hs300,2016-01-04,600827,百联股份
2016-01-10,hs300,2016-01-04,600837,海通证券
2016-01-10,hs300,2016-01-04,600839,四川长虹
2016-01-10,hs300,2016-01-04,600863,内蒙华电
2016-01-10,hs300,2016-01-04,600867,通化东宝
2016-01-10,hs300,2016-01-04,600873,梅花生物
2016-01-10,hs300,2016-01-04,600875,东方电气
2016-01-10,hs300,2016-01-04,600886,国投电力
2016-01-10,hs300,2016-01-04,600887,伊利股份
2016-01-10,hs300,2016-01-04,600893,航发动力
2016-01-10,hs300,2016-01-04,600895,张江高科
2016-01-10,hs300,2016-01-04,600900,长江电力
2016-01-10,hs300,2016-01-04,600958,东方证券
2016-01-10,hs300,2016-01-04,600959,江苏有线
2016-01-10,hs300,2016-01-04,600998,九州通
2016-01-10,hs300,2016-01-04,600999,招商证券
2016-01-10,hs300,2016-01-04,601006,大秦铁路
2016-01-10,hs300,2016-01-04,601009,南京银行
2016-01-10,hs300,2016-01-04,601016,节能风电
2016-01-10,hs300,2016-01-04,601018,宁波港
2016-01-10,hs300,2016-01-04,601021,春秋航空
2016-01-10,hs300,2016-01-04,601088,中国神华
2016-01-10,hs300,2016-01-04,601098,中南传媒
2016-01-10,hs300,2016-01-04,601099,太平洋
2016-01-10,hs300,2016-01-04,601106,中国一重
2016-01-10,hs300,2016-01-04,601111,中国国航
2016-01-10,hs300,2016-01-04,601117,中国化学
2016-01-10,hs300,2016-01-04,601118,海南橡胶
2016-01-10,hs300,2016-01-04,601158,重庆水务
2016-01-10,hs300,2016-01-04,601166,兴业银行
2016-01-10,hs300,2016-01-04,601169,北京银行
2016-01-10,hs300,2016-01-04,601179,中国西电
2016-01-10,hs300,2016-01-04,601186,中国铁建
2016-01-10,hs300,2016-01-04,601198,东兴证券
2016-01-10,hs300,2016-01-04,601211,国泰君安
2016-01-10,hs300,2016-01-04,601216,君正集团
2016-01-10,hs300,2016-01-04,601225,陕西煤业
2016-01-10,hs300,2016-01-04,601231,环旭电子
2016-01-10,hs300,2016-01-04,601238,广汽集团
2016-01-10,hs300,2016-01-04,601258,庞大集团
2016-01-10,hs300,2016-01-04,601288,农业银行
2016-01-10,hs300,2016-01-04,601318,中国平安
2016-01-10,hs300,2016-01-04,601328,交通银行
2016-01-10,hs300,2016-01-04,601333,广深铁路
2016-01-10,hs300,2016-01-04,601336,新华保险
2016-01-10,hs300,2016-01-04,601377,兴业证券
2016-01-10,hs300,2016-01-04,601390,中国中铁
2016-01-10,hs300,2016-01-04,601398,工商银行
2016-01-10,hs300,2016-01-04,601555,东吴证券
2016-01-10,hs300,2016-01-04,601600,中国铝业
2016-01-10,hs300,2016-01-04,601601,中国太保
2016-01-10,hs300,2016-01-04,601607,上海医药
2016-01-10,hs300,2016-01-04,601608,中信重工
2016-01-10,hs300,2016-01-04,601618,中国中冶
2016-01-10,hs300,2016-01-04,601628,中国人寿
2016-01-10,hs300,2016-01-04,601633,长城汽车
2016-01-10,hs300,2016-01-04,601668,中国建筑
2016-01-10,hs300,2016-01-04,601669,中国电建
2016-01-10,hs300,2016-01-04,601688,华泰证券
2016-01-10,hs300,2016-01-04,601699,潞安环能
2016-01-10,hs300,2016-01-04,601718,际华集团
2016-01-10,hs300,2016-01-04,601727,上海电气
2016-01-10,hs300,2016-01-04,601766,中国中车
2016-01-10,hs300,2016-01-04,601788,光大证券
2016-01-10,hs300,2016-01-04,601800,中国交建
2016-01-10,hs300,2016-01-04,601808,中海油服
2016-01-10,hs300,2016-01-04,601818,光大银行
2016-01-10,hs300,2016-01-04,601857,中国石油
2016-01-10,hs300,2016-01-04,601866,中远海发
2016-01-10,hs300,2016-01-04,601872,招商轮船
2016-01-10,hs300,2016-01-04,601888,中国国旅
2016-01-10,hs300,2016-01-04,601898,中煤能源
2016-01-10,hs300,2016-01-04,601899,紫金矿业
2016-01-10,hs300,2016-01-04,601901,方正证券
2016-01-10,hs300,2016-01-04,601919,中远海控
2016-01-10,hs300,2016-01-04,601928,凤凰传媒
2016-01-10,hs300,2016-01-04,601933,永辉超市
2016-01-10,hs300,2016-01-04,601939,建设银行
2016-01-10,hs300,2016-01-04,601958,金钼股份
2016-01-10,hs300,2016-01-04,601969,海南矿业
2016-01-10,hs300,2016-01-04,601985,中国核电
2016-01-10,hs300,2016-01-04,601988,中国银行
2016-01-10,hs300,2016-01-04,601989,中国重工
2016-01-10,hs300,2016-01-04,601991,大唐发电
2016-01-10,hs300,2016-01-04,601992,金隅集团
2016-01-10,hs300,2016-01-04,601998,中信银行
2016-01-10,hs300,2016-01-04,603000,人民网
2016-01-10,hs300,2016-01-04,603288,海天味业
2016-01-10,hs300,2016-01-04,603885,吉祥航空
2016-01-10,hs300,2016-01-04,603993,洛阳钼业
2016-01-10,hs300,2016-01-04,000001,平安银行
2016-01-10,hs300,2016-01-04,000002,万科A
2016-01-10,hs300,2016-01-04,000009,中国宝安
2016-01-10,hs300,2016-01-04,000027,深圳能源
2016-01-10,hs300,2016-01-04,000039,中集集团
2016-01-10,hs300,2016-01-04,000046,泛海控股
2016-01-10,hs300,2016-01-04,000060,中金岭南
2016-01-10,hs300,2016-01-04,000061,农产品
2016-01-10,hs300,2016-01-04,000063,中兴通讯
2016-01-10,hs300,2016-01-04,000069,华侨城A
2016-01-10,hs300,2016-01-04,000100,TCL集团
2016-01-10,hs300,2016-01-04,000156,华数传媒
2016-01-10,hs300,2016-01-04,000157,中联重科
2016-01-10,hs300,2016-01-04,000166,申万宏源
2016-01-10,hs300,2016-01-04,000333,美的集团
2016-01-10,hs300,2016-01-04,000338,潍柴动力
2016-01-10,hs300,2016-01-04,000400,许继电气
2016-01-10,hs300,2016-01-04,000402,金融街
2016-01-10,hs300,2016-01-04,000413,东旭光电
2016-01-10,hs300,2016-01-04,000415,渤海金控
2016-01-10,hs300,2016-01-04,000423,东阿阿胶
2016-01-10,hs300,2016-01-04,000425,徐工机械
2016-01-10,hs300,2016-01-04,000503,国新健康
2016-01-10,hs300,2016-01-04,000538,云南白药
2016-01-10,hs300,2016-01-04,000539,粤电力A
2016-01-10,hs300,2016-01-04,000540,中天金融
2016-01-10,hs300,2016-01-04,000559,万向钱潮
2016-01-10,hs300,2016-01-04,000568,泸州老窖
2016-01-10,hs300,2016-01-04,000581,威孚高科
2016-01-10,hs300,2016-01-04,000598,兴蓉环境
2016-01-10,hs300,2016-01-04,000623,吉林敖东
2016-01-10,hs300,2016-01-04,000625,长安汽车
2016-01-10,hs300,2016-01-04,000629,攀钢钒钛
2016-01-10,hs300,2016-01-04,000630,铜陵有色
2016-01-10,hs300,2016-01-04,000651,格力电器
2016-01-10,hs300,2016-01-04,000686,东北证券
2016-01-10,hs300,2016-01-04,000709,河钢股份
2016-01-10,hs300,2016-01-04,000712,锦龙股份
2016-01-10,hs300,2016-01-04,000725,京东方A
2016-01-10,hs300,2016-01-04,000728,国元证券
2016-01-10,hs300,2016-01-04,000729,燕京啤酒
2016-01-10,hs300,2016-01-04,000738,航发控制
2016-01-10,hs300,2016-01-04,000750,国海证券
2016-01-10,hs300,2016-01-04,000768,中航飞机
2016-01-10,hs300,2016-01-04,000776,广发证券
2016-01-10,hs300,2016-01-04,000778,新兴铸管
2016-01-10,hs300,2016-01-04,000783,长江证券
2016-01-10,hs300,2016-01-04,000792,盐湖股份
2016-01-10,hs300,2016-01-04,000793,华闻传媒
2016-01-10,hs300,2016-01-04,000800,一汽轿车
2016-01-10,hs300,2016-01-04,000825,太钢不锈
2016-01-10,hs300,2016-01-04,000826,启迪桑德
2016-01-10,hs300,2016-01-04,000831,五矿稀土
2016-01-10,hs300,2016-01-04,000858,五粮液
2016-01-10,hs300,2016-01-04,000876,新希望
2016-01-10,hs300,2016-01-04,000883,湖北能源
2016-01-10,hs300,2016-01-04,000895,双汇发展
2016-01-10,hs300,2016-01-04,000898,鞍钢股份
2016-01-10,hs300,2016-01-04,000917,电广传媒
2016-01-10,hs300,2016-01-04,000937,冀中能源
2016-01-10,hs300,2016-01-04,000963,华东医药
2016-01-10,hs300,2016-01-04,000983,西山煤电
2016-01-10,hs300,2016-01-04,000999,华润三九
2016-01-10,hs300,2016-01-04,001979,招商蛇口
2016-01-10,hs300,2016-01-04,002007,华兰生物
2016-01-10,hs300,2016-01-04,002008,大族激光
2016-01-10,hs300,2016-01-04,002024,苏宁易购
2016-01-10,hs300,2016-01-04,002038,双鹭药业
2016-01-10,hs300,2016-01-04,002065,东华软件
2016-01-10,hs300,2016-01-04,002081,金螳螂
2016-01-10,hs300,2016-01-04,002129,中环股份
2016-01-10,hs300,2016-01-04,002142,宁波银行
2016-01-10,hs300,2016-01-04,002146,荣盛发展
2016-01-10,hs300,2016-01-04,002153,石基信息
2016-01-10,hs300,2016-01-04,002195,二三四五
2016-01-10,hs300,2016-01-04,002202,金风科技
2016-01-10,hs300,2016-01-04,002230,科大讯飞
2016-01-10,hs300,2016-01-04,002236,大华股份
2016-01-10,hs300,2016-01-04,002241,歌尔股份
2016-01-10,hs300,2016-01-04,002252,上海莱士
2016-01-10,hs300,2016-01-04,002292,奥飞娱乐
2016-01-10,hs300,2016-01-04,002294,信立泰
2016-01-10,hs300,2016-01-04,002304,洋河股份
2016-01-10,hs300,2016-01-04,002353,杰瑞股份
2016-01-10,hs300,2016-01-04,002375,亚厦股份
2016-01-10,hs300,2016-01-04,002385,大北农
2016-01-10,hs300,2016-01-04,002399,海普瑞
2016-01-10,hs300,2016-01-04,002410,广联达
2016-01-10,hs300,2016-01-04,002415,海康威视
2016-01-10,hs300,2016-01-04,002422,科伦药业
2016-01-10,hs300,2016-01-04,002450,康得新
2016-01-10,hs300,2016-01-04,002456,欧菲科技
2016-01-10,hs300,2016-01-04,002465,海格通信
2016-01-10,hs300,2016-01-04,002470,金正大
2016-01-10,hs300,2016-01-04,002475,立讯精密
2016-01-10,hs300,2016-01-04,002500,山西证券
2016-01-10,hs300,2016-01-04,002594,比亚迪
2016-01-10,hs300,2016-01-04,002673,西部证券
2016-01-10,hs300,2016-01-04,002736,国信证券
2016-01-10,hs300,2016-01-04,002739,万达电影
2016-01-10,hs300,2016-01-04,300002,神州泰岳
2016-01-10,hs300,2016-01-04,300003,乐普医疗
2016-01-10,hs300,2016-01-04,300015,爱尔眼科
2016-01-10,hs300,2016-01-04,300017,网宿科技
2016-01-10,hs300,2016-01-04,300024,机器人
2016-01-10,hs300,2016-01-04,300027,华谊兄弟
2016-01-10,hs300,2016-01-04,300058,蓝色光标
2016-01-10,hs300,2016-01-04,300059,东方财富
2016-01-10,hs300,2016-01-04,300070,碧水源
2016-01-10,hs300,2016-01-04,300104,乐视网
2016-01-10,hs300,2016-01-04,300124,汇川技术
2016-01-10,hs300,2016-01-04,300133,华策影视
2016-01-10,hs300,2016-01-04,300144,宋城演艺
2016-01-10,hs300,2016-01-04,300146,汤臣倍健
2016-01-10,hs300,2016-01-04,300251,光线传媒
2016-01-10,hs300,2016-01-04,300315,掌趣科技
2016-01-10,zz500,2016-01-04,600004,白云机场
2016-01-10,zz500,2016-01-04,600006,东风汽车
2016-01-10,zz500,2016-01-04,600017,日照港
2016-01-10,zz500,2016-01-04,600022,山东钢铁
2016-01-10,zz500,2016-01-04,600026,中远海能
2016-01-10,zz500,2016-01-04,600039,四川路桥
2016-01-10,zz500,2016-01-04,600056,中国医药
2016-01-10,zz500,2016-01-04,600058,五矿发展
2016-01-10,zz500,2016-01-04,600059,古越龙山
2016-01-10,zz500,2016-01-04,600062,华润双鹤
2016-01-10,zz500,2016-01-04,600064,南京高科
2016-01-10,zz500,2016-01-04,600067,冠城大通
2016-01-10,zz500,2016-01-04,600073,上海梅林
2016-01-10,zz500,2016-01-04,600074,*ST保千
2016-01-10,zz500,2016-01-04,600079,人福医药
2016-01-10,zz500,2016-01-04,600086,东方金钰
2016-01-10,zz500,2016-01-04,600088,中视传媒
2016-01-10,zz500,2016-01-04,600094,大名城
2016-01-10,zz500,2016-01-04,600108,亚盛集团
2016-01-10,zz500,2016-01-04,600112,天成控股
2016-01-10,zz500,2016-01-04,600120,浙江东方
2016-01-10,zz500,2016-01-04,600122,宏图高科
2016-01-10,zz500,2016-01-04,600125,铁龙物流
2016-01-10,zz500,2016-01-04,600132,重庆啤酒
2016-01-10,zz500,2016-01-04,600138,中青旅
2016-01-10,zz500,2016-01-04,600141,兴发集团
2016-01-10,zz500,2016-01-04,600143,金发科技
2016-01-10,zz500,2016-01-04,600151,航天机电
2016-01-10,zz500,2016-01-04,600158,中体产业
2016-01-10,zz500,2016-01-04,600160,巨化股份
2016-01-10,zz500,2016-01-04,600161,天坛生物
2016-01-10,zz500,2016-01-04,600169,太原重工
2016-01-10,zz500,2016-01-04,600171,上海贝岭
2016-01-10,zz500,2016-01-04,600175,美都能源
2016-01-10,zz500,2016-01-04,600176,中国巨石
2016-01-10,zz500,2016-01-04,600180,瑞茂通
2016-01-10,zz500,2016-01-04,600183,生益科技
2016-01-10,zz500,2016-01-04,600184,光电股份
2016-01-10,zz500,2016-01-04,600187,国中水务
2016-01-10,zz500,2016-01-04,600195,中牧股份
2016-01-10,zz500,2016-01-04,600198,*ST大唐
2016-01-10,zz500,2016-01-04,600200,江苏吴中
2016-01-10,zz500,2016-01-04,600201,生物股份
2016-01-10,zz500,2016-01-04,600216,浙江医药
2016-01-10,zz500,2016-01-04,600219,南山铝业
2016-01-10,zz500,2016-01-04,600220,江苏阳光
2016-01-10,zz500,2016-01-04,600236,桂冠电力
2016-01-10,zz500,2016-01-04,600240,华业资本
2016-01-10,zz500,2016-01-04,600251,冠农股份
2016-01-10,zz500,2016-01-04,600259,广晟有色
2016-01-10,zz500,2016-01-04,600260,凯乐科技
2016-01-10,zz500,2016-01-04,600267,海正药业
2016-01-10,zz500,2016-01-04,600270,外运发展
2016-01-10,zz500,2016-01-04,600280,中央商场
2016-01-10,zz500,2016-01-04,600282,南钢股份
2016-01-10,zz500,2016-01-04,600284,浦东建设
2016-01-10,zz500,2016-01-04,600289,*ST信通
2016-01-10,zz500,2016-01-04,600292,远达环保
2016-01-10,zz500,2016-01-04,600298,安琪酵母
2016-01-10,zz500,2016-01-04,600300,维维股份
2016-01-10,zz500,2016-01-04,600312,平高电气
2016-01-10,zz500,2016-01-04,600316,洪都航空
2016-01-10,zz500,2016-01-04,600320,振华重工
2016-01-10,zz500,2016-01-04,600325,华发股份
2016-01-10,zz500,2016-01-04,600329,中新药业
2016-01-10,zz500,2016-01-04,600335,国机汽车
2016-01-10,zz500,2016-01-04,600337,美克家居
2016-01-10,zz500,2016-01-04,600348,阳泉煤业
2016-01-10,zz500,2016-01-04,600351,亚宝药业
2016-01-10,zz500,2016-01-04,600366,宁波韵升
2016-01-10,zz500,2016-01-04,600376,首开股份
2016-01-10,zz500,2016-01-04,600380,健康元
2016-01-10,zz500,2016-01-04,600388,龙净环保
2016-01-10,zz500,2016-01-04,600392,盛和资源
2016-01-10,zz500,2016-01-04,600395,盘江股份
2016-01-10,zz500,2016-01-04,600397,*ST安煤
2016-01-10,zz500,2016-01-04,600409,三友化工
2016-01-10,zz500,2016-01-04,600410,华胜天成
2016-01-10,zz500,2016-01-04,600416,湘电股份
2016-01-10,zz500,2016-01-04,600418,江淮汽车
2016-01-10,zz500,2016-01-04,600422,昆药集团
2016-01-10,zz500,2016-01-04,600425,青松建化
2016-01-10,zz500,2016-01-04,600426,华鲁恒升
2016-01-10,zz500,2016-01-04,600428,中远海特
2016-01-10,zz500,2016-01-04,600429,三元股份
2016-01-10,zz500,2016-01-04,600433,冠豪高新
2016-01-10,zz500,2016-01-04,600435,北方导航
2016-01-10,zz500,2016-01-04,600436,片仔癀
2016-01-10,zz500,2016-01-04,600456,宝钛股份
2016-01-10,zz500,2016-01-04,600458,时代新材
2016-01-10,zz500,2016-01-04,600460,士兰微
2016-01-10,zz500,2016-01-04,600468,百利电气
2016-01-10,zz500,2016-01-04,600478,科力远
2016-01-10,zz500,2016-01-04,600481,双良节能
2016-01-10,zz500,2016-01-04,600482,中国动力
2016-01-10,zz500,2016-01-04,600483,福能股份
2016-01-10,zz500,2016-01-04,600487,亨通光电
2016-01-10,zz500,2016-01-04,600496,精工钢构
2016-01-10,zz500,2016-01-04,600497,驰宏锌锗
2016-01-10,zz500,2016-01-04,600498,烽火通信
2016-01-10,zz500,2016-01-04,600499,科达洁能
2016-01-10,zz500,2016-01-04,600500,中化国际
2016-01-10,zz500,2016-01-04,600503,华丽家族
2016-01-10,zz500,2016-01-04,600507,方大特钢
2016-01-10,zz500,2016-01-04,600509,天富能源
2016-01-10,zz500,2016-01-04,600510,黑牡丹
2016-01-10,zz500,2016-01-04,600511,国药股份
2016-01-10,zz500,2016-01-04,600516,方大炭素
2016-01-10,zz500,2016-01-04,600517,置信电气
2016-01-10,zz500,2016-01-04,600521,华海药业
2016-01-10,zz500,2016-01-04,600522,中天科技
2016-01-10,zz500,2016-01-04,600525,长园集团
2016-01-10,zz500,2016-01-04,600528,中铁工业
2016-01-10,zz500,2016-01-04,600536,中国软件
2016-01-10,zz500,2016-01-04,600537,亿晶光电
2016-01-10,zz500,2016-01-04,600545,卓郎智能
2016-01-10,zz500,2016-01-04,600546,山煤国际
2016-01-10,zz500,2016-01-04,600551,时代出版
2016-01-10,zz500,2016-01-04,600557,康缘药业
2016-01-10,zz500,2016-01-04,600563,法拉电子
2016-01-10,zz500,2016-01-04,600566,济川药业
2016-01-10,zz500,2016-01-04,600572,康恩贝
2016-01-10,zz500,2016-01-04,600575,皖江物流
2016-01-10,zz500,2016-01-04,600580,卧龙电气
2016-01-10,zz500,2016-01-04,600584,长电科技
2016-01-10,zz500,2016-01-04,600586,金晶科技
2016-01-10,zz500,2016-01-04,600587,新华医疗
2016-01-10,zz500,2016-01-04,600594,益佰制药
2016-01-10,zz500,2016-01-04,600596,新安股份
2016-01-10,zz500,2016-01-04,600597,光明乳业
2016-01-10,zz500,2016-01-04,600601,方正科技
2016-01-10,zz500,2016-01-04,600611,大众交通
2016-01-10,zz500,2016-01-04,600614,鹏起科技
2016-01-10,zz500,2016-01-04,600617,国新能源
2016-01-10,zz500,2016-01-04,600618,氯碱化工
2016-01-10,zz500,2016-01-04,600628,新世界
2016-01-10,zz500,2016-01-04,600635,大众公用
2016-01-10,zz500,2016-01-04,600639,浦东金桥
2016-01-10,zz500,2016-01-04,600640,号百控股
2016-01-10,zz500,2016-01-04,600643,爱建集团
2016-01-10,zz500,2016-01-04,600645,中源协和
2016-01-10,zz500,2016-01-04,600651,飞乐音响
2016-01-10,zz500,2016-01-04,600654,ST中安
2016-01-10,zz500,2016-01-04,600655,豫园股份
2016-01-10,zz500,2016-01-04,600657,信达地产
2016-01-10,zz500,2016-01-04,600664,哈药股份
2016-01-10,zz500,2016-01-04,600673,东阳光科
2016-01-10,zz500,2016-01-04,600694,大商股份
2016-01-10,zz500,2016-01-04,600699,均胜电子
2016-01-10,zz500,2016-01-04,600704,物产中大
2016-01-10,zz500,2016-01-04,600720,祁连山
2016-01-10,zz500,2016-01-04,600729,重庆百货
2016-01-10,zz500,2016-01-04,600736,苏州高新
2016-01-10,zz500,2016-01-04,600743,华远地产
2016-01-10,zz500,2016-01-04,600748,上实发展
2016-01-10,zz500,2016-01-04,600750,江中药业
2016-01-10,zz500,2016-01-04,600751,海航科技
2016-01-10,zz500,2016-01-04,600754,锦江股份
2016-01-10,zz500,2016-01-04,600755,厦门国贸
2016-01-10,zz500,2016-01-04,600757,长江传媒
2016-01-10,zz500,2016-01-04,600759,洲际油气
2016-01-10,zz500,2016-01-04,600761,安徽合力
2016-01-10,zz500,2016-01-04,600765,中航重机
2016-01-10,zz500,2016-01-04,600770,综艺股份
2016-01-10,zz500,2016-01-04,600773,西藏城投
2016-01-10,zz500,2016-01-04,600776,东方通信
2016-01-10,zz500,2016-01-04,600780,通宝能源
2016-01-10,zz500,2016-01-04,600787,中储股份
2016-01-10,zz500,2016-01-04,600790,轻纺城
2016-01-10,zz500,2016-01-04,600797,浙大网新
2016-01-10,zz500,2016-01-04,600801,华新水泥
2016-01-10,zz500,2016-01-04,600803,新奥股份
2016-01-10,zz500,2016-01-04,600805,悦达投资
2016-01-10,zz500,2016-01-04,600808,马钢股份
2016-01-10,zz500,2016-01-04,600809,山西汾酒
2016-01-10,zz500,2016-01-04,600811,东方集团
2016-01-10,zz500,2016-01-04,600812,华北制药
2016-01-10,zz500,2016-01-04,600816,安信信托
2016-01-10,zz500,2016-01-04,600823,世茂股份
2016-01-10,zz500,2016-01-04,600825,新华传媒
2016-01-10,zz500,2016-01-04,600826,兰生股份
2016-01-10,zz500,2016-01-04,600831,广电网络
2016-01-10,zz500,2016-01-04,600835,上海机电
2016-01-10,zz500,2016-01-04,600850,华东电脑
2016-01-10,zz500,2016-01-04,600851,海欣股份
2016-01-10,zz500,2016-01-04,600859,王府井
2016-01-10,zz500,2016-01-04,600864,哈投股份
2016-01-10,zz500,2016-01-04,600869,智慧能源
2016-01-10,zz500,2016-01-04,600872,中炬高新
2016-01-10,zz500,2016-01-04,600874,创业环保
2016-01-10,zz500,2016-01-04,600879,航天电子
2016-01-10,zz500,2016-01-04,600880,博瑞传播
2016-01-10,zz500,2016-01-04,600881,亚泰集团
2016-01-10,zz500,2016-01-04,600884,杉杉股份
2016-01-10,zz500,2016-01-04,600885,宏发股份
2016-01-10,zz500,2016-01-04,600894,广日股份
2016-01-10,zz500,2016-01-04,600917,重庆燃气
2016-01-10,zz500,2016-01-04,600967,内蒙一机
2016-01-10,zz500,2016-01-04,600970,中材国际
2016-01-10,zz500,2016-01-04,600971,恒源煤电
2016-01-10,zz500,2016-01-04,600978,宜华生活
2016-01-10,zz500,2016-01-04,600993,马应龙
2016-01-10,zz500,2016-01-04,600997,开滦股份
2016-01-10,zz500,2016-01-04,601000,唐山港
2016-01-10,zz500,2016-01-04,601001,大同煤业
2016-01-10,zz500,2016-01-04,601002,晋亿实业
2016-01-10,zz500,2016-01-04,601005,重庆钢铁
2016-01-10,zz500,2016-01-04,601010,文峰股份
2016-01-10,zz500,2016-01-04,601012,隆基股份
2016-01-10,zz500,2016-01-04,601101,昊华能源
2016-01-10,zz500,2016-01-04,601126,四方股份
2016-01-10,zz500,2016-01-04,601139,深圳燃气
2016-01-10,zz500,2016-01-04,601168,西部矿业
2016-01-10,zz500,2016-01-04,601226,华电重工
2016-01-10,zz500,2016-01-04,601233,桐昆股份
2016-01-10,zz500,2016-01-04,601311,骆驼股份
2016-01-10,zz500,2016-01-04,601369,陕鼓动力
2016-01-10,zz500,2016-01-04,601515,东风股份
2016-01-10,zz500,2016-01-04,601666,平煤股份
2016-01-10,zz500,2016-01-04,601678,滨化股份
2016-01-10,zz500,2016-01-04,601717,郑煤机
2016-01-10,zz500,2016-01-04,601777,力帆股份
2016-01-10,zz500,2016-01-04,601801,皖新传媒
2016-01-10,zz500,2016-01-04,601880,大连港
2016-01-10,zz500,2016-01-04,601886,江河集团
2016-01-10,zz500,2016-01-04,601908,京运通
2016-01-10,zz500,2016-01-04,601929,吉视传媒
2016-01-10,zz500,2016-01-04,601965,中国汽研
2016-01-10,zz500,2016-01-04,603001,奥康国际
2016-01-10,zz500,2016-01-04,603005,晶方科技
2016-01-10,zz500,2016-01-04,603019,中科曙光
2016-01-10,zz500,2016-01-04,603025,大豪科技
2016-01-10,zz500,2016-01-04,603077,和邦生物
2016-01-10,zz500,2016-01-04,603169,兰石重装
2016-01-10,zz500,2016-01-04,603188,ST亚邦
2016-01-10,zz500,2016-01-04,603328,依顿电子
2016-01-10,zz500,2016-01-04,603355,莱克电气
2016-01-10,zz500,2016-01-04,603366,日出东方
2016-01-10,zz500,2016-01-04,603369,今世缘
2016-01-10,zz500,2016-01-04,603555,贵人鸟
2016-01-10,zz500,2016-01-04,603567,珍宝岛
2016-01-10,zz500,2016-01-04,603568,伟明环保
2016-01-10,zz500,2016-01-04,603589,口子窖
2016-01-10,zz500,2016-01-04,603698,航天工程
2016-01-10,zz500,2016-01-04,603699,纽威股份
2016-01-10,zz500,2016-01-04,603766,隆鑫通用
2016-01-10,zz500,2016-01-04,603806,福斯特
2016-01-10,zz500,2016-01-04,603883,老百姓
2016-01-10,zz500,2016-01-04,603899,晨光文具
2016-01-10,zz500,2016-01-04,000006,深振业A
2016-01-10,zz500,2016-01-04,000012,南玻A
2016-01-10,zz500,2016-01-04,000021,深科技
2016-01-10,zz500,2016-01-04,000028,国药一致
2016-01-10,zz500,2016-01-04,000030,富奥股份
2016-01-10,zz500,2016-01-04,000031,中粮地产
2016-01-10,zz500,2016-01-04,000049,德赛电池
2016-01-10,zz500,2016-01-04,000050,深天马A
2016-01-10,zz500,2016-01-04,000062,深圳华强
2016-01-10,zz500,2016-01-04,000066,中国长城
2016-01-10,zz500,2016-01-04,000078,海王生物
2016-01-10,zz500,2016-01-04,000088,盐田港
2016-01-10,zz500,2016-01-04,000090,天健集团
2016-01-10,zz500,2016-01-04,000099,中信海直
2016-01-10,zz500,2016-01-04,000401,冀东水泥
2016-01-10,zz500,2016-01-04,000417,合肥百货
2016-01-10,zz500,2016-01-04,000418,小天鹅A
2016-01-10,zz500,2016-01-04,000426,兴业矿业
2016-01-10,zz500,2016-01-04,000488,晨鸣纸业
2016-01-10,zz500,2016-01-04,000501,鄂武商A
2016-01-10,zz500,2016-01-04,000511,烯碳退
2016-01-10,zz500,2016-01-04,000513,丽珠集团
2016-01-10,zz500,2016-01-04,000519,中兵红箭
2016-01-10,zz500,2016-01-04,000525,红太阳
2016-01-10,zz500,2016-01-04,000528,柳工
2016-01-10,zz500,2016-01-04,000541,佛山照明
2016-01-10,zz500,2016-01-04,000543,皖能电力
2016-01-10,zz500,2016-01-04,000547,航天发展
2016-01-10,zz500,2016-01-04,000550,江铃汽车
2016-01-10,zz500,2016-01-04,000552,靖远煤电
2016-01-10,zz500,2016-01-04,000563,陕国投A
2016-01-10,zz500,2016-01-04,000566,海南海药
2016-01-10,zz500,2016-01-04,000572,海马汽车
2016-01-10,zz500,2016-01-04,000582,北部湾港
2016-01-10,zz500,2016-01-04,000587,金洲慈航
2016-01-10,zz500,2016-01-04,000592,平潭发展
2016-01-10,zz500,2016-01-04,000596,古井贡酒
2016-01-10,zz500,2016-01-04,000600,建投能源
2016-01-10,zz500,2016-01-04,000603,盛达矿业
2016-01-10,zz500,2016-01-04,000612,焦作万方
2016-01-10,zz500,2016-01-04,000616,海航投资
2016-01-10,zz500,2016-01-04,000620,新华联
2016-01-10,zz500,2016-01-04,000631,顺发恒业
2016-01-10,zz500,2016-01-04,000636,风华高科
2016-01-10,zz500,2016-01-04,000650,仁和药业
2016-01-10,zz500,2016-01-04,000652,泰达股份
2016-01-10,zz500,2016-01-04,000656,金科股份
2016-01-10,zz500,2016-01-04,000661,长春高新
2016-01-10,zz500,2016-01-04,000667,美好置业
2016-01-10,zz500,2016-01-04,000669,金鸿控股
2016-01-10,zz500,2016-01-04,000671,阳光城
2016-01-10,zz500,2016-01-04,000680,山推股份
2016-01-10,zz500,2016-01-04,000681,视觉中国
2016-01-10,zz500,2016-01-04,000685,中山公用
2016-01-10,zz500,2016-01-04,000690,宝新能源
2016-01-10,zz500,2016-01-04,000693,*ST华泽
2016-01-10,zz500,2016-01-04,000697,炼石有色
2016-01-10,zz500,2016-01-04,000703,恒逸石化
2016-01-10,zz500,2016-01-04,000718,苏宁环球
2016-01-10,zz500,2016-01-04,000719,中原传媒
2016-01-10,zz500,2016-01-04,000726,鲁泰A
2016-01-10,zz500,2016-01-04,000732,泰禾集团
2016-01-10,zz500,2016-01-04,000748,长城信息
2016-01-10,zz500,2016-01-04,000758,中色股份
2016-01-10,zz500,2016-01-04,000762,西藏矿业
2016-01-10,zz500,2016-01-04,000777,中核科技
2016-01-10,zz500,2016-01-04,000786,北新建材
2016-01-10,zz500,2016-01-04,000816,*ST慧业
2016-01-10,zz500,2016-01-04,000829,天音控股
2016-01-10,zz500,2016-01-04,000830,鲁西化工
2016-01-10,zz500,2016-01-04,000848,承德露露
2016-01-10,zz500,2016-01-04,000852,石化机械
2016-01-10,zz500,2016-01-04,000860,顺鑫农业
2016-01-10,zz500,2016-01-04,000861,海印股份
2016-01-10,zz500,2016-01-04,000869,张裕A
2016-01-10,zz500,2016-01-04,000877,天山股份
2016-01-10,zz500,2016-01-04,000887,中鼎股份
2016-01-10,zz500,2016-01-04,000897,津滨发展
2016-01-10,zz500,2016-01-04,000900,现代投资
2016-01-10,zz500,2016-01-04,000919,金陵药业
2016-01-10,zz500,2016-01-04,000921,海信科龙
2016-01-10,zz500,2016-01-04,000926,福星股份
2016-01-10,zz500,2016-01-04,000930,中粮生化
2016-01-10,zz500,2016-01-04,000931,中关村
2016-01-10,zz500,2016-01-04,000933,神火股份
2016-01-10,zz500,2016-01-04,000939,*ST凯迪
2016-01-10,zz500,2016-01-04,000951,中国重汽
2016-01-10,zz500,2016-01-04,000961,中南建设
2016-01-10,zz500,2016-01-04,000969,安泰科技
2016-01-10,zz500,2016-01-04,000970,中科三环
2016-01-10,zz500,2016-01-04,000973,佛塑科技
2016-01-10,zz500,2016-01-04,000975,银泰资源
2016-01-10,zz500,2016-01-04,000979,中弘股份
2016-01-10,zz500,2016-01-04,000988,华工科技
2016-01-10,zz500,2016-01-04,000997,新大陆
2016-01-10,zz500,2016-01-04,000998,隆平高科
2016-01-10,zz500,2016-01-04,001696,宗申动力
2016-01-10,zz500,2016-01-04,002001,新和成
2016-01-10,zz500,2016-01-04,002004,华邦健康
2016-01-10,zz500,2016-01-04,002005,德豪润达
2016-01-10,zz500,2016-01-04,002011,盾安环境
2016-01-10,zz500,2016-01-04,002013,中航机电
2016-01-10,zz500,2016-01-04,002022,科华生物
2016-01-10,zz500,2016-01-04,002025,航天电器
2016-01-10,zz500,2016-01-04,002028,思源电气
2016-01-10,zz500,2016-01-04,002029,七匹狼
2016-01-10,zz500,2016-01-04,002030,达安基因
2016-01-10,zz500,2016-01-04,002041,登海种业
2016-01-10,zz500,2016-01-04,002048,宁波华翔
2016-01-10,zz500,2016-01-04,002049,紫光国微
2016-01-10,zz500,2016-01-04,002050,三花智控
2016-01-10,zz500,2016-01-04,002051,中工国际
2016-01-10,zz500,2016-01-04,002056,横店东磁
2016-01-10,zz500,2016-01-04,002063,远光软件
2016-01-10,zz500,2016-01-04,002064,华峰氨纶
2016-01-10,zz500,2016-01-04,002073,软控股份
2016-01-10,zz500,2016-01-04,002078,太阳纸业
2016-01-10,zz500,2016-01-04,002085,万丰奥威
2016-01-10,zz500,2016-01-04,002092,中泰化学
2016-01-10,zz500,2016-01-04,002093,国脉科技
2016-01-10,zz500,2016-01-04,002106,莱宝高科
2016-01-10,zz500,2016-01-04,002118,紫鑫药业
2016-01-10,zz500,2016-01-04,002122,*ST天马
2016-01-10,zz500,2016-01-04,002128,露天煤业
2016-01-10,zz500,2016-01-04,002140,东华科技
2016-01-10,zz500,2016-01-04,002143,印纪传媒
2016-01-10,zz500,2016-01-04,002155,湖南黄金
2016-01-10,zz500,2016-01-04,002161,远望谷
2016-01-10,zz500,2016-01-04,002168,深圳惠程
2016-01-10,zz500,2016-01-04,002174,游族网络
2016-01-10,zz500,2016-01-04,002179,中航光电
2016-01-10,zz500,2016-01-04,002180,纳思达
2016-01-10,zz500,2016-01-04,002181,粤传媒
2016-01-10,zz500,2016-01-04,002190,成飞集成
2016-01-10,zz500,2016-01-04,002191,劲嘉股份
2016-01-10,zz500,2016-01-04,002194,*ST凡谷
2016-01-10,zz500,2016-01-04,002203,海亮股份
2016-01-10,zz500,2016-01-04,002204,大连重工
2016-01-10,zz500,2016-01-04,002216,三全食品
2016-01-10,zz500,2016-01-04,002217,合力泰
2016-01-10,zz500,2016-01-04,002219,恒康医疗
2016-01-10,zz500,2016-01-04,002221,东华能源
2016-01-10,zz500,2016-01-04,002223,鱼跃医疗
2016-01-10,zz500,2016-01-04,002233,塔牌集团
2016-01-10,zz500,2016-01-04,002237,恒邦股份
2016-01-10,zz500,2016-01-04,002238,天威视讯
2016-01-10,zz500,2016-01-04,002242,九阳股份
2016-01-10,zz500,2016-01-04,002244,滨江集团
2016-01-10,zz500,2016-01-04,002249,大洋电机
2016-01-10,zz500,2016-01-04,002250,联化科技
2016-01-10,zz500,2016-01-04,002251,步步高
2016-01-10,zz500,2016-01-04,002254,泰和新材
2016-01-10,zz500,2016-01-04,002266,浙富控股
2016-01-10,zz500,2016-01-04,002267,陕天然气
2016-01-10,zz500,2016-01-04,002269,美邦服饰
2016-01-10,zz500,2016-01-04,002271,东方雨虹
2016-01-10,zz500,2016-01-04,002273,水晶光电
2016-01-10,zz500,2016-01-04,002276,万马股份
2016-01-10,zz500,2016-01-04,002277,友阿股份
2016-01-10,zz500,2016-01-04,002281,光迅科技
2016-01-10,zz500,2016-01-04,002285,世联行
2016-01-10,zz500,2016-01-04,002293,罗莱生活
2016-01-10,zz500,2016-01-04,002299,圣农发展
2016-01-10,zz500,2016-01-04,002308,威创股份
2016-01-10,zz500,2016-01-04,002309,中利集团
2016-01-10,zz500,2016-01-04,002311,海大集团
2016-01-10,zz500,2016-01-04,002315,焦点科技
2016-01-10,zz500,2016-01-04,002317,众生药业
2016-01-10,zz500,2016-01-04,002325,洪涛股份
2016-01-10,zz500,2016-01-04,002327,富安娜
2016-01-10,zz500,2016-01-04,002332,仙琚制药
2016-01-10,zz500,2016-01-04,002340,格林美
2016-01-10,zz500,2016-01-04,002342,巨力索具
2016-01-10,zz500,2016-01-04,002344,海宁皮城
2016-01-10,zz500,2016-01-04,002345,潮宏基
2016-01-10,zz500,2016-01-04,002354,天神娱乐
2016-01-10,zz500,2016-01-04,002358,森源电气
2016-01-10,zz500,2016-01-04,002368,太极股份
2016-01-10,zz500,2016-01-04,002371,北方华创
2016-01-10,zz500,2016-01-04,002373,千方科技
2016-01-10,zz500,2016-01-04,002384,东山精密
2016-01-10,zz500,2016-01-04,002390,信邦制药
2016-01-10,zz500,2016-01-04,002392,北京利尔
2016-01-10,zz500,2016-01-04,002396,星网锐捷
2016-01-10,zz500,2016-01-04,002400,省广集团
2016-01-10,zz500,2016-01-04,002405,四维图新
2016-01-10,zz500,2016-01-04,002408,齐翔腾达
2016-01-10,zz500,2016-01-04,002414,高德红外
2016-01-10,zz500,2016-01-04,002419,天虹股份
2016-01-10,zz500,2016-01-04,002428,云南锗业
2016-01-10,zz500,2016-01-04,002430,杭氧股份
2016-01-10,zz500,2016-01-04,002431,棕榈股份
2016-01-10,zz500,2016-01-04,002437,誉衡药业
2016-01-10,zz500,2016-01-04,002439,启明星辰
2016-01-10,zz500,2016-01-04,002440,闰土股份
2016-01-10,zz500,2016-01-04,002444,巨星科技
2016-01-10,zz500,2016-01-04,002461,珠江啤酒
2016-01-10,zz500,2016-01-04,002463,沪电股份
2016-01-10,zz500,2016-01-04,002466,天齐锂业
2016-01-10,zz500,2016-01-04,002477,雏鹰农牧
2016-01-10,zz500,2016-01-04,002479,富春环保
2016-01-10,zz500,2016-01-04,002482,广田集团
2016-01-10,zz500,2016-01-04,002489,浙江永强
2016-01-10,zz500,2016-01-04,002493,荣盛石化
2016-01-10,zz500,2016-01-04,002498,汉缆股份
2016-01-10,zz500,2016-01-04,002503,搜于特
2016-01-10,zz500,2016-01-04,002505,大康农业
2016-01-10,zz500,2016-01-04,002508,老板电器
2016-01-10,zz500,2016-01-04,002551,尚荣医疗
2016-01-10,zz500,2016-01-04,002568,百润股份
2016-01-10,zz500,2016-01-04,002573,清新环境
2016-01-10,zz500,2016-01-04,002588,史丹利
2016-01-10,zz500,2016-01-04,002595,豪迈科技
2016-01-10,zz500,2016-01-04,002603,以岭药业
2016-01-10,zz500,2016-01-04,002635,安洁科技
2016-01-10,zz500,2016-01-04,002642,荣之联
2016-01-10,zz500,2016-01-04,002646,青青稞酒
2016-01-10,zz500,2016-01-04,002648,卫星石化
2016-01-10,zz500,2016-01-04,002653,海思科
2016-01-10,zz500,2016-01-04,002657,中科金财
2016-01-10,zz500,2016-01-04,002663,普邦股份
2016-01-10,zz500,2016-01-04,002665,首航节能
2016-01-10,zz500,2016-01-04,002672,东江环保
2016-01-10,zz500,2016-01-04,002678,珠江钢琴
2016-01-10,zz500,2016-01-04,002681,奋达科技
2016-01-10,zz500,2016-01-04,002698,博实股份
2016-01-10,zz500,2016-01-04,002701,奥瑞金
2016-01-10,zz500,2016-01-04,002714,牧原股份
2016-01-10,zz500,2016-01-04,002727,一心堂
2016-01-10,zz500,2016-01-04,002745,木林森
2016-01-10,zz500,2016-01-04,300026,红日药业
2016-01-10,zz500,2016-01-04,300039,上海凯宝
2016-01-10,zz500,2016-01-04,300043,星辉娱乐
2016-01-10,zz500,2016-01-04,300055,万邦达
2016-01-10,zz500,2016-01-04,300072,三聚环保
2016-01-10,zz500,2016-01-04,300085,银之杰
2016-01-10,zz500,2016-01-04,300088,长信科技
2016-01-10,zz500,2016-01-04,300115,长盈精密
2016-01-10,zz500,2016-01-04,300122,智飞生物
2016-01-10,zz500,2016-01-04,300134,大富科技
2016-01-10,zz500,2016-01-04,300147,香雪制药
2016-01-10,zz500,2016-01-04,300182,捷成股份
2016-01-10,zz500,2016-01-04,300199,翰宇药业
2016-01-10,zz500,2016-01-04,300202,聚龙股份
2016-01-10,zz500,2016-01-04,300244,迪安诊断
2016-01-10,zz500,2016-01-04,300253,卫宁健康
2016-01-10,zz500,2016-01-04,300257,开山股份
2016-01-10,zz500,2016-01-04,300267,尔康制药
2016-01-10,zz500,2016-01-04,300273,和佳股份
2016-01-10,zz500,2016-01-04,300274,阳光电源
2016-01-10,zz500,2016-01-04,300291,华录百纳
2016-07-10,hs300,2016-07-04,600000,浦发银行
2016-07-10,hs300,2016-07-04,600005,武钢股份
2016-07-10,hs300,2016-07-04,600008,首创股份
2016-07-10,hs300,2016-07-04,600009,上海机场
2016-07-10,hs300,2016-07-04,600010,包钢股份
2016-07-10,hs300,2016-07-04,600011,华能国际
2016-07-10,hs300,2016-07-04,600015,华夏银行
2016-07-10,hs300,2016-07-04,600016,民生银行
2016-07-10,hs300,2016-07-04,600018,上港集团
2016-07-10,hs300,2016-07-04,600019,宝钢股份
2016-07-10,hs300,2016-07-04,600021,上海电力
2016-07-10,hs300,2016-07-04,600022,山东钢铁
2016-07-10,hs300,2016-07-04,600023,浙能电力
2016-07-10,hs300,2016-07-04,600027,华电国际
2016-07-10,hs300,2016-07-04,600028,中国石化
2016-07-10,hs300,2016-07-04,600029,南方航空
2016-07-10,hs300,2016-07-04,600030,中信证券
2016-07-10,hs300,2016-07-04,600031,三一重工
2016-07-10,hs300,2016-07-04,600036,招商银行
2016-07-10,hs300,2016-07-04,600037,歌华有线
2016-07-10,hs300,2016-07-04,600038,中直股份
2016-07-10,hs300,2016-07-04,600048,保利地产
2016-07-10,hs300,2016-07-04,600050,中国联通
2016-07-10,hs300,2016-07-04,600060,海信电器
2016-07-10,hs300,2016-07-04,600061,国投资本
2016-07-10,hs300,2016-07-04,600066,宇通客车
2016-07-10,hs300,2016-07-04,600068,葛洲坝
2016-07-10,hs300,2016-07-04,600074,*ST保千
2016-07-10,hs300,2016-07-04,600085,同仁堂
2016-07-10,hs300,2016-07-04,600089,特变电工
2016-07-10,hs300,2016-07-04,600098,广州发展
2016-07-10,hs300,2016-07-04,600100,同方股份
2016-07-10,hs300,2016-07-04,600104,上汽集团
2016-07-10,hs300,2016-07-04,600109,国金证券
2016-07-10,hs300,2016-07-04,600111,北方稀土
2016-07-10,hs300,2016-07-04,600115,东方航空
2016-07-10,hs300,2016-07-04,600118,中国卫星
2016-07-10,hs300,2016-07-04,600150,*ST船舶
2016-07-10,hs300,2016-07-04,600153,建发股份
2016-07-10,hs300,2016-07-04,600157,永泰能源
2016-07-10,hs300,2016-07-04,600170,上海建工
2016-07-10,hs300,2016-07-04,600177,雅戈尔
2016-07-10,hs300,2016-07-04,600188,兖州煤业
2016-07-10,hs300,2016-07-04,600196,复星医药
2016-07-10,hs300,2016-07-04,600208,新湖中宝
2016-07-10,hs300,2016-07-04,600221,海航控股
2016-07-10,hs300,2016-07-04,600252,中恒集团
2016-07-10,hs300,2016-07-04,600256,广汇能源
2016-07-10,hs300,2016-07-04,600271,航天信息
2016-07-10,hs300,2016-07-04,600276,恒瑞医药
2016-07-10,hs300,2016-07-04,600309,万华化学
2016-07-10,hs300,2016-07-04,600317,营口港
2016-07-10,hs300,2016-07-04,600332,白云山
2016-07-10,hs300,2016-07-04,600340,华夏幸福
2016-07-10,hs300,2016-07-04,600352,浙江龙盛
2016-07-10,hs300,2016-07-04,600362,江西铜业
2016-07-10,hs300,2016-07-04,600369,西南证券
2016-07-10,hs300,2016-07-04,600372,中航电子
2016-07-10,hs300,2016-07-04,600373,中文传媒
2016-07-10,hs300,2016-07-04,600376,首开股份
2016-07-10,hs300,2016-07-04,600383,金地集团
2016-07-10,hs300,2016-07-04,600398,海澜之家
2016-07-10,hs300,2016-07-04,600406,国电南瑞
2016-07-10,hs300,2016-07-04,600415,小商品城
2016-07-10,hs300,2016-07-04,600446,金证股份
2016-07-10,hs300,2016-07-04,600485,信威集团
2016-07-10,hs300,2016-07-04,600489,中金黄金
2016-07-10,hs300,2016-07-04,600518,康美药业
2016-07-10,hs300,2016-07-04,600519,贵州茅台
2016-07-10,hs300,2016-07-04,600535,天士力
2016-07-10,hs300,2016-07-04,600547,山东黄金
2016-07-10,hs300,2016-07-04,600570,恒生电子
2016-07-10,hs300,2016-07-04,600578,京能电力
2016-07-10,hs300,2016-07-04,600582,天地科技
2016-07-10,hs300,2016-07-04,600583,海油工程
2016-07-10,hs300,2016-07-04,600585,海螺水泥
2016-07-10,hs300,2016-07-04,600588,用友网络
2016-07-10,hs300,2016-07-04,600600,青岛啤酒
2016-07-10,hs300,2016-07-04,600606,绿地控股
2016-07-10,hs300,2016-07-04,600637,东方明珠
2016-07-10,hs300,2016-07-04,600642,申能股份
2016-07-10,hs300,2016-07-04,600648,外高桥
2016-07-10,hs300,2016-07-04,600649,城投控股
2016-07-10,hs300,2016-07-04,600660,福耀玻璃
2016-07-10,hs300,2016-07-04,600663,陆家嘴
2016-07-10,hs300,2016-07-04,600666,奥瑞德
2016-07-10,hs300,2016-07-04,600674,川投能源
2016-07-10,hs300,2016-07-04,600685,中船防务
2016-07-10,hs300,2016-07-04,600688,上海石化
2016-07-10,hs300,2016-07-04,600690,青岛海尔
2016-07-10,hs300,2016-07-04,600703,三安光电
2016-07-10,hs300,2016-07-04,600704,物产中大
2016-07-10,hs300,2016-07-04,600705,中航资本
2016-07-10,hs300,2016-07-04,600718,东软集团
2016-07-10,hs300,2016-07-04,600737,中粮糖业
2016-07-10,hs300,2016-07-04,600739,辽宁成大
2016-07-10,hs300,2016-07-04,600741,华域汽车
2016-07-10,hs300,2016-07-04,600783,鲁信创投
2016-07-10,hs300,2016-07-04,600795,国电电力
2016-07-10,hs300,2016-07-04,600804,鹏博士
2016-07-10,hs300,2016-07-04,600816,安信信托
2016-07-10,hs300,2016-07-04,600820,隧道股份
2016-07-10,hs300,2016-07-04,600827,百联股份
2016-07-10,hs300,2016-07-04,600837,海通证券
2016-07-10,hs300,2016-07-04,600839,四川长虹
2016-07-10,hs300,2016-07-04,600863,内蒙华电
2016-07-10,hs300,2016-07-04,600867,通化东宝
2016-07-10,hs300,2016-07-04,600871,*ST油服
2016-07-10,hs300,2016-07-04,600873,梅花生物
2016-07-10,hs300,2016-07-04,600875,东方电气
2016-07-10,hs300,2016-07-04,600886,国投电力
2016-07-10,hs300,2016-07-04,600887,伊利股份
2016-07-10,hs300,2016-07-04,600893,航发动力
2016-07-10,hs300,2016-07-04,600895,张江高科
2016-07-10,hs300,2016-07-04,600900,长江电力
2016-07-10,hs300,2016-07-04,600958,东方证券
2016-07-10,hs300,2016-07-04,600959,江苏有线
2016-07-10,hs300,2016-07-04,600998,九州通
2016-07-10,hs300,2016-07-04,600999,招商证券
2016-07-10,hs300,2016-07-04,601006,大秦铁路
2016-07-10,hs300,2016-07-04,601009,南京银行
2016-07-10,hs300,2016-07-04,601016,节能风电
2016-07-10,hs300,2016-07-04,601018,宁波港
2016-07-10,hs300,2016-07-04,601021,春秋航空
2016-07-10,hs300,2016-07-04,601088,中国神华
2016-07-10,hs300,2016-07-04,601098,中南传媒
2016-07-10,hs300,2016-07-04,601099,太平洋
2016-07-10,hs300,2016-07-04,601106,中国一重
2016-07-10,hs300,2016-07-04,601111,中国国航
2016-07-10,hs300,2016-07-04,601117,中国化学
2016-07-10,hs300,2016-07-04,601118,海南橡胶
2016-07-10,hs300,2016-07-04,601166,兴业银行
2016-07-10,hs300,2016-07-04,601169,北京银行
2016-07-10,hs300,2016-07-04,601179,中国西电
2016-07-10,hs300,2016-07-04,601186,中国铁建
2016-07-10,hs300,2016-07-04,601198,东兴证券
2016-07-10,hs300,2016-07-04,601211,国泰君安
2016-07-10,hs300,2016-07-04,601216,君正集团
2016-07-10,hs300,2016-07-04,601225,陕西煤业
2016-07-10,hs300,2016-07-04,601258,庞大集团
2016-07-10,hs300,2016-07-04,601288,农业银行
2016-07-10,hs300,2016-07-04,601318,中国平安
2016-07-10,hs300,2016-07-04,601328,交通银行
2016-07-10,hs300,2016-07-04,601333,广深铁路
2016-07-10,hs300,2016-07-04,601336,新华保险
2016-07-10,hs300,2016-07-04,601377,兴业证券
2016-07-10,hs300,2016-07-04,601390,中国中铁
2016-07-10,hs300,2016-07-04,601398,工商银行
2016-07-10,hs300,2016-07-04,601555,东吴证券
2016-07-10,hs300,2016-07-04,601600,中国铝业
2016-07-10,hs300,2016-07-04,601601,中国太保
2016-07-10,hs300,2016-07-04,601607,上海医药
2016-07-10,hs300,2016-07-04,601608,中信重工
2016-07-10,hs300,2016-07-04,601618,中国中冶
2016-07-10,hs300,2016-07-04,601628,中国人寿
2016-07-10,hs300,2016-07-04,601633,长城汽车
2016-07-10,hs300,2016-07-04,601668,中国建筑
2016-07-10,hs300,2016-07-04,601669,中国电建
2016-07-10,hs300,2016-07-04,601688,华泰证券
2016-07-10,hs300,2016-07-04,601718,际华集团
2016-07-10,hs300,2016-07-04,601727,上海电气
2016-07-10,hs300,2016-07-04,601766,中国中车
2016-07-10,hs300,2016-07-04,601788,光大证券
2016-07-10,hs300,2016-07-04,601800,中国交建
2016-07-10,hs300,2016-07-04,601808,中海油服
2016-07-10,hs300,2016-07-04,601818,光大银行
2016-07-10,hs300,2016-07-04,601857,中国石油
2016-07-10,hs300,2016-07-04,601866,中远海发
2016-07-10,hs300,2016-07-04,601872,招商轮船
2016-07-10,hs300,2016-07-04,601888,中国国旅
2016-07-10,hs300,2016-07-04,601898,中煤能源
2016-07-10,hs300,2016-07-04,601899,紫金矿业
2016-07-10,hs300,2016-07-04,601901,方正证券
2016-07-10,hs300,2016-07-04,601919,中远海控
2016-07-10,hs300,2016-07-04,601928,凤凰传媒
2016-07-10,hs300,2016-07-04,601933,永辉超市
2016-07-10,hs300,2016-07-04,601939,建设银行
2016-07-10,hs300,2016-07-04,601958,金钼股份
2016-07-10,hs300,2016-07-04,601985,中国核电
2016-07-10,hs300,2016-07-04,601988,中国银行
2016-07-10,hs300,2016-07-04,601989,中国重工
2016-07-10,hs300,2016-07-04,601991,大唐发电
2016-07-10,hs300,2016-07-04,601992,金隅集团
2016-07-10,hs300,2016-07-04,601998,中信银行
2016-07-10,hs300,2016-07-04,603000,人民网
2016-07-10,hs300,2016-07-04,603885,吉祥航空
2016-07-10,hs300,2016-07-04,603993,洛阳钼业
2016-07-10,hs300,2016-07-04,000001,平安银行
2016-07-10,hs300,2016-07-04,000002,万科A
2016-07-10,hs300,2016-07-04,000009,中国宝安
2016-07-10,hs300,2016-07-04,000027,深圳能源
2016-07-10,hs300,2016-07-04,000039,中集集团
2016-07-10,hs300,2016-07-04,000046,泛海控股
2016-07-10,hs300,2016-07-04,000060,中金岭南
2016-07-10,hs300,2016-07-04,000061,农产品
2016-07-10,hs300,2016-07-04,000063,中兴通讯
2016-07-10,hs300,2016-07-04,000069,华侨城A
2016-07-10,hs300,2016-07-04,000100,TCL集团
2016-07-10,hs300,2016-07-04,000156,华数传媒
2016-07-10,hs300,2016-07-04,000157,中联重科
2016-07-10,hs300,2016-07-04,000166,申万宏源
2016-07-10,hs300,2016-07-04,000333,美的集团
2016-07-10,hs300,2016-07-04,000338,潍柴动力
2016-07-10,hs300,2016-07-04,000402,金融街
2016-07-10,hs300,2016-07-04,000413,东旭光电
2016-07-10,hs300,2016-07-04,000415,渤海金控
2016-07-10,hs300,2016-07-04,000423,东阿阿胶
2016-07-10,hs300,2016-07-04,000425,徐工机械
2016-07-10,hs300,2016-07-04,000503,国新健康
2016-07-10,hs300,2016-07-04,000538,云南白药
2016-07-10,hs300,2016-07-04,000540,中天金融
2016-07-10,hs300,2016-07-04,000559,万向钱潮
2016-07-10,hs300,2016-07-04,000568,泸州老窖
2016-07-10,hs300,2016-07-04,000623,吉林敖东
2016-07-10,hs300,2016-07-04,000625,长安汽车
2016-07-10,hs300,2016-07-04,000630,铜陵有色
2016-07-10,hs300,2016-07-04,000651,格力电器
2016-07-10,hs300,2016-07-04,000686,东北证券
2016-07-10,hs300,2016-07-04,000709,河钢股份
2016-07-10,hs300,2016-07-04,000712,锦龙股份
2016-07-10,hs300,2016-07-04,000725,京东方A
2016-07-10,hs300,2016-07-04,000728,国元证券
2016-07-10,hs300,2016-07-04,000729,燕京啤酒
2016-07-10,hs300,2016-07-04,000738,航发控制
2016-07-10,hs300,2016-07-04,000750,国海证券
2016-07-10,hs300,2016-07-04,000768,中航飞机
2016-07-10,hs300,2016-07-04,000776,广发证券
2016-07-10,hs300,2016-07-04,000778,新兴铸管
2016-07-10,hs300,2016-07-04,000783,长江证券
2016-07-10,hs300,2016-07-04,000792,盐湖股份
2016-07-10,hs300,2016-07-04,000793,华闻传媒
2016-07-10,hs300,2016-07-04,000800,一汽轿车
2016-07-10,hs300,2016-07-04,000825,太钢不锈
2016-07-10,hs300,2016-07-04,000826,启迪桑德
2016-07-10,hs300,2016-07-04,000839,中信国安
2016-07-10,hs300,2016-07-04,000858,五粮液
2016-07-10,hs300,2016-07-04,000876,新希望
2016-07-10,hs300,2016-07-04,000883,湖北能源
2016-07-10,hs300,2016-07-04,000895,双汇发展
2016-07-10,hs300,2016-07-04,000898,鞍钢股份
2016-07-10,hs300,2016-07-04,000917,电广传媒
2016-07-10,hs300,2016-07-04,000963,华东医药
2016-07-10,hs300,2016-07-04,000977,浪潮信息
2016-07-10,hs300,2016-07-04,000999,华润三九
2016-07-10,hs300,2016-07-04,001979,招商蛇口
2016-07-10,hs300,2016-07-04,002007,华兰生物
2016-07-10,hs300,2016-07-04,002008,大族激光
2016-07-10,hs300,2016-07-04,002024,苏宁易购
2016-07-10,hs300,2016-07-04,002027,分众传媒
2016-07-10,hs300,2016-07-04,002065,东华软件
2016-07-10,hs300,2016-07-04,002081,金螳螂
2016-07-10,hs300,2016-07-04,002129,中环股份
2016-07-10,hs300,2016-07-04,002142,宁波银行
2016-07-10,hs300,2016-07-04,002146,荣盛发展
2016-07-10,hs300,2016-07-04,002152,广电运通
2016-07-10,hs300,2016-07-04,002153,石基信息
2016-07-10,hs300,2016-07-04,002183,怡亚通
2016-07-10,hs300,2016-07-04,002195,二三四五
2016-07-10,hs300,2016-07-04,002202,金风科技
2016-07-10,hs300,2016-07-04,002230,科大讯飞
2016-07-10,hs300,2016-07-04,002236,大华股份
2016-07-10,hs300,2016-07-04,002241,歌尔股份
2016-07-10,hs300,2016-07-04,002252,上海莱士
2016-07-10,hs300,2016-07-04,002292,奥飞娱乐
2016-07-10,hs300,2016-07-04,002294,信立泰
2016-07-10,hs300,2016-07-04,002304,洋河股份
2016-07-10,hs300,2016-07-04,002385,大北农
2016-07-10,hs300,2016-07-04,002399,海普瑞
2016-07-10,hs300,2016-07-04,002415,海康威视
2016-07-10,hs300,2016-07-04,002422,科伦药业
2016-07-10,hs300,2016-07-04,002424,贵州百灵
2016-07-10,hs300,2016-07-04,002450,康得新
2016-07-10,hs300,2016-07-04,002456,欧菲科技
2016-07-10,hs300,2016-07-04,002465,海格通信
2016-07-10,hs300,2016-07-04,002470,金正大
2016-07-10,hs300,2016-07-04,002475,立讯精密
2016-07-10,hs300,2016-07-04,002500,山西证券
2016-07-10,hs300,2016-07-04,002568,百润股份
2016-07-10,hs300,2016-07-04,002594,比亚迪
2016-07-10,hs300,2016-07-04,002673,西部证券
2016-07-10,hs300,2016-07-04,002736,国信证券
2016-07-10,hs300,2016-07-04,002739,万达电影
2016-07-10,hs300,2016-07-04,300002,神州泰岳
2016-07-10,hs300,2016-07-04,300003,乐普医疗
2016-07-10,hs300,2016-07-04,300015,爱尔眼科
2016-07-10,hs300,2016-07-04,300017,网宿科技
2016-07-10,hs300,2016-07-04,300024,机器人
2016-07-10,hs300,2016-07-04,300027,华谊兄弟
2016-07-10,hs300,2016-07-04,300058,蓝色光标
2016-07-10,hs300,2016-07-04,300059,东方财富
2016-07-10,hs300,2016-07-04,300070,碧水源
2016-07-10,hs300,2016-07-04,300085,银之杰
2016-07-10,hs300,2016-07-04,300104,乐视网
2016-07-10,hs300,2016-07-04,300124,汇川技术
2016-07-10,hs300,2016-07-04,300133,华策影视
2016-07-10,hs300,2016-07-04,300144,宋城演艺
2016-07-10,hs300,2016-07-04,300146,汤臣倍健
2016-07-10,hs300,2016-07-04,300168,万达信息
2016-07-10,hs300,2016-07-04,300251,光线传媒
2016-07-10,hs300,2016-07-04,300315,掌趣科技
2016-07-10,zz500,2016-07-04,600004,白云机场
2016-07-10,zz500,2016-07-04,600006,东风汽车
2016-07-10,zz500,2016-07-04,600017,日照港
2016-07-10,zz500,2016-07-04,600026,中远海能
2016-07-10,zz500,2016-07-04,600039,四川路桥
2016-07-10,zz500,2016-07-04,600053,九鼎投资
2016-07-10,zz500,2016-07-04,600056,中国医药
2016-07-10,zz500,2016-07-04,600058,五矿发展
2016-07-10,zz500,2016-07-04,600059,古越龙山
2016-07-10,zz500,2016-07-04,600062,华润双鹤
2016-07-10,zz500,2016-07-04,600064,南京高科
2016-07-10,zz500,2016-07-04,600067,冠城大通
2016-07-10,zz500,2016-07-04,600073,上海梅林
2016-07-10,zz500,2016-07-04,600079,人福医药
2016-07-10,zz500,2016-07-04,600086,东方金钰
2016-07-10,zz500,2016-07-04,600088,中视传媒
2016-07-10,zz500,2016-07-04,600094,大名城
2016-07-10,zz500,2016-07-04,600108,亚盛集团
2016-07-10,zz500,2016-07-04,600112,天成控股
2016-07-10,zz500,2016-07-04,600120,浙江东方
2016-07-10,zz500,2016-07-04,600122,宏图高科
2016-07-10,zz500,2016-07-04,600125,铁龙物流
2016-07-10,zz500,2016-07-04,600132,重庆啤酒
2016-07-10,zz500,2016-07-04,600138,中青旅
2016-07-10,zz500,2016-07-04,600141,兴发集团
2016-07-10,zz500,2016-07-04,600143,金发科技
2016-07-10,zz500,2016-07-04,600151,航天机电
2016-07-10,zz500,2016-07-04,600158,中体产业
2016-07-10,zz500,2016-07-04,600160,巨化股份
2016-07-10,zz500,2016-07-04,600161,天坛生物
2016-07-10,zz500,2016-07-04,600166,福田汽车
2016-07-10,zz500,2016-07-04,600169,太原重工
2016-07-10,zz500,2016-07-04,600171,上海贝岭
2016-07-10,zz500,2016-07-04,600175,美都能源
2016-07-10,zz500,2016-07-04,600176,中国巨石
2016-07-10,zz500,2016-07-04,600180,瑞茂通
2016-07-10,zz500,2016-07-04,600183,生益科技
2016-07-10,zz500,2016-07-04,600184,光电股份
2016-07-10,zz500,2016-07-04,600187,国中水务
2016-07-10,zz500,2016-07-04,600195,中牧股份
2016-07-10,zz500,2016-07-04,600198,*ST大唐
2016-07-10,zz500,2016-07-04,600200,江苏吴中
2016-07-10,zz500,2016-07-04,600201,生物股份
2016-07-10,zz500,2016-07-04,600216,浙江医药
2016-07-10,zz500,2016-07-04,600219,南山铝业
2016-07-10,zz500,2016-07-04,600220,江苏阳光
2016-07-10,zz500,2016-07-04,600236,桂冠电力
2016-07-10,zz500,2016-07-04,600240,华业资本
2016-07-10,zz500,2016-07-04,600251,冠农股份
2016-07-10,zz500,2016-07-04,600259,广晟有色
2016-07-10,zz500,2016-07-04,600260,凯乐科技
2016-07-10,zz500,2016-07-04,600266,北京城建
2016-07-10,zz500,2016-07-04,600267,海正药业
2016-07-10,zz500,2016-07-04,600270,外运发展
2016-07-10,zz500,2016-07-04,600277,亿利洁能
2016-07-10,zz500,2016-07-04,600280,中央商场
2016-07-10,zz500,2016-07-04,600282,南钢股份
2016-07-10,zz500,2016-07-04,600284,浦东建设
2016-07-10,zz500,2016-07-04,600289,*ST信通
2016-07-10,zz500,2016-07-04,600292,远达环保
2016-07-10,zz500,2016-07-04,600298,安琪酵母
2016-07-10,zz500,2016-07-04,600300,维维股份
2016-07-10,zz500,2016-07-04,600312,平高电气
2016-07-10,zz500,2016-07-04,600316,洪都航空
2016-07-10,zz500,2016-07-04,600320,振华重工
2016-07-10,zz500,2016-07-04,600325,华发股份
2016-07-10,zz500,2016-07-04,600329,中新药业
2016-07-10,zz500,2016-07-04,600335,国机汽车
2016-07-10,zz500,2016-07-04,600348,阳泉煤业
2016-07-10,zz500,2016-07-04,600351,亚宝药业
2016-07-10,zz500,2016-07-04,600366,宁波韵升
2016-07-10,zz500,2016-07-04,600380,健康元
2016-07-10,zz500,2016-07-04,600388,龙净环保
2016-07-10,zz500,2016-07-04,600392,盛和资源
2016-07-10,zz500,2016-07-04,600395,盘江股份
2016-07-10,zz500,2016-07-04,600397,*ST安煤
2016-07-10,zz500,2016-07-04,600409,三友化工
2016-07-10,zz500,2016-07-04,600410,华胜天成
2016-07-10,zz500,2016-07-04,600416,湘电股份
2016-07-10,zz500,2016-07-04,600418,江淮汽车
2016-07-10,zz500,2016-07-04,600422,昆药集团
2016-07-10,zz500,2016-07-04,600425,青松建化
2016-07-10,zz500,2016-07-04,600426,华鲁恒升
2016-07-10,zz500,2016-07-04,600428,中远海特
2016-07-10,zz500,2016-07-04,600433,冠豪高新
2016-07-10,zz500,2016-07-04,600435,北方导航
2016-07-10,zz500,2016-07-04,600436,片仔癀
2016-07-10,zz500,2016-07-04,600456,宝钛股份
2016-07-10,zz500,2016-07-04,600458,时代新材
2016-07-10,zz500,2016-07-04,600460,士兰微
2016-07-10,zz500,2016-07-04,600466,蓝光发展
2016-07-10,zz500,2016-07-04,600468,百利电气
2016-07-10,zz500,2016-07-04,600478,科力远
2016-07-10,zz500,2016-07-04,600481,双良节能
2016-07-10,zz500,2016-07-04,600482,中国动力
2016-07-10,zz500,2016-07-04,600483,福能股份
2016-07-10,zz500,2016-07-04,600487,亨通光电
2016-07-10,zz500,2016-07-04,600496,精工钢构
2016-07-10,zz500,2016-07-04,600497,驰宏锌锗
2016-07-10,zz500,2016-07-04,600498,烽火通信
2016-07-10,zz500,2016-07-04,600499,科达洁能
2016-07-10,zz500,2016-07-04,600500,中化国际
2016-07-10,zz500,2016-07-04,600503,华丽家族
2016-07-10,zz500,2016-07-04,600507,方大特钢
2016-07-10,zz500,2016-07-04,600509,天富能源
2016-07-10,zz500,2016-07-04,600510,黑牡丹
2016-07-10,zz500,2016-07-04,600511,国药股份
2016-07-10,zz500,2016-07-04,600516,方大炭素
2016-07-10,zz500,2016-07-04,600517,置信电气
2016-07-10,zz500,2016-07-04,600521,华海药业
2016-07-10,zz500,2016-07-04,600522,中天科技
2016-07-10,zz500,2016-07-04,600525,长园集团
2016-07-10,zz500,2016-07-04,600528,中铁工业
2016-07-10,zz500,2016-07-04,600536,中国软件
2016-07-10,zz500,2016-07-04,600537,亿晶光电
2016-07-10,zz500,2016-07-04,600545,卓郎智能
2016-07-10,zz500,2016-07-04,600551,时代出版
2016-07-10,zz500,2016-07-04,600557,康缘药业
2016-07-10,zz500,2016-07-04,600563,法拉电子
2016-07-10,zz500,2016-07-04,600565,迪马股份
2016-07-10,zz500,2016-07-04,600572,康恩贝
2016-07-10,zz500,2016-07-04,600575,皖江物流
2016-07-10,zz500,2016-07-04,600580,卧龙电气
2016-07-10,zz500,2016-07-04,600584,长电科技
2016-07-10,zz500,2016-07-04,600586,金晶科技
2016-07-10,zz500,2016-07-04,600587,新华医疗
2016-07-10,zz500,2016-07-04,600594,益佰制药
2016-07-10,zz500,2016-07-04,600596,新安股份
2016-07-10,zz500,2016-07-04,600597,光明乳业
2016-07-10,zz500,2016-07-04,600601,方正科技
2016-07-10,zz500,2016-07-04,600611,大众交通
2016-07-10,zz500,2016-07-04,600614,鹏起科技
2016-07-10,zz500,2016-07-04,600617,国新能源
2016-07-10,zz500,2016-07-04,600618,氯碱化工
2016-07-10,zz500,2016-07-04,600623,华谊集团
2016-07-10,zz500,2016-07-04,600628,新世界
2016-07-10,zz500,2016-07-04,600633,浙数文化
2016-07-10,zz500,2016-07-04,600635,大众公用
2016-07-10,zz500,2016-07-04,600639,浦东金桥
2016-07-10,zz500,2016-07-04,600640,号百控股
2016-07-10,zz500,2016-07-04,600643,爱建集团
2016-07-10,zz500,2016-07-04,600645,中源协和
2016-07-10,zz500,2016-07-04,600651,飞乐音响
2016-07-10,zz500,2016-07-04,600655,豫园股份
2016-07-10,zz500,2016-07-04,600657,信达地产
2016-07-10,zz500,2016-07-04,600664,哈药股份
2016-07-10,zz500,2016-07-04,600673,东阳光科
2016-07-10,zz500,2016-07-04,600682,南京新百
2016-07-10,zz500,2016-07-04,600687,刚泰控股
2016-07-10,zz500,2016-07-04,600694,大商股份
2016-07-10,zz500,2016-07-04,600699,均胜电子
2016-07-10,zz500,2016-07-04,600717,天津港
2016-07-10,zz500,2016-07-04,600720,祁连山
2016-07-10,zz500,2016-07-04,600729,重庆百货
2016-07-10,zz500,2016-07-04,600736,苏州高新
2016-07-10,zz500,2016-07-04,600743,华远地产
2016-07-10,zz500,2016-07-04,600748,上实发展
2016-07-10,zz500,2016-07-04,600750,江中药业
2016-07-10,zz500,2016-07-04,600751,海航科技
2016-07-10,zz500,2016-07-04,600754,锦江股份
2016-07-10,zz500,2016-07-04,600755,厦门国贸
2016-07-10,zz500,2016-07-04,600757,长江传媒
2016-07-10,zz500,2016-07-04,600759,洲际油气
2016-07-10,zz500,2016-07-04,600761,安徽合力
2016-07-10,zz500,2016-07-04,600765,中航重机
2016-07-10,zz500,2016-07-04,600770,综艺股份
2016-07-10,zz500,2016-07-04,600773,西藏城投
2016-07-10,zz500,2016-07-04,600776,东方通信
2016-07-10,zz500,2016-07-04,600787,中储股份
2016-07-10,zz500,2016-07-04,600790,轻纺城
2016-07-10,zz500,2016-07-04,600801,华新水泥
2016-07-10,zz500,2016-07-04,600805,悦达投资
2016-07-10,zz500,2016-07-04,600808,马钢股份
2016-07-10,zz500,2016-07-04,600809,山西汾酒
2016-07-10,zz500,2016-07-04,600811,东方集团
2016-07-10,zz500,2016-07-04,600812,华北制药
2016-07-10,zz500,2016-07-04,600823,世茂股份
2016-07-10,zz500,2016-07-04,600825,新华传媒
2016-07-10,zz500,2016-07-04,600826,兰生股份
2016-07-10,zz500,2016-07-04,600831,广电网络
2016-07-10,zz500,2016-07-04,600835,上海机电
2016-07-10,zz500,2016-07-04,600850,华东电脑
2016-07-10,zz500,2016-07-04,600851,海欣股份
2016-07-10,zz500,2016-07-04,600859,王府井
2016-07-10,zz500,2016-07-04,600864,哈投股份
2016-07-10,zz500,2016-07-04,600869,智慧能源
2016-07-10,zz500,2016-07-04,600872,中炬高新
2016-07-10,zz500,2016-07-04,600874,创业环保
2016-07-10,zz500,2016-07-04,600879,航天电子
2016-07-10,zz500,2016-07-04,600880,博瑞传播
2016-07-10,zz500,2016-07-04,600881,亚泰集团
2016-07-10,zz500,2016-07-04,600884,杉杉股份
2016-07-10,zz500,2016-07-04,600894,广日股份
2016-07-10,zz500,2016-07-04,600917,重庆燃气
2016-07-10,zz500,2016-07-04,600967,内蒙一机
2016-07-10,zz500,2016-07-04,600970,中材国际
2016-07-10,zz500,2016-07-04,600971,恒源煤电
2016-07-10,zz500,2016-07-04,600978,宜华生活
2016-07-10,zz500,2016-07-04,600993,马应龙
2016-07-10,zz500,2016-07-04,601000,唐山港
2016-07-10,zz500,2016-07-04,601001,大同煤业
2016-07-10,zz500,2016-07-04,601002,晋亿实业
2016-07-10,zz500,2016-07-04,601005,重庆钢铁
2016-07-10,zz500,2016-07-04,601010,文峰股份
2016-07-10,zz500,2016-07-04,601012,隆基股份
2016-07-10,zz500,2016-07-04,601126,四方股份
2016-07-10,zz500,2016-07-04,601155,新城控股
2016-07-10,zz500,2016-07-04,601168,西部矿业
2016-07-10,zz500,2016-07-04,601226,华电重工
2016-07-10,zz500,2016-07-04,601233,桐昆股份
2016-07-10,zz500,2016-07-04,601311,骆驼股份
2016-07-10,zz500,2016-07-04,601369,陕鼓动力
2016-07-10,zz500,2016-07-04,601515,东风股份
2016-07-10,zz500,2016-07-04,601666,平煤股份
2016-07-10,zz500,2016-07-04,601678,滨化股份
2016-07-10,zz500,2016-07-04,601699,潞安环能
2016-07-10,zz500,2016-07-04,601717,郑煤机
2016-07-10,zz500,2016-07-04,601777,力帆股份
2016-07-10,zz500,2016-07-04,601801,皖新传媒
2016-07-10,zz500,2016-07-04,601880,大连港
2016-07-10,zz500,2016-07-04,601886,江河集团
2016-07-10,zz500,2016-07-04,601908,京运通
2016-07-10,zz500,2016-07-04,601929,吉视传媒
2016-07-10,zz500,2016-07-04,601965,中国汽研
2016-07-10,zz500,2016-07-04,603001,奥康国际
2016-07-10,zz500,2016-07-04,603005,晶方科技
2016-07-10,zz500,2016-07-04,603019,中科曙光
2016-07-10,zz500,2016-07-04,603025,大豪科技
2016-07-10,zz500,2016-07-04,603077,和邦生物
2016-07-10,zz500,2016-07-04,603169,兰石重装
2016-07-10,zz500,2016-07-04,603188,ST亚邦
2016-07-10,zz500,2016-07-04,603198,迎驾贡酒
2016-07-10,zz500,2016-07-04,603328,依顿电子
2016-07-10,zz500,2016-07-04,603355,莱克电气
2016-07-10,zz500,2016-07-04,603555,贵人鸟
2016-07-10,zz500,2016-07-04,603567,珍宝岛
2016-07-10,zz500,2016-07-04,603568,伟明环保
2016-07-10,zz500,2016-07-04,603589,口子窖
2016-07-10,zz500,2016-07-04,603698,航天工程
2016-07-10,zz500,2016-07-04,603699,纽威股份
2016-07-10,zz500,2016-07-04,603766,隆鑫通用
2016-07-10,zz500,2016-07-04,603806,福斯特
2016-07-10,zz500,2016-07-04,603883,老百姓
2016-07-10,zz500,2016-07-04,000006,深振业A
2016-07-10,zz500,2016-07-04,000008,神州高铁
2016-07-10,zz500,2016-07-04,000012,南玻A
2016-07-10,zz500,2016-07-04,000021,深科技
2016-07-10,zz500,2016-07-04,000028,国药一致
2016-07-10,zz500,2016-07-04,000030,富奥股份
2016-07-10,zz500,2016-07-04,000031,中粮地产
2016-07-10,zz500,2016-07-04,000049,德赛电池
2016-07-10,zz500,2016-07-04,000050,深天马A
2016-07-10,zz500,2016-07-04,000062,深圳华强
2016-07-10,zz500,2016-07-04,000066,中国长城
2016-07-10,zz500,2016-07-04,000078,海王生物
2016-07-10,zz500,2016-07-04,000088,盐田港
2016-07-10,zz500,2016-07-04,000090,天健集团
2016-07-10,zz500,2016-07-04,000099,中信海直
2016-07-10,zz500,2016-07-04,000158,常山北明
2016-07-10,zz500,2016-07-04,000400,许继电气
2016-07-10,zz500,2016-07-04,000401,冀东水泥
2016-07-10,zz500,2016-07-04,000417,合肥百货
2016-07-10,zz500,2016-07-04,000418,小天鹅A
2016-07-10,zz500,2016-07-04,000426,兴业矿业
2016-07-10,zz500,2016-07-04,000488,晨鸣纸业
2016-07-10,zz500,2016-07-04,000501,鄂武商A
2016-07-10,zz500,2016-07-04,000513,丽珠集团
2016-07-10,zz500,2016-07-04,000517,荣安地产
2016-07-10,zz500,2016-07-04,000519,中兵红箭
2016-07-10,zz500,2016-07-04,000528,柳工
2016-07-10,zz500,2016-07-04,000541,佛山照明
2016-07-10,zz500,2016-07-04,000543,皖能电力
2016-07-10,zz500,2016-07-04,000547,航天发展
2016-07-10,zz500,2016-07-04,000550,江铃汽车
2016-07-10,zz500,2016-07-04,000552,靖远煤电
2016-07-10,zz500,2016-07-04,000563,陕国投A
2016-07-10,zz500,2016-07-04,000566,海南海药
2016-07-10,zz500,2016-07-04,000572,海马汽车
2016-07-10,zz500,2016-07-04,000581,威孚高科
2016-07-10,zz500,2016-07-04,000587,金洲慈航
2016-07-10,zz500,2016-07-04,000592,平潭发展
2016-07-10,zz500,2016-07-04,000596,古井贡酒
2016-07-10,zz500,2016-07-04,000598,兴蓉环境
2016-07-10,zz500,2016-07-04,000600,建投能源
2016-07-10,zz500,2016-07-04,000612,焦作万方
2016-07-10,zz500,2016-07-04,000616,海航投资
2016-07-10,zz500,2016-07-04,000620,新华联
2016-07-10,zz500,2016-07-04,000631,顺发恒业
2016-07-10,zz500,2016-07-04,000636,风华高科
2016-07-10,zz500,2016-07-04,000652,泰达股份
2016-07-10,zz500,2016-07-04,000656,金科股份
2016-07-10,zz500,2016-07-04,000661,长春高新
2016-07-10,zz500,2016-07-04,000667,美好置业
2016-07-10,zz500,2016-07-04,000669,金鸿控股
2016-07-10,zz500,2016-07-04,000671,阳光城
2016-07-10,zz500,2016-07-04,000680,山推股份
2016-07-10,zz500,2016-07-04,000681,视觉中国
2016-07-10,zz500,2016-07-04,000685,中山公用
2016-07-10,zz500,2016-07-04,000690,宝新能源
2016-07-10,zz500,2016-07-04,000697,炼石有色
2016-07-10,zz500,2016-07-04,000703,恒逸石化
2016-07-10,zz500,2016-07-04,000726,鲁泰A
2016-07-10,zz500,2016-07-04,000727,华东科技
2016-07-10,zz500,2016-07-04,000748,长城信息
2016-07-10,zz500,2016-07-04,000758,中色股份
2016-07-10,zz500,2016-07-04,000762,西藏矿业
2016-07-10,zz500,2016-07-04,000777,中核科技
2016-07-10,zz500,2016-07-04,000786,北新建材
2016-07-10,zz500,2016-07-04,000810,创维数字
2016-07-10,zz500,2016-07-04,000816,*ST慧业
2016-07-10,zz500,2016-07-04,000829,天音控股
2016-07-10,zz500,2016-07-04,000830,鲁西化工
2016-07-10,zz500,2016-07-04,000848,承德露露
2016-07-10,zz500,2016-07-04,000860,顺鑫农业
2016-07-10,zz500,2016-07-04,000861,海印股份
2016-07-10,zz500,2016-07-04,000869,张裕A
2016-07-10,zz500,2016-07-04,000877,天山股份
2016-07-10,zz500,2016-07-04,000878,云南铜业
2016-07-10,zz500,2016-07-04,000887,中鼎股份
2016-07-10,zz500,2016-07-04,000897,津滨发展
2016-07-10,zz500,2016-07-04,000900,现代投资
2016-07-10,zz500,2016-07-04,000919,金陵药业
2016-07-10,zz500,2016-07-04,000926,福星股份
2016-07-10,zz500,2016-07-04,000930,中粮生化
2016-07-10,zz500,2016-07-04,000931,中关村
2016-07-10,zz500,2016-07-04,000937,冀中能源
2016-07-10,zz500,2016-07-04,000939,*ST凯迪
2016-07-10,zz500,2016-07-04,000961,中南建设
2016-07-10,zz500,2016-07-04,000969,安泰科技
2016-07-10,zz500,2016-07-04,000970,中科三环
2016-07-10,zz500,2016-07-04,000973,佛塑科技
2016-07-10,zz500,2016-07-04,000975,银泰资源
2016-07-10,zz500,2016-07-04,000979,中弘股份
2016-07-10,zz500,2016-07-04,000983,西山煤电
2016-07-10,zz500,2016-07-04,000988,华工科技
2016-07-10,zz500,2016-07-04,000997,新大陆
2016-07-10,zz500,2016-07-04,000998,隆平高科
2016-07-10,zz500,2016-07-04,001696,宗申动力
2016-07-10,zz500,2016-07-04,002001,新和成
2016-07-10,zz500,2016-07-04,002002,鸿达兴业
2016-07-10,zz500,2016-07-04,002004,华邦健康
2016-07-10,zz500,2016-07-04,002005,德豪润达
2016-07-10,zz500,2016-07-04,002011,盾安环境
2016-07-10,zz500,2016-07-04,002013,中航机电
2016-07-10,zz500,2016-07-04,002022,科华生物
2016-07-10,zz500,2016-07-04,002025,航天电器
2016-07-10,zz500,2016-07-04,002028,思源电气
2016-07-10,zz500,2016-07-04,002029,七匹狼
2016-07-10,zz500,2016-07-04,002030,达安基因
2016-07-10,zz500,2016-07-04,002038,双鹭药业
2016-07-10,zz500,2016-07-04,002041,登海种业
2016-07-10,zz500,2016-07-04,002048,宁波华翔
2016-07-10,zz500,2016-07-04,002049,紫光国微
2016-07-10,zz500,2016-07-04,002050,三花智控
2016-07-10,zz500,2016-07-04,002051,中工国际
2016-07-10,zz500,2016-07-04,002056,横店东磁
2016-07-10,zz500,2016-07-04,002063,远光软件
2016-07-10,zz500,2016-07-04,002064,华峰氨纶
2016-07-10,zz500,2016-07-04,002073,软控股份
2016-07-10,zz500,2016-07-04,002074,国轩高科
2016-07-10,zz500,2016-07-04,002078,太阳纸业
2016-07-10,zz500,2016-07-04,002085,万丰奥威
2016-07-10,zz500,2016-07-04,002092,中泰化学
2016-07-10,zz500,2016-07-04,002093,国脉科技
2016-07-10,zz500,2016-07-04,002106,莱宝高科
2016-07-10,zz500,2016-07-04,002118,紫鑫药业
2016-07-10,zz500,2016-07-04,002122,*ST天马
2016-07-10,zz500,2016-07-04,002128,露天煤业
2016-07-10,zz500,2016-07-04,002131,利欧股份
2016-07-10,zz500,2016-07-04,002155,湖南黄金
2016-07-10,zz500,2016-07-04,002161,远望谷
2016-07-10,zz500,2016-07-04,002168,深圳惠程
2016-07-10,zz500,2016-07-04,002179,中航光电
2016-07-10,zz500,2016-07-04,002181,粤传媒
2016-07-10,zz500,2016-07-04,002190,成飞集成
2016-07-10,zz500,2016-07-04,002191,劲嘉股份
2016-07-10,zz500,2016-07-04,002194,*ST凡谷
2016-07-10,zz500,2016-07-04,002216,三全食品
2016-07-10,zz500,2016-07-04,002217,合力泰
2016-07-10,zz500,2016-07-04,002221,东华能源
2016-07-10,zz500,2016-07-04,002223,鱼跃医疗
2016-07-10,zz500,2016-07-04,002233,塔牌集团
2016-07-10,zz500,2016-07-04,002238,天威视讯
2016-07-10,zz500,2016-07-04,002242,九阳股份
2016-07-10,zz500,2016-07-04,002244,滨江集团
2016-07-10,zz500,2016-07-04,002249,大洋电机
2016-07-10,zz500,2016-07-04,002250,联化科技
2016-07-10,zz500,2016-07-04,002251,步步高
2016-07-10,zz500,2016-07-04,002254,泰和新材
2016-07-10,zz500,2016-07-04,002261,拓维信息
2016-07-10,zz500,2016-07-04,002266,浙富控股
2016-07-10,zz500,2016-07-04,002267,陕天然气
2016-07-10,zz500,2016-07-04,002268,卫士通
2016-07-10,zz500,2016-07-04,002269,美邦服饰
2016-07-10,zz500,2016-07-04,002271,东方雨虹
2016-07-10,zz500,2016-07-04,002273,水晶光电
2016-07-10,zz500,2016-07-04,002276,万马股份
2016-07-10,zz500,2016-07-04,002277,友阿股份
2016-07-10,zz500,2016-07-04,002281,光迅科技
2016-07-10,zz500,2016-07-04,002285,世联行
2016-07-10,zz500,2016-07-04,002293,罗莱生活
2016-07-10,zz500,2016-07-04,002299,圣农发展
2016-07-10,zz500,2016-07-04,002308,威创股份
2016-07-10,zz500,2016-07-04,002309,中利集团
2016-07-10,zz500,2016-07-04,002310,东方园林
2016-07-10,zz500,2016-07-04,002311,海大集团
2016-07-10,zz500,2016-07-04,002315,焦点科技
2016-07-10,zz500,2016-07-04,002317,众生药业
2016-07-10,zz500,2016-07-04,002325,洪涛股份
2016-07-10,zz500,2016-07-04,002327,富安娜
2016-07-10,zz500,2016-07-04,002332,仙琚制药
2016-07-10,zz500,2016-07-04,002340,格林美
2016-07-10,zz500,2016-07-04,002342,巨力索具
2016-07-10,zz500,2016-07-04,002344,海宁皮城
2016-07-10,zz500,2016-07-04,002345,潮宏基
2016-07-10,zz500,2016-07-04,002353,杰瑞股份
2016-07-10,zz500,2016-07-04,002354,天神娱乐
2016-07-10,zz500,2016-07-04,002358,森源电气
2016-07-10,zz500,2016-07-04,002366,台海核电
2016-07-10,zz500,2016-07-04,002368,太极股份
2016-07-10,zz500,2016-07-04,002371,北方华创
2016-07-10,zz500,2016-07-04,002373,千方科技
2016-07-10,zz500,2016-07-04,002375,亚厦股份
2016-07-10,zz500,2016-07-04,002384,东山精密
2016-07-10,zz500,2016-07-04,002390,信邦制药
2016-07-10,zz500,2016-07-04,002392,北京利尔
2016-07-10,zz500,2016-07-04,002396,星网锐捷
2016-07-10,zz500,2016-07-04,002400,省广集团
2016-07-10,zz500,2016-07-04,002405,四维图新
2016-07-10,zz500,2016-07-04,002408,齐翔腾达
2016-07-10,zz500,2016-07-04,002410,广联达
2016-07-10,zz500,2016-07-04,002414,高德红外
2016-07-10,zz500,2016-07-04,002426,胜利精密
2016-07-10,zz500,2016-07-04,002428,云南锗业
2016-07-10,zz500,2016-07-04,002431,棕榈股份
2016-07-10,zz500,2016-07-04,002437,誉衡药业
2016-07-10,zz500,2016-07-04,002439,启明星辰
2016-07-10,zz500,2016-07-04,002440,闰土股份
2016-07-10,zz500,2016-07-04,002444,巨星科技
2016-07-10,zz500,2016-07-04,002461,珠江啤酒
2016-07-10,zz500,2016-07-04,002463,沪电股份
2016-07-10,zz500,2016-07-04,002466,天齐锂业
2016-07-10,zz500,2016-07-04,002477,雏鹰农牧
2016-07-10,zz500,2016-07-04,002479,富春环保
2016-07-10,zz500,2016-07-04,002482,广田集团
2016-07-10,zz500,2016-07-04,002489,浙江永强
2016-07-10,zz500,2016-07-04,002498,汉缆股份
2016-07-10,zz500,2016-07-04,002503,搜于特
2016-07-10,zz500,2016-07-04,002505,大康农业
2016-07-10,zz500,2016-07-04,002508,老板电器
2016-07-10,zz500,2016-07-04,002512,达华智能
2016-07-10,zz500,2016-07-04,002551,尚荣医疗
2016-07-10,zz500,2016-07-04,002572,索菲亚
2016-07-10,zz500,2016-07-04,002573,清新环境
2016-07-10,zz500,2016-07-04,002588,史丹利
2016-07-10,zz500,2016-07-04,002589,瑞康医药
2016-07-10,zz500,2016-07-04,002595,豪迈科技
2016-07-10,zz500,2016-07-04,002602,世纪华通
2016-07-10,zz500,2016-07-04,002603,以岭药业
2016-07-10,zz500,2016-07-04,002624,完美世界
2016-07-10,zz500,2016-07-04,002635,安洁科技
2016-07-10,zz500,2016-07-04,002640,跨境通
2016-07-10,zz500,2016-07-04,002642,荣之联
2016-07-10,zz500,2016-07-04,002646,青青稞酒
2016-07-10,zz500,2016-07-04,002657,中科金财
2016-07-10,zz500,2016-07-04,002663,普邦股份
2016-07-10,zz500,2016-07-04,002665,首航节能
2016-07-10,zz500,2016-07-04,002672,东江环保
2016-07-10,zz500,2016-07-04,002678,珠江钢琴
2016-07-10,zz500,2016-07-04,002681,奋达科技
2016-07-10,zz500,2016-07-04,002698,博实股份
2016-07-10,zz500,2016-07-04,002699,美盛文化
2016-07-10,zz500,2016-07-04,002701,奥瑞金
2016-07-10,zz500,2016-07-04,002714,牧原股份
2016-07-10,zz500,2016-07-04,002727,一心堂
2016-07-10,zz500,2016-07-04,002745,木林森
2016-07-10,zz500,2016-07-04,300001,特锐德
2016-07-10,zz500,2016-07-04,300010,立思辰
2016-07-10,zz500,2016-07-04,300026,红日药业
2016-07-10,zz500,2016-07-04,300032,金龙机电
2016-07-10,zz500,2016-07-04,300039,上海凯宝
2016-07-10,zz500,2016-07-04,300043,星辉娱乐
2016-07-10,zz500,2016-07-04,300055,万邦达
2016-07-10,zz500,2016-07-04,300072,三聚环保
2016-07-10,zz500,2016-07-04,300088,长信科技
2016-07-10,zz500,2016-07-04,300113,顺网科技
2016-07-10,zz500,2016-07-04,300115,长盈精密
2016-07-10,zz500,2016-07-04,300134,大富科技
2016-07-10,zz500,2016-07-04,300147,香雪制药
2016-07-10,zz500,2016-07-04,300166,东方国信
2016-07-10,zz500,2016-07-04,300182,捷成股份
2016-07-10,zz500,2016-07-04,300199,翰宇药业
2016-07-10,zz500,2016-07-04,300202,聚龙股份
2016-07-10,zz500,2016-07-04,300244,迪安诊断
2016-07-10,zz500,2016-07-04,300253,卫宁健康
2016-07-10,zz500,2016-07-04,300257,开山股份
2016-07-10,zz500,2016-07-04,300273,和佳股份
2016-07-10,zz500,2016-07-04,300274,阳光电源
2016-07-10,zz500,2016-07-04,300287,飞利信
2016-07-10,zz500,2016-07-04,300291,华录百纳
2017-01-10,hs300,2017-01-09,600000,浦发银行
2017-01-10,hs300,2017-01-09,600005,武钢股份
2017-01-10,hs300,2017-01-09,600008,首创股份
2017-01-10,hs300,2017-01-09,600009,上海机场
2017-01-10,hs300,2017-01-09,600010,包钢股份
2017-01-10,hs300,2017-01-09,600015,华夏银行
2017-01-10,hs300,2017-01-09,600016,民生银行
2017-01-10,hs300,2017-01-09,600018,上港集团
2017-01-10,hs300,2017-01-09,600019,宝钢股份
2017-01-10,hs300,2017-01-09,600021,上海电力
2017-01-10,hs300,2017-01-09,600023,浙能电力
2017-01-10,hs300,2017-01-09,600028,中国石化
2017-01-10,hs300,2017-01-09,600029,南方航空
2017-01-10,hs300,2017-01-09,600030,中信证券
2017-01-10,hs300,2017-01-09,600031,三一重工
2017-01-10,hs300,2017-01-09,600036,招商银行
2017-01-10,hs300,2017-01-09,600037,歌华有线
2017-01-10,hs300,2017-01-09,600038,中直股份
2017-01-10,hs300,2017-01-09,600048,保利地产
2017-01-10,hs300,2017-01-09,600050,中国联通
2017-01-10,hs300,2017-01-09,600060,海信电器
2017-01-10,hs300,2017-01-09,600061,国投资本
2017-01-10,hs300,2017-01-09,600066,宇通客车
2017-01-10,hs300,2017-01-09,600068,葛洲坝
2017-01-10,hs300,2017-01-09,600074,*ST保千
2017-01-10,hs300,2017-01-09,600085,同仁堂
2017-01-10,hs300,2017-01-09,600089,特变电工
2017-01-10,hs300,2017-01-09,600100,同方股份
2017-01-10,hs300,2017-01-09,600104,上汽集团
2017-01-10,hs300,2017-01-09,600109,国金证券
2017-01-10,hs300,2017-01-09,600111,北方稀土
2017-01-10,hs300,2017-01-09,600115,东方航空
2017-01-10,hs300,2017-01-09,600118,中国卫星
2017-01-10,hs300,2017-01-09,600150,*ST船舶
2017-01-10,hs300,2017-01-09,600153,建发股份
2017-01-10,hs300,2017-01-09,600157,永泰能源
2017-01-10,hs300,2017-01-09,600170,上海建工
2017-01-10,hs300,2017-01-09,600177,雅戈尔
2017-01-10,hs300,2017-01-09,600188,兖州煤业
2017-01-10,hs300,2017-01-09,600196,复星医药
2017-01-10,hs300,2017-01-09,600208,新湖中宝
2017-01-10,hs300,2017-01-09,600221,海航控股
2017-01-10,hs300,2017-01-09,600252,中恒集团
2017-01-10,hs300,2017-01-09,600256,广汇能源
2017-01-10,hs300,2017-01-09,600271,航天信息
2017-01-10,hs300,2017-01-09,600276,恒瑞医药
2017-01-10,hs300,2017-01-09,600297,广汇汽车
2017-01-10,hs300,2017-01-09,600309,万华化学
2017-01-10,hs300,2017-01-09,600332,白云山
2017-01-10,hs300,2017-01-09,600340,华夏幸福
2017-01-10,hs300,2017-01-09,600352,浙江龙盛
2017-01-10,hs300,2017-01-09,600362,江西铜业
2017-01-10,hs300,2017-01-09,600369,西南证券
2017-01-10,hs300,2017-01-09,600372,中航电子
2017-01-10,hs300,2017-01-09,600373,中文传媒
2017-01-10,hs300,2017-01-09,600376,首开股份
2017-01-10,hs300,2017-01-09,600383,金地集团
2017-01-10,hs300,2017-01-09,600406,国电南瑞
2017-01-10,hs300,2017-01-09,600415,小商品城
2017-01-10,hs300,2017-01-09,600446,金证股份
2017-01-10,hs300,2017-01-09,600482,中国动力
2017-01-10,hs300,2017-01-09,600485,信威集团
2017-01-10,hs300,2017-01-09,600489,中金黄金
2017-01-10,hs300,2017-01-09,600498,烽火通信
2017-01-10,hs300,2017-01-09,600518,康美药业
2017-01-10,hs300,2017-01-09,600519,贵州茅台
2017-01-10,hs300,2017-01-09,600535,天士力
2017-01-10,hs300,2017-01-09,600547,山东黄金
2017-01-10,hs300,2017-01-09,600570,恒生电子
2017-01-10,hs300,2017-01-09,600582,天地科技
2017-01-10,hs300,2017-01-09,600583,海油工程
2017-01-10,hs300,2017-01-09,600585,海螺水泥
2017-01-10,hs300,2017-01-09,600588,用友网络
2017-01-10,hs300,2017-01-09,600606,绿地控股
2017-01-10,hs300,2017-01-09,600637,东方明珠
2017-01-10,hs300,2017-01-09,600648,外高桥
2017-01-10,hs300,2017-01-09,600649,城投控股
2017-01-10,hs300,2017-01-09,600654,ST中安
2017-01-10,hs300,2017-01-09,600660,福耀玻璃
2017-01-10,hs300,2017-01-09,600663,陆家嘴
2017-01-10,hs300,2017-01-09,600666,奥瑞德
2017-01-10,hs300,2017-01-09,600674,川投能源
2017-01-10,hs300,2017-01-09,600685,中船防务
2017-01-10,hs300,2017-01-09,600688,上海石化
2017-01-10,hs300,2017-01-09,600690,青岛海尔
2017-01-10,hs300,2017-01-09,600703,三安光电
2017-01-10,hs300,2017-01-09,600704,物产中大
2017-01-10,hs300,2017-01-09,600705,中航资本
2017-01-10,hs300,2017-01-09,600718,东软集团
2017-01-10,hs300,2017-01-09,600737,中粮糖业
2017-01-10,hs300,2017-01-09,600739,辽宁成大
2017-01-10,hs300,2017-01-09,600741,华域汽车
2017-01-10,hs300,2017-01-09,600754,锦江股份
2017-01-10,hs300,2017-01-09,600783,鲁信创投
2017-01-10,hs300,2017-01-09,600795,国电电力
2017-01-10,hs300,2017-01-09,600804,鹏博士
2017-01-10,hs300,2017-01-09,600816,安信信托
2017-01-10,hs300,2017-01-09,600820,隧道股份
2017-01-10,hs300,2017-01-09,600827,百联股份
2017-01-10,hs300,2017-01-09,600837,海通证券
2017-01-10,hs300,2017-01-09,600839,四川长虹
2017-01-10,hs300,2017-01-09,600867,通化东宝
2017-01-10,hs300,2017-01-09,600871,*ST油服
2017-01-10,hs300,2017-01-09,600873,梅花生物
2017-01-10,hs300,2017-01-09,600875,东方电气
2017-01-10,hs300,2017-01-09,600886,国投电力
2017-01-10,hs300,2017-01-09,600887,伊利股份
2017-01-10,hs300,2017-01-09,600893,航发动力
2017-01-10,hs300,2017-01-09,600895,张江高科
2017-01-10,hs300,2017-01-09,600900,长江电力
2017-01-10,hs300,2017-01-09,600958,东方证券
2017-01-10,hs300,2017-01-09,600959,江苏有线
2017-01-10,hs300,2017-01-09,600999,招商证券
2017-01-10,hs300,2017-01-09,601006,大秦铁路
2017-01-10,hs300,2017-01-09,601009,南京银行
2017-01-10,hs300,2017-01-09,601018,宁波港
2017-01-10,hs300,2017-01-09,601021,春秋航空
2017-01-10,hs300,2017-01-09,601088,中国神华
2017-01-10,hs300,2017-01-09,601099,太平洋
2017-01-10,hs300,2017-01-09,601111,中国国航
2017-01-10,hs300,2017-01-09,601118,海南橡胶
2017-01-10,hs300,2017-01-09,601127,小康股份
2017-01-10,hs300,2017-01-09,601155,新城控股
2017-01-10,hs300,2017-01-09,601166,兴业银行
2017-01-10,hs300,2017-01-09,601169,北京银行
2017-01-10,hs300,2017-01-09,601186,中国铁建
2017-01-10,hs300,2017-01-09,601198,东兴证券
2017-01-10,hs300,2017-01-09,601211,国泰君安
2017-01-10,hs300,2017-01-09,601216,君正集团
2017-01-10,hs300,2017-01-09,601225,陕西煤业
2017-01-10,hs300,2017-01-09,601258,庞大集团
2017-01-10,hs300,2017-01-09,601288,农业银行
2017-01-10,hs300,2017-01-09,601318,中国平安
2017-01-10,hs300,2017-01-09,601328,交通银行
2017-01-10,hs300,2017-01-09,601333,广深铁路
2017-01-10,hs300,2017-01-09,601336,新华保险
2017-01-10,hs300,2017-01-09,601377,兴业证券
2017-01-10,hs300,2017-01-09,601390,中国中铁
2017-01-10,hs300,2017-01-09,601398,工商银行
2017-01-10,hs300,2017-01-09,601555,东吴证券
2017-01-10,hs300,2017-01-09,601600,中国铝业
2017-01-10,hs300,2017-01-09,601601,中国太保
2017-01-10,hs300,2017-01-09,601607,上海医药
2017-01-10,hs300,2017-01-09,601608,中信重工
2017-01-10,hs300,2017-01-09,601611,中国核建
2017-01-10,hs300,2017-01-09,601618,中国中冶
2017-01-10,hs300,2017-01-09,601628,中国人寿
2017-01-10,hs300,2017-01-09,601633,长城汽车
2017-01-10,hs300,2017-01-09,601668,中国建筑
2017-01-10,hs300,2017-01-09,601669,中国电建
2017-01-10,hs300,2017-01-09,601688,华泰证券
2017-01-10,hs300,2017-01-09,601718,际华集团
2017-01-10,hs300,2017-01-09,601727,上海电气
2017-01-10,hs300,2017-01-09,601766,中国中车
2017-01-10,hs300,2017-01-09,601788,光大证券
2017-01-10,hs300,2017-01-09,601800,中国交建
2017-01-10,hs300,2017-01-09,601818,光大银行
2017-01-10,hs300,2017-01-09,601857,中国石油
2017-01-10,hs300,2017-01-09,601866,中远海发
2017-01-10,hs300,2017-01-09,601872,招商轮船
2017-01-10,hs300,2017-01-09,601877,正泰电器
2017-01-10,hs300,2017-01-09,601888,中国国旅
2017-01-10,hs300,2017-01-09,601899,紫金矿业
2017-01-10,hs300,2017-01-09,601901,方正证券
2017-01-10,hs300,2017-01-09,601919,中远海控
2017-01-10,hs300,2017-01-09,601928,凤凰传媒
2017-01-10,hs300,2017-01-09,601933,永辉超市
2017-01-10,hs300,2017-01-09,601939,建设银行
2017-01-10,hs300,2017-01-09,601958,金钼股份
2017-01-10,hs300,2017-01-09,601985,中国核电
2017-01-10,hs300,2017-01-09,601988,中国银行
2017-01-10,hs300,2017-01-09,601989,中国重工
2017-01-10,hs300,2017-01-09,601998,中信银行
2017-01-10,hs300,2017-01-09,603000,人民网
2017-01-10,hs300,2017-01-09,603885,吉祥航空
2017-01-10,hs300,2017-01-09,603993,洛阳钼业
2017-01-10,hs300,2017-01-09,000001,平安银行
2017-01-10,hs300,2017-01-09,000002,万科A
2017-01-10,hs300,2017-01-09,000008,神州高铁
2017-01-10,hs300,2017-01-09,000009,中国宝安
2017-01-10,hs300,2017-01-09,000027,深圳能源
2017-01-10,hs300,2017-01-09,000039,中集集团
2017-01-10,hs300,2017-01-09,000060,中金岭南
2017-01-10,hs300,2017-01-09,000061,农产品
2017-01-10,hs300,2017-01-09,000063,中兴通讯
2017-01-10,hs300,2017-01-09,000069,华侨城A
2017-01-10,hs300,2017-01-09,000100,TCL集团
2017-01-10,hs300,2017-01-09,000156,华数传媒
2017-01-10,hs300,2017-01-09,000157,中联重科
2017-01-10,hs300,2017-01-09,000166,申万宏源
2017-01-10,hs300,2017-01-09,000333,美的集团
2017-01-10,hs300,2017-01-09,000338,潍柴动力
2017-01-10,hs300,2017-01-09,000402,金融街
2017-01-10,hs300,2017-01-09,000413,东旭光电
2017-01-10,hs300,2017-01-09,000415,渤海金控
2017-01-10,hs300,2017-01-09,000423,东阿阿胶
2017-01-10,hs300,2017-01-09,000425,徐工机械
2017-01-10,hs300,2017-01-09,000503,国新健康
2017-01-10,hs300,2017-01-09,000538,云南白药
2017-01-10,hs300,2017-01-09,000540,中天金融
2017-01-10,hs300,2017-01-09,000555,神州信息
2017-01-10,hs300,2017-01-09,000559,万向钱潮
2017-01-10,hs300,2017-01-09,000568,泸州老窖
2017-01-10,hs300,2017-01-09,000623,吉林敖东
2017-01-10,hs300,2017-01-09,000625,长安汽车
2017-01-10,hs300,2017-01-09,000627,天茂集团
2017-01-10,hs300,2017-01-09,000630,铜陵有色
2017-01-10,hs300,2017-01-09,000651,格力电器
2017-01-10,hs300,2017-01-09,000671,阳光城
2017-01-10,hs300,2017-01-09,000686,东北证券
2017-01-10,hs300,2017-01-09,000709,河钢股份
2017-01-10,hs300,2017-01-09,000712,锦龙股份
2017-01-10,hs300,2017-01-09,000718,苏宁环球
2017-01-10,hs300,2017-01-09,000725,京东方A
2017-01-10,hs300,2017-01-09,000728,国元证券
2017-01-10,hs300,2017-01-09,000738,航发控制
2017-01-10,hs300,2017-01-09,000750,国海证券
2017-01-10,hs300,2017-01-09,000768,中航飞机
2017-01-10,hs300,2017-01-09,000776,广发证券
2017-01-10,hs300,2017-01-09,000778,新兴铸管
2017-01-10,hs300,2017-01-09,000783,长江证券
2017-01-10,hs300,2017-01-09,000792,盐湖股份
2017-01-10,hs300,2017-01-09,000793,华闻传媒
2017-01-10,hs300,2017-01-09,000800,一汽轿车
2017-01-10,hs300,2017-01-09,000826,启迪桑德
2017-01-10,hs300,2017-01-09,000839,中信国安
2017-01-10,hs300,2017-01-09,000858,五粮液
2017-01-10,hs300,2017-01-09,000876,新希望
2017-01-10,hs300,2017-01-09,000895,双汇发展
2017-01-10,hs300,2017-01-09,000917,电广传媒
2017-01-10,hs300,2017-01-09,000938,紫光股份
2017-01-10,hs300,2017-01-09,000963,华东医药
2017-01-10,hs300,2017-01-09,000977,浪潮信息
2017-01-10,hs300,2017-01-09,000983,西山煤电
2017-01-10,hs300,2017-01-09,001979,招商蛇口
2017-01-10,hs300,2017-01-09,002007,华兰生物
2017-01-10,hs300,2017-01-09,002008,大族激光
2017-01-10,hs300,2017-01-09,002024,苏宁易购
2017-01-10,hs300,2017-01-09,002027,分众传媒
2017-01-10,hs300,2017-01-09,002049,紫光国微
2017-01-10,hs300,2017-01-09,002065,东华软件
2017-01-10,hs300,2017-01-09,002074,国轩高科
2017-01-10,hs300,2017-01-09,002081,金螳螂
2017-01-10,hs300,2017-01-09,002085,万丰奥威
2017-01-10,hs300,2017-01-09,002129,中环股份
2017-01-10,hs300,2017-01-09,002131,利欧股份
2017-01-10,hs300,2017-01-09,002142,宁波银行
2017-01-10,hs300,2017-01-09,002146,荣盛发展
2017-01-10,hs300,2017-01-09,002152,广电运通
2017-01-10,hs300,2017-01-09,002153,石基信息
2017-01-10,hs300,2017-01-09,002174,游族网络
2017-01-10,hs300,2017-01-09,002183,怡亚通
2017-01-10,hs300,2017-01-09,002195,二三四五
2017-01-10,hs300,2017-01-09,002202,金风科技
2017-01-10,hs300,2017-01-09,002230,科大讯飞
2017-01-10,hs300,2017-01-09,002236,大华股份
2017-01-10,hs300,2017-01-09,002241,歌尔股份
2017-01-10,hs300,2017-01-09,002252,上海莱士
2017-01-10,hs300,2017-01-09,002292,奥飞娱乐
2017-01-10,hs300,2017-01-09,002299,圣农发展
2017-01-10,hs300,2017-01-09,002304,洋河股份
2017-01-10,hs300,2017-01-09,002310,东方园林
2017-01-10,hs300,2017-01-09,002385,大北农
2017-01-10,hs300,2017-01-09,002415,海康威视
2017-01-10,hs300,2017-01-09,002424,贵州百灵
2017-01-10,hs300,2017-01-09,002426,胜利精密
2017-01-10,hs300,2017-01-09,002450,康得新
2017-01-10,hs300,2017-01-09,002456,欧菲科技
2017-01-10,hs300,2017-01-09,002465,海格通信
2017-01-10,hs300,2017-01-09,002466,天齐锂业
2017-01-10,hs300,2017-01-09,002470,金正大
2017-01-10,hs300,2017-01-09,002475,立讯精密
2017-01-10,hs300,2017-01-09,002500,山西证券
2017-01-10,hs300,2017-01-09,002568,百润股份
2017-01-10,hs300,2017-01-09,002594,比亚迪
2017-01-10,hs300,2017-01-09,002673,西部证券
2017-01-10,hs300,2017-01-09,002714,牧原股份
2017-01-10,hs300,2017-01-09,002736,国信证券
2017-01-10,hs300,2017-01-09,002739,万达电影
2017-01-10,hs300,2017-01-09,002797,第一创业
2017-01-10,hs300,2017-01-09,300002,神州泰岳
2017-01-10,hs300,2017-01-09,300015,爱尔眼科
2017-01-10,hs300,2017-01-09,300017,网宿科技
2017-01-10,hs300,2017-01-09,300024,机器人
2017-01-10,hs300,2017-01-09,300027,华谊兄弟
2017-01-10,hs300,2017-01-09,300033,同花顺
2017-01-10,hs300,2017-01-09,300058,蓝色光标
2017-01-10,hs300,2017-01-09,300059,东方财富
2017-01-10,hs300,2017-01-09,300070,碧水源
2017-01-10,hs300,2017-01-09,300072,三聚环保
2017-01-10,hs300,2017-01-09,300085,银之杰
2017-01-10,hs300,2017-01-09,300104,乐视网
2017-01-10,hs300,2017-01-09,300124,汇川技术
2017-01-10,hs300,2017-01-09,300133,华策影视
2017-01-10,hs300,2017-01-09,300144,宋城演艺
2017-01-10,hs300,2017-01-09,300146,汤臣倍健
2017-01-10,hs300,2017-01-09,300168,万达信息
2017-01-10,hs300,2017-01-09,300182,捷成股份
2017-01-10,hs300,2017-01-09,300251,光线传媒
2017-01-10,hs300,2017-01-09,300315,掌趣科技
2017-01-10,zz500,2017-01-09,600006,东风汽车
2017-01-10,zz500,2017-01-09,600017,日照港
2017-01-10,zz500,2017-01-09,600022,山东钢铁
2017-01-10,zz500,2017-01-09,600026,中远海能
2017-01-10,zz500,2017-01-09,600039,四川路桥
2017-01-10,zz500,2017-01-09,600053,九鼎投资
2017-01-10,zz500,2017-01-09,600056,中国医药
2017-01-10,zz500,2017-01-09,600058,五矿发展
2017-01-10,zz500,2017-01-09,600059,古越龙山
2017-01-10,zz500,2017-01-09,600062,华润双鹤
2017-01-10,zz500,2017-01-09,600064,南京高科
2017-01-10,zz500,2017-01-09,600067,冠城大通
2017-01-10,zz500,2017-01-09,600073,上海梅林
2017-01-10,zz500,2017-01-09,600079,人福医药
2017-01-10,zz500,2017-01-09,600086,东方金钰
2017-01-10,zz500,2017-01-09,600088,中视传媒
2017-01-10,zz500,2017-01-09,600094,大名城
2017-01-10,zz500,2017-01-09,600098,广州发展
2017-01-10,zz500,2017-01-09,600108,亚盛集团
2017-01-10,zz500,2017-01-09,600112,天成控股
2017-01-10,zz500,2017-01-09,600120,浙江东方
2017-01-10,zz500,2017-01-09,600122,宏图高科
2017-01-10,zz500,2017-01-09,600125,铁龙物流
2017-01-10,zz500,2017-01-09,600138,中青旅
2017-01-10,zz500,2017-01-09,600141,兴发集团
2017-01-10,zz500,2017-01-09,600143,金发科技
2017-01-10,zz500,2017-01-09,600151,航天机电
2017-01-10,zz500,2017-01-09,600158,中体产业
2017-01-10,zz500,2017-01-09,600160,巨化股份
2017-01-10,zz500,2017-01-09,600161,天坛生物
2017-01-10,zz500,2017-01-09,600166,福田汽车
2017-01-10,zz500,2017-01-09,600169,太原重工
2017-01-10,zz500,2017-01-09,600171,上海贝岭
2017-01-10,zz500,2017-01-09,600175,美都能源
2017-01-10,zz500,2017-01-09,600176,中国巨石
2017-01-10,zz500,2017-01-09,600180,瑞茂通
2017-01-10,zz500,2017-01-09,600183,生益科技
2017-01-10,zz500,2017-01-09,600184,光电股份
2017-01-10,zz500,2017-01-09,600187,国中水务
2017-01-10,zz500,2017-01-09,600195,中牧股份
2017-01-10,zz500,2017-01-09,600198,*ST大唐
2017-01-10,zz500,2017-01-09,600200,江苏吴中
2017-01-10,zz500,2017-01-09,600201,生物股份
2017-01-10,zz500,2017-01-09,600216,浙江医药
2017-01-10,zz500,2017-01-09,600219,南山铝业
2017-01-10,zz500,2017-01-09,600220,江苏阳光
2017-01-10,zz500,2017-01-09,600240,华业资本
2017-01-10,zz500,2017-01-09,600251,冠农股份
2017-01-10,zz500,2017-01-09,600259,广晟有色
2017-01-10,zz500,2017-01-09,600260,凯乐科技
2017-01-10,zz500,2017-01-09,600266,北京城建
2017-01-10,zz500,2017-01-09,600267,海正药业
2017-01-10,zz500,2017-01-09,600270,外运发展
2017-01-10,zz500,2017-01-09,600277,亿利洁能
2017-01-10,zz500,2017-01-09,600280,中央商场
2017-01-10,zz500,2017-01-09,600282,南钢股份
2017-01-10,zz500,2017-01-09,600284,浦东建设
2017-01-10,zz500,2017-01-09,600289,*ST信通
2017-01-10,zz500,2017-01-09,600291,西水股份
2017-01-10,zz500,2017-01-09,600292,远达环保
2017-01-10,zz500,2017-01-09,600298,安琪酵母
2017-01-10,zz500,2017-01-09,600300,维维股份
2017-01-10,zz500,2017-01-09,600307,酒钢宏兴
2017-01-10,zz500,2017-01-09,600312,平高电气
2017-01-10,zz500,2017-01-09,600315,上海家化
2017-01-10,zz500,2017-01-09,600316,洪都航空
2017-01-10,zz500,2017-01-09,600325,华发股份
2017-01-10,zz500,2017-01-09,600329,中新药业
2017-01-10,zz500,2017-01-09,600335,国机汽车
2017-01-10,zz500,2017-01-09,600338,西藏珠峰
2017-01-10,zz500,2017-01-09,600348,阳泉煤业
2017-01-10,zz500,2017-01-09,600351,亚宝药业
2017-01-10,zz500,2017-01-09,600366,宁波韵升
2017-01-10,zz500,2017-01-09,600380,健康元
2017-01-10,zz500,2017-01-09,600388,龙净环保
2017-01-10,zz500,2017-01-09,600392,盛和资源
2017-01-10,zz500,2017-01-09,600395,盘江股份
2017-01-10,zz500,2017-01-09,600397,*ST安煤
2017-01-10,zz500,2017-01-09,600409,三友化工
2017-01-10,zz500,2017-01-09,600410,华胜天成
2017-01-10,zz500,2017-01-09,600416,湘电股份
2017-01-10,zz500,2017-01-09,600418,江淮汽车
2017-01-10,zz500,2017-01-09,600422,昆药集团
2017-01-10,zz500,2017-01-09,600425,青松建化
2017-01-10,zz500,2017-01-09,600426,华鲁恒升
2017-01-10,zz500,2017-01-09,600428,中远海特
2017-01-10,zz500,2017-01-09,600433,冠豪高新
2017-01-10,zz500,2017-01-09,600435,北方导航
2017-01-10,zz500,2017-01-09,600436,片仔癀
2017-01-10,zz500,2017-01-09,600458,时代新材
2017-01-10,zz500,2017-01-09,600460,士兰微
2017-01-10,zz500,2017-01-09,600466,蓝光发展
2017-01-10,zz500,2017-01-09,600468,百利电气
2017-01-10,zz500,2017-01-09,600478,科力远
2017-01-10,zz500,2017-01-09,600481,双良节能
2017-01-10,zz500,2017-01-09,600483,福能股份
2017-01-10,zz500,2017-01-09,600487,亨通光电
2017-01-10,zz500,2017-01-09,600496,精工钢构
2017-01-10,zz500,2017-01-09,600497,驰宏锌锗
2017-01-10,zz500,2017-01-09,600499,科达洁能
2017-01-10,zz500,2017-01-09,600500,中化国际
2017-01-10,zz500,2017-01-09,600503,华丽家族
2017-01-10,zz500,2017-01-09,600511,国药股份
2017-01-10,zz500,2017-01-09,600516,方大炭素
2017-01-10,zz500,2017-01-09,600517,置信电气
2017-01-10,zz500,2017-01-09,600521,华海药业
2017-01-10,zz500,2017-01-09,600522,中天科技
2017-01-10,zz500,2017-01-09,600525,长园集团
2017-01-10,zz500,2017-01-09,600528,中铁工业
2017-01-10,zz500,2017-01-09,600536,中国软件
2017-01-10,zz500,2017-01-09,600537,亿晶光电
2017-01-10,zz500,2017-01-09,600545,卓郎智能
2017-01-10,zz500,2017-01-09,600549,厦门钨业
2017-01-10,zz500,2017-01-09,600551,时代出版
2017-01-10,zz500,2017-01-09,600557,康缘药业
2017-01-10,zz500,2017-01-09,600563,法拉电子
2017-01-10,zz500,2017-01-09,600565,迪马股份
2017-01-10,zz500,2017-01-09,600572,康恩贝
2017-01-10,zz500,2017-01-09,600575,皖江物流
2017-01-10,zz500,2017-01-09,600580,卧龙电气
2017-01-10,zz500,2017-01-09,600584,长电科技
2017-01-10,zz500,2017-01-09,600586,金晶科技
2017-01-10,zz500,2017-01-09,600587,新华医疗
2017-01-10,zz500,2017-01-09,600594,益佰制药
2017-01-10,zz500,2017-01-09,600596,新安股份
2017-01-10,zz500,2017-01-09,600597,光明乳业
2017-01-10,zz500,2017-01-09,600600,青岛啤酒
2017-01-10,zz500,2017-01-09,600601,方正科技
2017-01-10,zz500,2017-01-09,600611,大众交通
2017-01-10,zz500,2017-01-09,600614,鹏起科技
2017-01-10,zz500,2017-01-09,600618,氯碱化工
2017-01-10,zz500,2017-01-09,600628,新世界
2017-01-10,zz500,2017-01-09,600633,浙数文化
2017-01-10,zz500,2017-01-09,600635,大众公用
2017-01-10,zz500,2017-01-09,600639,浦东金桥
2017-01-10,zz500,2017-01-09,600640,号百控股
2017-01-10,zz500,2017-01-09,600643,爱建集团
2017-01-10,zz500,2017-01-09,600645,中源协和
2017-01-10,zz500,2017-01-09,600651,飞乐音响
2017-01-10,zz500,2017-01-09,600655,豫园股份
2017-01-10,zz500,2017-01-09,600657,信达地产
2017-01-10,zz500,2017-01-09,600664,哈药股份
2017-01-10,zz500,2017-01-09,600673,东阳光科
2017-01-10,zz500,2017-01-09,600682,南京新百
2017-01-10,zz500,2017-01-09,600687,刚泰控股
2017-01-10,zz500,2017-01-09,600694,大商股份
2017-01-10,zz500,2017-01-09,600699,均胜电子
2017-01-10,zz500,2017-01-09,600717,天津港
2017-01-10,zz500,2017-01-09,600720,祁连山
2017-01-10,zz500,2017-01-09,600729,重庆百货
2017-01-10,zz500,2017-01-09,600736,苏州高新
2017-01-10,zz500,2017-01-09,600743,华远地产
2017-01-10,zz500,2017-01-09,600748,上实发展
2017-01-10,zz500,2017-01-09,600750,江中药业
2017-01-10,zz500,2017-01-09,600751,海航科技
2017-01-10,zz500,2017-01-09,600755,厦门国贸
2017-01-10,zz500,2017-01-09,600757,长江传媒
2017-01-10,zz500,2017-01-09,600759,洲际油气
2017-01-10,zz500,2017-01-09,600765,中航重机
2017-01-10,zz500,2017-01-09,600770,综艺股份
2017-01-10,zz500,2017-01-09,600773,西藏城投
2017-01-10,zz500,2017-01-09,600776,东方通信
2017-01-10,zz500,2017-01-09,600787,中储股份
2017-01-10,zz500,2017-01-09,600790,轻纺城
2017-01-10,zz500,2017-01-09,600801,华新水泥
2017-01-10,zz500,2017-01-09,600805,悦达投资
2017-01-10,zz500,2017-01-09,600808,马钢股份
2017-01-10,zz500,2017-01-09,600809,山西汾酒
2017-01-10,zz500,2017-01-09,600811,东方集团
2017-01-10,zz500,2017-01-09,600823,世茂股份
2017-01-10,zz500,2017-01-09,600825,新华传媒
2017-01-10,zz500,2017-01-09,600826,兰生股份
2017-01-10,zz500,2017-01-09,600831,广电网络
2017-01-10,zz500,2017-01-09,600835,上海机电
2017-01-10,zz500,2017-01-09,600850,华东电脑
2017-01-10,zz500,2017-01-09,600851,海欣股份
2017-01-10,zz500,2017-01-09,600859,王府井
2017-01-10,zz500,2017-01-09,600862,中航高科
2017-01-10,zz500,2017-01-09,600863,内蒙华电
2017-01-10,zz500,2017-01-09,600864,哈投股份
2017-01-10,zz500,2017-01-09,600869,智慧能源
2017-01-10,zz500,2017-01-09,600872,中炬高新
2017-01-10,zz500,2017-01-09,600874,创业环保
2017-01-10,zz500,2017-01-09,600879,航天电子
2017-01-10,zz500,2017-01-09,600880,博瑞传播
2017-01-10,zz500,2017-01-09,600881,亚泰集团
2017-01-10,zz500,2017-01-09,600884,杉杉股份
2017-01-10,zz500,2017-01-09,600894,广日股份
2017-01-10,zz500,2017-01-09,600917,重庆燃气
2017-01-10,zz500,2017-01-09,600967,内蒙一机
2017-01-10,zz500,2017-01-09,600970,中材国际
2017-01-10,zz500,2017-01-09,600971,恒源煤电
2017-01-10,zz500,2017-01-09,600978,宜华生活
2017-01-10,zz500,2017-01-09,600981,汇鸿集团
2017-01-10,zz500,2017-01-09,600993,马应龙
2017-01-10,zz500,2017-01-09,601000,唐山港
2017-01-10,zz500,2017-01-09,601001,大同煤业
2017-01-10,zz500,2017-01-09,601002,晋亿实业
2017-01-10,zz500,2017-01-09,601010,文峰股份
2017-01-10,zz500,2017-01-09,601012,隆基股份
2017-01-10,zz500,2017-01-09,601016,节能风电
2017-01-10,zz500,2017-01-09,601168,西部矿业
2017-01-10,zz500,2017-01-09,601231,环旭电子
2017-01-10,zz500,2017-01-09,601233,桐昆股份
2017-01-10,zz500,2017-01-09,601311,骆驼股份
2017-01-10,zz500,2017-01-09,601678,滨化股份
2017-01-10,zz500,2017-01-09,601689,拓普集团
2017-01-10,zz500,2017-01-09,601699,潞安环能
2017-01-10,zz500,2017-01-09,601717,郑煤机
2017-01-10,zz500,2017-01-09,601777,力帆股份
2017-01-10,zz500,2017-01-09,601801,皖新传媒
2017-01-10,zz500,2017-01-09,601880,大连港
2017-01-10,zz500,2017-01-09,601886,江河集团
2017-01-10,zz500,2017-01-09,601908,京运通
2017-01-10,zz500,2017-01-09,601929,吉视传媒
2017-01-10,zz500,2017-01-09,603001,奥康国际
2017-01-10,zz500,2017-01-09,603005,晶方科技
2017-01-10,zz500,2017-01-09,603019,中科曙光
2017-01-10,zz500,2017-01-09,603025,大豪科技
2017-01-10,zz500,2017-01-09,603077,和邦生物
2017-01-10,zz500,2017-01-09,603169,兰石重装
2017-01-10,zz500,2017-01-09,603188,ST亚邦
2017-01-10,zz500,2017-01-09,603198,迎驾贡酒
2017-01-10,zz500,2017-01-09,603328,依顿电子
2017-01-10,zz500,2017-01-09,603355,莱克电气
2017-01-10,zz500,2017-01-09,603369,今世缘
2017-01-10,zz500,2017-01-09,603377,东方时尚
2017-01-10,zz500,2017-01-09,603528,多伦科技
2017-01-10,zz500,2017-01-09,603555,贵人鸟
2017-01-10,zz500,2017-01-09,603567,珍宝岛
2017-01-10,zz500,2017-01-09,603568,伟明环保
2017-01-10,zz500,2017-01-09,603589,口子窖
2017-01-10,zz500,2017-01-09,603698,航天工程
2017-01-10,zz500,2017-01-09,603766,隆鑫通用
2017-01-10,zz500,2017-01-09,603806,福斯特
2017-01-10,zz500,2017-01-09,603866,桃李面包
2017-01-10,zz500,2017-01-09,603868,飞科电器
2017-01-10,zz500,2017-01-09,603883,老百姓
2017-01-10,zz500,2017-01-09,000006,深振业A
2017-01-10,zz500,2017-01-09,000012,南玻A
2017-01-10,zz500,2017-01-09,000021,深科技
2017-01-10,zz500,2017-01-09,000025,特力A
2017-01-10,zz500,2017-01-09,000028,国药一致
2017-01-10,zz500,2017-01-09,000031,中粮地产
2017-01-10,zz500,2017-01-09,000049,德赛电池
2017-01-10,zz500,2017-01-09,000050,深天马A
2017-01-10,zz500,2017-01-09,000062,深圳华强
2017-01-10,zz500,2017-01-09,000066,中国长城
2017-01-10,zz500,2017-01-09,000078,海王生物
2017-01-10,zz500,2017-01-09,000089,深圳机场
2017-01-10,zz500,2017-01-09,000090,天健集团
2017-01-10,zz500,2017-01-09,000099,中信海直
2017-01-10,zz500,2017-01-09,000158,常山北明
2017-01-10,zz500,2017-01-09,000400,许继电气
2017-01-10,zz500,2017-01-09,000401,冀东水泥
2017-01-10,zz500,2017-01-09,000417,合肥百货
2017-01-10,zz500,2017-01-09,000418,小天鹅A
2017-01-10,zz500,2017-01-09,000426,兴业矿业
2017-01-10,zz500,2017-01-09,000488,晨鸣纸业
2017-01-10,zz500,2017-01-09,000501,鄂武商A
2017-01-10,zz500,2017-01-09,000513,丽珠集团
2017-01-10,zz500,2017-01-09,000517,荣安地产
2017-01-10,zz500,2017-01-09,000519,中兵红箭
2017-01-10,zz500,2017-01-09,000528,柳工
2017-01-10,zz500,2017-01-09,000541,佛山照明
2017-01-10,zz500,2017-01-09,000543,皖能电力
2017-01-10,zz500,2017-01-09,000547,航天发展
2017-01-10,zz500,2017-01-09,000552,靖远煤电
2017-01-10,zz500,2017-01-09,000563,陕国投A
2017-01-10,zz500,2017-01-09,000566,海南海药
2017-01-10,zz500,2017-01-09,000572,海马汽车
2017-01-10,zz500,2017-01-09,000581,威孚高科
2017-01-10,zz500,2017-01-09,000587,金洲慈航
2017-01-10,zz500,2017-01-09,000592,平潭发展
2017-01-10,zz500,2017-01-09,000596,古井贡酒
2017-01-10,zz500,2017-01-09,000598,兴蓉环境
2017-01-10,zz500,2017-01-09,000600,建投能源
2017-01-10,zz500,2017-01-09,000612,焦作万方
2017-01-10,zz500,2017-01-09,000616,海航投资
2017-01-10,zz500,2017-01-09,000620,新华联
2017-01-10,zz500,2017-01-09,000631,顺发恒业
2017-01-10,zz500,2017-01-09,000636,风华高科
2017-01-10,zz500,2017-01-09,000652,泰达股份
2017-01-10,zz500,2017-01-09,000656,金科股份
2017-01-10,zz500,2017-01-09,000661,长春高新
2017-01-10,zz500,2017-01-09,000667,美好置业
2017-01-10,zz500,2017-01-09,000669,金鸿控股
2017-01-10,zz500,2017-01-09,000680,山推股份
2017-01-10,zz500,2017-01-09,000681,视觉中国
2017-01-10,zz500,2017-01-09,000685,中山公用
2017-01-10,zz500,2017-01-09,000690,宝新能源
2017-01-10,zz500,2017-01-09,000697,炼石有色
2017-01-10,zz500,2017-01-09,000703,恒逸石化
2017-01-10,zz500,2017-01-09,000723,美锦能源
2017-01-10,zz500,2017-01-09,000726,鲁泰A
2017-01-10,zz500,2017-01-09,000727,华东科技
2017-01-10,zz500,2017-01-09,000748,长城信息
2017-01-10,zz500,2017-01-09,000758,中色股份
2017-01-10,zz500,2017-01-09,000761,本钢板材
2017-01-10,zz500,2017-01-09,000762,西藏矿业
2017-01-10,zz500,2017-01-09,000777,中核科技
2017-01-10,zz500,2017-01-09,000786,北新建材
2017-01-10,zz500,2017-01-09,000806,银河生物
2017-01-10,zz500,2017-01-09,000810,创维数字
2017-01-10,zz500,2017-01-09,000816,*ST慧业
2017-01-10,zz500,2017-01-09,000825,太钢不锈
2017-01-10,zz500,2017-01-09,000829,天音控股
2017-01-10,zz500,2017-01-09,000830,鲁西化工
2017-01-10,zz500,2017-01-09,000848,承德露露
2017-01-10,zz500,2017-01-09,000860,顺鑫农业
2017-01-10,zz500,2017-01-09,000861,海印股份
2017-01-10,zz500,2017-01-09,000869,张裕A
2017-01-10,zz500,2017-01-09,000877,天山股份
2017-01-10,zz500,2017-01-09,000878,云南铜业
2017-01-10,zz500,2017-01-09,000897,津滨发展
2017-01-10,zz500,2017-01-09,000919,金陵药业
2017-01-10,zz500,2017-01-09,000926,福星股份
2017-01-10,zz500,2017-01-09,000930,中粮生化
2017-01-10,zz500,2017-01-09,000931,中关村
2017-01-10,zz500,2017-01-09,000937,冀中能源
2017-01-10,zz500,2017-01-09,000939,*ST凯迪
2017-01-10,zz500,2017-01-09,000959,首钢股份
2017-01-10,zz500,2017-01-09,000960,锡业股份
2017-01-10,zz500,2017-01-09,000961,中南建设
2017-01-10,zz500,2017-01-09,000969,安泰科技
2017-01-10,zz500,2017-01-09,000970,中科三环
2017-01-10,zz500,2017-01-09,000973,佛塑科技
2017-01-10,zz500,2017-01-09,000975,银泰资源
2017-01-10,zz500,2017-01-09,000979,中弘股份
2017-01-10,zz500,2017-01-09,000988,华工科技
2017-01-10,zz500,2017-01-09,000997,新大陆
2017-01-10,zz500,2017-01-09,000998,隆平高科
2017-01-10,zz500,2017-01-09,000999,华润三九
2017-01-10,zz500,2017-01-09,001696,宗申动力
2017-01-10,zz500,2017-01-09,002001,新和成
2017-01-10,zz500,2017-01-09,002002,鸿达兴业
2017-01-10,zz500,2017-01-09,002004,华邦健康
2017-01-10,zz500,2017-01-09,002005,德豪润达
2017-01-10,zz500,2017-01-09,002011,盾安环境
2017-01-10,zz500,2017-01-09,002013,中航机电
2017-01-10,zz500,2017-01-09,002018,*ST华信
2017-01-10,zz500,2017-01-09,002019,亿帆医药
2017-01-10,zz500,2017-01-09,002022,科华生物
2017-01-10,zz500,2017-01-09,002025,航天电器
2017-01-10,zz500,2017-01-09,002028,思源电气
2017-01-10,zz500,2017-01-09,002029,七匹狼
2017-01-10,zz500,2017-01-09,002030,达安基因
2017-01-10,zz500,2017-01-09,002038,双鹭药业
2017-01-10,zz500,2017-01-09,002041,登海种业
2017-01-10,zz500,2017-01-09,002048,宁波华翔
2017-01-10,zz500,2017-01-09,002050,三花智控
2017-01-10,zz500,2017-01-09,002051,中工国际
2017-01-10,zz500,2017-01-09,002056,横店东磁
2017-01-10,zz500,2017-01-09,002063,远光软件
2017-01-10,zz500,2017-01-09,002064,华峰氨纶
2017-01-10,zz500,2017-01-09,002073,软控股份
2017-01-10,zz500,2017-01-09,002078,太阳纸业
2017-01-10,zz500,2017-01-09,002092,中泰化学
2017-01-10,zz500,2017-01-09,002093,国脉科技
2017-01-10,zz500,2017-01-09,002106,莱宝高科
2017-01-10,zz500,2017-01-09,002118,紫鑫药业
2017-01-10,zz500,2017-01-09,002122,*ST天马
2017-01-10,zz500,2017-01-09,002123,梦网集团
2017-01-10,zz500,2017-01-09,002128,露天煤业
2017-01-10,zz500,2017-01-09,002155,湖南黄金
2017-01-10,zz500,2017-01-09,002161,远望谷
2017-01-10,zz500,2017-01-09,002168,深圳惠程
2017-01-10,zz500,2017-01-09,002176,江特电机
2017-01-10,zz500,2017-01-09,002179,中航光电
2017-01-10,zz500,2017-01-09,002190,成飞集成
2017-01-10,zz500,2017-01-09,002191,劲嘉股份
2017-01-10,zz500,2017-01-09,002194,*ST凡谷
2017-01-10,zz500,2017-01-09,002217,合力泰
2017-01-10,zz500,2017-01-09,002221,东华能源
2017-01-10,zz500,2017-01-09,002223,鱼跃医疗
2017-01-10,zz500,2017-01-09,002233,塔牌集团
2017-01-10,zz500,2017-01-09,002238,天威视讯
2017-01-10,zz500,2017-01-09,002242,九阳股份
2017-01-10,zz500,2017-01-09,002244,滨江集团
2017-01-10,zz500,2017-01-09,002249,大洋电机
2017-01-10,zz500,2017-01-09,002250,联化科技
2017-01-10,zz500,2017-01-09,002251,步步高
2017-01-10,zz500,2017-01-09,002254,泰和新材
2017-01-10,zz500,2017-01-09,002261,拓维信息
2017-01-10,zz500,2017-01-09,002266,浙富控股
2017-01-10,zz500,2017-01-09,002268,卫士通
2017-01-10,zz500,2017-01-09,002269,美邦服饰
2017-01-10,zz500,2017-01-09,002271,东方雨虹
2017-01-10,zz500,2017-01-09,002273,水晶光电
2017-01-10,zz500,2017-01-09,002276,万马股份
2017-01-10,zz500,2017-01-09,002277,友阿股份
2017-01-10,zz500,2017-01-09,002281,光迅科技
2017-01-10,zz500,2017-01-09,002285,世联行
2017-01-10,zz500,2017-01-09,002308,威创股份
2017-01-10,zz500,2017-01-09,002309,中利集团
2017-01-10,zz500,2017-01-09,002311,海大集团
2017-01-10,zz500,2017-01-09,002315,焦点科技
2017-01-10,zz500,2017-01-09,002317,众生药业
2017-01-10,zz500,2017-01-09,002325,洪涛股份
2017-01-10,zz500,2017-01-09,002327,富安娜
2017-01-10,zz500,2017-01-09,002332,仙琚制药
2017-01-10,zz500,2017-01-09,002340,格林美
2017-01-10,zz500,2017-01-09,002342,巨力索具
2017-01-10,zz500,2017-01-09,002344,海宁皮城
2017-01-10,zz500,2017-01-09,002345,潮宏基
2017-01-10,zz500,2017-01-09,002353,杰瑞股份
2017-01-10,zz500,2017-01-09,002354,天神娱乐
2017-01-10,zz500,2017-01-09,002358,森源电气
2017-01-10,zz500,2017-01-09,002366,台海核电
2017-01-10,zz500,2017-01-09,002368,太极股份
2017-01-10,zz500,2017-01-09,002371,北方华创
2017-01-10,zz500,2017-01-09,002373,千方科技
2017-01-10,zz500,2017-01-09,002375,亚厦股份
2017-01-10,zz500,2017-01-09,002384,东山精密
2017-01-10,zz500,2017-01-09,002390,信邦制药
2017-01-10,zz500,2017-01-09,002392,北京利尔
2017-01-10,zz500,2017-01-09,002396,星网锐捷
2017-01-10,zz500,2017-01-09,002399,海普瑞
2017-01-10,zz500,2017-01-09,002400,省广集团
2017-01-10,zz500,2017-01-09,002405,四维图新
2017-01-10,zz500,2017-01-09,002407,多氟多
2017-01-10,zz500,2017-01-09,002408,齐翔腾达
2017-01-10,zz500,2017-01-09,002410,广联达
2017-01-10,zz500,2017-01-09,002414,高德红外
2017-01-10,zz500,2017-01-09,002416,爱施德
2017-01-10,zz500,2017-01-09,002422,科伦药业
2017-01-10,zz500,2017-01-09,002428,云南锗业
2017-01-10,zz500,2017-01-09,002431,棕榈股份
2017-01-10,zz500,2017-01-09,002437,誉衡药业
2017-01-10,zz500,2017-01-09,002439,启明星辰
2017-01-10,zz500,2017-01-09,002440,闰土股份
2017-01-10,zz500,2017-01-09,002444,巨星科技
2017-01-10,zz500,2017-01-09,002460,赣锋锂业
2017-01-10,zz500,2017-01-09,002463,沪电股份
2017-01-10,zz500,2017-01-09,002477,雏鹰农牧
2017-01-10,zz500,2017-01-09,002479,富春环保
2017-01-10,zz500,2017-01-09,002482,广田集团
2017-01-10,zz500,2017-01-09,002489,浙江永强
2017-01-10,zz500,2017-01-09,002491,通鼎互联
2017-01-10,zz500,2017-01-09,002498,汉缆股份
2017-01-10,zz500,2017-01-09,002503,搜于特
2017-01-10,zz500,2017-01-09,002505,大康农业
2017-01-10,zz500,2017-01-09,002508,老板电器
2017-01-10,zz500,2017-01-09,002512,达华智能
2017-01-10,zz500,2017-01-09,002544,杰赛科技
2017-01-10,zz500,2017-01-09,002551,尚荣医疗
2017-01-10,zz500,2017-01-09,002572,索菲亚
2017-01-10,zz500,2017-01-09,002573,清新环境
2017-01-10,zz500,2017-01-09,002581,未名医药
2017-01-10,zz500,2017-01-09,002588,史丹利
2017-01-10,zz500,2017-01-09,002589,瑞康医药
2017-01-10,zz500,2017-01-09,002595,豪迈科技
2017-01-10,zz500,2017-01-09,002602,世纪华通
2017-01-10,zz500,2017-01-09,002603,以岭药业
2017-01-10,zz500,2017-01-09,002635,安洁科技
2017-01-10,zz500,2017-01-09,002640,跨境通
2017-01-10,zz500,2017-01-09,002642,荣之联
2017-01-10,zz500,2017-01-09,002646,青青稞酒
2017-01-10,zz500,2017-01-09,002657,中科金财
2017-01-10,zz500,2017-01-09,002663,普邦股份
2017-01-10,zz500,2017-01-09,002665,首航节能
2017-01-10,zz500,2017-01-09,002672,东江环保
2017-01-10,zz500,2017-01-09,002681,奋达科技
2017-01-10,zz500,2017-01-09,002690,美亚光电
2017-01-10,zz500,2017-01-09,002698,博实股份
2017-01-10,zz500,2017-01-09,002699,美盛文化
2017-01-10,zz500,2017-01-09,002701,奥瑞金
2017-01-10,zz500,2017-01-09,002707,众信旅游
2017-01-10,zz500,2017-01-09,002727,一心堂
2017-01-10,zz500,2017-01-09,002745,木林森
2017-01-10,zz500,2017-01-09,300001,特锐德
2017-01-10,zz500,2017-01-09,300010,立思辰
2017-01-10,zz500,2017-01-09,300026,红日药业
2017-01-10,zz500,2017-01-09,300032,金龙机电
2017-01-10,zz500,2017-01-09,300039,上海凯宝
2017-01-10,zz500,2017-01-09,300043,星辉娱乐
2017-01-10,zz500,2017-01-09,300055,万邦达
2017-01-10,zz500,2017-01-09,300088,长信科技
2017-01-10,zz500,2017-01-09,300113,顺网科技
2017-01-10,zz500,2017-01-09,300115,长盈精密
2017-01-10,zz500,2017-01-09,300122,智飞生物
2017-01-10,zz500,2017-01-09,300134,大富科技
2017-01-10,zz500,2017-01-09,300136,信维通信
2017-01-10,zz500,2017-01-09,300147,香雪制药
2017-01-10,zz500,2017-01-09,300156,神雾环保
2017-01-10,zz500,2017-01-09,300159,新研股份
2017-01-10,zz500,2017-01-09,300166,东方国信
2017-01-10,zz500,2017-01-09,300199,翰宇药业
2017-01-10,zz500,2017-01-09,300202,聚龙股份
2017-01-10,zz500,2017-01-09,300244,迪安诊断
2017-01-10,zz500,2017-01-09,300253,卫宁健康
2017-01-10,zz500,2017-01-09,300257,开山股份
2017-01-10,zz500,2017-01-09,300266,兴源环境
2017-01-10,zz500,2017-01-09,300273,和佳股份
2017-01-10,zz500,2017-01-09,300274,阳光电源
2017-01-10,zz500,2017-01-09,300287,飞利信
2017-01-10,zz500,2017-01-09,300291,华录百纳
2017-01-10,zz500,2017-01-09,300296,利亚德
2017-01-10,zz500,2017-01-09,300297,蓝盾股份
2017-01-10,zz500,2017-01-09,300324,旋极信息
2017-07-10,hs300,2017-07-10,600000,浦发银行
2017-07-10,hs300,2017-07-10,600008,首创股份
2017-07-10,hs300,2017-07-10,600009,上海机场
2017-07-10,hs300,2017-07-10,600010,包钢股份
2017-07-10,hs300,2017-07-10,600015,华夏银行
2017-07-10,hs300,2017-07-10,600016,民生银行
2017-07-10,hs300,2017-07-10,600018,上港集团
2017-07-10,hs300,2017-07-10,600019,宝钢股份
2017-07-10,hs300,2017-07-10,600021,上海电力
2017-07-10,hs300,2017-07-10,600023,浙能电力
2017-07-10,hs300,2017-07-10,600028,中国石化
2017-07-10,hs300,2017-07-10,600029,南方航空
2017-07-10,hs300,2017-07-10,600030,中信证券
2017-07-10,hs300,2017-07-10,600031,三一重工
2017-07-10,hs300,2017-07-10,600036,招商银行
2017-07-10,hs300,2017-07-10,600037,歌华有线
2017-07-10,hs300,2017-07-10,600038,中直股份
2017-07-10,hs300,2017-07-10,600048,保利地产
2017-07-10,hs300,2017-07-10,600050,中国联通
2017-07-10,hs300,2017-07-10,600060,海信电器
2017-07-10,hs300,2017-07-10,600061,国投资本
2017-07-10,hs300,2017-07-10,600066,宇通客车
2017-07-10,hs300,2017-07-10,600068,葛洲坝
2017-07-10,hs300,2017-07-10,600074,*ST保千
2017-07-10,hs300,2017-07-10,600085,同仁堂
2017-07-10,hs300,2017-07-10,600089,特变电工
2017-07-10,hs300,2017-07-10,600100,同方股份
2017-07-10,hs300,2017-07-10,600104,上汽集团
2017-07-10,hs300,2017-07-10,600109,国金证券
2017-07-10,hs300,2017-07-10,600111,北方稀土
2017-07-10,hs300,2017-07-10,600115,东方航空
2017-07-10,hs300,2017-07-10,600118,中国卫星
2017-07-10,hs300,2017-07-10,600150,*ST船舶
2017-07-10,hs300,2017-07-10,600153,建发股份
2017-07-10,hs300,2017-07-10,600157,永泰能源
2017-07-10,hs300,2017-07-10,600170,上海建工
2017-07-10,hs300,2017-07-10,600177,雅戈尔
2017-07-10,hs300,2017-07-10,600188,兖州煤业
2017-07-10,hs300,2017-07-10,600196,复星医药
2017-07-10,hs300,2017-07-10,600208,新湖中宝
2017-07-10,hs300,2017-07-10,600221,海航控股
2017-07-10,hs300,2017-07-10,600233,圆通速递
2017-07-10,hs300,2017-07-10,600256,广汇能源
2017-07-10,hs300,2017-07-10,600271,航天信息
2017-07-10,hs300,2017-07-10,600276,恒瑞医药
2017-07-10,hs300,2017-07-10,600297,广汇汽车
2017-07-10,hs300,2017-07-10,600309,万华化学
2017-07-10,hs300,2017-07-10,600332,白云山
2017-07-10,hs300,2017-07-10,600340,华夏幸福
2017-07-10,hs300,2017-07-10,600352,浙江龙盛
2017-07-10,hs300,2017-07-10,600362,江西铜业
2017-07-10,hs300,2017-07-10,600369,西南证券
2017-07-10,hs300,2017-07-10,600372,中航电子
2017-07-10,hs300,2017-07-10,600373,中文传媒
2017-07-10,hs300,2017-07-10,600376,首开股份
2017-07-10,hs300,2017-07-10,600383,金地集团
2017-07-10,hs300,2017-07-10,600406,国电南瑞
2017-07-10,hs300,2017-07-10,600415,小商品城
2017-07-10,hs300,2017-07-10,600436,片仔癀
2017-07-10,hs300,2017-07-10,600446,金证股份
2017-07-10,hs300,2017-07-10,600482,中国动力
2017-07-10,hs300,2017-07-10,600485,信威集团
2017-07-10,hs300,2017-07-10,600489,中金黄金
2017-07-10,hs300,2017-07-10,600498,烽火通信
2017-07-10,hs300,2017-07-10,600518,康美药业
2017-07-10,hs300,2017-07-10,600519,贵州茅台
2017-07-10,hs300,2017-07-10,600522,中天科技
2017-07-10,hs300,2017-07-10,600535,天士力
2017-07-10,hs300,2017-07-10,600547,山东黄金
2017-07-10,hs300,2017-07-10,600549,厦门钨业
2017-07-10,hs300,2017-07-10,600570,恒生电子
2017-07-10,hs300,2017-07-10,600583,海油工程
2017-07-10,hs300,2017-07-10,600585,海螺水泥
2017-07-10,hs300,2017-07-10,600588,用友网络
2017-07-10,hs300,2017-07-10,600606,绿地控股
2017-07-10,hs300,2017-07-10,600637,东方明珠
2017-07-10,hs300,2017-07-10,600649,城投控股
2017-07-10,hs300,2017-07-10,600660,福耀玻璃
2017-07-10,hs300,2017-07-10,600663,陆家嘴
2017-07-10,hs300,2017-07-10,600674,川投能源
2017-07-10,hs300,2017-07-10,600682,南京新百
2017-07-10,hs300,2017-07-10,600685,中船防务
2017-07-10,hs300,2017-07-10,600688,上海石化
2017-07-10,hs300,2017-07-10,600690,青岛海尔
2017-07-10,hs300,2017-07-10,600703,三安光电
2017-07-10,hs300,2017-07-10,600704,物产中大
2017-07-10,hs300,2017-07-10,600705,中航资本
2017-07-10,hs300,2017-07-10,600718,东软集团
2017-07-10,hs300,2017-07-10,600737,中粮糖业
2017-07-10,hs300,2017-07-10,600739,辽宁成大
2017-07-10,hs300,2017-07-10,600741,华域汽车
2017-07-10,hs300,2017-07-10,600795,国电电力
2017-07-10,hs300,2017-07-10,600804,鹏博士
2017-07-10,hs300,2017-07-10,600816,安信信托
2017-07-10,hs300,2017-07-10,600820,隧道股份
2017-07-10,hs300,2017-07-10,600827,百联股份
2017-07-10,hs300,2017-07-10,600837,海通证券
2017-07-10,hs300,2017-07-10,600871,*ST油服
2017-07-10,hs300,2017-07-10,600886,国投电力
2017-07-10,hs300,2017-07-10,600887,伊利股份
2017-07-10,hs300,2017-07-10,600893,航发动力
2017-07-10,hs300,2017-07-10,600895,张江高科
2017-07-10,hs300,2017-07-10,600900,长江电力
2017-07-10,hs300,2017-07-10,600909,华安证券
2017-07-10,hs300,2017-07-10,600919,江苏银行
2017-07-10,hs300,2017-07-10,600926,杭州银行
2017-07-10,hs300,2017-07-10,600958,东方证券
2017-07-10,hs300,2017-07-10,600959,江苏有线
2017-07-10,hs300,2017-07-10,600977,中国电影
2017-07-10,hs300,2017-07-10,600999,招商证券
2017-07-10,hs300,2017-07-10,601006,大秦铁路
2017-07-10,hs300,2017-07-10,601009,南京银行
2017-07-10,hs300,2017-07-10,601018,宁波港
2017-07-10,hs300,2017-07-10,601021,春秋航空
2017-07-10,hs300,2017-07-10,601088,中国神华
2017-07-10,hs300,2017-07-10,601099,太平洋
2017-07-10,hs300,2017-07-10,601111,中国国航
2017-07-10,hs300,2017-07-10,601117,中国化学
2017-07-10,hs300,2017-07-10,601118,海南橡胶
2017-07-10,hs300,2017-07-10,601127,小康股份
2017-07-10,hs300,2017-07-10,601155,新城控股
2017-07-10,hs300,2017-07-10,601163,三角轮胎
2017-07-10,hs300,2017-07-10,601166,兴业银行
2017-07-10,hs300,2017-07-10,601169,北京银行
2017-07-10,hs300,2017-07-10,601186,中国铁建
2017-07-10,hs300,2017-07-10,601198,东兴证券
2017-07-10,hs300,2017-07-10,601211,国泰君安
2017-07-10,hs300,2017-07-10,601216,君正集团
2017-07-10,hs300,2017-07-10,601225,陕西煤业
2017-07-10,hs300,2017-07-10,601229,上海银行
2017-07-10,hs300,2017-07-10,601288,农业银行
2017-07-10,hs300,2017-07-10,601318,中国平安
2017-07-10,hs300,2017-07-10,601328,交通银行
2017-07-10,hs300,2017-07-10,601333,广深铁路
2017-07-10,hs300,2017-07-10,601336,新华保险
2017-07-10,hs300,2017-07-10,601375,中原证券
2017-07-10,hs300,2017-07-10,601377,兴业证券
2017-07-10,hs300,2017-07-10,601390,中国中铁
2017-07-10,hs300,2017-07-10,601398,工商银行
2017-07-10,hs300,2017-07-10,601555,东吴证券
2017-07-10,hs300,2017-07-10,601600,中国铝业
2017-07-10,hs300,2017-07-10,601601,中国太保
2017-07-10,hs300,2017-07-10,601607,上海医药
2017-07-10,hs300,2017-07-10,601608,中信重工
2017-07-10,hs300,2017-07-10,601611,中国核建
2017-07-10,hs300,2017-07-10,601618,中国中冶
2017-07-10,hs300,2017-07-10,601628,中国人寿
2017-07-10,hs300,2017-07-10,601633,长城汽车
2017-07-10,hs300,2017-07-10,601668,中国建筑
2017-07-10,hs300,2017-07-10,601669,中国电建
2017-07-10,hs300,2017-07-10,601688,华泰证券
2017-07-10,hs300,2017-07-10,601718,际华集团
2017-07-10,hs300,2017-07-10,601727,上海电气
2017-07-10,hs300,2017-07-10,601766,中国中车
2017-07-10,hs300,2017-07-10,601788,光大证券
2017-07-10,hs300,2017-07-10,601800,中国交建
2017-07-10,hs300,2017-07-10,601818,光大银行
2017-07-10,hs300,2017-07-10,601857,中国石油
2017-07-10,hs300,2017-07-10,601866,中远海发
2017-07-10,hs300,2017-07-10,601872,招商轮船
2017-07-10,hs300,2017-07-10,601877,正泰电器
2017-07-10,hs300,2017-07-10,601881,中国银河
2017-07-10,hs300,2017-07-10,601888,中国国旅
2017-07-10,hs300,2017-07-10,601899,紫金矿业
2017-07-10,hs300,2017-07-10,601901,方正证券
2017-07-10,hs300,2017-07-10,601919,中远海控
2017-07-10,hs300,2017-07-10,601933,永辉超市
2017-07-10,hs300,2017-07-10,601939,建设银行
2017-07-10,hs300,2017-07-10,601958,金钼股份
2017-07-10,hs300,2017-07-10,601966,玲珑轮胎
2017-07-10,hs300,2017-07-10,601985,中国核电
2017-07-10,hs300,2017-07-10,601988,中国银行
2017-07-10,hs300,2017-07-10,601989,中国重工
2017-07-10,hs300,2017-07-10,601992,金隅集团
2017-07-10,hs300,2017-07-10,601997,贵阳银行
2017-07-10,hs300,2017-07-10,601998,中信银行
2017-07-10,hs300,2017-07-10,603160,汇顶科技
2017-07-10,hs300,2017-07-10,603858,步长制药
2017-07-10,hs300,2017-07-10,603993,洛阳钼业
2017-07-10,hs300,2017-07-10,000001,平安银行
2017-07-10,hs300,2017-07-10,000002,万科A
2017-07-10,hs300,2017-07-10,000008,神州高铁
2017-07-10,hs300,2017-07-10,000009,中国宝安
2017-07-10,hs300,2017-07-10,000060,中金岭南
2017-07-10,hs300,2017-07-10,000063,中兴通讯
2017-07-10,hs300,2017-07-10,000069,华侨城A
2017-07-10,hs300,2017-07-10,000100,TCL集团
2017-07-10,hs300,2017-07-10,000156,华数传媒
2017-07-10,hs300,2017-07-10,000157,中联重科
2017-07-10,hs300,2017-07-10,000166,申万宏源
2017-07-10,hs300,2017-07-10,000333,美的集团
2017-07-10,hs300,2017-07-10,000338,潍柴动力
2017-07-10,hs300,2017-07-10,000402,金融街
2017-07-10,hs300,2017-07-10,000413,东旭光电
2017-07-10,hs300,2017-07-10,000415,渤海金控
2017-07-10,hs300,2017-07-10,000423,东阿阿胶
2017-07-10,hs300,2017-07-10,000425,徐工机械
2017-07-10,hs300,2017-07-10,000503,国新健康
2017-07-10,hs300,2017-07-10,000538,云南白药
2017-07-10,hs300,2017-07-10,000540,中天金融
2017-07-10,hs300,2017-07-10,000555,神州信息
2017-07-10,hs300,2017-07-10,000559,万向钱潮
2017-07-10,hs300,2017-07-10,000568,泸州老窖
2017-07-10,hs300,2017-07-10,000623,吉林敖东
2017-07-10,hs300,2017-07-10,000625,长安汽车
2017-07-10,hs300,2017-07-10,000627,天茂集团
2017-07-10,hs300,2017-07-10,000630,铜陵有色
2017-07-10,hs300,2017-07-10,000651,格力电器
2017-07-10,hs300,2017-07-10,000671,阳光城
2017-07-10,hs300,2017-07-10,000686,东北证券
2017-07-10,hs300,2017-07-10,000709,河钢股份
2017-07-10,hs300,2017-07-10,000718,苏宁环球
2017-07-10,hs300,2017-07-10,000725,京东方A
2017-07-10,hs300,2017-07-10,000728,国元证券
2017-07-10,hs300,2017-07-10,000738,航发控制
2017-07-10,hs300,2017-07-10,000750,国海证券
2017-07-10,hs300,2017-07-10,000768,中航飞机
2017-07-10,hs300,2017-07-10,000776,广发证券
2017-07-10,hs300,2017-07-10,000783,长江证券
2017-07-10,hs300,2017-07-10,000792,盐湖股份
2017-07-10,hs300,2017-07-10,000793,华闻传媒
2017-07-10,hs300,2017-07-10,000826,启迪桑德
2017-07-10,hs300,2017-07-10,000839,中信国安
2017-07-10,hs300,2017-07-10,000858,五粮液
2017-07-10,hs300,2017-07-10,000876,新希望
2017-07-10,hs300,2017-07-10,000895,双汇发展
2017-07-10,hs300,2017-07-10,000917,电广传媒
2017-07-10,hs300,2017-07-10,000938,紫光股份
2017-07-10,hs300,2017-07-10,000959,首钢股份
2017-07-10,hs300,2017-07-10,000961,中南建设
2017-07-10,hs300,2017-07-10,000963,华东医药
2017-07-10,hs300,2017-07-10,000977,浪潮信息
2017-07-10,hs300,2017-07-10,000983,西山煤电
2017-07-10,hs300,2017-07-10,001979,招商蛇口
2017-07-10,hs300,2017-07-10,002007,华兰生物
2017-07-10,hs300,2017-07-10,002008,大族激光
2017-07-10,hs300,2017-07-10,002024,苏宁易购
2017-07-10,hs300,2017-07-10,002027,分众传媒
2017-07-10,hs300,2017-07-10,002044,美年健康
2017-07-10,hs300,2017-07-10,002049,紫光国微
2017-07-10,hs300,2017-07-10,002065,东华软件
2017-07-10,hs300,2017-07-10,002074,国轩高科
2017-07-10,hs300,2017-07-10,002081,金螳螂
2017-07-10,hs300,2017-07-10,002131,利欧股份
2017-07-10,hs300,2017-07-10,002142,宁波银行
2017-07-10,hs300,2017-07-10,002146,荣盛发展
2017-07-10,hs300,2017-07-10,002152,广电运通
2017-07-10,hs300,2017-07-10,002153,石基信息
2017-07-10,hs300,2017-07-10,002174,游族网络
2017-07-10,hs300,2017-07-10,002183,怡亚通
2017-07-10,hs300,2017-07-10,002195,二三四五
2017-07-10,hs300,2017-07-10,002202,金风科技
2017-07-10,hs300,2017-07-10,002230,科大讯飞
2017-07-10,hs300,2017-07-10,002236,大华股份
2017-07-10,hs300,2017-07-10,002241,歌尔股份
2017-07-10,hs300,2017-07-10,002252,上海莱士
2017-07-10,hs300,2017-07-10,002292,奥飞娱乐
2017-07-10,hs300,2017-07-10,002299,圣农发展
2017-07-10,hs300,2017-07-10,002304,洋河股份
2017-07-10,hs300,2017-07-10,002310,东方园林
2017-07-10,hs300,2017-07-10,002352,顺丰控股
2017-07-10,hs300,2017-07-10,002385,大北农
2017-07-10,hs300,2017-07-10,002411,必康股份
2017-07-10,hs300,2017-07-10,002415,海康威视
2017-07-10,hs300,2017-07-10,002424,贵州百灵
2017-07-10,hs300,2017-07-10,002426,胜利精密
2017-07-10,hs300,2017-07-10,002450,康得新
2017-07-10,hs300,2017-07-10,002456,欧菲科技
2017-07-10,hs300,2017-07-10,002465,海格通信
2017-07-10,hs300,2017-07-10,002466,天齐锂业
2017-07-10,hs300,2017-07-10,002470,金正大
2017-07-10,hs300,2017-07-10,002475,立讯精密
2017-07-10,hs300,2017-07-10,002500,山西证券
2017-07-10,hs300,2017-07-10,002508,老板电器
2017-07-10,hs300,2017-07-10,002555,三七互娱
2017-07-10,hs300,2017-07-10,002558,巨人网络
2017-07-10,hs300,2017-07-10,002594,比亚迪
2017-07-10,hs300,2017-07-10,002602,世纪华通
2017-07-10,hs300,2017-07-10,002673,西部证券
2017-07-10,hs300,2017-07-10,002714,牧原股份
2017-07-10,hs300,2017-07-10,002736,国信证券
2017-07-10,hs300,2017-07-10,002739,万达电影
2017-07-10,hs300,2017-07-10,002797,第一创业
2017-07-10,hs300,2017-07-10,002831,裕同科技
2017-07-10,hs300,2017-07-10,002839,张家港行
2017-07-10,hs300,2017-07-10,002841,视源股份
2017-07-10,hs300,2017-07-10,300017,网宿科技
2017-07-10,hs300,2017-07-10,300024,机器人
2017-07-10,hs300,2017-07-10,300027,华谊兄弟
2017-07-10,hs300,2017-07-10,300033,同花顺
2017-07-10,hs300,2017-07-10,300059,东方财富
2017-07-10,hs300,2017-07-10,300070,碧水源
2017-07-10,hs300,2017-07-10,300072,三聚环保
2017-07-10,hs300,2017-07-10,300104,乐视网
2017-07-10,hs300,2017-07-10,300124,汇川技术
2017-07-10,hs300,2017-07-10,300133,华策影视
2017-07-10,hs300,2017-07-10,300144,宋城演艺
2017-07-10,hs300,2017-07-10,300168,万达信息
2017-07-10,hs300,2017-07-10,300251,光线传媒
2017-07-10,hs300,2017-07-10,300315,掌趣科技
2017-07-10,zz500,2017-07-10,600006,东风汽车
2017-07-10,zz500,2017-07-10,600017,日照港
2017-07-10,zz500,2017-07-10,600022,山东钢铁
2017-07-10,zz500,2017-07-10,600026,中远海能
2017-07-10,zz500,2017-07-10,600039,四川路桥
2017-07-10,zz500,2017-07-10,600053,九鼎投资
2017-07-10,zz500,2017-07-10,600056,中国医药
2017-07-10,zz500,2017-07-10,600058,五矿发展
2017-07-10,zz500,2017-07-10,600059,古越龙山
2017-07-10,zz500,2017-07-10,600062,华润双鹤
2017-07-10,zz500,2017-07-10,600064,南京高科
2017-07-10,zz500,2017-07-10,600073,上海梅林
2017-07-10,zz500,2017-07-10,600079,人福医药
2017-07-10,zz500,2017-07-10,600086,东方金钰
2017-07-10,zz500,2017-07-10,600094,大名城
2017-07-10,zz500,2017-07-10,600098,广州发展
2017-07-10,zz500,2017-07-10,600108,亚盛集团
2017-07-10,zz500,2017-07-10,600120,浙江东方
2017-07-10,zz500,2017-07-10,600122,宏图高科
2017-07-10,zz500,2017-07-10,600125,铁龙物流
2017-07-10,zz500,2017-07-10,600126,杭钢股份
2017-07-10,zz500,2017-07-10,600138,中青旅
2017-07-10,zz500,2017-07-10,600141,兴发集团
2017-07-10,zz500,2017-07-10,600143,金发科技
2017-07-10,zz500,2017-07-10,600151,航天机电
2017-07-10,zz500,2017-07-10,600158,中体产业
2017-07-10,zz500,2017-07-10,600160,巨化股份
2017-07-10,zz500,2017-07-10,600161,天坛生物
2017-07-10,zz500,2017-07-10,600166,福田汽车
2017-07-10,zz500,2017-07-10,600169,太原重工
2017-07-10,zz500,2017-07-10,600171,上海贝岭
2017-07-10,zz500,2017-07-10,600176,中国巨石
2017-07-10,zz500,2017-07-10,600183,生益科技
2017-07-10,zz500,2017-07-10,600184,光电股份
2017-07-10,zz500,2017-07-10,600187,国中水务
2017-07-10,zz500,2017-07-10,600195,中牧股份
2017-07-10,zz500,2017-07-10,600198,*ST大唐
2017-07-10,zz500,2017-07-10,600200,江苏吴中
2017-07-10,zz500,2017-07-10,600201,生物股份
2017-07-10,zz500,2017-07-10,600216,浙江医药
2017-07-10,zz500,2017-07-10,600219,南山铝业
2017-07-10,zz500,2017-07-10,600220,江苏阳光
2017-07-10,zz500,2017-07-10,600240,华业资本
2017-07-10,zz500,2017-07-10,600251,冠农股份
2017-07-10,zz500,2017-07-10,600259,广晟有色
2017-07-10,zz500,2017-07-10,600260,凯乐科技
2017-07-10,zz500,2017-07-10,600266,北京城建
2017-07-10,zz500,2017-07-10,600267,海正药业
2017-07-10,zz500,2017-07-10,600270,外运发展
2017-07-10,zz500,2017-07-10,600277,亿利洁能
2017-07-10,zz500,2017-07-10,600280,中央商场
2017-07-10,zz500,2017-07-10,600282,南钢股份
2017-07-10,zz500,2017-07-10,600284,浦东建设
2017-07-10,zz500,2017-07-10,600289,*ST信通
2017-07-10,zz500,2017-07-10,600291,西水股份
2017-07-10,zz500,2017-07-10,600292,远达环保
2017-07-10,zz500,2017-07-10,600298,安琪酵母
2017-07-10,zz500,2017-07-10,600300,维维股份
2017-07-10,zz500,2017-07-10,600307,酒钢宏兴
2017-07-10,zz500,2017-07-10,600312,平高电气
2017-07-10,zz500,2017-07-10,600315,上海家化
2017-07-10,zz500,2017-07-10,600316,洪都航空
2017-07-10,zz500,2017-07-10,600325,华发股份
2017-07-10,zz500,2017-07-10,600329,中新药业
2017-07-10,zz500,2017-07-10,600335,国机汽车
2017-07-10,zz500,2017-07-10,600338,西藏珠峰
2017-07-10,zz500,2017-07-10,600348,阳泉煤业
2017-07-10,zz500,2017-07-10,600366,宁波韵升
2017-07-10,zz500,2017-07-10,600380,健康元
2017-07-10,zz500,2017-07-10,600388,龙净环保
2017-07-10,zz500,2017-07-10,600392,盛和资源
2017-07-10,zz500,2017-07-10,600395,盘江股份
2017-07-10,zz500,2017-07-10,600409,三友化工
2017-07-10,zz500,2017-07-10,600410,华胜天成
2017-07-10,zz500,2017-07-10,600416,湘电股份
2017-07-10,zz500,2017-07-10,600418,江淮汽车
2017-07-10,zz500,2017-07-10,600422,昆药集团
2017-07-10,zz500,2017-07-10,600426,华鲁恒升
2017-07-10,zz500,2017-07-10,600428,中远海特
2017-07-10,zz500,2017-07-10,600435,北方导航
2017-07-10,zz500,2017-07-10,600458,时代新材
2017-07-10,zz500,2017-07-10,600460,士兰微
2017-07-10,zz500,2017-07-10,600466,蓝光发展
2017-07-10,zz500,2017-07-10,600478,科力远
2017-07-10,zz500,2017-07-10,600481,双良节能
2017-07-10,zz500,2017-07-10,600487,亨通光电
2017-07-10,zz500,2017-07-10,600496,精工钢构
2017-07-10,zz500,2017-07-10,600499,科达洁能
2017-07-10,zz500,2017-07-10,600500,中化国际
2017-07-10,zz500,2017-07-10,600503,华丽家族
2017-07-10,zz500,2017-07-10,600511,国药股份
2017-07-10,zz500,2017-07-10,600516,方大炭素
2017-07-10,zz500,2017-07-10,600517,置信电气
2017-07-10,zz500,2017-07-10,600521,华海药业
2017-07-10,zz500,2017-07-10,600525,长园集团
2017-07-10,zz500,2017-07-10,600528,中铁工业
2017-07-10,zz500,2017-07-10,600536,中国软件
2017-07-10,zz500,2017-07-10,600537,亿晶光电
2017-07-10,zz500,2017-07-10,600545,卓郎智能
2017-07-10,zz500,2017-07-10,600551,时代出版
2017-07-10,zz500,2017-07-10,600557,康缘药业
2017-07-10,zz500,2017-07-10,600563,法拉电子
2017-07-10,zz500,2017-07-10,600565,迪马股份
2017-07-10,zz500,2017-07-10,600566,济川药业
2017-07-10,zz500,2017-07-10,600572,康恩贝
2017-07-10,zz500,2017-07-10,600580,卧龙电气
2017-07-10,zz500,2017-07-10,600582,天地科技
2017-07-10,zz500,2017-07-10,600584,长电科技
2017-07-10,zz500,2017-07-10,600586,金晶科技
2017-07-10,zz500,2017-07-10,600587,新华医疗
2017-07-10,zz500,2017-07-10,600594,益佰制药
2017-07-10,zz500,2017-07-10,600596,新安股份
2017-07-10,zz500,2017-07-10,600597,光明乳业
2017-07-10,zz500,2017-07-10,600600,青岛啤酒
2017-07-10,zz500,2017-07-10,600611,大众交通
2017-07-10,zz500,2017-07-10,600614,鹏起科技
2017-07-10,zz500,2017-07-10,600618,氯碱化工
2017-07-10,zz500,2017-07-10,600628,新世界
2017-07-10,zz500,2017-07-10,600633,浙数文化
2017-07-10,zz500,2017-07-10,600635,大众公用
2017-07-10,zz500,2017-07-10,600639,浦东金桥
2017-07-10,zz500,2017-07-10,600640,号百控股
2017-07-10,zz500,2017-07-10,600642,申能股份
2017-07-10,zz500,2017-07-10,600643,爱建集团
2017-07-10,zz500,2017-07-10,600645,中源协和
2017-07-10,zz500,2017-07-10,600648,外高桥
2017-07-10,zz500,2017-07-10,600651,飞乐音响
2017-07-10,zz500,2017-07-10,600655,豫园股份
2017-07-10,zz500,2017-07-10,600657,信达地产
2017-07-10,zz500,2017-07-10,600664,哈药股份
2017-07-10,zz500,2017-07-10,600673,东阳光科
2017-07-10,zz500,2017-07-10,600687,刚泰控股
2017-07-10,zz500,2017-07-10,600694,大商股份
2017-07-10,zz500,2017-07-10,600699,均胜电子
2017-07-10,zz500,2017-07-10,600717,天津港
2017-07-10,zz500,2017-07-10,600720,祁连山
2017-07-10,zz500,2017-07-10,600729,重庆百货
2017-07-10,zz500,2017-07-10,600736,苏州高新
2017-07-10,zz500,2017-07-10,600743,华远地产
2017-07-10,zz500,2017-07-10,600748,上实发展
2017-07-10,zz500,2017-07-10,600750,江中药业
2017-07-10,zz500,2017-07-10,600751,海航科技
2017-07-10,zz500,2017-07-10,600754,锦江股份
2017-07-10,zz500,2017-07-10,600755,厦门国贸
2017-07-10,zz500,2017-07-10,600757,长江传媒
2017-07-10,zz500,2017-07-10,600759,洲际油气
2017-07-10,zz500,2017-07-10,600765,中航重机
2017-07-10,zz500,2017-07-10,600770,综艺股份
2017-07-10,zz500,2017-07-10,600773,西藏城投
2017-07-10,zz500,2017-07-10,600776,东方通信
2017-07-10,zz500,2017-07-10,600787,中储股份
2017-07-10,zz500,2017-07-10,600790,轻纺城
2017-07-10,zz500,2017-07-10,600801,华新水泥
2017-07-10,zz500,2017-07-10,600805,悦达投资
2017-07-10,zz500,2017-07-10,600808,马钢股份
2017-07-10,zz500,2017-07-10,600809,山西汾酒
2017-07-10,zz500,2017-07-10,600811,东方集团
2017-07-10,zz500,2017-07-10,600826,兰生股份
2017-07-10,zz500,2017-07-10,600831,广电网络
2017-07-10,zz500,2017-07-10,600835,上海机电
2017-07-10,zz500,2017-07-10,600839,四川长虹
2017-07-10,zz500,2017-07-10,600848,上海临港
2017-07-10,zz500,2017-07-10,600859,王府井
2017-07-10,zz500,2017-07-10,600862,中航高科
2017-07-10,zz500,2017-07-10,600863,内蒙华电
2017-07-10,zz500,2017-07-10,600869,智慧能源
2017-07-10,zz500,2017-07-10,600872,中炬高新
2017-07-10,zz500,2017-07-10,600874,创业环保
2017-07-10,zz500,2017-07-10,600879,航天电子
2017-07-10,zz500,2017-07-10,600880,博瑞传播
2017-07-10,zz500,2017-07-10,600881,亚泰集团
2017-07-10,zz500,2017-07-10,600884,杉杉股份
2017-07-10,zz500,2017-07-10,600894,广日股份
2017-07-10,zz500,2017-07-10,600917,重庆燃气
2017-07-10,zz500,2017-07-10,600936,广西广电
2017-07-10,zz500,2017-07-10,600967,内蒙一机
2017-07-10,zz500,2017-07-10,600970,中材国际
2017-07-10,zz500,2017-07-10,600971,恒源煤电
2017-07-10,zz500,2017-07-10,600978,宜华生活
2017-07-10,zz500,2017-07-10,600993,马应龙
2017-07-10,zz500,2017-07-10,600996,贵广网络
2017-07-10,zz500,2017-07-10,601000,唐山港
2017-07-10,zz500,2017-07-10,601001,大同煤业
2017-07-10,zz500,2017-07-10,601002,晋亿实业
2017-07-10,zz500,2017-07-10,601012,隆基股份
2017-07-10,zz500,2017-07-10,601016,节能风电
2017-07-10,zz500,2017-07-10,601020,华钰矿业
2017-07-10,zz500,2017-07-10,601168,西部矿业
2017-07-10,zz500,2017-07-10,601231,环旭电子
2017-07-10,zz500,2017-07-10,601233,桐昆股份
2017-07-10,zz500,2017-07-10,601311,骆驼股份
2017-07-10,zz500,2017-07-10,601678,滨化股份
2017-07-10,zz500,2017-07-10,601689,拓普集团
2017-07-10,zz500,2017-07-10,601699,潞安环能
2017-07-10,zz500,2017-07-10,601717,郑煤机
2017-07-10,zz500,2017-07-10,601777,力帆股份
2017-07-10,zz500,2017-07-10,601811,新华文轩
2017-07-10,zz500,2017-07-10,601880,大连港
2017-07-10,zz500,2017-07-10,601886,江河集团
2017-07-10,zz500,2017-07-10,601928,凤凰传媒
2017-07-10,zz500,2017-07-10,601929,吉视传媒
2017-07-10,zz500,2017-07-10,603000,人民网
2017-07-10,zz500,2017-07-10,603001,奥康国际
2017-07-10,zz500,2017-07-10,603005,晶方科技
2017-07-10,zz500,2017-07-10,603019,中科曙光
2017-07-10,zz500,2017-07-10,603025,大豪科技
2017-07-10,zz500,2017-07-10,603077,和邦生物
2017-07-10,zz500,2017-07-10,603169,兰石重装
2017-07-10,zz500,2017-07-10,603188,ST亚邦
2017-07-10,zz500,2017-07-10,603198,迎驾贡酒
2017-07-10,zz500,2017-07-10,603228,景旺电子
2017-07-10,zz500,2017-07-10,603328,依顿电子
2017-07-10,zz500,2017-07-10,603355,莱克电气
2017-07-10,zz500,2017-07-10,603369,今世缘
2017-07-10,zz500,2017-07-10,603377,东方时尚
2017-07-10,zz500,2017-07-10,603444,吉比特
2017-07-10,zz500,2017-07-10,603515,欧普照明
2017-07-10,zz500,2017-07-10,603528,多伦科技
2017-07-10,zz500,2017-07-10,603556,海兴电力
2017-07-10,zz500,2017-07-10,603567,珍宝岛
2017-07-10,zz500,2017-07-10,603568,伟明环保
2017-07-10,zz500,2017-07-10,603569,长久物流
2017-07-10,zz500,2017-07-10,603589,口子窖
2017-07-10,zz500,2017-07-10,603658,安图生物
2017-07-10,zz500,2017-07-10,603698,航天工程
2017-07-10,zz500,2017-07-10,603766,隆鑫通用
2017-07-10,zz500,2017-07-10,603799,华友钴业
2017-07-10,zz500,2017-07-10,603806,福斯特
2017-07-10,zz500,2017-07-10,603816,顾家家居
2017-07-10,zz500,2017-07-10,603866,桃李面包
2017-07-10,zz500,2017-07-10,603868,飞科电器
2017-07-10,zz500,2017-07-10,603877,太平鸟
2017-07-10,zz500,2017-07-10,603883,老百姓
2017-07-10,zz500,2017-07-10,603888,新华网
2017-07-10,zz500,2017-07-10,000006,深振业A
2017-07-10,zz500,2017-07-10,000012,南玻A
2017-07-10,zz500,2017-07-10,000021,深科技
2017-07-10,zz500,2017-07-10,000025,特力A
2017-07-10,zz500,2017-07-10,000027,深圳能源
2017-07-10,zz500,2017-07-10,000028,国药一致
2017-07-10,zz500,2017-07-10,000031,中粮地产
2017-07-10,zz500,2017-07-10,000039,中集集团
2017-07-10,zz500,2017-07-10,000049,德赛电池
2017-07-10,zz500,2017-07-10,000050,深天马A
2017-07-10,zz500,2017-07-10,000061,农产品
2017-07-10,zz500,2017-07-10,000062,深圳华强
2017-07-10,zz500,2017-07-10,000066,中国长城
2017-07-10,zz500,2017-07-10,000078,海王生物
2017-07-10,zz500,2017-07-10,000089,深圳机场
2017-07-10,zz500,2017-07-10,000090,天健集团
2017-07-10,zz500,2017-07-10,000099,中信海直
2017-07-10,zz500,2017-07-10,000158,常山北明
2017-07-10,zz500,2017-07-10,000400,许继电气
2017-07-10,zz500,2017-07-10,000401,冀东水泥
2017-07-10,zz500,2017-07-10,000417,合肥百货
2017-07-10,zz500,2017-07-10,000418,小天鹅A
2017-07-10,zz500,2017-07-10,000426,兴业矿业
2017-07-10,zz500,2017-07-10,000488,晨鸣纸业
2017-07-10,zz500,2017-07-10,000501,鄂武商A
2017-07-10,zz500,2017-07-10,000513,丽珠集团
2017-07-10,zz500,2017-07-10,000517,荣安地产
2017-07-10,zz500,2017-07-10,000519,中兵红箭
2017-07-10,zz500,2017-07-10,000528,柳工
2017-07-10,zz500,2017-07-10,000536,华映科技
2017-07-10,zz500,2017-07-10,000541,佛山照明
2017-07-10,zz500,2017-07-10,000543,皖能电力
2017-07-10,zz500,2017-07-10,000547,航天发展
2017-07-10,zz500,2017-07-10,000552,靖远煤电
2017-07-10,zz500,2017-07-10,000563,陕国投A
2017-07-10,zz500,2017-07-10,000566,海南海药
2017-07-10,zz500,2017-07-10,000572,海马汽车
2017-07-10,zz500,2017-07-10,000581,威孚高科
2017-07-10,zz500,2017-07-10,000587,金洲慈航
2017-07-10,zz500,2017-07-10,000592,平潭发展
2017-07-10,zz500,2017-07-10,000596,古井贡酒
2017-07-10,zz500,2017-07-10,000598,兴蓉环境
2017-07-10,zz500,2017-07-10,000600,建投能源
2017-07-10,zz500,2017-07-10,000612,焦作万方
2017-07-10,zz500,2017-07-10,000616,海航投资
2017-07-10,zz500,2017-07-10,000620,新华联
2017-07-10,zz500,2017-07-10,000636,风华高科
2017-07-10,zz500,2017-07-10,000652,泰达股份
2017-07-10,zz500,2017-07-10,000656,金科股份
2017-07-10,zz500,2017-07-10,000661,长春高新
2017-07-10,zz500,2017-07-10,000662,天夏智慧
2017-07-10,zz500,2017-07-10,000667,美好置业
2017-07-10,zz500,2017-07-10,000669,金鸿控股
2017-07-10,zz500,2017-07-10,000680,山推股份
2017-07-10,zz500,2017-07-10,000681,视觉中国
2017-07-10,zz500,2017-07-10,000685,中山公用
2017-07-10,zz500,2017-07-10,000690,宝新能源
2017-07-10,zz500,2017-07-10,000697,炼石有色
2017-07-10,zz500,2017-07-10,000703,恒逸石化
2017-07-10,zz500,2017-07-10,000712,锦龙股份
2017-07-10,zz500,2017-07-10,000726,鲁泰A
2017-07-10,zz500,2017-07-10,000727,华东科技
2017-07-10,zz500,2017-07-10,000729,燕京啤酒
2017-07-10,zz500,2017-07-10,000732,泰禾集团
2017-07-10,zz500,2017-07-10,000758,中色股份
2017-07-10,zz500,2017-07-10,000761,本钢板材
2017-07-10,zz500,2017-07-10,000762,西藏矿业
2017-07-10,zz500,2017-07-10,000766,通化金马
2017-07-10,zz500,2017-07-10,000777,中核科技
2017-07-10,zz500,2017-07-10,000778,新兴铸管
2017-07-10,zz500,2017-07-10,000786,北新建材
2017-07-10,zz500,2017-07-10,000806,银河生物
2017-07-10,zz500,2017-07-10,000810,创维数字
2017-07-10,zz500,2017-07-10,000816,*ST慧业
2017-07-10,zz500,2017-07-10,000825,太钢不锈
2017-07-10,zz500,2017-07-10,000829,天音控股
2017-07-10,zz500,2017-07-10,000830,鲁西化工
2017-07-10,zz500,2017-07-10,000848,承德露露
2017-07-10,zz500,2017-07-10,000860,顺鑫农业
2017-07-10,zz500,2017-07-10,000877,天山股份
2017-07-10,zz500,2017-07-10,000878,云南铜业
2017-07-10,zz500,2017-07-10,000897,津滨发展
2017-07-10,zz500,2017-07-10,000926,福星股份
2017-07-10,zz500,2017-07-10,000930,中粮生化
2017-07-10,zz500,2017-07-10,000937,冀中能源
2017-07-10,zz500,2017-07-10,000939,*ST凯迪
2017-07-10,zz500,2017-07-10,000960,锡业股份
2017-07-10,zz500,2017-07-10,000969,安泰科技
2017-07-10,zz500,2017-07-10,000970,中科三环
2017-07-10,zz500,2017-07-10,000975,银泰资源
2017-07-10,zz500,2017-07-10,000979,中弘股份
2017-07-10,zz500,2017-07-10,000988,华工科技
2017-07-10,zz500,2017-07-10,000997,新大陆
2017-07-10,zz500,2017-07-10,000998,隆平高科
2017-07-10,zz500,2017-07-10,000999,华润三九
2017-07-10,zz500,2017-07-10,001696,宗申动力
2017-07-10,zz500,2017-07-10,002001,新和成
2017-07-10,zz500,2017-07-10,002002,鸿达兴业
2017-07-10,zz500,2017-07-10,002004,华邦健康
2017-07-10,zz500,2017-07-10,002005,德豪润达
2017-07-10,zz500,2017-07-10,002011,盾安环境
2017-07-10,zz500,2017-07-10,002013,中航机电
2017-07-10,zz500,2017-07-10,002018,*ST华信
2017-07-10,zz500,2017-07-10,002019,亿帆医药
2017-07-10,zz500,2017-07-10,002022,科华生物
2017-07-10,zz500,2017-07-10,002028,思源电气
2017-07-10,zz500,2017-07-10,002030,达安基因
2017-07-10,zz500,2017-07-10,002038,双鹭药业
2017-07-10,zz500,2017-07-10,002041,登海种业
2017-07-10,zz500,2017-07-10,002048,宁波华翔
2017-07-10,zz500,2017-07-10,002050,三花智控
2017-07-10,zz500,2017-07-10,002051,中工国际
2017-07-10,zz500,2017-07-10,002056,横店东磁
2017-07-10,zz500,2017-07-10,002063,远光软件
2017-07-10,zz500,2017-07-10,002064,华峰氨纶
2017-07-10,zz500,2017-07-10,002073,软控股份
2017-07-10,zz500,2017-07-10,002078,太阳纸业
2017-07-10,zz500,2017-07-10,002092,中泰化学
2017-07-10,zz500,2017-07-10,002093,国脉科技
2017-07-10,zz500,2017-07-10,002106,莱宝高科
2017-07-10,zz500,2017-07-10,002118,紫鑫药业
2017-07-10,zz500,2017-07-10,002120,韵达股份
2017-07-10,zz500,2017-07-10,002122,*ST天马
2017-07-10,zz500,2017-07-10,002123,梦网集团
2017-07-10,zz500,2017-07-10,002127,南极电商
2017-07-10,zz500,2017-07-10,002128,露天煤业
2017-07-10,zz500,2017-07-10,002147,新光圆成
2017-07-10,zz500,2017-07-10,002155,湖南黄金
2017-07-10,zz500,2017-07-10,002176,江特电机
2017-07-10,zz500,2017-07-10,002179,中航光电
2017-07-10,zz500,2017-07-10,002190,成飞集成
2017-07-10,zz500,2017-07-10,002191,劲嘉股份
2017-07-10,zz500,2017-07-10,002194,*ST凡谷
2017-07-10,zz500,2017-07-10,002217,合力泰
2017-07-10,zz500,2017-07-10,002221,东华能源
2017-07-10,zz500,2017-07-10,002223,鱼跃医疗
2017-07-10,zz500,2017-07-10,002233,塔牌集团
2017-07-10,zz500,2017-07-10,002242,九阳股份
2017-07-10,zz500,2017-07-10,002244,滨江集团
2017-07-10,zz500,2017-07-10,002249,大洋电机
2017-07-10,zz500,2017-07-10,002250,联化科技
2017-07-10,zz500,2017-07-10,002251,步步高
2017-07-10,zz500,2017-07-10,002254,泰和新材
2017-07-10,zz500,2017-07-10,002261,拓维信息
2017-07-10,zz500,2017-07-10,002266,浙富控股
2017-07-10,zz500,2017-07-10,002268,卫士通
2017-07-10,zz500,2017-07-10,002269,美邦服饰
2017-07-10,zz500,2017-07-10,002271,东方雨虹
2017-07-10,zz500,2017-07-10,002273,水晶光电
2017-07-10,zz500,2017-07-10,002276,万马股份
2017-07-10,zz500,2017-07-10,002277,友阿股份
2017-07-10,zz500,2017-07-10,002281,光迅科技
2017-07-10,zz500,2017-07-10,002285,世联行
2017-07-10,zz500,2017-07-10,002308,威创股份
2017-07-10,zz500,2017-07-10,002309,中利集团
2017-07-10,zz500,2017-07-10,002311,海大集团
2017-07-10,zz500,2017-07-10,002315,焦点科技
2017-07-10,zz500,2017-07-10,002317,众生药业
2017-07-10,zz500,2017-07-10,002325,洪涛股份
2017-07-10,zz500,2017-07-10,002332,仙琚制药
2017-07-10,zz500,2017-07-10,002340,格林美
2017-07-10,zz500,2017-07-10,002342,巨力索具
2017-07-10,zz500,2017-07-10,002344,海宁皮城
2017-07-10,zz500,2017-07-10,002345,潮宏基
2017-07-10,zz500,2017-07-10,002353,杰瑞股份
2017-07-10,zz500,2017-07-10,002354,天神娱乐
2017-07-10,zz500,2017-07-10,002358,森源电气
2017-07-10,zz500,2017-07-10,002366,台海核电
2017-07-10,zz500,2017-07-10,002368,太极股份
2017-07-10,zz500,2017-07-10,002371,北方华创
2017-07-10,zz500,2017-07-10,002373,千方科技
2017-07-10,zz500,2017-07-10,002375,亚厦股份
2017-07-10,zz500,2017-07-10,002384,东山精密
2017-07-10,zz500,2017-07-10,002390,信邦制药
2017-07-10,zz500,2017-07-10,002392,北京利尔
2017-07-10,zz500,2017-07-10,002396,星网锐捷
2017-07-10,zz500,2017-07-10,002400,省广集团
2017-07-10,zz500,2017-07-10,002405,四维图新
2017-07-10,zz500,2017-07-10,002407,多氟多
2017-07-10,zz500,2017-07-10,002408,齐翔腾达
2017-07-10,zz500,2017-07-10,002410,广联达
2017-07-10,zz500,2017-07-10,002414,高德红外
2017-07-10,zz500,2017-07-10,002416,爱施德
2017-07-10,zz500,2017-07-10,002422,科伦药业
2017-07-10,zz500,2017-07-10,002428,云南锗业
2017-07-10,zz500,2017-07-10,002431,棕榈股份
2017-07-10,zz500,2017-07-10,002437,誉衡药业
2017-07-10,zz500,2017-07-10,002439,启明星辰
2017-07-10,zz500,2017-07-10,002440,闰土股份
2017-07-10,zz500,2017-07-10,002444,巨星科技
2017-07-10,zz500,2017-07-10,002460,赣锋锂业
2017-07-10,zz500,2017-07-10,002463,沪电股份
2017-07-10,zz500,2017-07-10,002468,申通快递
2017-07-10,zz500,2017-07-10,002477,雏鹰农牧
2017-07-10,zz500,2017-07-10,002479,富春环保
2017-07-10,zz500,2017-07-10,002482,广田集团
2017-07-10,zz500,2017-07-10,002489,浙江永强
2017-07-10,zz500,2017-07-10,002491,通鼎互联
2017-07-10,zz500,2017-07-10,002503,搜于特
2017-07-10,zz500,2017-07-10,002505,大康农业
2017-07-10,zz500,2017-07-10,002512,达华智能
2017-07-10,zz500,2017-07-10,002517,恺英网络
2017-07-10,zz500,2017-07-10,002544,杰赛科技
2017-07-10,zz500,2017-07-10,002551,尚荣医疗
2017-07-10,zz500,2017-07-10,002572,索菲亚
2017-07-10,zz500,2017-07-10,002573,清新环境
2017-07-10,zz500,2017-07-10,002583,海能达
2017-07-10,zz500,2017-07-10,002588,史丹利
2017-07-10,zz500,2017-07-10,002589,瑞康医药
2017-07-10,zz500,2017-07-10,002601,龙蟒佰利
2017-07-10,zz500,2017-07-10,002603,以岭药业
2017-07-10,zz500,2017-07-10,002635,安洁科技
2017-07-10,zz500,2017-07-10,002640,跨境通
2017-07-10,zz500,2017-07-10,002642,荣之联
2017-07-10,zz500,2017-07-10,002646,青青稞酒
2017-07-10,zz500,2017-07-10,002657,中科金财
2017-07-10,zz500,2017-07-10,002663,普邦股份
2017-07-10,zz500,2017-07-10,002665,首航节能
2017-07-10,zz500,2017-07-10,002670,国盛金控
2017-07-10,zz500,2017-07-10,002672,东江环保
2017-07-10,zz500,2017-07-10,002681,奋达科技
2017-07-10,zz500,2017-07-10,002690,美亚光电
2017-07-10,zz500,2017-07-10,002699,美盛文化
2017-07-10,zz500,2017-07-10,002701,奥瑞金
2017-07-10,zz500,2017-07-10,002707,众信旅游
2017-07-10,zz500,2017-07-10,002709,天赐材料
2017-07-10,zz500,2017-07-10,002727,一心堂
2017-07-10,zz500,2017-07-10,002807,江阴银行
2017-07-10,zz500,2017-07-10,002815,崇达技术
2017-07-10,zz500,2017-07-10,002818,富森美
2017-07-10,zz500,2017-07-10,300001,特锐德
2017-07-10,zz500,2017-07-10,300002,神州泰岳
2017-07-10,zz500,2017-07-10,300010,立思辰
2017-07-10,zz500,2017-07-10,300026,红日药业
2017-07-10,zz500,2017-07-10,300032,金龙机电
2017-07-10,zz500,2017-07-10,300039,上海凯宝
2017-07-10,zz500,2017-07-10,300043,星辉娱乐
2017-07-10,zz500,2017-07-10,300055,万邦达
2017-07-10,zz500,2017-07-10,300058,蓝色光标
2017-07-10,zz500,2017-07-10,300088,长信科技
2017-07-10,zz500,2017-07-10,300113,顺网科技
2017-07-10,zz500,2017-07-10,300115,长盈精密
2017-07-10,zz500,2017-07-10,300116,坚瑞沃能
2017-07-10,zz500,2017-07-10,300122,智飞生物
2017-07-10,zz500,2017-07-10,300134,大富科技
2017-07-10,zz500,2017-07-10,300136,信维通信
2017-07-10,zz500,2017-07-10,300146,汤臣倍健
2017-07-10,zz500,2017-07-10,300147,香雪制药
2017-07-10,zz500,2017-07-10,300156,神雾环保
2017-07-10,zz500,2017-07-10,300159,新研股份
2017-07-10,zz500,2017-07-10,300166,东方国信
2017-07-10,zz500,2017-07-10,300199,翰宇药业
2017-07-10,zz500,2017-07-10,300202,聚龙股份
2017-07-10,zz500,2017-07-10,300244,迪安诊断
2017-07-10,zz500,2017-07-10,300253,卫宁健康
2017-07-10,zz500,2017-07-10,300257,开山股份
2017-07-10,zz500,2017-07-10,300266,兴源环境
2017-07-10,zz500,2017-07-10,300273,和佳股份
2017-07-10,zz500,2017-07-10,300274,阳光电源
2017-07-10,zz500,2017-07-10,300287,飞利信
2017-07-10,zz500,2017-07-10,300291,华录百纳
2017-07-10,zz500,2017-07-10,300296,利亚德
2017-07-10,zz500,2017-07-10,300297,蓝盾股份
2017-07-10,zz500,2017-07-10,300324,旋极信息
2017-07-10,zz500,2017-07-10,300376,易事特
2017-07-10,zz500,2017-07-10,300383,光环新网
2018-01-10,hs300,2018-01-08,600000,浦发银行
2018-01-10,hs300,2018-01-08,600008,首创股份
2018-01-10,hs300,2018-01-08,600009,上海机场
2018-01-10,hs300,2018-01-08,600010,包钢股份
2018-01-10,hs300,2018-01-08,600011,华能国际
2018-01-10,hs300,2018-01-08,600015,华夏银行
2018-01-10,hs300,2018-01-08,600016,民生银行
2018-01-10,hs300,2018-01-08,600018,上港集团
2018-01-10,hs300,2018-01-08,600019,宝钢股份
2018-01-10,hs300,2018-01-08,600021,上海电力
2018-01-10,hs300,2018-01-08,600023,浙能电力
2018-01-10,hs300,2018-01-08,600028,中国石化
2018-01-10,hs300,2018-01-08,600029,南方航空
2018-01-10,hs300,2018-01-08,600030,中信证券
2018-01-10,hs300,2018-01-08,600031,三一重工
2018-01-10,hs300,2018-01-08,600036,招商银行
2018-01-10,hs300,2018-01-08,600038,中直股份
2018-01-10,hs300,2018-01-08,600048,保利地产
2018-01-10,hs300,2018-01-08,600050,中国联通
2018-01-10,hs300,2018-01-08,600061,国投资本
2018-01-10,hs300,2018-01-08,600066,宇通客车
2018-01-10,hs300,2018-01-08,600068,葛洲坝
2018-01-10,hs300,2018-01-08,600074,*ST保千
2018-01-10,hs300,2018-01-08,600085,同仁堂
2018-01-10,hs300,2018-01-08,600089,特变电工
2018-01-10,hs300,2018-01-08,600100,同方股份
2018-01-10,hs300,2018-01-08,600104,上汽集团
2018-01-10,hs300,2018-01-08,600109,国金证券
2018-01-10,hs300,2018-01-08,600111,北方稀土
2018-01-10,hs300,2018-01-08,600115,东方航空
2018-01-10,hs300,2018-01-08,600118,中国卫星
2018-01-10,hs300,2018-01-08,600153,建发股份
2018-01-10,hs300,2018-01-08,600157,永泰能源
2018-01-10,hs300,2018-01-08,600170,上海建工
2018-01-10,hs300,2018-01-08,600177,雅戈尔
2018-01-10,hs300,2018-01-08,600188,兖州煤业
2018-01-10,hs300,2018-01-08,600196,复星医药
2018-01-10,hs300,2018-01-08,600208,新湖中宝
2018-01-10,hs300,2018-01-08,600219,南山铝业
2018-01-10,hs300,2018-01-08,600221,海航控股
2018-01-10,hs300,2018-01-08,600233,圆通速递
2018-01-10,hs300,2018-01-08,600271,航天信息
2018-01-10,hs300,2018-01-08,600276,恒瑞医药
2018-01-10,hs300,2018-01-08,600297,广汇汽车
2018-01-10,hs300,2018-01-08,600309,万华化学
2018-01-10,hs300,2018-01-08,600332,白云山
2018-01-10,hs300,2018-01-08,600340,华夏幸福
2018-01-10,hs300,2018-01-08,600352,浙江龙盛
2018-01-10,hs300,2018-01-08,600362,江西铜业
2018-01-10,hs300,2018-01-08,600369,西南证券
2018-01-10,hs300,2018-01-08,600372,中航电子
2018-01-10,hs300,2018-01-08,600373,中文传媒
2018-01-10,hs300,2018-01-08,600376,首开股份
2018-01-10,hs300,2018-01-08,600383,金地集团
2018-01-10,hs300,2018-01-08,600390,五矿资本
2018-01-10,hs300,2018-01-08,600406,国电南瑞
2018-01-10,hs300,2018-01-08,600415,小商品城
2018-01-10,hs300,2018-01-08,600436,片仔癀
2018-01-10,hs300,2018-01-08,600482,中国动力
2018-01-10,hs300,2018-01-08,600485,信威集团
2018-01-10,hs300,2018-01-08,600489,中金黄金
2018-01-10,hs300,2018-01-08,600498,烽火通信
2018-01-10,hs300,2018-01-08,600518,康美药业
2018-01-10,hs300,2018-01-08,600519,贵州茅台
2018-01-10,hs300,2018-01-08,600522,中天科技
2018-01-10,hs300,2018-01-08,600535,天士力
2018-01-10,hs300,2018-01-08,600547,山东黄金
2018-01-10,hs300,2018-01-08,600549,厦门钨业
2018-01-10,hs300,2018-01-08,600570,恒生电子
2018-01-10,hs300,2018-01-08,600583,海油工程
2018-01-10,hs300,2018-01-08,600585,海螺水泥
2018-01-10,hs300,2018-01-08,600588,用友网络
2018-01-10,hs300,2018-01-08,600606,绿地控股
2018-01-10,hs300,2018-01-08,600637,东方明珠
2018-01-10,hs300,2018-01-08,600649,城投控股
2018-01-10,hs300,2018-01-08,600660,福耀玻璃
2018-01-10,hs300,2018-01-08,600663,陆家嘴
2018-01-10,hs300,2018-01-08,600674,川投能源
2018-01-10,hs300,2018-01-08,600682,南京新百
2018-01-10,hs300,2018-01-08,600685,中船防务
2018-01-10,hs300,2018-01-08,600688,上海石化
2018-01-10,hs300,2018-01-08,600690,青岛海尔
2018-01-10,hs300,2018-01-08,600703,三安光电
2018-01-10,hs300,2018-01-08,600704,物产中大
2018-01-10,hs300,2018-01-08,600705,中航资本
2018-01-10,hs300,2018-01-08,600739,辽宁成大
2018-01-10,hs300,2018-01-08,600741,华域汽车
2018-01-10,hs300,2018-01-08,600795,国电电力
2018-01-10,hs300,2018-01-08,600804,鹏博士
2018-01-10,hs300,2018-01-08,600816,安信信托
2018-01-10,hs300,2018-01-08,600820,隧道股份
2018-01-10,hs300,2018-01-08,600827,百联股份
2018-01-10,hs300,2018-01-08,600837,海通证券
2018-01-10,hs300,2018-01-08,600871,*ST油服
2018-01-10,hs300,2018-01-08,600886,国投电力
2018-01-10,hs300,2018-01-08,600887,伊利股份
2018-01-10,hs300,2018-01-08,600893,航发动力
2018-01-10,hs300,2018-01-08,600895,张江高科
2018-01-10,hs300,2018-01-08,600900,长江电力
2018-01-10,hs300,2018-01-08,600909,华安证券
2018-01-10,hs300,2018-01-08,600919,江苏银行
2018-01-10,hs300,2018-01-08,600926,杭州银行
2018-01-10,hs300,2018-01-08,600958,东方证券
2018-01-10,hs300,2018-01-08,600959,江苏有线
2018-01-10,hs300,2018-01-08,600977,中国电影
2018-01-10,hs300,2018-01-08,600999,招商证券
2018-01-10,hs300,2018-01-08,601006,大秦铁路
2018-01-10,hs300,2018-01-08,601009,南京银行
2018-01-10,hs300,2018-01-08,601012,隆基股份
2018-01-10,hs300,2018-01-08,601018,宁波港
2018-01-10,hs300,2018-01-08,601021,春秋航空
2018-01-10,hs300,2018-01-08,601088,中国神华
2018-01-10,hs300,2018-01-08,601099,太平洋
2018-01-10,hs300,2018-01-08,601111,中国国航
2018-01-10,hs300,2018-01-08,601117,中国化学
2018-01-10,hs300,2018-01-08,601118,海南橡胶
2018-01-10,hs300,2018-01-08,601155,新城控股
2018-01-10,hs300,2018-01-08,601163,三角轮胎
2018-01-10,hs300,2018-01-08,601166,兴业银行
2018-01-10,hs300,2018-01-08,601169,北京银行
2018-01-10,hs300,2018-01-08,601186,中国铁建
2018-01-10,hs300,2018-01-08,601198,东兴证券
2018-01-10,hs300,2018-01-08,601211,国泰君安
2018-01-10,hs300,2018-01-08,601212,白银有色
2018-01-10,hs300,2018-01-08,601216,君正集团
2018-01-10,hs300,2018-01-08,601225,陕西煤业
2018-01-10,hs300,2018-01-08,601228,广州港
2018-01-10,hs300,2018-01-08,601229,上海银行
2018-01-10,hs300,2018-01-08,601288,农业银行
2018-01-10,hs300,2018-01-08,601318,中国平安
2018-01-10,hs300,2018-01-08,601328,交通银行
2018-01-10,hs300,2018-01-08,601333,广深铁路
2018-01-10,hs300,2018-01-08,601336,新华保险
2018-01-10,hs300,2018-01-08,601375,中原证券
2018-01-10,hs300,2018-01-08,601377,兴业证券
2018-01-10,hs300,2018-01-08,601390,中国中铁
2018-01-10,hs300,2018-01-08,601398,工商银行
2018-01-10,hs300,2018-01-08,601555,东吴证券
2018-01-10,hs300,2018-01-08,601600,中国铝业
2018-01-10,hs300,2018-01-08,601601,中国太保
2018-01-10,hs300,2018-01-08,601607,上海医药
2018-01-10,hs300,2018-01-08,601608,中信重工
2018-01-10,hs300,2018-01-08,601611,中国核建
2018-01-10,hs300,2018-01-08,601618,中国中冶
2018-01-10,hs300,2018-01-08,601628,中国人寿
2018-01-10,hs300,2018-01-08,601633,长城汽车
2018-01-10,hs300,2018-01-08,601668,中国建筑
2018-01-10,hs300,2018-01-08,601669,中国电建
2018-01-10,hs300,2018-01-08,601688,华泰证券
2018-01-10,hs300,2018-01-08,601718,际华集团
2018-01-10,hs300,2018-01-08,601727,上海电气
2018-01-10,hs300,2018-01-08,601766,中国中车
2018-01-10,hs300,2018-01-08,601788,光大证券
2018-01-10,hs300,2018-01-08,601800,中国交建
2018-01-10,hs300,2018-01-08,601818,光大银行
2018-01-10,hs300,2018-01-08,601857,中国石油
2018-01-10,hs300,2018-01-08,601866,中远海发
2018-01-10,hs300,2018-01-08,601872,招商轮船
2018-01-10,hs300,2018-01-08,601877,正泰电器
2018-01-10,hs300,2018-01-08,601878,浙商证券
2018-01-10,hs300,2018-01-08,601881,中国银河
2018-01-10,hs300,2018-01-08,601888,中国国旅
2018-01-10,hs300,2018-01-08,601898,中煤能源
2018-01-10,hs300,2018-01-08,601899,紫金矿业
2018-01-10,hs300,2018-01-08,601901,方正证券
2018-01-10,hs300,2018-01-08,601919,中远海控
2018-01-10,hs300,2018-01-08,601933,永辉超市
2018-01-10,hs300,2018-01-08,601939,建设银行
2018-01-10,hs300,2018-01-08,601958,金钼股份
2018-01-10,hs300,2018-01-08,601966,玲珑轮胎
2018-01-10,hs300,2018-01-08,601985,中国核电
2018-01-10,hs300,2018-01-08,601988,中国银行
2018-01-10,hs300,2018-01-08,601989,中国重工
2018-01-10,hs300,2018-01-08,601991,大唐发电
2018-01-10,hs300,2018-01-08,601992,金隅集团
2018-01-10,hs300,2018-01-08,601997,贵阳银行
2018-01-10,hs300,2018-01-08,601998,中信银行
2018-01-10,hs300,2018-01-08,603160,汇顶科技
2018-01-10,hs300,2018-01-08,603799,华友钴业
2018-01-10,hs300,2018-01-08,603833,欧派家居
2018-01-10,hs300,2018-01-08,603858,步长制药
2018-01-10,hs300,2018-01-08,603993,洛阳钼业
2018-01-10,hs300,2018-01-08,000001,平安银行
2018-01-10,hs300,2018-01-08,000002,万科A
2018-01-10,hs300,2018-01-08,000008,神州高铁
2018-01-10,hs300,2018-01-08,000060,中金岭南
2018-01-10,hs300,2018-01-08,000063,中兴通讯
2018-01-10,hs300,2018-01-08,000069,华侨城A
2018-01-10,hs300,2018-01-08,000100,TCL集团
2018-01-10,hs300,2018-01-08,000157,中联重科
2018-01-10,hs300,2018-01-08,000166,申万宏源
2018-01-10,hs300,2018-01-08,000333,美的集团
2018-01-10,hs300,2018-01-08,000338,潍柴动力
2018-01-10,hs300,2018-01-08,000402,金融街
2018-01-10,hs300,2018-01-08,000413,东旭光电
2018-01-10,hs300,2018-01-08,000415,渤海金控
2018-01-10,hs300,2018-01-08,000423,东阿阿胶
2018-01-10,hs300,2018-01-08,000425,徐工机械
2018-01-10,hs300,2018-01-08,000503,国新健康
2018-01-10,hs300,2018-01-08,000538,云南白药
2018-01-10,hs300,2018-01-08,000540,中天金融
2018-01-10,hs300,2018-01-08,000559,万向钱潮
2018-01-10,hs300,2018-01-08,000568,泸州老窖
2018-01-10,hs300,2018-01-08,000623,吉林敖东
2018-01-10,hs300,2018-01-08,000625,长安汽车
2018-01-10,hs300,2018-01-08,000627,天茂集团
2018-01-10,hs300,2018-01-08,000630,铜陵有色
2018-01-10,hs300,2018-01-08,000651,格力电器
2018-01-10,hs300,2018-01-08,000671,阳光城
2018-01-10,hs300,2018-01-08,000686,东北证券
2018-01-10,hs300,2018-01-08,000709,河钢股份
2018-01-10,hs300,2018-01-08,000723,美锦能源
2018-01-10,hs300,2018-01-08,000725,京东方A
2018-01-10,hs300,2018-01-08,000728,国元证券
2018-01-10,hs300,2018-01-08,000738,航发控制
2018-01-10,hs300,2018-01-08,000750,国海证券
2018-01-10,hs300,2018-01-08,000768,中航飞机
2018-01-10,hs300,2018-01-08,000776,广发证券
2018-01-10,hs300,2018-01-08,000783,长江证券
2018-01-10,hs300,2018-01-08,000792,盐湖股份
2018-01-10,hs300,2018-01-08,000826,启迪桑德
2018-01-10,hs300,2018-01-08,000839,中信国安
2018-01-10,hs300,2018-01-08,000858,五粮液
2018-01-10,hs300,2018-01-08,000876,新希望
2018-01-10,hs300,2018-01-08,000895,双汇发展
2018-01-10,hs300,2018-01-08,000898,鞍钢股份
2018-01-10,hs300,2018-01-08,000938,紫光股份
2018-01-10,hs300,2018-01-08,000959,首钢股份
2018-01-10,hs300,2018-01-08,000961,中南建设
2018-01-10,hs300,2018-01-08,000963,华东医药
2018-01-10,hs300,2018-01-08,000983,西山煤电
2018-01-10,hs300,2018-01-08,001979,招商蛇口
2018-01-10,hs300,2018-01-08,002007,华兰生物
2018-01-10,hs300,2018-01-08,002008,大族激光
2018-01-10,hs300,2018-01-08,002024,苏宁易购
2018-01-10,hs300,2018-01-08,002027,分众传媒
2018-01-10,hs300,2018-01-08,002044,美年健康
2018-01-10,hs300,2018-01-08,002065,东华软件
2018-01-10,hs300,2018-01-08,002074,国轩高科
2018-01-10,hs300,2018-01-08,002081,金螳螂
2018-01-10,hs300,2018-01-08,002142,宁波银行
2018-01-10,hs300,2018-01-08,002146,荣盛发展
2018-01-10,hs300,2018-01-08,002153,石基信息
2018-01-10,hs300,2018-01-08,002174,游族网络
2018-01-10,hs300,2018-01-08,002202,金风科技
2018-01-10,hs300,2018-01-08,002230,科大讯飞
2018-01-10,hs300,2018-01-08,002236,大华股份
2018-01-10,hs300,2018-01-08,002241,歌尔股份
2018-01-10,hs300,2018-01-08,002252,上海莱士
2018-01-10,hs300,2018-01-08,002292,奥飞娱乐
2018-01-10,hs300,2018-01-08,002294,信立泰
2018-01-10,hs300,2018-01-08,002304,洋河股份
2018-01-10,hs300,2018-01-08,002310,东方园林
2018-01-10,hs300,2018-01-08,002352,顺丰控股
2018-01-10,hs300,2018-01-08,002385,大北农
2018-01-10,hs300,2018-01-08,002411,必康股份
2018-01-10,hs300,2018-01-08,002415,海康威视
2018-01-10,hs300,2018-01-08,002424,贵州百灵
2018-01-10,hs300,2018-01-08,002426,胜利精密
2018-01-10,hs300,2018-01-08,002450,康得新
2018-01-10,hs300,2018-01-08,002456,欧菲科技
2018-01-10,hs300,2018-01-08,002460,赣锋锂业
2018-01-10,hs300,2018-01-08,002465,海格通信
2018-01-10,hs300,2018-01-08,002466,天齐锂业
2018-01-10,hs300,2018-01-08,002468,申通快递
2018-01-10,hs300,2018-01-08,002470,金正大
2018-01-10,hs300,2018-01-08,002475,立讯精密
2018-01-10,hs300,2018-01-08,002500,山西证券
2018-01-10,hs300,2018-01-08,002508,老板电器
2018-01-10,hs300,2018-01-08,002555,三七互娱
2018-01-10,hs300,2018-01-08,002558,巨人网络
2018-01-10,hs300,2018-01-08,002572,索菲亚
2018-01-10,hs300,2018-01-08,002594,比亚迪
2018-01-10,hs300,2018-01-08,002601,龙蟒佰利
2018-01-10,hs300,2018-01-08,002602,世纪华通
2018-01-10,hs300,2018-01-08,002608,江苏国信
2018-01-10,hs300,2018-01-08,002624,完美世界
2018-01-10,hs300,2018-01-08,002673,西部证券
2018-01-10,hs300,2018-01-08,002714,牧原股份
2018-01-10,hs300,2018-01-08,002736,国信证券
2018-01-10,hs300,2018-01-08,002739,万达电影
2018-01-10,hs300,2018-01-08,002797,第一创业
2018-01-10,hs300,2018-01-08,002831,裕同科技
2018-01-10,hs300,2018-01-08,002839,张家港行
2018-01-10,hs300,2018-01-08,002841,视源股份
2018-01-10,hs300,2018-01-08,300003,乐普医疗
2018-01-10,hs300,2018-01-08,300015,爱尔眼科
2018-01-10,hs300,2018-01-08,300017,网宿科技
2018-01-10,hs300,2018-01-08,300024,机器人
2018-01-10,hs300,2018-01-08,300027,华谊兄弟
2018-01-10,hs300,2018-01-08,300033,同花顺
2018-01-10,hs300,2018-01-08,300059,东方财富
2018-01-10,hs300,2018-01-08,300070,碧水源
2018-01-10,hs300,2018-01-08,300072,三聚环保
2018-01-10,hs300,2018-01-08,300122,智飞生物
2018-01-10,hs300,2018-01-08,300124,汇川技术
2018-01-10,hs300,2018-01-08,300136,信维通信
2018-01-10,hs300,2018-01-08,300144,宋城演艺
2018-01-10,hs300,2018-01-08,300251,光线传媒
2018-01-10,hs300,2018-01-08,300315,掌趣科技
2018-01-10,zz500,2018-01-08,600004,白云机场
2018-01-10,zz500,2018-01-08,600006,东风汽车
2018-01-10,zz500,2018-01-08,600017,日照港
2018-01-10,zz500,2018-01-08,600022,山东钢铁
2018-01-10,zz500,2018-01-08,600026,中远海能
2018-01-10,zz500,2018-01-08,600037,歌华有线
2018-01-10,zz500,2018-01-08,600039,四川路桥
2018-01-10,zz500,2018-01-08,600053,九鼎投资
2018-01-10,zz500,2018-01-08,600056,中国医药
2018-01-10,zz500,2018-01-08,600058,五矿发展
2018-01-10,zz500,2018-01-08,600059,古越龙山
2018-01-10,zz500,2018-01-08,600060,海信电器
2018-01-10,zz500,2018-01-08,600062,华润双鹤
2018-01-10,zz500,2018-01-08,600064,南京高科
2018-01-10,zz500,2018-01-08,600073,上海梅林
2018-01-10,zz500,2018-01-08,600079,人福医药
2018-01-10,zz500,2018-01-08,600086,东方金钰
2018-01-10,zz500,2018-01-08,600094,大名城
2018-01-10,zz500,2018-01-08,600098,广州发展
2018-01-10,zz500,2018-01-08,600108,亚盛集团
2018-01-10,zz500,2018-01-08,600120,浙江东方
2018-01-10,zz500,2018-01-08,600122,宏图高科
2018-01-10,zz500,2018-01-08,600125,铁龙物流
2018-01-10,zz500,2018-01-08,600126,杭钢股份
2018-01-10,zz500,2018-01-08,600138,中青旅
2018-01-10,zz500,2018-01-08,600141,兴发集团
2018-01-10,zz500,2018-01-08,600143,金发科技
2018-01-10,zz500,2018-01-08,600151,航天机电
2018-01-10,zz500,2018-01-08,600155,华创阳安
2018-01-10,zz500,2018-01-08,600158,中体产业
2018-01-10,zz500,2018-01-08,600160,巨化股份
2018-01-10,zz500,2018-01-08,600161,天坛生物
2018-01-10,zz500,2018-01-08,600166,福田汽车
2018-01-10,zz500,2018-01-08,600169,太原重工
2018-01-10,zz500,2018-01-08,600171,上海贝岭
2018-01-10,zz500,2018-01-08,600176,中国巨石
2018-01-10,zz500,2018-01-08,600179,安通控股
2018-01-10,zz500,2018-01-08,600183,生益科技
2018-01-10,zz500,2018-01-08,600184,光电股份
2018-01-10,zz500,2018-01-08,600187,国中水务
2018-01-10,zz500,2018-01-08,600195,中牧股份
2018-01-10,zz500,2018-01-08,600201,生物股份
2018-01-10,zz500,2018-01-08,600216,浙江医药
2018-01-10,zz500,2018-01-08,600240,华业资本
2018-01-10,zz500,2018-01-08,600256,广汇能源
2018-01-10,zz500,2018-01-08,600259,广晟有色
2018-01-10,zz500,2018-01-08,600260,凯乐科技
2018-01-10,zz500,2018-01-08,600266,北京城建
2018-01-10,zz500,2018-01-08,600267,海正药业
2018-01-10,zz500,2018-01-08,600270,外运发展
2018-01-10,zz500,2018-01-08,600277,亿利洁能
2018-01-10,zz500,2018-01-08,600280,中央商场
2018-01-10,zz500,2018-01-08,600282,南钢股份
2018-01-10,zz500,2018-01-08,600284,浦东建设
2018-01-10,zz500,2018-01-08,600289,*ST信通
2018-01-10,zz500,2018-01-08,600291,西水股份
2018-01-10,zz500,2018-01-08,600292,远达环保
2018-01-10,zz500,2018-01-08,600298,安琪酵母
2018-01-10,zz500,2018-01-08,600300,维维股份
2018-01-10,zz500,2018-01-08,600307,酒钢宏兴
2018-01-10,zz500,2018-01-08,600312,平高电气
2018-01-10,zz500,2018-01-08,600315,上海家化
2018-01-10,zz500,2018-01-08,600316,洪都航空
2018-01-10,zz500,2018-01-08,600317,营口港
2018-01-10,zz500,2018-01-08,600325,华发股份
2018-01-10,zz500,2018-01-08,600329,中新药业
2018-01-10,zz500,2018-01-08,600335,国机汽车
2018-01-10,zz500,2018-01-08,600338,西藏珠峰
2018-01-10,zz500,2018-01-08,600346,恒力股份
2018-01-10,zz500,2018-01-08,600348,阳泉煤业
2018-01-10,zz500,2018-01-08,600366,宁波韵升
2018-01-10,zz500,2018-01-08,600380,健康元
2018-01-10,zz500,2018-01-08,600388,龙净环保
2018-01-10,zz500,2018-01-08,600392,盛和资源
2018-01-10,zz500,2018-01-08,600393,粤泰股份
2018-01-10,zz500,2018-01-08,600395,盘江股份
2018-01-10,zz500,2018-01-08,600409,三友化工
2018-01-10,zz500,2018-01-08,600410,华胜天成
2018-01-10,zz500,2018-01-08,600416,湘电股份
2018-01-10,zz500,2018-01-08,600418,江淮汽车
2018-01-10,zz500,2018-01-08,600422,昆药集团
2018-01-10,zz500,2018-01-08,600426,华鲁恒升
2018-01-10,zz500,2018-01-08,600428,中远海特
2018-01-10,zz500,2018-01-08,600435,北方导航
2018-01-10,zz500,2018-01-08,600438,通威股份
2018-01-10,zz500,2018-01-08,600458,时代新材
2018-01-10,zz500,2018-01-08,600460,士兰微
2018-01-10,zz500,2018-01-08,600466,蓝光发展
2018-01-10,zz500,2018-01-08,600478,科力远
2018-01-10,zz500,2018-01-08,600481,双良节能
2018-01-10,zz500,2018-01-08,600499,科达洁能
2018-01-10,zz500,2018-01-08,600500,中化国际
2018-01-10,zz500,2018-01-08,600503,华丽家族
2018-01-10,zz500,2018-01-08,600511,国药股份
2018-01-10,zz500,2018-01-08,600516,方大炭素
2018-01-10,zz500,2018-01-08,600517,置信电气
2018-01-10,zz500,2018-01-08,600521,华海药业
2018-01-10,zz500,2018-01-08,600525,长园集团
2018-01-10,zz500,2018-01-08,600536,中国软件
2018-01-10,zz500,2018-01-08,600545,卓郎智能
2018-01-10,zz500,2018-01-08,600557,康缘药业
2018-01-10,zz500,2018-01-08,600563,法拉电子
2018-01-10,zz500,2018-01-08,600565,迪马股份
2018-01-10,zz500,2018-01-08,600566,济川药业
2018-01-10,zz500,2018-01-08,600572,康恩贝
2018-01-10,zz500,2018-01-08,600575,皖江物流
2018-01-10,zz500,2018-01-08,600578,京能电力
2018-01-10,zz500,2018-01-08,600580,卧龙电气
2018-01-10,zz500,2018-01-08,600582,天地科技
2018-01-10,zz500,2018-01-08,600584,长电科技
2018-01-10,zz500,2018-01-08,600587,新华医疗
2018-01-10,zz500,2018-01-08,600594,益佰制药
2018-01-10,zz500,2018-01-08,600597,光明乳业
2018-01-10,zz500,2018-01-08,600598,北大荒
2018-01-10,zz500,2018-01-08,600600,青岛啤酒
2018-01-10,zz500,2018-01-08,600611,大众交通
2018-01-10,zz500,2018-01-08,600614,鹏起科技
2018-01-10,zz500,2018-01-08,600618,氯碱化工
2018-01-10,zz500,2018-01-08,600623,华谊集团
2018-01-10,zz500,2018-01-08,600628,新世界
2018-01-10,zz500,2018-01-08,600633,浙数文化
2018-01-10,zz500,2018-01-08,600635,大众公用
2018-01-10,zz500,2018-01-08,600639,浦东金桥
2018-01-10,zz500,2018-01-08,600640,号百控股
2018-01-10,zz500,2018-01-08,600642,申能股份
2018-01-10,zz500,2018-01-08,600643,爱建集团
2018-01-10,zz500,2018-01-08,600645,中源协和
2018-01-10,zz500,2018-01-08,600648,外高桥
2018-01-10,zz500,2018-01-08,600651,飞乐音响
2018-01-10,zz500,2018-01-08,600655,豫园股份
2018-01-10,zz500,2018-01-08,600657,信达地产
2018-01-10,zz500,2018-01-08,600664,哈药股份
2018-01-10,zz500,2018-01-08,600673,东阳光科
2018-01-10,zz500,2018-01-08,600687,刚泰控股
2018-01-10,zz500,2018-01-08,600694,大商股份
2018-01-10,zz500,2018-01-08,600717,天津港
2018-01-10,zz500,2018-01-08,600718,东软集团
2018-01-10,zz500,2018-01-08,600729,重庆百货
2018-01-10,zz500,2018-01-08,600737,中粮糖业
2018-01-10,zz500,2018-01-08,600743,华远地产
2018-01-10,zz500,2018-01-08,600748,上实发展
2018-01-10,zz500,2018-01-08,600750,江中药业
2018-01-10,zz500,2018-01-08,600751,海航科技
2018-01-10,zz500,2018-01-08,600754,锦江股份
2018-01-10,zz500,2018-01-08,600755,厦门国贸
2018-01-10,zz500,2018-01-08,600757,长江传媒
2018-01-10,zz500,2018-01-08,600759,洲际油气
2018-01-10,zz500,2018-01-08,600765,中航重机
2018-01-10,zz500,2018-01-08,600770,综艺股份
2018-01-10,zz500,2018-01-08,600773,西藏城投
2018-01-10,zz500,2018-01-08,600776,东方通信
2018-01-10,zz500,2018-01-08,600787,中储股份
2018-01-10,zz500,2018-01-08,600801,华新水泥
2018-01-10,zz500,2018-01-08,600808,马钢股份
2018-01-10,zz500,2018-01-08,600811,东方集团
2018-01-10,zz500,2018-01-08,600823,世茂股份
2018-01-10,zz500,2018-01-08,600826,兰生股份
2018-01-10,zz500,2018-01-08,600835,上海机电
2018-01-10,zz500,2018-01-08,600839,四川长虹
2018-01-10,zz500,2018-01-08,600848,上海临港
2018-01-10,zz500,2018-01-08,600859,王府井
2018-01-10,zz500,2018-01-08,600862,中航高科
2018-01-10,zz500,2018-01-08,600863,内蒙华电
2018-01-10,zz500,2018-01-08,600869,智慧能源
2018-01-10,zz500,2018-01-08,600872,中炬高新
2018-01-10,zz500,2018-01-08,600874,创业环保
2018-01-10,zz500,2018-01-08,600875,东方电气
2018-01-10,zz500,2018-01-08,600879,航天电子
2018-01-10,zz500,2018-01-08,600880,博瑞传播
2018-01-10,zz500,2018-01-08,600881,亚泰集团
2018-01-10,zz500,2018-01-08,600884,杉杉股份
2018-01-10,zz500,2018-01-08,600885,宏发股份
2018-01-10,zz500,2018-01-08,600894,广日股份
2018-01-10,zz500,2018-01-08,600908,无锡银行
2018-01-10,zz500,2018-01-08,600917,重庆燃气
2018-01-10,zz500,2018-01-08,600936,广西广电
2018-01-10,zz500,2018-01-08,600939,重庆建工
2018-01-10,zz500,2018-01-08,600967,内蒙一机
2018-01-10,zz500,2018-01-08,600970,中材国际
2018-01-10,zz500,2018-01-08,600971,恒源煤电
2018-01-10,zz500,2018-01-08,600978,宜华生活
2018-01-10,zz500,2018-01-08,600993,马应龙
2018-01-10,zz500,2018-01-08,600996,贵广网络
2018-01-10,zz500,2018-01-08,601000,唐山港
2018-01-10,zz500,2018-01-08,601001,大同煤业
2018-01-10,zz500,2018-01-08,601002,晋亿实业
2018-01-10,zz500,2018-01-08,601016,节能风电
2018-01-10,zz500,2018-01-08,601020,华钰矿业
2018-01-10,zz500,2018-01-08,601127,小康股份
2018-01-10,zz500,2018-01-08,601128,常熟银行
2018-01-10,zz500,2018-01-08,601168,西部矿业
2018-01-10,zz500,2018-01-08,601200,上海环境
2018-01-10,zz500,2018-01-08,601231,环旭电子
2018-01-10,zz500,2018-01-08,601233,桐昆股份
2018-01-10,zz500,2018-01-08,601311,骆驼股份
2018-01-10,zz500,2018-01-08,601678,滨化股份
2018-01-10,zz500,2018-01-08,601689,拓普集团
2018-01-10,zz500,2018-01-08,601699,潞安环能
2018-01-10,zz500,2018-01-08,601717,郑煤机
2018-01-10,zz500,2018-01-08,601777,力帆股份
2018-01-10,zz500,2018-01-08,601811,新华文轩
2018-01-10,zz500,2018-01-08,601880,大连港
2018-01-10,zz500,2018-01-08,601928,凤凰传媒
2018-01-10,zz500,2018-01-08,601969,海南矿业
2018-01-10,zz500,2018-01-08,603000,人民网
2018-01-10,zz500,2018-01-08,603001,奥康国际
2018-01-10,zz500,2018-01-08,603019,中科曙光
2018-01-10,zz500,2018-01-08,603025,大豪科技
2018-01-10,zz500,2018-01-08,603077,和邦生物
2018-01-10,zz500,2018-01-08,603169,兰石重装
2018-01-10,zz500,2018-01-08,603188,ST亚邦
2018-01-10,zz500,2018-01-08,603198,迎驾贡酒
2018-01-10,zz500,2018-01-08,603225,新凤鸣
2018-01-10,zz500,2018-01-08,603228,景旺电子
2018-01-10,zz500,2018-01-08,603328,依顿电子
2018-01-10,zz500,2018-01-08,603355,莱克电气
2018-01-10,zz500,2018-01-08,603369,今世缘
2018-01-10,zz500,2018-01-08,603377,东方时尚
2018-01-10,zz500,2018-01-08,603444,吉比特
2018-01-10,zz500,2018-01-08,603515,欧普照明
2018-01-10,zz500,2018-01-08,603528,多伦科技
2018-01-10,zz500,2018-01-08,603556,海兴电力
2018-01-10,zz500,2018-01-08,603568,伟明环保
2018-01-10,zz500,2018-01-08,603569,长久物流
2018-01-10,zz500,2018-01-08,603589,口子窖
2018-01-10,zz500,2018-01-08,603658,安图生物
2018-01-10,zz500,2018-01-08,603766,隆鑫通用
2018-01-10,zz500,2018-01-08,603806,福斯特
2018-01-10,zz500,2018-01-08,603816,顾家家居
2018-01-10,zz500,2018-01-08,603868,飞科电器
2018-01-10,zz500,2018-01-08,603877,太平鸟
2018-01-10,zz500,2018-01-08,603883,老百姓
2018-01-10,zz500,2018-01-08,603888,新华网
2018-01-10,zz500,2018-01-08,000006,深振业A
2018-01-10,zz500,2018-01-08,000009,中国宝安
2018-01-10,zz500,2018-01-08,000012,南玻A
2018-01-10,zz500,2018-01-08,000021,深科技
2018-01-10,zz500,2018-01-08,000025,特力A
2018-01-10,zz500,2018-01-08,000027,深圳能源
2018-01-10,zz500,2018-01-08,000028,国药一致
2018-01-10,zz500,2018-01-08,000031,中粮地产
2018-01-10,zz500,2018-01-08,000039,中集集团
2018-01-10,zz500,2018-01-08,000049,德赛电池
2018-01-10,zz500,2018-01-08,000050,深天马A
2018-01-10,zz500,2018-01-08,000061,农产品
2018-01-10,zz500,2018-01-08,000062,深圳华强
2018-01-10,zz500,2018-01-08,000066,中国长城
2018-01-10,zz500,2018-01-08,000078,海王生物
2018-01-10,zz500,2018-01-08,000089,深圳机场
2018-01-10,zz500,2018-01-08,000090,天健集团
2018-01-10,zz500,2018-01-08,000099,中信海直
2018-01-10,zz500,2018-01-08,000156,华数传媒
2018-01-10,zz500,2018-01-08,000158,常山北明
2018-01-10,zz500,2018-01-08,000400,许继电气
2018-01-10,zz500,2018-01-08,000401,冀东水泥
2018-01-10,zz500,2018-01-08,000418,小天鹅A
2018-01-10,zz500,2018-01-08,000426,兴业矿业
2018-01-10,zz500,2018-01-08,000488,晨鸣纸业
2018-01-10,zz500,2018-01-08,000501,鄂武商A
2018-01-10,zz500,2018-01-08,000513,丽珠集团
2018-01-10,zz500,2018-01-08,000519,中兵红箭
2018-01-10,zz500,2018-01-08,000528,柳工
2018-01-10,zz500,2018-01-08,000536,华映科技
2018-01-10,zz500,2018-01-08,000541,佛山照明
2018-01-10,zz500,2018-01-08,000543,皖能电力
2018-01-10,zz500,2018-01-08,000547,航天发展
2018-01-10,zz500,2018-01-08,000552,靖远煤电
2018-01-10,zz500,2018-01-08,000563,陕国投A
2018-01-10,zz500,2018-01-08,000566,海南海药
2018-01-10,zz500,2018-01-08,000572,海马汽车
2018-01-10,zz500,2018-01-08,000581,威孚高科
2018-01-10,zz500,2018-01-08,000587,金洲慈航
2018-01-10,zz500,2018-01-08,000592,平潭发展
2018-01-10,zz500,2018-01-08,000596,古井贡酒
2018-01-10,zz500,2018-01-08,000598,兴蓉环境
2018-01-10,zz500,2018-01-08,000600,建投能源
2018-01-10,zz500,2018-01-08,000612,焦作万方
2018-01-10,zz500,2018-01-08,000636,风华高科
2018-01-10,zz500,2018-01-08,000652,泰达股份
2018-01-10,zz500,2018-01-08,000656,金科股份
2018-01-10,zz500,2018-01-08,000661,长春高新
2018-01-10,zz500,2018-01-08,000662,天夏智慧
2018-01-10,zz500,2018-01-08,000667,美好置业
2018-01-10,zz500,2018-01-08,000669,金鸿控股
2018-01-10,zz500,2018-01-08,000680,山推股份
2018-01-10,zz500,2018-01-08,000681,视觉中国
2018-01-10,zz500,2018-01-08,000685,中山公用
2018-01-10,zz500,2018-01-08,000690,宝新能源
2018-01-10,zz500,2018-01-08,000703,恒逸石化
2018-01-10,zz500,2018-01-08,000712,锦龙股份
2018-01-10,zz500,2018-01-08,000718,苏宁环球
2018-01-10,zz500,2018-01-08,000727,华东科技
2018-01-10,zz500,2018-01-08,000729,燕京啤酒
2018-01-10,zz500,2018-01-08,000732,泰禾集团
2018-01-10,zz500,2018-01-08,000758,中色股份
2018-01-10,zz500,2018-01-08,000761,本钢板材
2018-01-10,zz500,2018-01-08,000762,西藏矿业
2018-01-10,zz500,2018-01-08,000766,通化金马
2018-01-10,zz500,2018-01-08,000777,中核科技
2018-01-10,zz500,2018-01-08,000778,新兴铸管
2018-01-10,zz500,2018-01-08,000786,北新建材
2018-01-10,zz500,2018-01-08,000806,银河生物
2018-01-10,zz500,2018-01-08,000807,云铝股份
2018-01-10,zz500,2018-01-08,000816,*ST慧业
2018-01-10,zz500,2018-01-08,000825,太钢不锈
2018-01-10,zz500,2018-01-08,000829,天音控股
2018-01-10,zz500,2018-01-08,000830,鲁西化工
2018-01-10,zz500,2018-01-08,000848,承德露露
2018-01-10,zz500,2018-01-08,000860,顺鑫农业
2018-01-10,zz500,2018-01-08,000877,天山股份
2018-01-10,zz500,2018-01-08,000878,云南铜业
2018-01-10,zz500,2018-01-08,000887,中鼎股份
2018-01-10,zz500,2018-01-08,000897,津滨发展
2018-01-10,zz500,2018-01-08,000926,福星股份
2018-01-10,zz500,2018-01-08,000930,中粮生化
2018-01-10,zz500,2018-01-08,000937,冀中能源
2018-01-10,zz500,2018-01-08,000939,*ST凯迪
2018-01-10,zz500,2018-01-08,000960,锡业股份
2018-01-10,zz500,2018-01-08,000969,安泰科技
2018-01-10,zz500,2018-01-08,000970,中科三环
2018-01-10,zz500,2018-01-08,000975,银泰资源
2018-01-10,zz500,2018-01-08,000977,浪潮信息
2018-01-10,zz500,2018-01-08,000979,中弘股份
2018-01-10,zz500,2018-01-08,000981,银亿股份
2018-01-10,zz500,2018-01-08,000987,越秀金控
2018-01-10,zz500,2018-01-08,000988,华工科技
2018-01-10,zz500,2018-01-08,000990,诚志股份
2018-01-10,zz500,2018-01-08,000997,新大陆
2018-01-10,zz500,2018-01-08,000998,隆平高科
2018-01-10,zz500,2018-01-08,000999,华润三九
2018-01-10,zz500,2018-01-08,001696,宗申动力
2018-01-10,zz500,2018-01-08,002001,新和成
2018-01-10,zz500,2018-01-08,002002,鸿达兴业
2018-01-10,zz500,2018-01-08,002004,华邦健康
2018-01-10,zz500,2018-01-08,002005,德豪润达
2018-01-10,zz500,2018-01-08,002011,盾安环境
2018-01-10,zz500,2018-01-08,002013,中航机电
2018-01-10,zz500,2018-01-08,002018,*ST华信
2018-01-10,zz500,2018-01-08,002019,亿帆医药
2018-01-10,zz500,2018-01-08,002022,科华生物
2018-01-10,zz500,2018-01-08,002028,思源电气
2018-01-10,zz500,2018-01-08,002030,达安基因
2018-01-10,zz500,2018-01-08,002032,苏泊尔
2018-01-10,zz500,2018-01-08,002038,双鹭药业
2018-01-10,zz500,2018-01-08,002041,登海种业
2018-01-10,zz500,2018-01-08,002048,宁波华翔
2018-01-10,zz500,2018-01-08,002049,紫光国微
2018-01-10,zz500,2018-01-08,002050,三花智控
2018-01-10,zz500,2018-01-08,002051,中工国际
2018-01-10,zz500,2018-01-08,002056,横店东磁
2018-01-10,zz500,2018-01-08,002063,远光软件
2018-01-10,zz500,2018-01-08,002064,华峰氨纶
2018-01-10,zz500,2018-01-08,002073,软控股份
2018-01-10,zz500,2018-01-08,002078,太阳纸业
2018-01-10,zz500,2018-01-08,002092,中泰化学
2018-01-10,zz500,2018-01-08,002093,国脉科技
2018-01-10,zz500,2018-01-08,002106,莱宝高科
2018-01-10,zz500,2018-01-08,002118,紫鑫药业
2018-01-10,zz500,2018-01-08,002122,*ST天马
2018-01-10,zz500,2018-01-08,002123,梦网集团
2018-01-10,zz500,2018-01-08,002127,南极电商
2018-01-10,zz500,2018-01-08,002128,露天煤业
2018-01-10,zz500,2018-01-08,002131,利欧股份
2018-01-10,zz500,2018-01-08,002147,新光圆成
2018-01-10,zz500,2018-01-08,002152,广电运通
2018-01-10,zz500,2018-01-08,002155,湖南黄金
2018-01-10,zz500,2018-01-08,002176,江特电机
2018-01-10,zz500,2018-01-08,002179,中航光电
2018-01-10,zz500,2018-01-08,002183,怡亚通
2018-01-10,zz500,2018-01-08,002190,成飞集成
2018-01-10,zz500,2018-01-08,002191,劲嘉股份
2018-01-10,zz500,2018-01-08,002195,二三四五
2018-01-10,zz500,2018-01-08,002221,东华能源
2018-01-10,zz500,2018-01-08,002223,鱼跃医疗
2018-01-10,zz500,2018-01-08,002233,塔牌集团
2018-01-10,zz500,2018-01-08,002242,九阳股份
2018-01-10,zz500,2018-01-08,002244,滨江集团
2018-01-10,zz500,2018-01-08,002249,大洋电机
2018-01-10,zz500,2018-01-08,002250,联化科技
2018-01-10,zz500,2018-01-08,002251,步步高
2018-01-10,zz500,2018-01-08,002254,泰和新材
2018-01-10,zz500,2018-01-08,002261,拓维信息
2018-01-10,zz500,2018-01-08,002266,浙富控股
2018-01-10,zz500,2018-01-08,002268,卫士通
2018-01-10,zz500,2018-01-08,002269,美邦服饰
2018-01-10,zz500,2018-01-08,002271,东方雨虹
2018-01-10,zz500,2018-01-08,002273,水晶光电
2018-01-10,zz500,2018-01-08,002276,万马股份
2018-01-10,zz500,2018-01-08,002277,友阿股份
2018-01-10,zz500,2018-01-08,002280,联络互动
2018-01-10,zz500,2018-01-08,002281,光迅科技
2018-01-10,zz500,2018-01-08,002285,世联行
2018-01-10,zz500,2018-01-08,002299,圣农发展
2018-01-10,zz500,2018-01-08,002308,威创股份
2018-01-10,zz500,2018-01-08,002311,海大集团
2018-01-10,zz500,2018-01-08,002317,众生药业
2018-01-10,zz500,2018-01-08,002325,洪涛股份
2018-01-10,zz500,2018-01-08,002332,仙琚制药
2018-01-10,zz500,2018-01-08,002340,格林美
2018-01-10,zz500,2018-01-08,002342,巨力索具
2018-01-10,zz500,2018-01-08,002344,海宁皮城
2018-01-10,zz500,2018-01-08,002345,潮宏基
2018-01-10,zz500,2018-01-08,002353,杰瑞股份
2018-01-10,zz500,2018-01-08,002354,天神娱乐
2018-01-10,zz500,2018-01-08,002358,森源电气
2018-01-10,zz500,2018-01-08,002359,北讯集团
2018-01-10,zz500,2018-01-08,002366,台海核电
2018-01-10,zz500,2018-01-08,002368,太极股份
2018-01-10,zz500,2018-01-08,002371,北方华创
2018-01-10,zz500,2018-01-08,002373,千方科技
2018-01-10,zz500,2018-01-08,002375,亚厦股份
2018-01-10,zz500,2018-01-08,002384,东山精密
2018-01-10,zz500,2018-01-08,002390,信邦制药
2018-01-10,zz500,2018-01-08,002392,北京利尔
2018-01-10,zz500,2018-01-08,002400,省广集团
2018-01-10,zz500,2018-01-08,002405,四维图新
2018-01-10,zz500,2018-01-08,002407,多氟多
2018-01-10,zz500,2018-01-08,002408,齐翔腾达
2018-01-10,zz500,2018-01-08,002410,广联达
2018-01-10,zz500,2018-01-08,002414,高德红外
2018-01-10,zz500,2018-01-08,002416,爱施德
2018-01-10,zz500,2018-01-08,002422,科伦药业
2018-01-10,zz500,2018-01-08,002428,云南锗业
2018-01-10,zz500,2018-01-08,002431,棕榈股份
2018-01-10,zz500,2018-01-08,002434,万里扬
2018-01-10,zz500,2018-01-08,002437,誉衡药业
2018-01-10,zz500,2018-01-08,002439,启明星辰
2018-01-10,zz500,2018-01-08,002440,闰土股份
2018-01-10,zz500,2018-01-08,002444,巨星科技
2018-01-10,zz500,2018-01-08,002463,沪电股份
2018-01-10,zz500,2018-01-08,002477,雏鹰农牧
2018-01-10,zz500,2018-01-08,002479,富春环保
2018-01-10,zz500,2018-01-08,002482,广田集团
2018-01-10,zz500,2018-01-08,002489,浙江永强
2018-01-10,zz500,2018-01-08,002491,通鼎互联
2018-01-10,zz500,2018-01-08,002503,搜于特
2018-01-10,zz500,2018-01-08,002505,大康农业
2018-01-10,zz500,2018-01-08,002506,协鑫集成
2018-01-10,zz500,2018-01-08,002512,达华智能
2018-01-10,zz500,2018-01-08,002517,恺英网络
2018-01-10,zz500,2018-01-08,002544,杰赛科技
2018-01-10,zz500,2018-01-08,002551,尚荣医疗
2018-01-10,zz500,2018-01-08,002573,清新环境
2018-01-10,zz500,2018-01-08,002583,海能达
2018-01-10,zz500,2018-01-08,002588,史丹利
2018-01-10,zz500,2018-01-08,002589,瑞康医药
2018-01-10,zz500,2018-01-08,002603,以岭药业
2018-01-10,zz500,2018-01-08,002635,安洁科技
2018-01-10,zz500,2018-01-08,002640,跨境通
2018-01-10,zz500,2018-01-08,002642,荣之联
2018-01-10,zz500,2018-01-08,002657,中科金财
2018-01-10,zz500,2018-01-08,002663,普邦股份
2018-01-10,zz500,2018-01-08,002665,首航节能
2018-01-10,zz500,2018-01-08,002670,国盛金控
2018-01-10,zz500,2018-01-08,002672,东江环保
2018-01-10,zz500,2018-01-08,002681,奋达科技
2018-01-10,zz500,2018-01-08,002690,美亚光电
2018-01-10,zz500,2018-01-08,002699,美盛文化
2018-01-10,zz500,2018-01-08,002701,奥瑞金
2018-01-10,zz500,2018-01-08,002707,众信旅游
2018-01-10,zz500,2018-01-08,002709,天赐材料
2018-01-10,zz500,2018-01-08,002745,木林森
2018-01-10,zz500,2018-01-08,002807,江阴银行
2018-01-10,zz500,2018-01-08,002815,崇达技术
2018-01-10,zz500,2018-01-08,002818,富森美
2018-01-10,zz500,2018-01-08,300001,特锐德
2018-01-10,zz500,2018-01-08,300002,神州泰岳
2018-01-10,zz500,2018-01-08,300010,立思辰
2018-01-10,zz500,2018-01-08,300026,红日药业
2018-01-10,zz500,2018-01-08,300032,金龙机电
2018-01-10,zz500,2018-01-08,300039,上海凯宝
2018-01-10,zz500,2018-01-08,300043,星辉娱乐
2018-01-10,zz500,2018-01-08,300055,万邦达
2018-01-10,zz500,2018-01-08,300058,蓝色光标
2018-01-10,zz500,2018-01-08,300088,长信科技
2018-01-10,zz500,2018-01-08,300113,顺网科技
2018-01-10,zz500,2018-01-08,300115,长盈精密
2018-01-10,zz500,2018-01-08,300116,坚瑞沃能
2018-01-10,zz500,2018-01-08,300133,华策影视
2018-01-10,zz500,2018-01-08,300134,大富科技
2018-01-10,zz500,2018-01-08,300146,汤臣倍健
2018-01-10,zz500,2018-01-08,300147,香雪制药
2018-01-10,zz500,2018-01-08,300159,新研股份
2018-01-10,zz500,2018-01-08,300166,东方国信
2018-01-10,zz500,2018-01-08,300182,捷成股份
2018-01-10,zz500,2018-01-08,300197,铁汉生态
2018-01-10,zz500,2018-01-08,300199,翰宇药业
2018-01-10,zz500,2018-01-08,300202,聚龙股份
2018-01-10,zz500,2018-01-08,300244,迪安诊断
2018-01-10,zz500,2018-01-08,300253,卫宁健康
2018-01-10,zz500,2018-01-08,300257,开山股份
2018-01-10,zz500,2018-01-08,300266,兴源环境
2018-01-10,zz500,2018-01-08,300273,和佳股份
2018-01-10,zz500,2018-01-08,300274,阳光电源
2018-01-10,zz500,2018-01-08,300287,飞利信
2018-01-10,zz500,2018-01-08,300291,华录百纳
2018-01-10,zz500,2018-01-08,300297,蓝盾股份
2018-01-10,zz500,2018-01-08,300324,旋极信息
2018-01-10,zz500,2018-01-08,300376,易事特
2018-01-10,zz500,2018-01-08,300383,光环新网
2018-07-10,hs300,2018-07-09,600000,浦发银行
2018-07-10,hs300,2018-07-09,600008,首创股份
2018-07-10,hs300,2018-07-09,600009,上海机场
2018-07-10,hs300,2018-07-09,600010,包钢股份
2018-07-10,hs300,2018-07-09,600011,华能国际
2018-07-10,hs300,2018-07-09,600015,华夏银行
2018-07-10,hs300,2018-07-09,600016,民生银行
2018-07-10,hs300,2018-07-09,600018,上港集团
2018-07-10,hs300,2018-07-09,600019,宝钢股份
2018-07-10,hs300,2018-07-09,600023,浙能电力
2018-07-10,hs300,2018-07-09,600025,华能水电
2018-07-10,hs300,2018-07-09,600028,中国石化
2018-07-10,hs300,2018-07-09,600029,南方航空
2018-07-10,hs300,2018-07-09,600030,中信证券
2018-07-10,hs300,2018-07-09,600031,三一重工
2018-07-10,hs300,2018-07-09,600036,招商银行
2018-07-10,hs300,2018-07-09,600038,中直股份
2018-07-10,hs300,2018-07-09,600048,保利地产
2018-07-10,hs300,2018-07-09,600050,中国联通
2018-07-10,hs300,2018-07-09,600061,国投资本
2018-07-10,hs300,2018-07-09,600066,宇通客车
2018-07-10,hs300,2018-07-09,600068,葛洲坝
2018-07-10,hs300,2018-07-09,600085,同仁堂
2018-07-10,hs300,2018-07-09,600089,特变电工
2018-07-10,hs300,2018-07-09,600100,同方股份
2018-07-10,hs300,2018-07-09,600104,上汽集团
2018-07-10,hs300,2018-07-09,600109,国金证券
2018-07-10,hs300,2018-07-09,600111,北方稀土
2018-07-10,hs300,2018-07-09,600115,东方航空
2018-07-10,hs300,2018-07-09,600118,中国卫星
2018-07-10,hs300,2018-07-09,600153,建发股份
2018-07-10,hs300,2018-07-09,600157,永泰能源
2018-07-10,hs300,2018-07-09,600170,上海建工
2018-07-10,hs300,2018-07-09,600176,中国巨石
2018-07-10,hs300,2018-07-09,600177,雅戈尔
2018-07-10,hs300,2018-07-09,600188,兖州煤业
2018-07-10,hs300,2018-07-09,600196,复星医药
2018-07-10,hs300,2018-07-09,600208,新湖中宝
2018-07-10,hs300,2018-07-09,600219,南山铝业
2018-07-10,hs300,2018-07-09,600221,海航控股
2018-07-10,hs300,2018-07-09,600233,圆通速递
2018-07-10,hs300,2018-07-09,600271,航天信息
2018-07-10,hs300,2018-07-09,600276,恒瑞医药
2018-07-10,hs300,2018-07-09,600297,广汇汽车
2018-07-10,hs300,2018-07-09,600309,万华化学
2018-07-10,hs300,2018-07-09,600332,白云山
2018-07-10,hs300,2018-07-09,600339,中油工程
2018-07-10,hs300,2018-07-09,600340,华夏幸福
2018-07-10,hs300,2018-07-09,600346,恒力股份
2018-07-10,hs300,2018-07-09,600352,浙江龙盛
2018-07-10,hs300,2018-07-09,600362,江西铜业
2018-07-10,hs300,2018-07-09,600369,西南证券
2018-07-10,hs300,2018-07-09,600372,中航电子
2018-07-10,hs300,2018-07-09,600373,中文传媒
2018-07-10,hs300,2018-07-09,600376,首开股份
2018-07-10,hs300,2018-07-09,600383,金地集团
2018-07-10,hs300,2018-07-09,600390,五矿资本
2018-07-10,hs300,2018-07-09,600398,海澜之家
2018-07-10,hs300,2018-07-09,600406,国电南瑞
2018-07-10,hs300,2018-07-09,600415,小商品城
2018-07-10,hs300,2018-07-09,600436,片仔癀
2018-07-10,hs300,2018-07-09,600438,通威股份
2018-07-10,hs300,2018-07-09,600482,中国动力
2018-07-10,hs300,2018-07-09,600487,亨通光电
2018-07-10,hs300,2018-07-09,600489,中金黄金
2018-07-10,hs300,2018-07-09,600498,烽火通信
2018-07-10,hs300,2018-07-09,600516,方大炭素
2018-07-10,hs300,2018-07-09,600518,康美药业
2018-07-10,hs300,2018-07-09,600519,贵州茅台
2018-07-10,hs300,2018-07-09,600522,中天科技
2018-07-10,hs300,2018-07-09,600535,天士力
2018-07-10,hs300,2018-07-09,600547,山东黄金
2018-07-10,hs300,2018-07-09,600549,厦门钨业
2018-07-10,hs300,2018-07-09,600570,恒生电子
2018-07-10,hs300,2018-07-09,600583,海油工程
2018-07-10,hs300,2018-07-09,600585,海螺水泥
2018-07-10,hs300,2018-07-09,600588,用友网络
2018-07-10,hs300,2018-07-09,600606,绿地控股
2018-07-10,hs300,2018-07-09,600637,东方明珠
2018-07-10,hs300,2018-07-09,600660,福耀玻璃
2018-07-10,hs300,2018-07-09,600663,陆家嘴
2018-07-10,hs300,2018-07-09,600674,川投能源
2018-07-10,hs300,2018-07-09,600682,南京新百
2018-07-10,hs300,2018-07-09,600688,上海石化
2018-07-10,hs300,2018-07-09,600690,青岛海尔
2018-07-10,hs300,2018-07-09,600703,三安光电
2018-07-10,hs300,2018-07-09,600704,物产中大
2018-07-10,hs300,2018-07-09,600705,中航资本
2018-07-10,hs300,2018-07-09,600739,辽宁成大
2018-07-10,hs300,2018-07-09,600741,华域汽车
2018-07-10,hs300,2018-07-09,600795,国电电力
2018-07-10,hs300,2018-07-09,600804,鹏博士
2018-07-10,hs300,2018-07-09,600809,山西汾酒
2018-07-10,hs300,2018-07-09,600816,安信信托
2018-07-10,hs300,2018-07-09,600820,隧道股份
2018-07-10,hs300,2018-07-09,600837,海通证券
2018-07-10,hs300,2018-07-09,600867,通化东宝
2018-07-10,hs300,2018-07-09,600886,国投电力
2018-07-10,hs300,2018-07-09,600887,伊利股份
2018-07-10,hs300,2018-07-09,600893,航发动力
2018-07-10,hs300,2018-07-09,600900,长江电力
2018-07-10,hs300,2018-07-09,600909,华安证券
2018-07-10,hs300,2018-07-09,600919,江苏银行
2018-07-10,hs300,2018-07-09,600926,杭州银行
2018-07-10,hs300,2018-07-09,600958,东方证券
2018-07-10,hs300,2018-07-09,600959,江苏有线
2018-07-10,hs300,2018-07-09,600977,中国电影
2018-07-10,hs300,2018-07-09,600999,招商证券
2018-07-10,hs300,2018-07-09,601006,大秦铁路
2018-07-10,hs300,2018-07-09,601009,南京银行
2018-07-10,hs300,2018-07-09,601012,隆基股份
2018-07-10,hs300,2018-07-09,601018,宁波港
2018-07-10,hs300,2018-07-09,601021,春秋航空
2018-07-10,hs300,2018-07-09,601088,中国神华
2018-07-10,hs300,2018-07-09,601099,太平洋
2018-07-10,hs300,2018-07-09,601108,财通证券
2018-07-10,hs300,2018-07-09,601111,中国国航
2018-07-10,hs300,2018-07-09,601117,中国化学
2018-07-10,hs300,2018-07-09,601155,新城控股
2018-07-10,hs300,2018-07-09,601166,兴业银行
2018-07-10,hs300,2018-07-09,601169,北京银行
2018-07-10,hs300,2018-07-09,601186,中国铁建
2018-07-10,hs300,2018-07-09,601198,东兴证券
2018-07-10,hs300,2018-07-09,601211,国泰君安
2018-07-10,hs300,2018-07-09,601212,白银有色
2018-07-10,hs300,2018-07-09,601216,君正集团
2018-07-10,hs300,2018-07-09,601225,陕西煤业
2018-07-10,hs300,2018-07-09,601228,广州港
2018-07-10,hs300,2018-07-09,601229,上海银行
2018-07-10,hs300,2018-07-09,601238,广汽集团
2018-07-10,hs300,2018-07-09,601288,农业银行
2018-07-10,hs300,2018-07-09,601318,中国平安
2018-07-10,hs300,2018-07-09,601328,交通银行
2018-07-10,hs300,2018-07-09,601333,广深铁路
2018-07-10,hs300,2018-07-09,601336,新华保险
2018-07-10,hs300,2018-07-09,601360,三六零
2018-07-10,hs300,2018-07-09,601377,兴业证券
2018-07-10,hs300,2018-07-09,601390,中国中铁
2018-07-10,hs300,2018-07-09,601398,工商银行
2018-07-10,hs300,2018-07-09,601555,东吴证券
2018-07-10,hs300,2018-07-09,601600,中国铝业
2018-07-10,hs300,2018-07-09,601601,中国太保
2018-07-10,hs300,2018-07-09,601607,上海医药
2018-07-10,hs300,2018-07-09,601611,中国核建
2018-07-10,hs300,2018-07-09,601618,中国中冶
2018-07-10,hs300,2018-07-09,601628,中国人寿
2018-07-10,hs300,2018-07-09,601633,长城汽车
2018-07-10,hs300,2018-07-09,601668,中国建筑
2018-07-10,hs300,2018-07-09,601669,中国电建
2018-07-10,hs300,2018-07-09,601688,华泰证券
2018-07-10,hs300,2018-07-09,601718,际华集团
2018-07-10,hs300,2018-07-09,601727,上海电气
2018-07-10,hs300,2018-07-09,601766,中国中车
2018-07-10,hs300,2018-07-09,601788,光大证券
2018-07-10,hs300,2018-07-09,601800,中国交建
2018-07-10,hs300,2018-07-09,601808,中海油服
2018-07-10,hs300,2018-07-09,601818,光大银行
2018-07-10,hs300,2018-07-09,601828,美凯龙
2018-07-10,hs300,2018-07-09,601838,成都银行
2018-07-10,hs300,2018-07-09,601857,中国石油
2018-07-10,hs300,2018-07-09,601866,中远海发
2018-07-10,hs300,2018-07-09,601877,正泰电器
2018-07-10,hs300,2018-07-09,601878,浙商证券
2018-07-10,hs300,2018-07-09,601881,中国银河
2018-07-10,hs300,2018-07-09,601888,中国国旅
2018-07-10,hs300,2018-07-09,601898,中煤能源
2018-07-10,hs300,2018-07-09,601899,紫金矿业
2018-07-10,hs300,2018-07-09,601901,方正证券
2018-07-10,hs300,2018-07-09,601919,中远海控
2018-07-10,hs300,2018-07-09,601933,永辉超市
2018-07-10,hs300,2018-07-09,601939,建设银行
2018-07-10,hs300,2018-07-09,601958,金钼股份
2018-07-10,hs300,2018-07-09,601985,中国核电
2018-07-10,hs300,2018-07-09,601988,中国银行
2018-07-10,hs300,2018-07-09,601989,中国重工
2018-07-10,hs300,2018-07-09,601991,大唐发电
2018-07-10,hs300,2018-07-09,601992,金隅集团
2018-07-10,hs300,2018-07-09,601997,贵阳银行
2018-07-10,hs300,2018-07-09,601998,中信银行
2018-07-10,hs300,2018-07-09,603160,汇顶科技
2018-07-10,hs300,2018-07-09,603260,合盛硅业
2018-07-10,hs300,2018-07-09,603288,海天味业
2018-07-10,hs300,2018-07-09,603799,华友钴业
2018-07-10,hs300,2018-07-09,603833,欧派家居
2018-07-10,hs300,2018-07-09,603858,步长制药
2018-07-10,hs300,2018-07-09,603993,洛阳钼业
2018-07-10,hs300,2018-07-09,000001,平安银行
2018-07-10,hs300,2018-07-09,000002,万科A
2018-07-10,hs300,2018-07-09,000060,中金岭南
2018-07-10,hs300,2018-07-09,000063,中兴通讯
2018-07-10,hs300,2018-07-09,000069,华侨城A
2018-07-10,hs300,2018-07-09,000100,TCL集团
2018-07-10,hs300,2018-07-09,000157,中联重科
2018-07-10,hs300,2018-07-09,000166,申万宏源
2018-07-10,hs300,2018-07-09,000333,美的集团
2018-07-10,hs300,2018-07-09,000338,潍柴动力
2018-07-10,hs300,2018-07-09,000402,金融街
2018-07-10,hs300,2018-07-09,000413,东旭光电
2018-07-10,hs300,2018-07-09,000415,渤海金控
2018-07-10,hs300,2018-07-09,000423,东阿阿胶
2018-07-10,hs300,2018-07-09,000425,徐工机械
2018-07-10,hs300,2018-07-09,000503,国新健康
2018-07-10,hs300,2018-07-09,000538,云南白药
2018-07-10,hs300,2018-07-09,000540,中天金融
2018-07-10,hs300,2018-07-09,000559,万向钱潮
2018-07-10,hs300,2018-07-09,000568,泸州老窖
2018-07-10,hs300,2018-07-09,000623,吉林敖东
2018-07-10,hs300,2018-07-09,000625,长安汽车
2018-07-10,hs300,2018-07-09,000627,天茂集团
2018-07-10,hs300,2018-07-09,000630,铜陵有色
2018-07-10,hs300,2018-07-09,000651,格力电器
2018-07-10,hs300,2018-07-09,000671,阳光城
2018-07-10,hs300,2018-07-09,000709,河钢股份
2018-07-10,hs300,2018-07-09,000723,美锦能源
2018-07-10,hs300,2018-07-09,000725,京东方A
2018-07-10,hs300,2018-07-09,000728,国元证券
2018-07-10,hs300,2018-07-09,000768,中航飞机
2018-07-10,hs300,2018-07-09,000776,广发证券
2018-07-10,hs300,2018-07-09,000783,长江证券
2018-07-10,hs300,2018-07-09,000786,北新建材
2018-07-10,hs300,2018-07-09,000792,盐湖股份
2018-07-10,hs300,2018-07-09,000826,启迪桑德
2018-07-10,hs300,2018-07-09,000839,中信国安
2018-07-10,hs300,2018-07-09,000858,五粮液
2018-07-10,hs300,2018-07-09,000876,新希望
2018-07-10,hs300,2018-07-09,000895,双汇发展
2018-07-10,hs300,2018-07-09,000898,鞍钢股份
2018-07-10,hs300,2018-07-09,000938,紫光股份
2018-07-10,hs300,2018-07-09,000959,首钢股份
2018-07-10,hs300,2018-07-09,000961,中南建设
2018-07-10,hs300,2018-07-09,000963,华东医药
2018-07-10,hs300,2018-07-09,000983,西山煤电
2018-07-10,hs300,2018-07-09,001965,招商公路
2018-07-10,hs300,2018-07-09,001979,招商蛇口
2018-07-10,hs300,2018-07-09,002007,华兰生物
2018-07-10,hs300,2018-07-09,002008,大族激光
2018-07-10,hs300,2018-07-09,002024,苏宁易购
2018-07-10,hs300,2018-07-09,002027,分众传媒
2018-07-10,hs300,2018-07-09,002044,美年健康
2018-07-10,hs300,2018-07-09,002050,三花智控
2018-07-10,hs300,2018-07-09,002065,东华软件
2018-07-10,hs300,2018-07-09,002074,国轩高科
2018-07-10,hs300,2018-07-09,002081,金螳螂
2018-07-10,hs300,2018-07-09,002085,万丰奥威
2018-07-10,hs300,2018-07-09,002142,宁波银行
2018-07-10,hs300,2018-07-09,002146,荣盛发展
2018-07-10,hs300,2018-07-09,002153,石基信息
2018-07-10,hs300,2018-07-09,002202,金风科技
2018-07-10,hs300,2018-07-09,002230,科大讯飞
2018-07-10,hs300,2018-07-09,002236,大华股份
2018-07-10,hs300,2018-07-09,002241,歌尔股份
2018-07-10,hs300,2018-07-09,002252,上海莱士
2018-07-10,hs300,2018-07-09,002294,信立泰
2018-07-10,hs300,2018-07-09,002304,洋河股份
2018-07-10,hs300,2018-07-09,002310,东方园林
2018-07-10,hs300,2018-07-09,002352,顺丰控股
2018-07-10,hs300,2018-07-09,002385,大北农
2018-07-10,hs300,2018-07-09,002411,必康股份
2018-07-10,hs300,2018-07-09,002415,海康威视
2018-07-10,hs300,2018-07-09,002450,康得新
2018-07-10,hs300,2018-07-09,002456,欧菲科技
2018-07-10,hs300,2018-07-09,002460,赣锋锂业
2018-07-10,hs300,2018-07-09,002466,天齐锂业
2018-07-10,hs300,2018-07-09,002468,申通快递
2018-07-10,hs300,2018-07-09,002470,金正大
2018-07-10,hs300,2018-07-09,002475,立讯精密
2018-07-10,hs300,2018-07-09,002493,荣盛石化
2018-07-10,hs300,2018-07-09,002500,山西证券
2018-07-10,hs300,2018-07-09,002508,老板电器
2018-07-10,hs300,2018-07-09,002555,三七互娱
2018-07-10,hs300,2018-07-09,002558,巨人网络
2018-07-10,hs300,2018-07-09,002572,索菲亚
2018-07-10,hs300,2018-07-09,002594,比亚迪
2018-07-10,hs300,2018-07-09,002601,龙蟒佰利
2018-07-10,hs300,2018-07-09,002602,世纪华通
2018-07-10,hs300,2018-07-09,002608,江苏国信
2018-07-10,hs300,2018-07-09,002624,完美世界
2018-07-10,hs300,2018-07-09,002625,光启技术
2018-07-10,hs300,2018-07-09,002673,西部证券
2018-07-10,hs300,2018-07-09,002714,牧原股份
2018-07-10,hs300,2018-07-09,002736,国信证券
2018-07-10,hs300,2018-07-09,002739,万达电影
2018-07-10,hs300,2018-07-09,002797,第一创业
2018-07-10,hs300,2018-07-09,002925,盈趣科技
2018-07-10,hs300,2018-07-09,300003,乐普医疗
2018-07-10,hs300,2018-07-09,300015,爱尔眼科
2018-07-10,hs300,2018-07-09,300017,网宿科技
2018-07-10,hs300,2018-07-09,300024,机器人
2018-07-10,hs300,2018-07-09,300027,华谊兄弟
2018-07-10,hs300,2018-07-09,300033,同花顺
2018-07-10,hs300,2018-07-09,300059,东方财富
2018-07-10,hs300,2018-07-09,300070,碧水源
2018-07-10,hs300,2018-07-09,300072,三聚环保
2018-07-10,hs300,2018-07-09,300122,智飞生物
2018-07-10,hs300,2018-07-09,300124,汇川技术
2018-07-10,hs300,2018-07-09,300136,信维通信
2018-07-10,hs300,2018-07-09,300144,宋城演艺
2018-07-10,hs300,2018-07-09,300251,光线传媒
2018-07-10,hs300,2018-07-09,300408,三环集团
2018-07-10,hs300,2018-07-09,300433,蓝思科技
2018-07-10,zz500,2018-07-09,600004,白云机场
2018-07-10,zz500,2018-07-09,600006,东风汽车
2018-07-10,zz500,2018-07-09,600017,日照港
2018-07-10,zz500,2018-07-09,600021,上海电力
2018-07-10,zz500,2018-07-09,600022,山东钢铁
2018-07-10,zz500,2018-07-09,600026,中远海能
2018-07-10,zz500,2018-07-09,600037,歌华有线
2018-07-10,zz500,2018-07-09,600039,四川路桥
2018-07-10,zz500,2018-07-09,600053,九鼎投资
2018-07-10,zz500,2018-07-09,600056,中国医药
2018-07-10,zz500,2018-07-09,600058,五矿发展
2018-07-10,zz500,2018-07-09,600060,海信电器
2018-07-10,zz500,2018-07-09,600062,华润双鹤
2018-07-10,zz500,2018-07-09,600064,南京高科
2018-07-10,zz500,2018-07-09,600073,上海梅林
2018-07-10,zz500,2018-07-09,600079,人福医药
2018-07-10,zz500,2018-07-09,600086,东方金钰
2018-07-10,zz500,2018-07-09,600094,大名城
2018-07-10,zz500,2018-07-09,600098,广州发展
2018-07-10,zz500,2018-07-09,600108,亚盛集团
2018-07-10,zz500,2018-07-09,600120,浙江东方
2018-07-10,zz500,2018-07-09,600122,宏图高科
2018-07-10,zz500,2018-07-09,600125,铁龙物流
2018-07-10,zz500,2018-07-09,600126,杭钢股份
2018-07-10,zz500,2018-07-09,600138,中青旅
2018-07-10,zz500,2018-07-09,600141,兴发集团
2018-07-10,zz500,2018-07-09,600143,金发科技
2018-07-10,zz500,2018-07-09,600151,航天机电
2018-07-10,zz500,2018-07-09,600155,华创阳安
2018-07-10,zz500,2018-07-09,600158,中体产业
2018-07-10,zz500,2018-07-09,600160,巨化股份
2018-07-10,zz500,2018-07-09,600161,天坛生物
2018-07-10,zz500,2018-07-09,600166,福田汽车
2018-07-10,zz500,2018-07-09,600167,联美控股
2018-07-10,zz500,2018-07-09,600169,太原重工
2018-07-10,zz500,2018-07-09,600171,上海贝岭
2018-07-10,zz500,2018-07-09,600179,安通控股
2018-07-10,zz500,2018-07-09,600183,生益科技
2018-07-10,zz500,2018-07-09,600184,光电股份
2018-07-10,zz500,2018-07-09,600187,国中水务
2018-07-10,zz500,2018-07-09,600195,中牧股份
2018-07-10,zz500,2018-07-09,600201,生物股份
2018-07-10,zz500,2018-07-09,600216,浙江医药
2018-07-10,zz500,2018-07-09,600240,华业资本
2018-07-10,zz500,2018-07-09,600256,广汇能源
2018-07-10,zz500,2018-07-09,600258,首旅酒店
2018-07-10,zz500,2018-07-09,600259,广晟有色
2018-07-10,zz500,2018-07-09,600260,凯乐科技
2018-07-10,zz500,2018-07-09,600266,北京城建
2018-07-10,zz500,2018-07-09,600267,海正药业
2018-07-10,zz500,2018-07-09,600270,外运发展
2018-07-10,zz500,2018-07-09,600277,亿利洁能
2018-07-10,zz500,2018-07-09,600280,中央商场
2018-07-10,zz500,2018-07-09,600282,南钢股份
2018-07-10,zz500,2018-07-09,600291,西水股份
2018-07-10,zz500,2018-07-09,600292,远达环保
2018-07-10,zz500,2018-07-09,600298,安琪酵母
2018-07-10,zz500,2018-07-09,600300,维维股份
2018-07-10,zz500,2018-07-09,600307,酒钢宏兴
2018-07-10,zz500,2018-07-09,600312,平高电气
2018-07-10,zz500,2018-07-09,600315,上海家化
2018-07-10,zz500,2018-07-09,600316,洪都航空
2018-07-10,zz500,2018-07-09,600317,营口港
2018-07-10,zz500,2018-07-09,600325,华发股份
2018-07-10,zz500,2018-07-09,600329,中新药业
2018-07-10,zz500,2018-07-09,600335,国机汽车
2018-07-10,zz500,2018-07-09,600338,西藏珠峰
2018-07-10,zz500,2018-07-09,600348,阳泉煤业
2018-07-10,zz500,2018-07-09,600350,山东高速
2018-07-10,zz500,2018-07-09,600366,宁波韵升
2018-07-10,zz500,2018-07-09,600380,健康元
2018-07-10,zz500,2018-07-09,600388,龙净环保
2018-07-10,zz500,2018-07-09,600392,盛和资源
2018-07-10,zz500,2018-07-09,600393,粤泰股份
2018-07-10,zz500,2018-07-09,600395,盘江股份
2018-07-10,zz500,2018-07-09,600409,三友化工
2018-07-10,zz500,2018-07-09,600410,华胜天成
2018-07-10,zz500,2018-07-09,600416,湘电股份
2018-07-10,zz500,2018-07-09,600418,江淮汽车
2018-07-10,zz500,2018-07-09,600422,昆药集团
2018-07-10,zz500,2018-07-09,600426,华鲁恒升
2018-07-10,zz500,2018-07-09,600428,中远海特
2018-07-10,zz500,2018-07-09,600435,北方导航
2018-07-10,zz500,2018-07-09,600458,时代新材
2018-07-10,zz500,2018-07-09,600460,士兰微
2018-07-10,zz500,2018-07-09,600466,蓝光发展
2018-07-10,zz500,2018-07-09,600478,科力远
2018-07-10,zz500,2018-07-09,600481,双良节能
2018-07-10,zz500,2018-07-09,600499,科达洁能
2018-07-10,zz500,2018-07-09,600500,中化国际
2018-07-10,zz500,2018-07-09,600503,华丽家族
2018-07-10,zz500,2018-07-09,600511,国药股份
2018-07-10,zz500,2018-07-09,600517,置信电气
2018-07-10,zz500,2018-07-09,600521,华海药业
2018-07-10,zz500,2018-07-09,600525,长园集团
2018-07-10,zz500,2018-07-09,600528,中铁工业
2018-07-10,zz500,2018-07-09,600536,中国软件
2018-07-10,zz500,2018-07-09,600545,卓郎智能
2018-07-10,zz500,2018-07-09,600557,康缘药业
2018-07-10,zz500,2018-07-09,600563,法拉电子
2018-07-10,zz500,2018-07-09,600565,迪马股份
2018-07-10,zz500,2018-07-09,600572,康恩贝
2018-07-10,zz500,2018-07-09,600575,皖江物流
2018-07-10,zz500,2018-07-09,600578,京能电力
2018-07-10,zz500,2018-07-09,600580,卧龙电气
2018-07-10,zz500,2018-07-09,600582,天地科技
2018-07-10,zz500,2018-07-09,600584,长电科技
2018-07-10,zz500,2018-07-09,600594,益佰制药
2018-07-10,zz500,2018-07-09,600597,光明乳业
2018-07-10,zz500,2018-07-09,600598,北大荒
2018-07-10,zz500,2018-07-09,600600,青岛啤酒
2018-07-10,zz500,2018-07-09,600611,大众交通
2018-07-10,zz500,2018-07-09,600614,鹏起科技
2018-07-10,zz500,2018-07-09,600618,氯碱化工
2018-07-10,zz500,2018-07-09,600623,华谊集团
2018-07-10,zz500,2018-07-09,600633,浙数文化
2018-07-10,zz500,2018-07-09,600635,大众公用
2018-07-10,zz500,2018-07-09,600639,浦东金桥
2018-07-10,zz500,2018-07-09,600640,号百控股
2018-07-10,zz500,2018-07-09,600642,申能股份
2018-07-10,zz500,2018-07-09,600643,爱建集团
2018-07-10,zz500,2018-07-09,600645,中源协和
2018-07-10,zz500,2018-07-09,600648,外高桥
2018-07-10,zz500,2018-07-09,600649,城投控股
2018-07-10,zz500,2018-07-09,600651,飞乐音响
2018-07-10,zz500,2018-07-09,600655,豫园股份
2018-07-10,zz500,2018-07-09,600657,信达地产
2018-07-10,zz500,2018-07-09,600664,哈药股份
2018-07-10,zz500,2018-07-09,600673,东阳光科
2018-07-10,zz500,2018-07-09,600687,刚泰控股
2018-07-10,zz500,2018-07-09,600694,大商股份
2018-07-10,zz500,2018-07-09,600717,天津港
2018-07-10,zz500,2018-07-09,600718,东软集团
2018-07-10,zz500,2018-07-09,600729,重庆百货
2018-07-10,zz500,2018-07-09,600737,中粮糖业
2018-07-10,zz500,2018-07-09,600743,华远地产
2018-07-10,zz500,2018-07-09,600748,上实发展
2018-07-10,zz500,2018-07-09,600750,江中药业
2018-07-10,zz500,2018-07-09,600751,海航科技
2018-07-10,zz500,2018-07-09,600754,锦江股份
2018-07-10,zz500,2018-07-09,600755,厦门国贸
2018-07-10,zz500,2018-07-09,600757,长江传媒
2018-07-10,zz500,2018-07-09,600759,洲际油气
2018-07-10,zz500,2018-07-09,600760,中航沈飞
2018-07-10,zz500,2018-07-09,600765,中航重机
2018-07-10,zz500,2018-07-09,600770,综艺股份
2018-07-10,zz500,2018-07-09,600773,西藏城投
2018-07-10,zz500,2018-07-09,600777,新潮能源
2018-07-10,zz500,2018-07-09,600787,中储股份
2018-07-10,zz500,2018-07-09,600801,华新水泥
2018-07-10,zz500,2018-07-09,600808,马钢股份
2018-07-10,zz500,2018-07-09,600811,东方集团
2018-07-10,zz500,2018-07-09,600823,世茂股份
2018-07-10,zz500,2018-07-09,600827,百联股份
2018-07-10,zz500,2018-07-09,600835,上海机电
2018-07-10,zz500,2018-07-09,600839,四川长虹
2018-07-10,zz500,2018-07-09,600848,上海临港
2018-07-10,zz500,2018-07-09,600859,王府井
2018-07-10,zz500,2018-07-09,600862,中航高科
2018-07-10,zz500,2018-07-09,600863,内蒙华电
2018-07-10,zz500,2018-07-09,600869,智慧能源
2018-07-10,zz500,2018-07-09,600872,中炬高新
2018-07-10,zz500,2018-07-09,600874,创业环保
2018-07-10,zz500,2018-07-09,600875,东方电气
2018-07-10,zz500,2018-07-09,600879,航天电子
2018-07-10,zz500,2018-07-09,600881,亚泰集团
2018-07-10,zz500,2018-07-09,600884,杉杉股份
2018-07-10,zz500,2018-07-09,600885,宏发股份
2018-07-10,zz500,2018-07-09,600895,张江高科
2018-07-10,zz500,2018-07-09,600908,无锡银行
2018-07-10,zz500,2018-07-09,600917,重庆燃气
2018-07-10,zz500,2018-07-09,600936,广西广电
2018-07-10,zz500,2018-07-09,600939,重庆建工
2018-07-10,zz500,2018-07-09,600967,内蒙一机
2018-07-10,zz500,2018-07-09,600970,中材国际
2018-07-10,zz500,2018-07-09,600971,恒源煤电
2018-07-10,zz500,2018-07-09,600978,宜华生活
2018-07-10,zz500,2018-07-09,600993,马应龙
2018-07-10,zz500,2018-07-09,600996,贵广网络
2018-07-10,zz500,2018-07-09,601000,唐山港
2018-07-10,zz500,2018-07-09,601001,大同煤业
2018-07-10,zz500,2018-07-09,601016,节能风电
2018-07-10,zz500,2018-07-09,601019,山东出版
2018-07-10,zz500,2018-07-09,601020,华钰矿业
2018-07-10,zz500,2018-07-09,601098,中南传媒
2018-07-10,zz500,2018-07-09,601127,小康股份
2018-07-10,zz500,2018-07-09,601128,常熟银行
2018-07-10,zz500,2018-07-09,601168,西部矿业
2018-07-10,zz500,2018-07-09,601179,中国西电
2018-07-10,zz500,2018-07-09,601200,上海环境
2018-07-10,zz500,2018-07-09,601233,桐昆股份
2018-07-10,zz500,2018-07-09,601311,骆驼股份
2018-07-10,zz500,2018-07-09,601608,中信重工
2018-07-10,zz500,2018-07-09,601678,滨化股份
2018-07-10,zz500,2018-07-09,601689,拓普集团
2018-07-10,zz500,2018-07-09,601717,郑煤机
2018-07-10,zz500,2018-07-09,601777,力帆股份
2018-07-10,zz500,2018-07-09,601801,皖新传媒
2018-07-10,zz500,2018-07-09,601811,新华文轩
2018-07-10,zz500,2018-07-09,601872,招商轮船
2018-07-10,zz500,2018-07-09,601880,大连港
2018-07-10,zz500,2018-07-09,601928,凤凰传媒
2018-07-10,zz500,2018-07-09,601966,玲珑轮胎
2018-07-10,zz500,2018-07-09,601969,海南矿业
2018-07-10,zz500,2018-07-09,603000,人民网
2018-07-10,zz500,2018-07-09,603019,中科曙光
2018-07-10,zz500,2018-07-09,603025,大豪科技
2018-07-10,zz500,2018-07-09,603056,德邦股份
2018-07-10,zz500,2018-07-09,603077,和邦生物
2018-07-10,zz500,2018-07-09,603169,兰石重装
2018-07-10,zz500,2018-07-09,603188,ST亚邦
2018-07-10,zz500,2018-07-09,603198,迎驾贡酒
2018-07-10,zz500,2018-07-09,603225,新凤鸣
2018-07-10,zz500,2018-07-09,603228,景旺电子
2018-07-10,zz500,2018-07-09,603328,依顿电子
2018-07-10,zz500,2018-07-09,603355,莱克电气
2018-07-10,zz500,2018-07-09,603369,今世缘
2018-07-10,zz500,2018-07-09,603377,东方时尚
2018-07-10,zz500,2018-07-09,603444,吉比特
2018-07-10,zz500,2018-07-09,603515,欧普照明
2018-07-10,zz500,2018-07-09,603556,海兴电力
2018-07-10,zz500,2018-07-09,603568,伟明环保
2018-07-10,zz500,2018-07-09,603569,长久物流
2018-07-10,zz500,2018-07-09,603589,口子窖
2018-07-10,zz500,2018-07-09,603658,安图生物
2018-07-10,zz500,2018-07-09,603659,璞泰来
2018-07-10,zz500,2018-07-09,603766,隆鑫通用
2018-07-10,zz500,2018-07-09,603806,福斯特
2018-07-10,zz500,2018-07-09,603816,顾家家居
2018-07-10,zz500,2018-07-09,603868,飞科电器
2018-07-10,zz500,2018-07-09,603877,太平鸟
2018-07-10,zz500,2018-07-09,603883,老百姓
2018-07-10,zz500,2018-07-09,603885,吉祥航空
2018-07-10,zz500,2018-07-09,603888,新华网
2018-07-10,zz500,2018-07-09,603899,晨光文具
2018-07-10,zz500,2018-07-09,000006,深振业A
2018-07-10,zz500,2018-07-09,000008,神州高铁
2018-07-10,zz500,2018-07-09,000009,中国宝安
2018-07-10,zz500,2018-07-09,000012,南玻A
2018-07-10,zz500,2018-07-09,000021,深科技
2018-07-10,zz500,2018-07-09,000025,特力A
2018-07-10,zz500,2018-07-09,000027,深圳能源
2018-07-10,zz500,2018-07-09,000028,国药一致
2018-07-10,zz500,2018-07-09,000031,中粮地产
2018-07-10,zz500,2018-07-09,000039,中集集团
2018-07-10,zz500,2018-07-09,000049,德赛电池
2018-07-10,zz500,2018-07-09,000061,农产品
2018-07-10,zz500,2018-07-09,000062,深圳华强
2018-07-10,zz500,2018-07-09,000066,中国长城
2018-07-10,zz500,2018-07-09,000078,海王生物
2018-07-10,zz500,2018-07-09,000089,深圳机场
2018-07-10,zz500,2018-07-09,000090,天健集团
2018-07-10,zz500,2018-07-09,000156,华数传媒
2018-07-10,zz500,2018-07-09,000158,常山北明
2018-07-10,zz500,2018-07-09,000400,许继电气
2018-07-10,zz500,2018-07-09,000401,冀东水泥
2018-07-10,zz500,2018-07-09,000418,小天鹅A
2018-07-10,zz500,2018-07-09,000426,兴业矿业
2018-07-10,zz500,2018-07-09,000488,晨鸣纸业
2018-07-10,zz500,2018-07-09,000501,鄂武商A
2018-07-10,zz500,2018-07-09,000513,丽珠集团
2018-07-10,zz500,2018-07-09,000519,中兵红箭
2018-07-10,zz500,2018-07-09,000528,柳工
2018-07-10,zz500,2018-07-09,000536,华映科技
2018-07-10,zz500,2018-07-09,000541,佛山照明
2018-07-10,zz500,2018-07-09,000543,皖能电力
2018-07-10,zz500,2018-07-09,000547,航天发展
2018-07-10,zz500,2018-07-09,000552,靖远煤电
2018-07-10,zz500,2018-07-09,000553,沙隆达A
2018-07-10,zz500,2018-07-09,000563,陕国投A
2018-07-10,zz500,2018-07-09,000566,海南海药
2018-07-10,zz500,2018-07-09,000572,海马汽车
2018-07-10,zz500,2018-07-09,000581,威孚高科
2018-07-10,zz500,2018-07-09,000587,金洲慈航
2018-07-10,zz500,2018-07-09,000592,平潭发展
2018-07-10,zz500,2018-07-09,000596,古井贡酒
2018-07-10,zz500,2018-07-09,000598,兴蓉环境
2018-07-10,zz500,2018-07-09,000600,建投能源
2018-07-10,zz500,2018-07-09,000612,焦作万方
2018-07-10,zz500,2018-07-09,000636,风华高科
2018-07-10,zz500,2018-07-09,000656,金科股份
2018-07-10,zz500,2018-07-09,000661,长春高新
2018-07-10,zz500,2018-07-09,000667,美好置业
2018-07-10,zz500,2018-07-09,000681,视觉中国
2018-07-10,zz500,2018-07-09,000685,中山公用
2018-07-10,zz500,2018-07-09,000686,东北证券
2018-07-10,zz500,2018-07-09,000690,宝新能源
2018-07-10,zz500,2018-07-09,000703,恒逸石化
2018-07-10,zz500,2018-07-09,000712,锦龙股份
2018-07-10,zz500,2018-07-09,000718,苏宁环球
2018-07-10,zz500,2018-07-09,000727,华东科技
2018-07-10,zz500,2018-07-09,000729,燕京啤酒
2018-07-10,zz500,2018-07-09,000732,泰禾集团
2018-07-10,zz500,2018-07-09,000738,航发控制
2018-07-10,zz500,2018-07-09,000750,国海证券
2018-07-10,zz500,2018-07-09,000758,中色股份
2018-07-10,zz500,2018-07-09,000761,本钢板材
2018-07-10,zz500,2018-07-09,000762,西藏矿业
2018-07-10,zz500,2018-07-09,000766,通化金马
2018-07-10,zz500,2018-07-09,000778,新兴铸管
2018-07-10,zz500,2018-07-09,000806,银河生物
2018-07-10,zz500,2018-07-09,000807,云铝股份
2018-07-10,zz500,2018-07-09,000813,德展健康
2018-07-10,zz500,2018-07-09,000825,太钢不锈
2018-07-10,zz500,2018-07-09,000829,天音控股
2018-07-10,zz500,2018-07-09,000830,鲁西化工
2018-07-10,zz500,2018-07-09,000848,承德露露
2018-07-10,zz500,2018-07-09,000860,顺鑫农业
2018-07-10,zz500,2018-07-09,000877,天山股份
2018-07-10,zz500,2018-07-09,000878,云南铜业
2018-07-10,zz500,2018-07-09,000887,中鼎股份
2018-07-10,zz500,2018-07-09,000926,福星股份
2018-07-10,zz500,2018-07-09,000930,中粮生化
2018-07-10,zz500,2018-07-09,000937,冀中能源
2018-07-10,zz500,2018-07-09,000960,锡业股份
2018-07-10,zz500,2018-07-09,000969,安泰科技
2018-07-10,zz500,2018-07-09,000970,中科三环
2018-07-10,zz500,2018-07-09,000975,银泰资源
2018-07-10,zz500,2018-07-09,000977,浪潮信息
2018-07-10,zz500,2018-07-09,000979,中弘股份
2018-07-10,zz500,2018-07-09,000980,众泰汽车
2018-07-10,zz500,2018-07-09,000987,越秀金控
2018-07-10,zz500,2018-07-09,000988,华工科技
2018-07-10,zz500,2018-07-09,000990,诚志股份
2018-07-10,zz500,2018-07-09,000997,新大陆
2018-07-10,zz500,2018-07-09,000999,华润三九
2018-07-10,zz500,2018-07-09,001696,宗申动力
2018-07-10,zz500,2018-07-09,002002,鸿达兴业
2018-07-10,zz500,2018-07-09,002004,华邦健康
2018-07-10,zz500,2018-07-09,002011,盾安环境
2018-07-10,zz500,2018-07-09,002013,中航机电
2018-07-10,zz500,2018-07-09,002019,亿帆医药
2018-07-10,zz500,2018-07-09,002022,科华生物
2018-07-10,zz500,2018-07-09,002028,思源电气
2018-07-10,zz500,2018-07-09,002030,达安基因
2018-07-10,zz500,2018-07-09,002038,双鹭药业
2018-07-10,zz500,2018-07-09,002041,登海种业
2018-07-10,zz500,2018-07-09,002048,宁波华翔
2018-07-10,zz500,2018-07-09,002049,紫光国微
2018-07-10,zz500,2018-07-09,002051,中工国际
2018-07-10,zz500,2018-07-09,002056,横店东磁
2018-07-10,zz500,2018-07-09,002064,华峰氨纶
2018-07-10,zz500,2018-07-09,002073,软控股份
2018-07-10,zz500,2018-07-09,002078,太阳纸业
2018-07-10,zz500,2018-07-09,002092,中泰化学
2018-07-10,zz500,2018-07-09,002093,国脉科技
2018-07-10,zz500,2018-07-09,002110,三钢闽光
2018-07-10,zz500,2018-07-09,002118,紫鑫药业
2018-07-10,zz500,2018-07-09,002127,南极电商
2018-07-10,zz500,2018-07-09,002128,露天煤业
2018-07-10,zz500,2018-07-09,002129,中环股份
2018-07-10,zz500,2018-07-09,002131,利欧股份
2018-07-10,zz500,2018-07-09,002147,新光圆成
2018-07-10,zz500,2018-07-09,002152,广电运通
2018-07-10,zz500,2018-07-09,002155,湖南黄金
2018-07-10,zz500,2018-07-09,002174,游族网络
2018-07-10,zz500,2018-07-09,002176,江特电机
2018-07-10,zz500,2018-07-09,002179,中航光电
2018-07-10,zz500,2018-07-09,002180,纳思达
2018-07-10,zz500,2018-07-09,002183,怡亚通
2018-07-10,zz500,2018-07-09,002190,成飞集成
2018-07-10,zz500,2018-07-09,002191,劲嘉股份
2018-07-10,zz500,2018-07-09,002195,二三四五
2018-07-10,zz500,2018-07-09,002212,南洋股份
2018-07-10,zz500,2018-07-09,002221,东华能源
2018-07-10,zz500,2018-07-09,002223,鱼跃医疗
2018-07-10,zz500,2018-07-09,002233,塔牌集团
2018-07-10,zz500,2018-07-09,002242,九阳股份
2018-07-10,zz500,2018-07-09,002244,滨江集团
2018-07-10,zz500,2018-07-09,002249,大洋电机
2018-07-10,zz500,2018-07-09,002250,联化科技
2018-07-10,zz500,2018-07-09,002251,步步高
2018-07-10,zz500,2018-07-09,002254,泰和新材
2018-07-10,zz500,2018-07-09,002261,拓维信息
2018-07-10,zz500,2018-07-09,002266,浙富控股
2018-07-10,zz500,2018-07-09,002268,卫士通
2018-07-10,zz500,2018-07-09,002273,水晶光电
2018-07-10,zz500,2018-07-09,002276,万马股份
2018-07-10,zz500,2018-07-09,002277,友阿股份
2018-07-10,zz500,2018-07-09,002280,联络互动
2018-07-10,zz500,2018-07-09,002281,光迅科技
2018-07-10,zz500,2018-07-09,002285,世联行
2018-07-10,zz500,2018-07-09,002299,圣农发展
2018-07-10,zz500,2018-07-09,002302,西部建设
2018-07-10,zz500,2018-07-09,002308,威创股份
2018-07-10,zz500,2018-07-09,002317,众生药业
2018-07-10,zz500,2018-07-09,002332,仙琚制药
2018-07-10,zz500,2018-07-09,002340,格林美
2018-07-10,zz500,2018-07-09,002342,巨力索具
2018-07-10,zz500,2018-07-09,002344,海宁皮城
2018-07-10,zz500,2018-07-09,002345,潮宏基
2018-07-10,zz500,2018-07-09,002353,杰瑞股份
2018-07-10,zz500,2018-07-09,002354,天神娱乐
2018-07-10,zz500,2018-07-09,002358,森源电气
2018-07-10,zz500,2018-07-09,002359,北讯集团
2018-07-10,zz500,2018-07-09,002366,台海核电
2018-07-10,zz500,2018-07-09,002368,太极股份
2018-07-10,zz500,2018-07-09,002371,北方华创
2018-07-10,zz500,2018-07-09,002373,千方科技
2018-07-10,zz500,2018-07-09,002375,亚厦股份
2018-07-10,zz500,2018-07-09,002384,东山精密
2018-07-10,zz500,2018-07-09,002390,信邦制药
2018-07-10,zz500,2018-07-09,002399,海普瑞
2018-07-10,zz500,2018-07-09,002400,省广集团
2018-07-10,zz500,2018-07-09,002407,多氟多
2018-07-10,zz500,2018-07-09,002408,齐翔腾达
2018-07-10,zz500,2018-07-09,002410,广联达
2018-07-10,zz500,2018-07-09,002414,高德红外
2018-07-10,zz500,2018-07-09,002416,爱施德
2018-07-10,zz500,2018-07-09,002424,贵州百灵
2018-07-10,zz500,2018-07-09,002426,胜利精密
2018-07-10,zz500,2018-07-09,002428,云南锗业
2018-07-10,zz500,2018-07-09,002431,棕榈股份
2018-07-10,zz500,2018-07-09,002434,万里扬
2018-07-10,zz500,2018-07-09,002437,誉衡药业
2018-07-10,zz500,2018-07-09,002439,启明星辰
2018-07-10,zz500,2018-07-09,002440,闰土股份
2018-07-10,zz500,2018-07-09,002444,巨星科技
2018-07-10,zz500,2018-07-09,002463,沪电股份
2018-07-10,zz500,2018-07-09,002465,海格通信
2018-07-10,zz500,2018-07-09,002477,雏鹰农牧
2018-07-10,zz500,2018-07-09,002479,富春环保
2018-07-10,zz500,2018-07-09,002482,广田集团
2018-07-10,zz500,2018-07-09,002489,浙江永强
2018-07-10,zz500,2018-07-09,002491,通鼎互联
2018-07-10,zz500,2018-07-09,002503,搜于特
2018-07-10,zz500,2018-07-09,002505,大康农业
2018-07-10,zz500,2018-07-09,002506,协鑫集成
2018-07-10,zz500,2018-07-09,002509,天广中茂
2018-07-10,zz500,2018-07-09,002512,达华智能
2018-07-10,zz500,2018-07-09,002517,恺英网络
2018-07-10,zz500,2018-07-09,002544,杰赛科技
2018-07-10,zz500,2018-07-09,002563,森马服饰
2018-07-10,zz500,2018-07-09,002573,清新环境
2018-07-10,zz500,2018-07-09,002583,海能达
2018-07-10,zz500,2018-07-09,002588,史丹利
2018-07-10,zz500,2018-07-09,002589,瑞康医药
2018-07-10,zz500,2018-07-09,002600,领益智造
2018-07-10,zz500,2018-07-09,002603,以岭药业
2018-07-10,zz500,2018-07-09,002635,安洁科技
2018-07-10,zz500,2018-07-09,002640,跨境通
2018-07-10,zz500,2018-07-09,002642,荣之联
2018-07-10,zz500,2018-07-09,002657,中科金财
2018-07-10,zz500,2018-07-09,002663,普邦股份
2018-07-10,zz500,2018-07-09,002665,首航节能
2018-07-10,zz500,2018-07-09,002670,国盛金控
2018-07-10,zz500,2018-07-09,002672,东江环保
2018-07-10,zz500,2018-07-09,002681,奋达科技
2018-07-10,zz500,2018-07-09,002690,美亚光电
2018-07-10,zz500,2018-07-09,002699,美盛文化
2018-07-10,zz500,2018-07-09,002701,奥瑞金
2018-07-10,zz500,2018-07-09,002707,众信旅游
2018-07-10,zz500,2018-07-09,002709,天赐材料
2018-07-10,zz500,2018-07-09,002745,木林森
2018-07-10,zz500,2018-07-09,002807,江阴银行
2018-07-10,zz500,2018-07-09,002815,崇达技术
2018-07-10,zz500,2018-07-09,002818,富森美
2018-07-10,zz500,2018-07-09,002831,裕同科技
2018-07-10,zz500,2018-07-09,002839,张家港行
2018-07-10,zz500,2018-07-09,002841,视源股份
2018-07-10,zz500,2018-07-09,002916,深南电路
2018-07-10,zz500,2018-07-09,002920,德赛西威
2018-07-10,zz500,2018-07-09,300001,特锐德
2018-07-10,zz500,2018-07-09,300002,神州泰岳
2018-07-10,zz500,2018-07-09,300010,立思辰
2018-07-10,zz500,2018-07-09,300026,红日药业
2018-07-10,zz500,2018-07-09,300032,金龙机电
2018-07-10,zz500,2018-07-09,300039,上海凯宝
2018-07-10,zz500,2018-07-09,300043,星辉娱乐
2018-07-10,zz500,2018-07-09,300055,万邦达
2018-07-10,zz500,2018-07-09,300058,蓝色光标
2018-07-10,zz500,2018-07-09,300088,长信科技
2018-07-10,zz500,2018-07-09,300113,顺网科技
2018-07-10,zz500,2018-07-09,300115,长盈精密
2018-07-10,zz500,2018-07-09,300116,坚瑞沃能
2018-07-10,zz500,2018-07-09,300133,华策影视
2018-07-10,zz500,2018-07-09,300134,大富科技
2018-07-10,zz500,2018-07-09,300146,汤臣倍健
2018-07-10,zz500,2018-07-09,300156,神雾环保
2018-07-10,zz500,2018-07-09,300159,新研股份
2018-07-10,zz500,2018-07-09,300166,东方国信
2018-07-10,zz500,2018-07-09,300182,捷成股份
2018-07-10,zz500,2018-07-09,300197,铁汉生态
2018-07-10,zz500,2018-07-09,300199,翰宇药业
2018-07-10,zz500,2018-07-09,300202,聚龙股份
2018-07-10,zz500,2018-07-09,300244,迪安诊断
2018-07-10,zz500,2018-07-09,300253,卫宁健康
2018-07-10,zz500,2018-07-09,300257,开山股份
2018-07-10,zz500,2018-07-09,300266,兴源环境
2018-07-10,zz500,2018-07-09,300273,和佳股份
2018-07-10,zz500,2018-07-09,300274,阳光电源
2018-07-10,zz500,2018-07-09,300287,飞利信
2018-07-10,zz500,2018-07-09,300291,华录百纳
2018-07-10,zz500,2018-07-09,300297,蓝盾股份
2018-07-10,zz500,2018-07-09,300308,中际旭创
2018-07-10,zz500,2018-07-09,300315,掌趣科技
2018-07-10,zz500,2018-07-09,300324,旋极信息
2018-07-10,zz500,2018-07-09,300376,易事特
2018-07-10,zz500,2018-07-09,300383,光环新网
2018-07-10,zz500,2018-07-09,300418,昆仑万维
2019-01-10,hs300,2019-01-07,600000,浦发银行
2019-01-10,hs300,2019-01-07,600004,白云机场
2019-01-10,hs300,2019-01-07,600009,上海机场
2019-01-10,hs300,2019-01-07,600010,包钢股份
2019-01-10,hs300,2019-01-07,600011,华能国际
2019-01-10,hs300,2019-01-07,600015,华夏银行
2019-01-10,hs300,2019-01-07,600016,民生银行
2019-01-10,hs300,2019-01-07,600018,上港集团
2019-01-10,hs300,2019-01-07,600019,宝钢股份
2019-01-10,hs300,2019-01-07,600023,浙能电力
2019-01-10,hs300,2019-01-07,600025,华能水电
2019-01-10,hs300,2019-01-07,600027,华电国际
2019-01-10,hs300,2019-01-07,600028,中国石化
2019-01-10,hs300,2019-01-07,600029,南方航空
2019-01-10,hs300,2019-01-07,600030,中信证券
2019-01-10,hs300,2019-01-07,600031,三一重工
2019-01-10,hs300,2019-01-07,600036,招商银行
2019-01-10,hs300,2019-01-07,600038,中直股份
2019-01-10,hs300,2019-01-07,600048,保利地产
2019-01-10,hs300,2019-01-07,600050,中国联通
2019-01-10,hs300,2019-01-07,600061,国投资本
2019-01-10,hs300,2019-01-07,600066,宇通客车
2019-01-10,hs300,2019-01-07,600068,葛洲坝
2019-01-10,hs300,2019-01-07,600085,同仁堂
2019-01-10,hs300,2019-01-07,600089,特变电工
2019-01-10,hs300,2019-01-07,600100,同方股份
2019-01-10,hs300,2019-01-07,600104,上汽集团
2019-01-10,hs300,2019-01-07,600109,国金证券
2019-01-10,hs300,2019-01-07,600111,北方稀土
2019-01-10,hs300,2019-01-07,600115,东方航空
2019-01-10,hs300,2019-01-07,600118,中国卫星
2019-01-10,hs300,2019-01-07,600153,建发股份
2019-01-10,hs300,2019-01-07,600157,永泰能源
2019-01-10,hs300,2019-01-07,600170,上海建工
2019-01-10,hs300,2019-01-07,600176,中国巨石
2019-01-10,hs300,2019-01-07,600177,雅戈尔
2019-01-10,hs300,2019-01-07,600188,兖州煤业
2019-01-10,hs300,2019-01-07,600196,复星医药
2019-01-10,hs300,2019-01-07,600208,新湖中宝
2019-01-10,hs300,2019-01-07,600219,南山铝业
2019-01-10,hs300,2019-01-07,600221,海航控股
2019-01-10,hs300,2019-01-07,600233,圆通速递
2019-01-10,hs300,2019-01-07,600271,航天信息
2019-01-10,hs300,2019-01-07,600276,恒瑞医药
2019-01-10,hs300,2019-01-07,600297,广汇汽车
2019-01-10,hs300,2019-01-07,600309,万华化学
2019-01-10,hs300,2019-01-07,600332,白云山
2019-01-10,hs300,2019-01-07,600339,中油工程
2019-01-10,hs300,2019-01-07,600340,华夏幸福
2019-01-10,hs300,2019-01-07,600346,恒力股份
2019-01-10,hs300,2019-01-07,600352,浙江龙盛
2019-01-10,hs300,2019-01-07,600362,江西铜业
2019-01-10,hs300,2019-01-07,600369,西南证券
2019-01-10,hs300,2019-01-07,600372,中航电子
2019-01-10,hs300,2019-01-07,600383,金地集团
2019-01-10,hs300,2019-01-07,600390,五矿资本
2019-01-10,hs300,2019-01-07,600398,海澜之家
2019-01-10,hs300,2019-01-07,600406,国电南瑞
2019-01-10,hs300,2019-01-07,600415,小商品城
2019-01-10,hs300,2019-01-07,600436,片仔癀
2019-01-10,hs300,2019-01-07,600438,通威股份
2019-01-10,hs300,2019-01-07,600482,中国动力
2019-01-10,hs300,2019-01-07,600487,亨通光电
2019-01-10,hs300,2019-01-07,600489,中金黄金
2019-01-10,hs300,2019-01-07,600498,烽火通信
2019-01-10,hs300,2019-01-07,600516,方大炭素
2019-01-10,hs300,2019-01-07,600518,康美药业
2019-01-10,hs300,2019-01-07,600519,贵州茅台
2019-01-10,hs300,2019-01-07,600522,中天科技
2019-01-10,hs300,2019-01-07,600535,天士力
2019-01-10,hs300,2019-01-07,600547,山东黄金
2019-01-10,hs300,2019-01-07,600549,厦门钨业
2019-01-10,hs300,2019-01-07,600566,济川药业
2019-01-10,hs300,2019-01-07,600570,恒生电子
2019-01-10,hs300,2019-01-07,600583,海油工程
2019-01-10,hs300,2019-01-07,600585,海螺水泥
2019-01-10,hs300,2019-01-07,600588,用友网络
2019-01-10,hs300,2019-01-07,600606,绿地控股
2019-01-10,hs300,2019-01-07,600637,东方明珠
2019-01-10,hs300,2019-01-07,600660,福耀玻璃
2019-01-10,hs300,2019-01-07,600674,川投能源
2019-01-10,hs300,2019-01-07,600688,上海石化
2019-01-10,hs300,2019-01-07,600690,青岛海尔
2019-01-10,hs300,2019-01-07,600703,三安光电
2019-01-10,hs300,2019-01-07,600704,物产中大
2019-01-10,hs300,2019-01-07,600705,中航资本
2019-01-10,hs300,2019-01-07,600739,辽宁成大
2019-01-10,hs300,2019-01-07,600741,华域汽车
2019-01-10,hs300,2019-01-07,600760,中航沈飞
2019-01-10,hs300,2019-01-07,600795,国电电力
2019-01-10,hs300,2019-01-07,600809,山西汾酒
2019-01-10,hs300,2019-01-07,600816,安信信托
2019-01-10,hs300,2019-01-07,600837,海通证券
2019-01-10,hs300,2019-01-07,600867,通化东宝
2019-01-10,hs300,2019-01-07,600886,国投电力
2019-01-10,hs300,2019-01-07,600887,伊利股份
2019-01-10,hs300,2019-01-07,600893,航发动力
2019-01-10,hs300,2019-01-07,600900,长江电力
2019-01-10,hs300,2019-01-07,600909,华安证券
2019-01-10,hs300,2019-01-07,600919,江苏银行
2019-01-10,hs300,2019-01-07,600926,杭州银行
2019-01-10,hs300,2019-01-07,600958,东方证券
2019-01-10,hs300,2019-01-07,600977,中国电影
2019-01-10,hs300,2019-01-07,600998,九州通
2019-01-10,hs300,2019-01-07,600999,招商证券
2019-01-10,hs300,2019-01-07,601006,大秦铁路
2019-01-10,hs300,2019-01-07,601009,南京银行
2019-01-10,hs300,2019-01-07,601012,隆基股份
2019-01-10,hs300,2019-01-07,601018,宁波港
2019-01-10,hs300,2019-01-07,601021,春秋航空
2019-01-10,hs300,2019-01-07,601066,中信建投
2019-01-10,hs300,2019-01-07,601088,中国神华
2019-01-10,hs300,2019-01-07,601108,财通证券
2019-01-10,hs300,2019-01-07,601111,中国国航
2019-01-10,hs300,2019-01-07,601117,中国化学
2019-01-10,hs300,2019-01-07,601138,工业富联
2019-01-10,hs300,2019-01-07,601155,新城控股
2019-01-10,hs300,2019-01-07,601166,兴业银行
2019-01-10,hs300,2019-01-07,601169,北京银行
2019-01-10,hs300,2019-01-07,601186,中国铁建
2019-01-10,hs300,2019-01-07,601198,东兴证券
2019-01-10,hs300,2019-01-07,601211,国泰君安
2019-01-10,hs300,2019-01-07,601212,白银有色
2019-01-10,hs300,2019-01-07,601216,君正集团
2019-01-10,hs300,2019-01-07,601225,陕西煤业
2019-01-10,hs300,2019-01-07,601228,广州港
2019-01-10,hs300,2019-01-07,601229,上海银行
2019-01-10,hs300,2019-01-07,601238,广汽集团
2019-01-10,hs300,2019-01-07,601288,农业银行
2019-01-10,hs300,2019-01-07,601318,中国平安
2019-01-10,hs300,2019-01-07,601328,交通银行
2019-01-10,hs300,2019-01-07,601333,广深铁路
2019-01-10,hs300,2019-01-07,601336,新华保险
2019-01-10,hs300,2019-01-07,601360,三六零
2019-01-10,hs300,2019-01-07,601377,兴业证券
2019-01-10,hs300,2019-01-07,601390,中国中铁
2019-01-10,hs300,2019-01-07,601398,工商银行
2019-01-10,hs300,2019-01-07,601555,东吴证券
2019-01-10,hs300,2019-01-07,601600,中国铝业
2019-01-10,hs300,2019-01-07,601601,中国太保
2019-01-10,hs300,2019-01-07,601607,上海医药
2019-01-10,hs300,2019-01-07,601611,中国核建
2019-01-10,hs300,2019-01-07,601618,中国中冶
2019-01-10,hs300,2019-01-07,601628,中国人寿
2019-01-10,hs300,2019-01-07,601633,长城汽车
2019-01-10,hs300,2019-01-07,601668,中国建筑
2019-01-10,hs300,2019-01-07,601669,中国电建
2019-01-10,hs300,2019-01-07,601688,华泰证券
2019-01-10,hs300,2019-01-07,601727,上海电气
2019-01-10,hs300,2019-01-07,601766,中国中车
2019-01-10,hs300,2019-01-07,601788,光大证券
2019-01-10,hs300,2019-01-07,601800,中国交建
2019-01-10,hs300,2019-01-07,601808,中海油服
2019-01-10,hs300,2019-01-07,601818,光大银行
2019-01-10,hs300,2019-01-07,601828,美凯龙
2019-01-10,hs300,2019-01-07,601838,成都银行
2019-01-10,hs300,2019-01-07,601857,中国石油
2019-01-10,hs300,2019-01-07,601877,正泰电器
2019-01-10,hs300,2019-01-07,601878,浙商证券
2019-01-10,hs300,2019-01-07,601881,中国银河
2019-01-10,hs300,2019-01-07,601888,中国国旅
2019-01-10,hs300,2019-01-07,601898,中煤能源
2019-01-10,hs300,2019-01-07,601899,紫金矿业
2019-01-10,hs300,2019-01-07,601901,方正证券
2019-01-10,hs300,2019-01-07,601919,中远海控
2019-01-10,hs300,2019-01-07,601933,永辉超市
2019-01-10,hs300,2019-01-07,601939,建设银行
2019-01-10,hs300,2019-01-07,601985,中国核电
2019-01-10,hs300,2019-01-07,601988,中国银行
2019-01-10,hs300,2019-01-07,601989,中国重工
2019-01-10,hs300,2019-01-07,601991,大唐发电
2019-01-10,hs300,2019-01-07,601992,金隅集团
2019-01-10,hs300,2019-01-07,601997,贵阳银行
2019-01-10,hs300,2019-01-07,601998,中信银行
2019-01-10,hs300,2019-01-07,603156,养元饮品
2019-01-10,hs300,2019-01-07,603160,汇顶科技
2019-01-10,hs300,2019-01-07,603259,药明康德
2019-01-10,hs300,2019-01-07,603260,合盛硅业
2019-01-10,hs300,2019-01-07,603288,海天味业
2019-01-10,hs300,2019-01-07,603799,华友钴业
2019-01-10,hs300,2019-01-07,603833,欧派家居
2019-01-10,hs300,2019-01-07,603858,步长制药
2019-01-10,hs300,2019-01-07,603986,兆易创新
2019-01-10,hs300,2019-01-07,603993,洛阳钼业
2019-01-10,hs300,2019-01-07,000001,平安银行
2019-01-10,hs300,2019-01-07,000002,万科A
2019-01-10,hs300,2019-01-07,000063,中兴通讯
2019-01-10,hs300,2019-01-07,000069,华侨城A
2019-01-10,hs300,2019-01-07,000100,TCL集团
2019-01-10,hs300,2019-01-07,000157,中联重科
2019-01-10,hs300,2019-01-07,000166,申万宏源
2019-01-10,hs300,2019-01-07,000333,美的集团
2019-01-10,hs300,2019-01-07,000338,潍柴动力
2019-01-10,hs300,2019-01-07,000402,金融街
2019-01-10,hs300,2019-01-07,000408,藏格控股
2019-01-10,hs300,2019-01-07,000413,东旭光电
2019-01-10,hs300,2019-01-07,000415,渤海租赁
2019-01-10,hs300,2019-01-07,000423,东阿阿胶
2019-01-10,hs300,2019-01-07,000425,徐工机械
2019-01-10,hs300,2019-01-07,000503,国新健康
2019-01-10,hs300,2019-01-07,000538,云南白药
2019-01-10,hs300,2019-01-07,000553,沙隆达A
2019-01-10,hs300,2019-01-07,000568,泸州老窖
2019-01-10,hs300,2019-01-07,000625,长安汽车
2019-01-10,hs300,2019-01-07,000627,天茂集团
2019-01-10,hs300,2019-01-07,000630,铜陵有色
2019-01-10,hs300,2019-01-07,000651,格力电器
2019-01-10,hs300,2019-01-07,000661,长春高新
2019-01-10,hs300,2019-01-07,000671,阳光城
2019-01-10,hs300,2019-01-07,000703,恒逸石化
2019-01-10,hs300,2019-01-07,000709,河钢股份
2019-01-10,hs300,2019-01-07,000725,京东方A
2019-01-10,hs300,2019-01-07,000728,国元证券
2019-01-10,hs300,2019-01-07,000768,中航飞机
2019-01-10,hs300,2019-01-07,000776,广发证券
2019-01-10,hs300,2019-01-07,000783,长江证券
2019-01-10,hs300,2019-01-07,000786,北新建材
2019-01-10,hs300,2019-01-07,000792,盐湖股份
2019-01-10,hs300,2019-01-07,000826,启迪桑德
2019-01-10,hs300,2019-01-07,000839,中信国安
2019-01-10,hs300,2019-01-07,000858,五粮液
2019-01-10,hs300,2019-01-07,000876,新希望
2019-01-10,hs300,2019-01-07,000895,双汇发展
2019-01-10,hs300,2019-01-07,000898,鞍钢股份
2019-01-10,hs300,2019-01-07,000938,紫光股份
2019-01-10,hs300,2019-01-07,000959,首钢股份
2019-01-10,hs300,2019-01-07,000961,中南建设
2019-01-10,hs300,2019-01-07,000963,华东医药
2019-01-10,hs300,2019-01-07,000983,西山煤电
2019-01-10,hs300,2019-01-07,001965,招商公路
2019-01-10,hs300,2019-01-07,001979,招商蛇口
2019-01-10,hs300,2019-01-07,002001,新和成
2019-01-10,hs300,2019-01-07,002007,华兰生物
2019-01-10,hs300,2019-01-07,002008,大族激光
2019-01-10,hs300,2019-01-07,002024,苏宁易购
2019-01-10,hs300,2019-01-07,002027,分众传媒
2019-01-10,hs300,2019-01-07,002032,苏泊尔
2019-01-10,hs300,2019-01-07,002044,美年健康
2019-01-10,hs300,2019-01-07,002050,三花智控
2019-01-10,hs300,2019-01-07,002065,东华软件
2019-01-10,hs300,2019-01-07,002081,金螳螂
2019-01-10,hs300,2019-01-07,002085,万丰奥威
2019-01-10,hs300,2019-01-07,002120,韵达股份
2019-01-10,hs300,2019-01-07,002142,宁波银行
2019-01-10,hs300,2019-01-07,002146,荣盛发展
2019-01-10,hs300,2019-01-07,002153,石基信息
2019-01-10,hs300,2019-01-07,002179,中航光电
2019-01-10,hs300,2019-01-07,002202,金风科技
2019-01-10,hs300,2019-01-07,002230,科大讯飞
2019-01-10,hs300,2019-01-07,002236,大华股份
2019-01-10,hs300,2019-01-07,002241,歌尔股份
2019-01-10,hs300,2019-01-07,002252,上海莱士
2019-01-10,hs300,2019-01-07,002271,东方雨虹
2019-01-10,hs300,2019-01-07,002294,信立泰
2019-01-10,hs300,2019-01-07,002304,洋河股份
2019-01-10,hs300,2019-01-07,002310,东方园林
2019-01-10,hs300,2019-01-07,002311,海大集团
2019-01-10,hs300,2019-01-07,002352,顺丰控股
2019-01-10,hs300,2019-01-07,002411,延安必康
2019-01-10,hs300,2019-01-07,002415,海康威视
2019-01-10,hs300,2019-01-07,002422,科伦药业
2019-01-10,hs300,2019-01-07,002450,康得新
2019-01-10,hs300,2019-01-07,002456,欧菲科技
2019-01-10,hs300,2019-01-07,002460,赣锋锂业
2019-01-10,hs300,2019-01-07,002466,天齐锂业
2019-01-10,hs300,2019-01-07,002468,申通快递
2019-01-10,hs300,2019-01-07,002475,立讯精密
2019-01-10,hs300,2019-01-07,002493,荣盛石化
2019-01-10,hs300,2019-01-07,002508,老板电器
2019-01-10,hs300,2019-01-07,002555,三七互娱
2019-01-10,hs300,2019-01-07,002558,巨人网络
2019-01-10,hs300,2019-01-07,002572,索菲亚
2019-01-10,hs300,2019-01-07,002594,比亚迪
2019-01-10,hs300,2019-01-07,002601,龙蟒佰利
2019-01-10,hs300,2019-01-07,002602,世纪华通
2019-01-10,hs300,2019-01-07,002624,完美世界
2019-01-10,hs300,2019-01-07,002625,光启技术
2019-01-10,hs300,2019-01-07,002673,西部证券
2019-01-10,hs300,2019-01-07,002714,牧原股份
2019-01-10,hs300,2019-01-07,002736,国信证券
2019-01-10,hs300,2019-01-07,002773,康弘药业
2019-01-10,hs300,2019-01-07,002797,第一创业
2019-01-10,hs300,2019-01-07,002925,盈趣科技
2019-01-10,hs300,2019-01-07,300003,乐普医疗
2019-01-10,hs300,2019-01-07,300015,爱尔眼科
2019-01-10,hs300,2019-01-07,300017,网宿科技
2019-01-10,hs300,2019-01-07,300024,机器人
2019-01-10,hs300,2019-01-07,300033,同花顺
2019-01-10,hs300,2019-01-07,300059,东方财富
2019-01-10,hs300,2019-01-07,300070,碧水源
2019-01-10,hs300,2019-01-07,300072,三聚环保
2019-01-10,hs300,2019-01-07,300122,智飞生物
2019-01-10,hs300,2019-01-07,300124,汇川技术
2019-01-10,hs300,2019-01-07,300136,信维通信
2019-01-10,hs300,2019-01-07,300142,沃森生物
2019-01-10,hs300,2019-01-07,300144,宋城演艺
2019-01-10,hs300,2019-01-07,300251,光线传媒
2019-01-10,hs300,2019-01-07,300296,利亚德
2019-01-10,hs300,2019-01-07,300408,三环集团
2019-01-10,hs300,2019-01-07,300433,蓝思科技
2019-01-10,zz500,2019-01-07,600006,东风汽车
2019-01-10,zz500,2019-01-07,600008,首创股份
2019-01-10,zz500,2019-01-07,600017,日照港
2019-01-10,zz500,2019-01-07,600021,上海电力
2019-01-10,zz500,2019-01-07,600022,山东钢铁
2019-01-10,zz500,2019-01-07,600026,中远海能
2019-01-10,zz500,2019-01-07,600037,歌华有线
2019-01-10,zz500,2019-01-07,600039,四川路桥
2019-01-10,zz500,2019-01-07,600053,九鼎投资
2019-01-10,zz500,2019-01-07,600056,中国医药
2019-01-10,zz500,2019-01-07,600058,五矿发展
2019-01-10,zz500,2019-01-07,600060,海信电器
2019-01-10,zz500,2019-01-07,600062,华润双鹤
2019-01-10,zz500,2019-01-07,600064,南京高科
2019-01-10,zz500,2019-01-07,600073,上海梅林
2019-01-10,zz500,2019-01-07,600079,人福医药
2019-01-10,zz500,2019-01-07,600086,东方金钰
2019-01-10,zz500,2019-01-07,600094,大名城
2019-01-10,zz500,2019-01-07,600098,广州发展
2019-01-10,zz500,2019-01-07,600120,浙江东方
2019-01-10,zz500,2019-01-07,600122,宏图高科
2019-01-10,zz500,2019-01-07,600125,铁龙物流
2019-01-10,zz500,2019-01-07,600126,杭钢股份
2019-01-10,zz500,2019-01-07,600138,中青旅
2019-01-10,zz500,2019-01-07,600141,兴发集团
2019-01-10,zz500,2019-01-07,600143,金发科技
2019-01-10,zz500,2019-01-07,600151,航天机电
2019-01-10,zz500,2019-01-07,600155,华创阳安
2019-01-10,zz500,2019-01-07,600158,中体产业
2019-01-10,zz500,2019-01-07,600160,巨化股份
2019-01-10,zz500,2019-01-07,600161,天坛生物
2019-01-10,zz500,2019-01-07,600166,福田汽车
2019-01-10,zz500,2019-01-07,600167,联美控股
2019-01-10,zz500,2019-01-07,600169,太原重工
2019-01-10,zz500,2019-01-07,600171,上海贝岭
2019-01-10,zz500,2019-01-07,600179,安通控股
2019-01-10,zz500,2019-01-07,600183,生益科技
2019-01-10,zz500,2019-01-07,600184,光电股份
2019-01-10,zz500,2019-01-07,600195,中牧股份
2019-01-10,zz500,2019-01-07,600201,生物股份
2019-01-10,zz500,2019-01-07,600216,浙江医药
2019-01-10,zz500,2019-01-07,600240,华业资本
2019-01-10,zz500,2019-01-07,600256,广汇能源
2019-01-10,zz500,2019-01-07,600258,首旅酒店
2019-01-10,zz500,2019-01-07,600259,广晟有色
2019-01-10,zz500,2019-01-07,600260,凯乐科技
2019-01-10,zz500,2019-01-07,600266,北京城建
2019-01-10,zz500,2019-01-07,600267,海正药业
2019-01-10,zz500,2019-01-07,600277,亿利洁能
2019-01-10,zz500,2019-01-07,600280,中央商场
2019-01-10,zz500,2019-01-07,600282,南钢股份
2019-01-10,zz500,2019-01-07,600291,西水股份
2019-01-10,zz500,2019-01-07,600298,安琪酵母
2019-01-10,zz500,2019-01-07,600307,酒钢宏兴
2019-01-10,zz500,2019-01-07,600312,平高电气
2019-01-10,zz500,2019-01-07,600315,上海家化
2019-01-10,zz500,2019-01-07,600316,洪都航空
2019-01-10,zz500,2019-01-07,600325,华发股份
2019-01-10,zz500,2019-01-07,600329,中新药业
2019-01-10,zz500,2019-01-07,600335,国机汽车
2019-01-10,zz500,2019-01-07,600338,西藏珠峰
2019-01-10,zz500,2019-01-07,600348,阳泉煤业
2019-01-10,zz500,2019-01-07,600350,山东高速
2019-01-10,zz500,2019-01-07,600366,宁波韵升
2019-01-10,zz500,2019-01-07,600373,中文传媒
2019-01-10,zz500,2019-01-07,600376,首开股份
2019-01-10,zz500,2019-01-07,600380,健康元
2019-01-10,zz500,2019-01-07,600388,龙净环保
2019-01-10,zz500,2019-01-07,600392,盛和资源
2019-01-10,zz500,2019-01-07,600393,粤泰股份
2019-01-10,zz500,2019-01-07,600409,三友化工
2019-01-10,zz500,2019-01-07,600410,华胜天成
2019-01-10,zz500,2019-01-07,600416,湘电股份
2019-01-10,zz500,2019-01-07,600418,江淮汽车
2019-01-10,zz500,2019-01-07,600426,华鲁恒升
2019-01-10,zz500,2019-01-07,600428,中远海特
2019-01-10,zz500,2019-01-07,600435,北方导航
2019-01-10,zz500,2019-01-07,600458,时代新材
2019-01-10,zz500,2019-01-07,600460,士兰微
2019-01-10,zz500,2019-01-07,600466,蓝光发展
2019-01-10,zz500,2019-01-07,600478,科力远
2019-01-10,zz500,2019-01-07,600499,科达洁能
2019-01-10,zz500,2019-01-07,600500,中化国际
2019-01-10,zz500,2019-01-07,600503,华丽家族
2019-01-10,zz500,2019-01-07,600507,方大特钢
2019-01-10,zz500,2019-01-07,600511,国药股份
2019-01-10,zz500,2019-01-07,600525,长园集团
2019-01-10,zz500,2019-01-07,600528,中铁工业
2019-01-10,zz500,2019-01-07,600536,中国软件
2019-01-10,zz500,2019-01-07,600545,卓郎智能
2019-01-10,zz500,2019-01-07,600557,康缘药业
2019-01-10,zz500,2019-01-07,600563,法拉电子
2019-01-10,zz500,2019-01-07,600565,迪马股份
2019-01-10,zz500,2019-01-07,600567,山鹰纸业
2019-01-10,zz500,2019-01-07,600572,康恩贝
2019-01-10,zz500,2019-01-07,600575,皖江物流
2019-01-10,zz500,2019-01-07,600580,卧龙电气
2019-01-10,zz500,2019-01-07,600582,天地科技
2019-01-10,zz500,2019-01-07,600584,长电科技
2019-01-10,zz500,2019-01-07,600594,益佰制药
2019-01-10,zz500,2019-01-07,600597,光明乳业
2019-01-10,zz500,2019-01-07,600598,北大荒
2019-01-10,zz500,2019-01-07,600600,青岛啤酒
2019-01-10,zz500,2019-01-07,600611,大众交通
2019-01-10,zz500,2019-01-07,600614,鹏起科技
2019-01-10,zz500,2019-01-07,600618,氯碱化工
2019-01-10,zz500,2019-01-07,600623,华谊集团
2019-01-10,zz500,2019-01-07,600633,浙数文化
2019-01-10,zz500,2019-01-07,600639,浦东金桥
2019-01-10,zz500,2019-01-07,600640,号百控股
2019-01-10,zz500,2019-01-07,600642,申能股份
2019-01-10,zz500,2019-01-07,600643,爱建集团
2019-01-10,zz500,2019-01-07,600645,中源协和
2019-01-10,zz500,2019-01-07,600648,外高桥
2019-01-10,zz500,2019-01-07,600649,城投控股
2019-01-10,zz500,2019-01-07,600655,豫园股份
2019-01-10,zz500,2019-01-07,600657,信达地产
2019-01-10,zz500,2019-01-07,600664,哈药股份
2019-01-10,zz500,2019-01-07,600673,东阳光科
2019-01-10,zz500,2019-01-07,600687,刚泰控股
2019-01-10,zz500,2019-01-07,600694,大商股份
2019-01-10,zz500,2019-01-07,600699,均胜电子
2019-01-10,zz500,2019-01-07,600717,天津港
2019-01-10,zz500,2019-01-07,600718,东软集团
2019-01-10,zz500,2019-01-07,600729,重庆百货
2019-01-10,zz500,2019-01-07,600737,中粮糖业
2019-01-10,zz500,2019-01-07,600743,华远地产
2019-01-10,zz500,2019-01-07,600748,上实发展
2019-01-10,zz500,2019-01-07,600750,江中药业
2019-01-10,zz500,2019-01-07,600751,海航科技
2019-01-10,zz500,2019-01-07,600754,锦江股份
2019-01-10,zz500,2019-01-07,600755,厦门国贸
2019-01-10,zz500,2019-01-07,600757,长江传媒
2019-01-10,zz500,2019-01-07,600759,洲际油气
2019-01-10,zz500,2019-01-07,600765,中航重机
2019-01-10,zz500,2019-01-07,600770,综艺股份
2019-01-10,zz500,2019-01-07,600773,西藏城投
2019-01-10,zz500,2019-01-07,600777,新潮能源
2019-01-10,zz500,2019-01-07,600779,水井坊
2019-01-10,zz500,2019-01-07,600782,新钢股份
2019-01-10,zz500,2019-01-07,600787,中储股份
2019-01-10,zz500,2019-01-07,600801,华新水泥
2019-01-10,zz500,2019-01-07,600804,鹏博士
2019-01-10,zz500,2019-01-07,600808,马钢股份
2019-01-10,zz500,2019-01-07,600811,东方集团
2019-01-10,zz500,2019-01-07,600820,隧道股份
2019-01-10,zz500,2019-01-07,600823,世茂股份
2019-01-10,zz500,2019-01-07,600827,百联股份
2019-01-10,zz500,2019-01-07,600835,上海机电
2019-01-10,zz500,2019-01-07,600839,四川长虹
2019-01-10,zz500,2019-01-07,600848,上海临港
2019-01-10,zz500,2019-01-07,600859,王府井
2019-01-10,zz500,2019-01-07,600862,中航高科
2019-01-10,zz500,2019-01-07,600863,内蒙华电
2019-01-10,zz500,2019-01-07,600869,智慧能源
2019-01-10,zz500,2019-01-07,600872,中炬高新
2019-01-10,zz500,2019-01-07,600874,创业环保
2019-01-10,zz500,2019-01-07,600875,东方电气
2019-01-10,zz500,2019-01-07,600879,航天电子
2019-01-10,zz500,2019-01-07,600881,亚泰集团
2019-01-10,zz500,2019-01-07,600884,杉杉股份
2019-01-10,zz500,2019-01-07,600885,宏发股份
2019-01-10,zz500,2019-01-07,600895,张江高科
2019-01-10,zz500,2019-01-07,600901,江苏租赁
2019-01-10,zz500,2019-01-07,600908,无锡银行
2019-01-10,zz500,2019-01-07,600917,重庆燃气
2019-01-10,zz500,2019-01-07,600939,重庆建工
2019-01-10,zz500,2019-01-07,600959,江苏有线
2019-01-10,zz500,2019-01-07,600967,内蒙一机
2019-01-10,zz500,2019-01-07,600970,中材国际
2019-01-10,zz500,2019-01-07,600971,恒源煤电
2019-01-10,zz500,2019-01-07,600978,宜华生活
2019-01-10,zz500,2019-01-07,600993,马应龙
2019-01-10,zz500,2019-01-07,600996,贵广网络
2019-01-10,zz500,2019-01-07,601000,唐山港
2019-01-10,zz500,2019-01-07,601001,大同煤业
2019-01-10,zz500,2019-01-07,601003,柳钢股份
2019-01-10,zz500,2019-01-07,601005,重庆钢铁
2019-01-10,zz500,2019-01-07,601016,节能风电
2019-01-10,zz500,2019-01-07,601019,山东出版
2019-01-10,zz500,2019-01-07,601020,华钰矿业
2019-01-10,zz500,2019-01-07,601098,中南传媒
2019-01-10,zz500,2019-01-07,601100,恒立液压
2019-01-10,zz500,2019-01-07,601106,中国一重
2019-01-10,zz500,2019-01-07,601127,小康股份
2019-01-10,zz500,2019-01-07,601128,常熟银行
2019-01-10,zz500,2019-01-07,601168,西部矿业
2019-01-10,zz500,2019-01-07,601179,中国西电
2019-01-10,zz500,2019-01-07,601200,上海环境
2019-01-10,zz500,2019-01-07,601231,环旭电子
2019-01-10,zz500,2019-01-07,601311,骆驼股份
2019-01-10,zz500,2019-01-07,601326,秦港股份
2019-01-10,zz500,2019-01-07,601608,中信重工
2019-01-10,zz500,2019-01-07,601678,滨化股份
2019-01-10,zz500,2019-01-07,601689,拓普集团
2019-01-10,zz500,2019-01-07,601717,郑煤机
2019-01-10,zz500,2019-01-07,601718,际华集团
2019-01-10,zz500,2019-01-07,601777,力帆股份
2019-01-10,zz500,2019-01-07,601801,皖新传媒
2019-01-10,zz500,2019-01-07,601811,新华文轩
2019-01-10,zz500,2019-01-07,601866,中远海发
2019-01-10,zz500,2019-01-07,601869,长飞光纤
2019-01-10,zz500,2019-01-07,601872,招商轮船
2019-01-10,zz500,2019-01-07,601880,大连港
2019-01-10,zz500,2019-01-07,601928,凤凰传媒
2019-01-10,zz500,2019-01-07,601958,金钼股份
2019-01-10,zz500,2019-01-07,601966,玲珑轮胎
2019-01-10,zz500,2019-01-07,601969,海南矿业
2019-01-10,zz500,2019-01-07,601990,南京证券
2019-01-10,zz500,2019-01-07,603000,人民网
2019-01-10,zz500,2019-01-07,603025,大豪科技
2019-01-10,zz500,2019-01-07,603056,德邦股份
2019-01-10,zz500,2019-01-07,603077,和邦生物
2019-01-10,zz500,2019-01-07,603169,兰石重装
2019-01-10,zz500,2019-01-07,603198,迎驾贡酒
2019-01-10,zz500,2019-01-07,603225,新凤鸣
2019-01-10,zz500,2019-01-07,603228,景旺电子
2019-01-10,zz500,2019-01-07,603233,大参林
2019-01-10,zz500,2019-01-07,603328,依顿电子
2019-01-10,zz500,2019-01-07,603355,莱克电气
2019-01-10,zz500,2019-01-07,603369,今世缘
2019-01-10,zz500,2019-01-07,603377,东方时尚
2019-01-10,zz500,2019-01-07,603444,吉比特
2019-01-10,zz500,2019-01-07,603486,科沃斯
2019-01-10,zz500,2019-01-07,603515,欧普照明
2019-01-10,zz500,2019-01-07,603556,海兴电力
2019-01-10,zz500,2019-01-07,603568,伟明环保
2019-01-10,zz500,2019-01-07,603569,长久物流
2019-01-10,zz500,2019-01-07,603650,彤程新材
2019-01-10,zz500,2019-01-07,603658,安图生物
2019-01-10,zz500,2019-01-07,603659,璞泰来
2019-01-10,zz500,2019-01-07,603712,七一二
2019-01-10,zz500,2019-01-07,603766,隆鑫通用
2019-01-10,zz500,2019-01-07,603806,福斯特
2019-01-10,zz500,2019-01-07,603816,顾家家居
2019-01-10,zz500,2019-01-07,603866,桃李面包
2019-01-10,zz500,2019-01-07,603868,飞科电器
2019-01-10,zz500,2019-01-07,603877,太平鸟
2019-01-10,zz500,2019-01-07,603883,老百姓
2019-01-10,zz500,2019-01-07,603885,吉祥航空
2019-01-10,zz500,2019-01-07,603888,新华网
2019-01-10,zz500,2019-01-07,603899,晨光文具
2019-01-10,zz500,2019-01-07,000006,深振业A
2019-01-10,zz500,2019-01-07,000008,神州高铁
2019-01-10,zz500,2019-01-07,000009,中国宝安
2019-01-10,zz500,2019-01-07,000012,南玻A
2019-01-10,zz500,2019-01-07,000021,深科技
2019-01-10,zz500,2019-01-07,000025,特力A
2019-01-10,zz500,2019-01-07,000027,深圳能源
2019-01-10,zz500,2019-01-07,000028,国药一致
2019-01-10,zz500,2019-01-07,000031,中粮地产
2019-01-10,zz500,2019-01-07,000039,中集集团
2019-01-10,zz500,2019-01-07,000049,德赛电池
2019-01-10,zz500,2019-01-07,000060,中金岭南
2019-01-10,zz500,2019-01-07,000061,农产品
2019-01-10,zz500,2019-01-07,000062,深圳华强
2019-01-10,zz500,2019-01-07,000066,中国长城
2019-01-10,zz500,2019-01-07,000078,海王生物
2019-01-10,zz500,2019-01-07,000089,深圳机场
2019-01-10,zz500,2019-01-07,000090,天健集团
2019-01-10,zz500,2019-01-07,000156,华数传媒
2019-01-10,zz500,2019-01-07,000158,常山北明
2019-01-10,zz500,2019-01-07,000400,许继电气
2019-01-10,zz500,2019-01-07,000401,冀东水泥
2019-01-10,zz500,2019-01-07,000418,小天鹅A
2019-01-10,zz500,2019-01-07,000426,兴业矿业
2019-01-10,zz500,2019-01-07,000488,晨鸣纸业
2019-01-10,zz500,2019-01-07,000501,鄂武商A
2019-01-10,zz500,2019-01-07,000513,丽珠集团
2019-01-10,zz500,2019-01-07,000519,中兵红箭
2019-01-10,zz500,2019-01-07,000528,柳工
2019-01-10,zz500,2019-01-07,000536,华映科技
2019-01-10,zz500,2019-01-07,000537,广宇发展
2019-01-10,zz500,2019-01-07,000541,佛山照明
2019-01-10,zz500,2019-01-07,000543,皖能电力
2019-01-10,zz500,2019-01-07,000547,航天发展
2019-01-10,zz500,2019-01-07,000552,靖远煤电
2019-01-10,zz500,2019-01-07,000559,万向钱潮
2019-01-10,zz500,2019-01-07,000563,陕国投A
2019-01-10,zz500,2019-01-07,000564,供销大集
2019-01-10,zz500,2019-01-07,000581,威孚高科
2019-01-10,zz500,2019-01-07,000587,金洲慈航
2019-01-10,zz500,2019-01-07,000596,古井贡酒
2019-01-10,zz500,2019-01-07,000598,兴蓉环境
2019-01-10,zz500,2019-01-07,000600,建投能源
2019-01-10,zz500,2019-01-07,000612,焦作万方
2019-01-10,zz500,2019-01-07,000623,吉林敖东
2019-01-10,zz500,2019-01-07,000636,风华高科
2019-01-10,zz500,2019-01-07,000656,金科股份
2019-01-10,zz500,2019-01-07,000667,美好置业
2019-01-10,zz500,2019-01-07,000681,视觉中国
2019-01-10,zz500,2019-01-07,000685,中山公用
2019-01-10,zz500,2019-01-07,000686,东北证券
2019-01-10,zz500,2019-01-07,000690,宝新能源
2019-01-10,zz500,2019-01-07,000712,锦龙股份
2019-01-10,zz500,2019-01-07,000717,韶钢松山
2019-01-10,zz500,2019-01-07,000718,苏宁环球
2019-01-10,zz500,2019-01-07,000723,美锦能源
2019-01-10,zz500,2019-01-07,000727,华东科技
2019-01-10,zz500,2019-01-07,000729,燕京啤酒
2019-01-10,zz500,2019-01-07,000732,泰禾集团
2019-01-10,zz500,2019-01-07,000738,航发控制
2019-01-10,zz500,2019-01-07,000750,国海证券
2019-01-10,zz500,2019-01-07,000758,中色股份
2019-01-10,zz500,2019-01-07,000761,本钢板材
2019-01-10,zz500,2019-01-07,000766,通化金马
2019-01-10,zz500,2019-01-07,000778,新兴铸管
2019-01-10,zz500,2019-01-07,000807,云铝股份
2019-01-10,zz500,2019-01-07,000813,德展健康
2019-01-10,zz500,2019-01-07,000829,天音控股
2019-01-10,zz500,2019-01-07,000830,鲁西化工
2019-01-10,zz500,2019-01-07,000848,承德露露
2019-01-10,zz500,2019-01-07,000860,顺鑫农业
2019-01-10,zz500,2019-01-07,000877,天山股份
2019-01-10,zz500,2019-01-07,000878,云南铜业
2019-01-10,zz500,2019-01-07,000887,中鼎股份
2019-01-10,zz500,2019-01-07,000926,福星股份
2019-01-10,zz500,2019-01-07,000930,中粮生化
2019-01-10,zz500,2019-01-07,000932,华菱钢铁
2019-01-10,zz500,2019-01-07,000937,冀中能源
2019-01-10,zz500,2019-01-07,000960,锡业股份
2019-01-10,zz500,2019-01-07,000969,安泰科技
2019-01-10,zz500,2019-01-07,000970,中科三环
2019-01-10,zz500,2019-01-07,000975,银泰资源
2019-01-10,zz500,2019-01-07,000980,众泰汽车
2019-01-10,zz500,2019-01-07,000987,越秀金控
2019-01-10,zz500,2019-01-07,000988,华工科技
2019-01-10,zz500,2019-01-07,000990,诚志股份
2019-01-10,zz500,2019-01-07,000997,新大陆
2019-01-10,zz500,2019-01-07,000998,隆平高科
2019-01-10,zz500,2019-01-07,000999,华润三九
2019-01-10,zz500,2019-01-07,002002,鸿达兴业
2019-01-10,zz500,2019-01-07,002004,华邦健康
2019-01-10,zz500,2019-01-07,002013,中航机电
2019-01-10,zz500,2019-01-07,002019,亿帆医药
2019-01-10,zz500,2019-01-07,002028,思源电气
2019-01-10,zz500,2019-01-07,002030,达安基因
2019-01-10,zz500,2019-01-07,002038,双鹭药业
2019-01-10,zz500,2019-01-07,002041,登海种业
2019-01-10,zz500,2019-01-07,002048,宁波华翔
2019-01-10,zz500,2019-01-07,002049,紫光国微
2019-01-10,zz500,2019-01-07,002051,中工国际
2019-01-10,zz500,2019-01-07,002056,横店东磁
2019-01-10,zz500,2019-01-07,002064,华峰氨纶
2019-01-10,zz500,2019-01-07,002074,国轩高科
2019-01-10,zz500,2019-01-07,002078,太阳纸业
2019-01-10,zz500,2019-01-07,002092,中泰化学
2019-01-10,zz500,2019-01-07,002093,国脉科技
2019-01-10,zz500,2019-01-07,002110,三钢闽光
2019-01-10,zz500,2019-01-07,002118,紫鑫药业
2019-01-10,zz500,2019-01-07,002127,南极电商
2019-01-10,zz500,2019-01-07,002128,露天煤业
2019-01-10,zz500,2019-01-07,002129,中环股份
2019-01-10,zz500,2019-01-07,002131,利欧股份
2019-01-10,zz500,2019-01-07,002147,ST新光
2019-01-10,zz500,2019-01-07,002152,广电运通
2019-01-10,zz500,2019-01-07,002155,湖南黄金
2019-01-10,zz500,2019-01-07,002174,游族网络
2019-01-10,zz500,2019-01-07,002176,江特电机
2019-01-10,zz500,2019-01-07,002183,怡亚通
2019-01-10,zz500,2019-01-07,002191,劲嘉股份
2019-01-10,zz500,2019-01-07,002195,二三四五
2019-01-10,zz500,2019-01-07,002212,南洋股份
2019-01-10,zz500,2019-01-07,002221,东华能源
2019-01-10,zz500,2019-01-07,002223,鱼跃医疗
2019-01-10,zz500,2019-01-07,002233,塔牌集团
2019-01-10,zz500,2019-01-07,002242,九阳股份
2019-01-10,zz500,2019-01-07,002244,滨江集团
2019-01-10,zz500,2019-01-07,002249,大洋电机
2019-01-10,zz500,2019-01-07,002250,联化科技
2019-01-10,zz500,2019-01-07,002251,步步高
2019-01-10,zz500,2019-01-07,002254,泰和新材
2019-01-10,zz500,2019-01-07,002266,浙富控股
2019-01-10,zz500,2019-01-07,002268,卫士通
2019-01-10,zz500,2019-01-07,002273,水晶光电
2019-01-10,zz500,2019-01-07,002276,万马股份
2019-01-10,zz500,2019-01-07,002277,友阿股份
2019-01-10,zz500,2019-01-07,002280,联络互动
2019-01-10,zz500,2019-01-07,002281,光迅科技
2019-01-10,zz500,2019-01-07,002285,世联行
2019-01-10,zz500,2019-01-07,002299,圣农发展
2019-01-10,zz500,2019-01-07,002302,西部建设
2019-01-10,zz500,2019-01-07,002308,威创股份
2019-01-10,zz500,2019-01-07,002317,众生药业
2019-01-10,zz500,2019-01-07,002332,仙琚制药
2019-01-10,zz500,2019-01-07,002340,格林美
2019-01-10,zz500,2019-01-07,002344,海宁皮城
2019-01-10,zz500,2019-01-07,002345,潮宏基
2019-01-10,zz500,2019-01-07,002353,杰瑞股份
2019-01-10,zz500,2019-01-07,002354,天神娱乐
2019-01-10,zz500,2019-01-07,002358,森源电气
2019-01-10,zz500,2019-01-07,002359,北讯集团
2019-01-10,zz500,2019-01-07,002366,台海核电
2019-01-10,zz500,2019-01-07,002368,太极股份
2019-01-10,zz500,2019-01-07,002371,北方华创
2019-01-10,zz500,2019-01-07,002372,伟星新材
2019-01-10,zz500,2019-01-07,002373,千方科技
2019-01-10,zz500,2019-01-07,002375,亚厦股份
2019-01-10,zz500,2019-01-07,002384,东山精密
2019-01-10,zz500,2019-01-07,002385,大北农
2019-01-10,zz500,2019-01-07,002390,信邦制药
2019-01-10,zz500,2019-01-07,002399,海普瑞
2019-01-10,zz500,2019-01-07,002400,省广集团
2019-01-10,zz500,2019-01-07,002407,多氟多
2019-01-10,zz500,2019-01-07,002408,齐翔腾达
2019-01-10,zz500,2019-01-07,002410,广联达
2019-01-10,zz500,2019-01-07,002414,高德红外
2019-01-10,zz500,2019-01-07,002416,爱施德
2019-01-10,zz500,2019-01-07,002424,贵州百灵
2019-01-10,zz500,2019-01-07,002426,胜利精密
2019-01-10,zz500,2019-01-07,002431,棕榈股份
2019-01-10,zz500,2019-01-07,002434,万里扬
2019-01-10,zz500,2019-01-07,002437,誉衡药业
2019-01-10,zz500,2019-01-07,002439,启明星辰
2019-01-10,zz500,2019-01-07,002440,闰土股份
2019-01-10,zz500,2019-01-07,002444,巨星科技
2019-01-10,zz500,2019-01-07,002463,沪电股份
2019-01-10,zz500,2019-01-07,002465,海格通信
2019-01-10,zz500,2019-01-07,002470,金正大
2019-01-10,zz500,2019-01-07,002477,雏鹰农牧
2019-01-10,zz500,2019-01-07,002482,广田集团
2019-01-10,zz500,2019-01-07,002489,浙江永强
2019-01-10,zz500,2019-01-07,002491,通鼎互联
2019-01-10,zz500,2019-01-07,002500,山西证券
2019-01-10,zz500,2019-01-07,002503,搜于特
2019-01-10,zz500,2019-01-07,002505,大康农业
2019-01-10,zz500,2019-01-07,002506,协鑫集成
2019-01-10,zz500,2019-01-07,002507,涪陵榨菜
2019-01-10,zz500,2019-01-07,002509,天广中茂
2019-01-10,zz500,2019-01-07,002512,达华智能
2019-01-10,zz500,2019-01-07,002517,恺英网络
2019-01-10,zz500,2019-01-07,002544,杰赛科技
2019-01-10,zz500,2019-01-07,002563,森马服饰
2019-01-10,zz500,2019-01-07,002573,清新环境
2019-01-10,zz500,2019-01-07,002583,海能达
2019-01-10,zz500,2019-01-07,002588,史丹利
2019-01-10,zz500,2019-01-07,002589,瑞康医药
2019-01-10,zz500,2019-01-07,002603,以岭药业
2019-01-10,zz500,2019-01-07,002635,安洁科技
2019-01-10,zz500,2019-01-07,002640,跨境通
2019-01-10,zz500,2019-01-07,002642,荣之联
2019-01-10,zz500,2019-01-07,002663,普邦股份
2019-01-10,zz500,2019-01-07,002665,首航节能
2019-01-10,zz500,2019-01-07,002670,国盛金控
2019-01-10,zz500,2019-01-07,002672,东江环保
2019-01-10,zz500,2019-01-07,002681,奋达科技
2019-01-10,zz500,2019-01-07,002690,美亚光电
2019-01-10,zz500,2019-01-07,002699,美盛文化
2019-01-10,zz500,2019-01-07,002701,奥瑞金
2019-01-10,zz500,2019-01-07,002707,众信旅游
2019-01-10,zz500,2019-01-07,002709,天赐材料
2019-01-10,zz500,2019-01-07,002745,木林森
2019-01-10,zz500,2019-01-07,002807,江阴银行
2019-01-10,zz500,2019-01-07,002815,崇达技术
2019-01-10,zz500,2019-01-07,002818,富森美
2019-01-10,zz500,2019-01-07,002831,裕同科技
2019-01-10,zz500,2019-01-07,002839,张家港行
2019-01-10,zz500,2019-01-07,002916,深南电路
2019-01-10,zz500,2019-01-07,002920,德赛西威
2019-01-10,zz500,2019-01-07,300001,特锐德
2019-01-10,zz500,2019-01-07,300002,神州泰岳
2019-01-10,zz500,2019-01-07,300010,立思辰
2019-01-10,zz500,2019-01-07,300026,红日药业
2019-01-10,zz500,2019-01-07,300027,华谊兄弟
2019-01-10,zz500,2019-01-07,300055,万邦达
2019-01-10,zz500,2019-01-07,300058,蓝色光标
2019-01-10,zz500,2019-01-07,300088,长信科技
2019-01-10,zz500,2019-01-07,300113,顺网科技
2019-01-10,zz500,2019-01-07,300115,长盈精密
2019-01-10,zz500,2019-01-07,300133,华策影视
2019-01-10,zz500,2019-01-07,300134,大富科技
2019-01-10,zz500,2019-01-07,300146,汤臣倍健
2019-01-10,zz500,2019-01-07,300156,神雾环保
2019-01-10,zz500,2019-01-07,300159,新研股份
2019-01-10,zz500,2019-01-07,300166,东方国信
2019-01-10,zz500,2019-01-07,300168,万达信息
2019-01-10,zz500,2019-01-07,300182,捷成股份
2019-01-10,zz500,2019-01-07,300197,铁汉生态
2019-01-10,zz500,2019-01-07,300199,翰宇药业
2019-01-10,zz500,2019-01-07,300202,聚龙股份
2019-01-10,zz500,2019-01-07,300244,迪安诊断
2019-01-10,zz500,2019-01-07,300253,卫宁健康
2019-01-10,zz500,2019-01-07,300257,开山股份
2019-01-10,zz500,2019-01-07,300266,兴源环境
2019-01-10,zz500,2019-01-07,300274,阳光电源
2019-01-10,zz500,2019-01-07,300287,飞利信
2019-01-10,zz500,2019-01-07,300291,华录百纳
2019-01-10,zz500,2019-01-07,300297,蓝盾股份
2019-01-10,zz500,2019-01-07,300308,中际旭创
2019-01-10,zz500,2019-01-07,300315,掌趣科技
2019-01-10,zz500,2019-01-07,300316,晶盛机电
2019-01-10,zz500,2019-01-07,300324,旋极信息
2019-01-10,zz500,2019-01-07,300347,泰格医药
2019-01-10,zz500,2019-01-07,300376,易事特
2019-01-10,zz500,2019-01-07,300383,光环新网
2019-01-10,zz500,2019-01-07,300413,芒果超媒
2019-01-10,zz500,2019-01-07,300418,昆仑万维
2019-01-10,zz500,2019-01-07,300450,先导智能
2019-01-10,zz500,2019-01-07,300459,金科文化
2019-07-10,hs300,2019-07-08,600000,浦发银行
2019-07-10,hs300,2019-07-08,600004,白云机场
2019-07-10,hs300,2019-07-08,600009,上海机场
2019-07-10,hs300,2019-07-08,600010,包钢股份
2019-07-10,hs300,2019-07-08,600011,华能国际
2019-07-10,hs300,2019-07-08,600015,华夏银行
2019-07-10,hs300,2019-07-08,600016,民生银行
2019-07-10,hs300,2019-07-08,600018,上港集团
2019-07-10,hs300,2019-07-08,600019,宝钢股份
2019-07-10,hs300,2019-07-08,600023,浙能电力
2019-07-10,hs300,2019-07-08,600025,华能水电
2019-07-10,hs300,2019-07-08,600027,华电国际
2019-07-10,hs300,2019-07-08,600028,中国石化
2019-07-10,hs300,2019-07-08,600029,南方航空
2019-07-10,hs300,2019-07-08,600030,中信证券
2019-07-10,hs300,2019-07-08,600031,三一重工
2019-07-10,hs300,2019-07-08,600036,招商银行
2019-07-10,hs300,2019-07-08,600038,中直股份
2019-07-10,hs300,2019-07-08,600048,保利地产
2019-07-10,hs300,2019-07-08,600050,中国联通
2019-07-10,hs300,2019-07-08,600061,国投资本
2019-07-10,hs300,2019-07-08,600066,宇通客车
2019-07-10,hs300,2019-07-08,600068,葛洲坝
2019-07-10,hs300,2019-07-08,600085,同仁堂
2019-07-10,hs300,2019-07-08,600089,特变电工
2019-07-10,hs300,2019-07-08,600100,同方股份
2019-07-10,hs300,2019-07-08,600104,上汽集团
2019-07-10,hs300,2019-07-08,600109,国金证券
2019-07-10,hs300,2019-07-08,600111,北方稀土
2019-07-10,hs300,2019-07-08,600115,东方航空
2019-07-10,hs300,2019-07-08,600118,中国卫星
2019-07-10,hs300,2019-07-08,600153,建发股份
2019-07-10,hs300,2019-07-08,600170,上海建工
2019-07-10,hs300,2019-07-08,600176,中国巨石
2019-07-10,hs300,2019-07-08,600177,雅戈尔
2019-07-10,hs300,2019-07-08,600188,兖州煤业
2019-07-10,hs300,2019-07-08,600196,复星医药
2019-07-10,hs300,2019-07-08,600208,新湖中宝
2019-07-10,hs300,2019-07-08,600219,南山铝业
2019-07-10,hs300,2019-07-08,600221,海航控股
2019-07-10,hs300,2019-07-08,600233,圆通速递
2019-07-10,hs300,2019-07-08,600271,航天信息
2019-07-10,hs300,2019-07-08,600276,恒瑞医药
2019-07-10,hs300,2019-07-08,600297,广汇汽车
2019-07-10,hs300,2019-07-08,600299,安迪苏
2019-07-10,hs300,2019-07-08,600309,万华化学
2019-07-10,hs300,2019-07-08,600332,白云山
2019-07-10,hs300,2019-07-08,600339,中油工程
2019-07-10,hs300,2019-07-08,600340,华夏幸福
2019-07-10,hs300,2019-07-08,600346,恒力石化
2019-07-10,hs300,2019-07-08,600352,浙江龙盛
2019-07-10,hs300,2019-07-08,600362,江西铜业
2019-07-10,hs300,2019-07-08,600369,西南证券
2019-07-10,hs300,2019-07-08,600372,中航电子
2019-07-10,hs300,2019-07-08,600383,金地集团
2019-07-10,hs300,2019-07-08,600390,五矿资本
2019-07-10,hs300,2019-07-08,600398,海澜之家
2019-07-10,hs300,2019-07-08,600406,国电南瑞
2019-07-10,hs300,2019-07-08,600415,小商品城
2019-07-10,hs300,2019-07-08,600436,片仔癀
2019-07-10,hs300,2019-07-08,600438,通威股份
2019-07-10,hs300,2019-07-08,600482,中国动力
2019-07-10,hs300,2019-07-08,600487,亨通光电
2019-07-10,hs300,2019-07-08,600489,中金黄金
2019-07-10,hs300,2019-07-08,600498,烽火通信
2019-07-10,hs300,2019-07-08,600516,方大炭素
2019-07-10,hs300,2019-07-08,600519,贵州茅台
2019-07-10,hs300,2019-07-08,600522,中天科技
2019-07-10,hs300,2019-07-08,600535,天士力
2019-07-10,hs300,2019-07-08,600547,山东黄金
2019-07-10,hs300,2019-07-08,600566,济川药业
2019-07-10,hs300,2019-07-08,600570,恒生电子
2019-07-10,hs300,2019-07-08,600583,海油工程
2019-07-10,hs300,2019-07-08,600585,海螺水泥
2019-07-10,hs300,2019-07-08,600588,用友网络
2019-07-10,hs300,2019-07-08,600606,绿地控股
2019-07-10,hs300,2019-07-08,600637,东方明珠
2019-07-10,hs300,2019-07-08,600660,福耀玻璃
2019-07-10,hs300,2019-07-08,600663,陆家嘴
2019-07-10,hs300,2019-07-08,600674,川投能源
2019-07-10,hs300,2019-07-08,600688,上海石化
2019-07-10,hs300,2019-07-08,600690,海尔智家
2019-07-10,hs300,2019-07-08,600703,三安光电
2019-07-10,hs300,2019-07-08,600704,物产中大
2019-07-10,hs300,2019-07-08,600705,中航资本
2019-07-10,hs300,2019-07-08,600733,北汽蓝谷
2019-07-10,hs300,2019-07-08,600741,华域汽车
2019-07-10,hs300,2019-07-08,600760,中航沈飞
2019-07-10,hs300,2019-07-08,600795,国电电力
2019-07-10,hs300,2019-07-08,600809,山西汾酒
2019-07-10,hs300,2019-07-08,600816,安信信托
2019-07-10,hs300,2019-07-08,600837,海通证券
2019-07-10,hs300,2019-07-08,600867,通化东宝
2019-07-10,hs300,2019-07-08,600886,国投电力
2019-07-10,hs300,2019-07-08,600887,伊利股份
2019-07-10,hs300,2019-07-08,600893,航发动力
2019-07-10,hs300,2019-07-08,600900,长江电力
2019-07-10,hs300,2019-07-08,600919,江苏银行
2019-07-10,hs300,2019-07-08,600926,杭州银行
2019-07-10,hs300,2019-07-08,600958,东方证券
2019-07-10,hs300,2019-07-08,600977,中国电影
2019-07-10,hs300,2019-07-08,600998,九州通
2019-07-10,hs300,2019-07-08,600999,招商证券
2019-07-10,hs300,2019-07-08,601006,大秦铁路
2019-07-10,hs300,2019-07-08,601009,南京银行
2019-07-10,hs300,2019-07-08,601012,隆基股份
2019-07-10,hs300,2019-07-08,601018,宁波港
2019-07-10,hs300,2019-07-08,601021,春秋航空
2019-07-10,hs300,2019-07-08,601066,中信建投
2019-07-10,hs300,2019-07-08,601088,中国神华
2019-07-10,hs300,2019-07-08,601108,财通证券
2019-07-10,hs300,2019-07-08,601111,中国国航
2019-07-10,hs300,2019-07-08,601117,中国化学
2019-07-10,hs300,2019-07-08,601138,工业富联
2019-07-10,hs300,2019-07-08,601155,新城控股
2019-07-10,hs300,2019-07-08,601162,天风证券
2019-07-10,hs300,2019-07-08,601166,兴业银行
2019-07-10,hs300,2019-07-08,601169,北京银行
2019-07-10,hs300,2019-07-08,601186,中国铁建
2019-07-10,hs300,2019-07-08,601198,东兴证券
2019-07-10,hs300,2019-07-08,601211,国泰君安
2019-07-10,hs300,2019-07-08,601212,白银有色
2019-07-10,hs300,2019-07-08,601216,君正集团
2019-07-10,hs300,2019-07-08,601225,陕西煤业
2019-07-10,hs300,2019-07-08,601228,广州港
2019-07-10,hs300,2019-07-08,601229,上海银行
2019-07-10,hs300,2019-07-08,601238,广汽集团
2019-07-10,hs300,2019-07-08,601288,农业银行
2019-07-10,hs300,2019-07-08,601298,青岛港
2019-07-10,hs300,2019-07-08,601318,中国平安
2019-07-10,hs300,2019-07-08,601319,中国人保
2019-07-10,hs300,2019-07-08,601328,交通银行
2019-07-10,hs300,2019-07-08,601336,新华保险
2019-07-10,hs300,2019-07-08,601360,三六零
2019-07-10,hs300,2019-07-08,601377,兴业证券
2019-07-10,hs300,2019-07-08,601390,中国中铁
2019-07-10,hs300,2019-07-08,601398,工商银行
2019-07-10,hs300,2019-07-08,601555,东吴证券
2019-07-10,hs300,2019-07-08,601577,长沙银行
2019-07-10,hs300,2019-07-08,601600,中国铝业
2019-07-10,hs300,2019-07-08,601601,中国太保
2019-07-10,hs300,2019-07-08,601607,上海医药
2019-07-10,hs300,2019-07-08,601618,中国中冶
2019-07-10,hs300,2019-07-08,601628,中国人寿
2019-07-10,hs300,2019-07-08,601633,长城汽车
2019-07-10,hs300,2019-07-08,601668,中国建筑
2019-07-10,hs300,2019-07-08,601669,中国电建
2019-07-10,hs300,2019-07-08,601688,华泰证券
2019-07-10,hs300,2019-07-08,601727,上海电气
2019-07-10,hs300,2019-07-08,601766,中国中车
2019-07-10,hs300,2019-07-08,601788,光大证券
2019-07-10,hs300,2019-07-08,601800,中国交建
2019-07-10,hs300,2019-07-08,601808,中海油服
2019-07-10,hs300,2019-07-08,601818,光大银行
2019-07-10,hs300,2019-07-08,601828,美凯龙
2019-07-10,hs300,2019-07-08,601838,成都银行
2019-07-10,hs300,2019-07-08,601857,中国石油
2019-07-10,hs300,2019-07-08,601877,正泰电器
2019-07-10,hs300,2019-07-08,601878,浙商证券
2019-07-10,hs300,2019-07-08,601881,中国银河
2019-07-10,hs300,2019-07-08,601888,中国国旅
2019-07-10,hs300,2019-07-08,601898,中煤能源
2019-07-10,hs300,2019-07-08,601899,紫金矿业
2019-07-10,hs300,2019-07-08,601901,方正证券
2019-07-10,hs300,2019-07-08,601919,中远海控
2019-07-10,hs300,2019-07-08,601933,永辉超市
2019-07-10,hs300,2019-07-08,601939,建设银行
2019-07-10,hs300,2019-07-08,601985,中国核电
2019-07-10,hs300,2019-07-08,601988,中国银行
2019-07-10,hs300,2019-07-08,601989,中国重工
2019-07-10,hs300,2019-07-08,601992,金隅集团
2019-07-10,hs300,2019-07-08,601997,贵阳银行
2019-07-10,hs300,2019-07-08,601998,中信银行
2019-07-10,hs300,2019-07-08,603019,中科曙光
2019-07-10,hs300,2019-07-08,603156,养元饮品
2019-07-10,hs300,2019-07-08,603160,汇顶科技
2019-07-10,hs300,2019-07-08,603259,药明康德
2019-07-10,hs300,2019-07-08,603260,合盛硅业
2019-07-10,hs300,2019-07-08,603288,海天味业
2019-07-10,hs300,2019-07-08,603799,华友钴业
2019-07-10,hs300,2019-07-08,603833,欧派家居
2019-07-10,hs300,2019-07-08,603858,步长制药
2019-07-10,hs300,2019-07-08,603986,兆易创新
2019-07-10,hs300,2019-07-08,603993,洛阳钼业
2019-07-10,hs300,2019-07-08,000001,平安银行
2019-07-10,hs300,2019-07-08,000002,万科A
2019-07-10,hs300,2019-07-08,000063,中兴通讯
2019-07-10,hs300,2019-07-08,000069,华侨城A
2019-07-10,hs300,2019-07-08,000100,TCL集团
2019-07-10,hs300,2019-07-08,000157,中联重科
2019-07-10,hs300,2019-07-08,000166,申万宏源
2019-07-10,hs300,2019-07-08,000333,美的集团
2019-07-10,hs300,2019-07-08,000338,潍柴动力
2019-07-10,hs300,2019-07-08,000402,金融街
2019-07-10,hs300,2019-07-08,000408,藏格控股
2019-07-10,hs300,2019-07-08,000413,东旭光电
2019-07-10,hs300,2019-07-08,000415,渤海租赁
2019-07-10,hs300,2019-07-08,000423,东阿阿胶
2019-07-10,hs300,2019-07-08,000425,徐工机械
2019-07-10,hs300,2019-07-08,000538,云南白药
2019-07-10,hs300,2019-07-08,000553,安道麦A
2019-07-10,hs300,2019-07-08,000568,泸州老窖
2019-07-10,hs300,2019-07-08,000596,古井贡酒
2019-07-10,hs300,2019-07-08,000625,长安汽车
2019-07-10,hs300,2019-07-08,000627,天茂集团
2019-07-10,hs300,2019-07-08,000629,攀钢钒钛
2019-07-10,hs300,2019-07-08,000630,铜陵有色
2019-07-10,hs300,2019-07-08,000651,格力电器
2019-07-10,hs300,2019-07-08,000656,金科股份
2019-07-10,hs300,2019-07-08,000661,长春高新
2019-07-10,hs300,2019-07-08,000671,阳光城
2019-07-10,hs300,2019-07-08,000703,恒逸石化
2019-07-10,hs300,2019-07-08,000709,河钢股份
2019-07-10,hs300,2019-07-08,000725,京东方A
2019-07-10,hs300,2019-07-08,000728,国元证券
2019-07-10,hs300,2019-07-08,000768,中航飞机
2019-07-10,hs300,2019-07-08,000776,广发证券
2019-07-10,hs300,2019-07-08,000783,长江证券
2019-07-10,hs300,2019-07-08,000786,北新建材
2019-07-10,hs300,2019-07-08,000858,五粮液
2019-07-10,hs300,2019-07-08,000876,新希望
2019-07-10,hs300,2019-07-08,000895,双汇发展
2019-07-10,hs300,2019-07-08,000898,鞍钢股份
2019-07-10,hs300,2019-07-08,000938,紫光股份
2019-07-10,hs300,2019-07-08,000961,中南建设
2019-07-10,hs300,2019-07-08,000963,华东医药
2019-07-10,hs300,2019-07-08,001979,招商蛇口
2019-07-10,hs300,2019-07-08,002001,新和成
2019-07-10,hs300,2019-07-08,002007,华兰生物
2019-07-10,hs300,2019-07-08,002008,大族激光
2019-07-10,hs300,2019-07-08,002010,传化智联
2019-07-10,hs300,2019-07-08,002024,苏宁易购
2019-07-10,hs300,2019-07-08,002027,分众传媒
2019-07-10,hs300,2019-07-08,002032,苏泊尔
2019-07-10,hs300,2019-07-08,002044,美年健康
2019-07-10,hs300,2019-07-08,002050,三花智控
2019-07-10,hs300,2019-07-08,002065,东华软件
2019-07-10,hs300,2019-07-08,002081,金螳螂
2019-07-10,hs300,2019-07-08,002120,韵达股份
2019-07-10,hs300,2019-07-08,002142,宁波银行
2019-07-10,hs300,2019-07-08,002146,荣盛发展
2019-07-10,hs300,2019-07-08,002153,石基信息
2019-07-10,hs300,2019-07-08,002179,中航光电
2019-07-10,hs300,2019-07-08,002202,金风科技
2019-07-10,hs300,2019-07-08,002230,科大讯飞
2019-07-10,hs300,2019-07-08,002236,大华股份
2019-07-10,hs300,2019-07-08,002241,歌尔股份
2019-07-10,hs300,2019-07-08,002252,上海莱士
2019-07-10,hs300,2019-07-08,002271,东方雨虹
2019-07-10,hs300,2019-07-08,002294,信立泰
2019-07-10,hs300,2019-07-08,002304,洋河股份
2019-07-10,hs300,2019-07-08,002310,东方园林
2019-07-10,hs300,2019-07-08,002311,海大集团
2019-07-10,hs300,2019-07-08,002352,顺丰控股
2019-07-10,hs300,2019-07-08,002410,广联达
2019-07-10,hs300,2019-07-08,002411,延安必康
2019-07-10,hs300,2019-07-08,002415,海康威视
2019-07-10,hs300,2019-07-08,002422,科伦药业
2019-07-10,hs300,2019-07-08,002456,欧菲光
2019-07-10,hs300,2019-07-08,002460,赣锋锂业
2019-07-10,hs300,2019-07-08,002466,天齐锂业
2019-07-10,hs300,2019-07-08,002468,申通快递
2019-07-10,hs300,2019-07-08,002475,立讯精密
2019-07-10,hs300,2019-07-08,002493,荣盛石化
2019-07-10,hs300,2019-07-08,002508,老板电器
2019-07-10,hs300,2019-07-08,002555,三七互娱
2019-07-10,hs300,2019-07-08,002558,巨人网络
2019-07-10,hs300,2019-07-08,002594,比亚迪
2019-07-10,hs300,2019-07-08,002601,龙蟒佰利
2019-07-10,hs300,2019-07-08,002602,世纪华通
2019-07-10,hs300,2019-07-08,002624,完美世界
2019-07-10,hs300,2019-07-08,002625,光启技术
2019-07-10,hs300,2019-07-08,002673,西部证券
2019-07-10,hs300,2019-07-08,002714,牧原股份
2019-07-10,hs300,2019-07-08,002736,国信证券
2019-07-10,hs300,2019-07-08,002739,万达电影
2019-07-10,hs300,2019-07-08,002773,康弘药业
2019-07-10,hs300,2019-07-08,002925,盈趣科技
2019-07-10,hs300,2019-07-08,002938,鹏鼎控股
2019-07-10,hs300,2019-07-08,002939,长城证券
2019-07-10,hs300,2019-07-08,002945,华林证券
2019-07-10,hs300,2019-07-08,300003,乐普医疗
2019-07-10,hs300,2019-07-08,300015,爱尔眼科
2019-07-10,hs300,2019-07-08,300017,网宿科技
2019-07-10,hs300,2019-07-08,300024,机器人
2019-07-10,hs300,2019-07-08,300033,同花顺
2019-07-10,hs300,2019-07-08,300059,东方财富
2019-07-10,hs300,2019-07-08,300070,碧水源
2019-07-10,hs300,2019-07-08,300072,三聚环保
2019-07-10,hs300,2019-07-08,300122,智飞生物
2019-07-10,hs300,2019-07-08,300124,汇川技术
2019-07-10,hs300,2019-07-08,300136,信维通信
2019-07-10,hs300,2019-07-08,300142,沃森生物
2019-07-10,hs300,2019-07-08,300144,宋城演艺
2019-07-10,hs300,2019-07-08,300251,光线传媒
2019-07-10,hs300,2019-07-08,300296,利亚德
2019-07-10,hs300,2019-07-08,300408,三环集团
2019-07-10,hs300,2019-07-08,300413,芒果超媒
2019-07-10,hs300,2019-07-08,300433,蓝思科技
2019-07-10,hs300,2019-07-08,300498,温氏股份
2019-07-10,zz500,2019-07-08,600006,东风汽车
2019-07-10,zz500,2019-07-08,600008,首创股份
2019-07-10,zz500,2019-07-08,600017,日照港
2019-07-10,zz500,2019-07-08,600021,上海电力
2019-07-10,zz500,2019-07-08,600022,山东钢铁
2019-07-10,zz500,2019-07-08,600026,中远海能
2019-07-10,zz500,2019-07-08,600037,歌华有线
2019-07-10,zz500,2019-07-08,600039,四川路桥
2019-07-10,zz500,2019-07-08,600053,九鼎投资
2019-07-10,zz500,2019-07-08,600056,中国医药
2019-07-10,zz500,2019-07-08,600058,五矿发展
2019-07-10,zz500,2019-07-08,600060,海信电器
2019-07-10,zz500,2019-07-08,600062,华润双鹤
2019-07-10,zz500,2019-07-08,600064,南京高科
2019-07-10,zz500,2019-07-08,600073,上海梅林
2019-07-10,zz500,2019-07-08,600079,人福医药
2019-07-10,zz500,2019-07-08,600094,大名城
2019-07-10,zz500,2019-07-08,600098,广州发展
2019-07-10,zz500,2019-07-08,600120,浙江东方
2019-07-10,zz500,2019-07-08,600125,铁龙物流
2019-07-10,zz500,2019-07-08,600126,杭钢股份
2019-07-10,zz500,2019-07-08,600138,中青旅
2019-07-10,zz500,2019-07-08,600141,兴发集团
2019-07-10,zz500,2019-07-08,600143,金发科技
2019-07-10,zz500,2019-07-08,600151,航天机电
2019-07-10,zz500,2019-07-08,600155,华创阳安
2019-07-10,zz500,2019-07-08,600158,中体产业
2019-07-10,zz500,2019-07-08,600160,巨化股份
2019-07-10,zz500,2019-07-08,600161,天坛生物
2019-07-10,zz500,2019-07-08,600166,福田汽车
2019-07-10,zz500,2019-07-08,600167,联美控股
2019-07-10,zz500,2019-07-08,600169,太原重工
2019-07-10,zz500,2019-07-08,600171,上海贝岭
2019-07-10,zz500,2019-07-08,600179,ST安通
2019-07-10,zz500,2019-07-08,600183,生益科技
2019-07-10,zz500,2019-07-08,600195,中牧股份
2019-07-10,zz500,2019-07-08,600201,生物股份
2019-07-10,zz500,2019-07-08,600216,浙江医药
2019-07-10,zz500,2019-07-08,600258,首旅酒店
2019-07-10,zz500,2019-07-08,600259,广晟有色
2019-07-10,zz500,2019-07-08,600260,凯乐科技
2019-07-10,zz500,2019-07-08,600266,北京城建
2019-07-10,zz500,2019-07-08,600267,海正药业
2019-07-10,zz500,2019-07-08,600277,亿利洁能
2019-07-10,zz500,2019-07-08,600280,中央商场
2019-07-10,zz500,2019-07-08,600282,南钢股份
2019-07-10,zz500,2019-07-08,600291,西水股份
2019-07-10,zz500,2019-07-08,600298,安琪酵母
2019-07-10,zz500,2019-07-08,600307,酒钢宏兴
2019-07-10,zz500,2019-07-08,600312,平高电气
2019-07-10,zz500,2019-07-08,600315,上海家化
2019-07-10,zz500,2019-07-08,600316,洪都航空
2019-07-10,zz500,2019-07-08,600317,营口港
2019-07-10,zz500,2019-07-08,600325,华发股份
2019-07-10,zz500,2019-07-08,600329,中新药业
2019-07-10,zz500,2019-07-08,600335,国机汽车
2019-07-10,zz500,2019-07-08,600338,西藏珠峰
2019-07-10,zz500,2019-07-08,600348,阳泉煤业
2019-07-10,zz500,2019-07-08,600350,山东高速
2019-07-10,zz500,2019-07-08,600373,中文传媒
2019-07-10,zz500,2019-07-08,600376,首开股份
2019-07-10,zz500,2019-07-08,600380,健康元
2019-07-10,zz500,2019-07-08,600388,龙净环保
2019-07-10,zz500,2019-07-08,600392,盛和资源
2019-07-10,zz500,2019-07-08,600393,粤泰股份
2019-07-10,zz500,2019-07-08,600409,三友化工
2019-07-10,zz500,2019-07-08,600410,华胜天成
2019-07-10,zz500,2019-07-08,600416,湘电股份
2019-07-10,zz500,2019-07-08,600418,江淮汽车
2019-07-10,zz500,2019-07-08,600426,华鲁恒升
2019-07-10,zz500,2019-07-08,600428,中远海特
2019-07-10,zz500,2019-07-08,600435,北方导航
2019-07-10,zz500,2019-07-08,600458,时代新材
2019-07-10,zz500,2019-07-08,600460,士兰微
2019-07-10,zz500,2019-07-08,600466,蓝光发展
2019-07-10,zz500,2019-07-08,600478,科力远
2019-07-10,zz500,2019-07-08,600486,扬农化工
2019-07-10,zz500,2019-07-08,600497,驰宏锌锗
2019-07-10,zz500,2019-07-08,600499,科达洁能
2019-07-10,zz500,2019-07-08,600500,中化国际
2019-07-10,zz500,2019-07-08,600507,方大特钢
2019-07-10,zz500,2019-07-08,600511,国药股份
2019-07-10,zz500,2019-07-08,600515,海航基础
2019-07-10,zz500,2019-07-08,600521,华海药业
2019-07-10,zz500,2019-07-08,600525,长园集团
2019-07-10,zz500,2019-07-08,600528,中铁工业
2019-07-10,zz500,2019-07-08,600536,中国软件
2019-07-10,zz500,2019-07-08,600545,卓郎智能
2019-07-10,zz500,2019-07-08,600549,厦门钨业
2019-07-10,zz500,2019-07-08,600557,康缘药业
2019-07-10,zz500,2019-07-08,600563,法拉电子
2019-07-10,zz500,2019-07-08,600565,迪马股份
2019-07-10,zz500,2019-07-08,600567,山鹰纸业
2019-07-10,zz500,2019-07-08,600572,康恩贝
2019-07-10,zz500,2019-07-08,600575,皖江物流
2019-07-10,zz500,2019-07-08,600580,卧龙电驱
2019-07-10,zz500,2019-07-08,600582,天地科技
2019-07-10,zz500,2019-07-08,600584,长电科技
2019-07-10,zz500,2019-07-08,600597,光明乳业
2019-07-10,zz500,2019-07-08,600598,北大荒
2019-07-10,zz500,2019-07-08,600611,大众交通
2019-07-10,zz500,2019-07-08,600623,华谊集团
2019-07-10,zz500,2019-07-08,600633,浙数文化
2019-07-10,zz500,2019-07-08,600639,浦东金桥
2019-07-10,zz500,2019-07-08,600640,号百控股
2019-07-10,zz500,2019-07-08,600642,申能股份
2019-07-10,zz500,2019-07-08,600643,爱建集团
2019-07-10,zz500,2019-07-08,600645,中源协和
2019-07-10,zz500,2019-07-08,600648,外高桥
2019-07-10,zz500,2019-07-08,600649,城投控股
2019-07-10,zz500,2019-07-08,600657,信达地产
2019-07-10,zz500,2019-07-08,600664,哈药股份
2019-07-10,zz500,2019-07-08,600673,东阳光
2019-07-10,zz500,2019-07-08,600694,大商股份
2019-07-10,zz500,2019-07-08,600699,均胜电子
2019-07-10,zz500,2019-07-08,600707,彩虹股份
2019-07-10,zz500,2019-07-08,600717,天津港
2019-07-10,zz500,2019-07-08,600718,东软集团
2019-07-10,zz500,2019-07-08,600729,重庆百货
2019-07-10,zz500,2019-07-08,600737,中粮糖业
2019-07-10,zz500,2019-07-08,600739,辽宁成大
2019-07-10,zz500,2019-07-08,600745,闻泰科技
2019-07-10,zz500,2019-07-08,600748,上实发展
2019-07-10,zz500,2019-07-08,600750,江中药业
2019-07-10,zz500,2019-07-08,600751,海航科技
2019-07-10,zz500,2019-07-08,600754,锦江股份
2019-07-10,zz500,2019-07-08,600755,厦门国贸
2019-07-10,zz500,2019-07-08,600757,长江传媒
2019-07-10,zz500,2019-07-08,600759,洲际油气
2019-07-10,zz500,2019-07-08,600763,通策医疗
2019-07-10,zz500,2019-07-08,600765,中航重机
2019-07-10,zz500,2019-07-08,600770,综艺股份
2019-07-10,zz500,2019-07-08,600777,新潮能源
2019-07-10,zz500,2019-07-08,600779,水井坊
2019-07-10,zz500,2019-07-08,600782,新钢股份
2019-07-10,zz500,2019-07-08,600787,中储股份
2019-07-10,zz500,2019-07-08,600801,华新水泥
2019-07-10,zz500,2019-07-08,600804,鹏博士
2019-07-10,zz500,2019-07-08,600808,马钢股份
2019-07-10,zz500,2019-07-08,600811,东方集团
2019-07-10,zz500,2019-07-08,600820,隧道股份
2019-07-10,zz500,2019-07-08,600823,世茂股份
2019-07-10,zz500,2019-07-08,600827,百联股份
2019-07-10,zz500,2019-07-08,600835,上海机电
2019-07-10,zz500,2019-07-08,600839,四川长虹
2019-07-10,zz500,2019-07-08,600845,宝信软件
2019-07-10,zz500,2019-07-08,600848,上海临港
2019-07-10,zz500,2019-07-08,600859,王府井
2019-07-10,zz500,2019-07-08,600862,中航高科
2019-07-10,zz500,2019-07-08,600863,内蒙华电
2019-07-10,zz500,2019-07-08,600869,智慧能源
2019-07-10,zz500,2019-07-08,600872,中炬高新
2019-07-10,zz500,2019-07-08,600874,创业环保
2019-07-10,zz500,2019-07-08,600875,东方电气
2019-07-10,zz500,2019-07-08,600879,航天电子
2019-07-10,zz500,2019-07-08,600881,亚泰集团
2019-07-10,zz500,2019-07-08,600884,杉杉股份
2019-07-10,zz500,2019-07-08,600885,宏发股份
2019-07-10,zz500,2019-07-08,600895,张江高科
2019-07-10,zz500,2019-07-08,600901,江苏租赁
2019-07-10,zz500,2019-07-08,600903,贵州燃气
2019-07-10,zz500,2019-07-08,600908,无锡银行
2019-07-10,zz500,2019-07-08,600909,华安证券
2019-07-10,zz500,2019-07-08,600917,重庆燃气
2019-07-10,zz500,2019-07-08,600939,重庆建工
2019-07-10,zz500,2019-07-08,600959,江苏有线
2019-07-10,zz500,2019-07-08,600967,内蒙一机
2019-07-10,zz500,2019-07-08,600970,中材国际
2019-07-10,zz500,2019-07-08,600971,恒源煤电
2019-07-10,zz500,2019-07-08,600978,宜华生活
2019-07-10,zz500,2019-07-08,600985,淮北矿业
2019-07-10,zz500,2019-07-08,600993,马应龙
2019-07-10,zz500,2019-07-08,600996,贵广网络
2019-07-10,zz500,2019-07-08,601000,唐山港
2019-07-10,zz500,2019-07-08,601001,大同煤业
2019-07-10,zz500,2019-07-08,601003,柳钢股份
2019-07-10,zz500,2019-07-08,601005,重庆钢铁
2019-07-10,zz500,2019-07-08,601016,节能风电
2019-07-10,zz500,2019-07-08,601019,山东出版
2019-07-10,zz500,2019-07-08,601068,中铝国际
2019-07-10,zz500,2019-07-08,601098,中南传媒
2019-07-10,zz500,2019-07-08,601100,恒立液压
2019-07-10,zz500,2019-07-08,601106,中国一重
2019-07-10,zz500,2019-07-08,601118,海南橡胶
2019-07-10,zz500,2019-07-08,601127,小康股份
2019-07-10,zz500,2019-07-08,601128,常熟银行
2019-07-10,zz500,2019-07-08,601139,深圳燃气
2019-07-10,zz500,2019-07-08,601168,西部矿业
2019-07-10,zz500,2019-07-08,601179,中国西电
2019-07-10,zz500,2019-07-08,601200,上海环境
2019-07-10,zz500,2019-07-08,601231,环旭电子
2019-07-10,zz500,2019-07-08,601311,骆驼股份
2019-07-10,zz500,2019-07-08,601326,秦港股份
2019-07-10,zz500,2019-07-08,601333,广深铁路
2019-07-10,zz500,2019-07-08,601608,中信重工
2019-07-10,zz500,2019-07-08,601611,中国核建
2019-07-10,zz500,2019-07-08,601615,明阳智能
2019-07-10,zz500,2019-07-08,601678,滨化股份
2019-07-10,zz500,2019-07-08,601689,拓普集团
2019-07-10,zz500,2019-07-08,601699,潞安环能
2019-07-10,zz500,2019-07-08,601717,郑煤机
2019-07-10,zz500,2019-07-08,601718,际华集团
2019-07-10,zz500,2019-07-08,601777,力帆股份
2019-07-10,zz500,2019-07-08,601801,皖新传媒
2019-07-10,zz500,2019-07-08,601811,新华文轩
2019-07-10,zz500,2019-07-08,601866,中远海发
2019-07-10,zz500,2019-07-08,601869,长飞光纤
2019-07-10,zz500,2019-07-08,601872,招商轮船
2019-07-10,zz500,2019-07-08,601880,大连港
2019-07-10,zz500,2019-07-08,601928,凤凰传媒
2019-07-10,zz500,2019-07-08,601958,金钼股份
2019-07-10,zz500,2019-07-08,601966,玲珑轮胎
2019-07-10,zz500,2019-07-08,601969,海南矿业
2019-07-10,zz500,2019-07-08,603000,人民网
2019-07-10,zz500,2019-07-08,603025,大豪科技
2019-07-10,zz500,2019-07-08,603056,德邦股份
2019-07-10,zz500,2019-07-08,603077,和邦生物
2019-07-10,zz500,2019-07-08,603198,迎驾贡酒
2019-07-10,zz500,2019-07-08,603225,新凤鸣
2019-07-10,zz500,2019-07-08,603228,景旺电子
2019-07-10,zz500,2019-07-08,603233,大参林
2019-07-10,zz500,2019-07-08,603328,依顿电子
2019-07-10,zz500,2019-07-08,603355,莱克电气
2019-07-10,zz500,2019-07-08,603369,今世缘
2019-07-10,zz500,2019-07-08,603377,东方时尚
2019-07-10,zz500,2019-07-08,603444,吉比特
2019-07-10,zz500,2019-07-08,603486,科沃斯
2019-07-10,zz500,2019-07-08,603501,韦尔股份
2019-07-10,zz500,2019-07-08,603515,欧普照明
2019-07-10,zz500,2019-07-08,603517,绝味食品
2019-07-10,zz500,2019-07-08,603556,海兴电力
2019-07-10,zz500,2019-07-08,603568,伟明环保
2019-07-10,zz500,2019-07-08,603569,长久物流
2019-07-10,zz500,2019-07-08,603650,彤程新材
2019-07-10,zz500,2019-07-08,603659,璞泰来
2019-07-10,zz500,2019-07-08,603712,七一二
2019-07-10,zz500,2019-07-08,603766,隆鑫通用
2019-07-10,zz500,2019-07-08,603806,福斯特
2019-07-10,zz500,2019-07-08,603816,顾家家居
2019-07-10,zz500,2019-07-08,603866,桃李面包
2019-07-10,zz500,2019-07-08,603868,飞科电器
2019-07-10,zz500,2019-07-08,603877,太平鸟
2019-07-10,zz500,2019-07-08,603883,老百姓
2019-07-10,zz500,2019-07-08,603885,吉祥航空
2019-07-10,zz500,2019-07-08,603888,新华网
2019-07-10,zz500,2019-07-08,603939,益丰药房
2019-07-10,zz500,2019-07-08,000006,深振业A
2019-07-10,zz500,2019-07-08,000008,神州高铁
2019-07-10,zz500,2019-07-08,000009,中国宝安
2019-07-10,zz500,2019-07-08,000012,南玻A
2019-07-10,zz500,2019-07-08,000021,深科技
2019-07-10,zz500,2019-07-08,000025,特力A
2019-07-10,zz500,2019-07-08,000027,深圳能源
2019-07-10,zz500,2019-07-08,000028,国药一致
2019-07-10,zz500,2019-07-08,000031,大悦城
2019-07-10,zz500,2019-07-08,000039,中集集团
2019-07-10,zz500,2019-07-08,000060,中金岭南
2019-07-10,zz500,2019-07-08,000061,农产品
2019-07-10,zz500,2019-07-08,000062,深圳华强
2019-07-10,zz500,2019-07-08,000066,中国长城
2019-07-10,zz500,2019-07-08,000078,海王生物
2019-07-10,zz500,2019-07-08,000089,深圳机场
2019-07-10,zz500,2019-07-08,000090,天健集团
2019-07-10,zz500,2019-07-08,000156,华数传媒
2019-07-10,zz500,2019-07-08,000158,常山北明
2019-07-10,zz500,2019-07-08,000301,东方盛虹
2019-07-10,zz500,2019-07-08,000400,许继电气
2019-07-10,zz500,2019-07-08,000401,冀东水泥
2019-07-10,zz500,2019-07-08,000426,兴业矿业
2019-07-10,zz500,2019-07-08,000488,晨鸣纸业
2019-07-10,zz500,2019-07-08,000501,鄂武商A
2019-07-10,zz500,2019-07-08,000513,丽珠集团
2019-07-10,zz500,2019-07-08,000519,中兵红箭
2019-07-10,zz500,2019-07-08,000528,柳工
2019-07-10,zz500,2019-07-08,000536,华映科技
2019-07-10,zz500,2019-07-08,000537,广宇发展
2019-07-10,zz500,2019-07-08,000541,佛山照明
2019-07-10,zz500,2019-07-08,000543,皖能电力
2019-07-10,zz500,2019-07-08,000547,航天发展
2019-07-10,zz500,2019-07-08,000552,靖远煤电
2019-07-10,zz500,2019-07-08,000559,万向钱潮
2019-07-10,zz500,2019-07-08,000563,陕国投A
2019-07-10,zz500,2019-07-08,000564,供销大集
2019-07-10,zz500,2019-07-08,000581,威孚高科
2019-07-10,zz500,2019-07-08,000587,金洲慈航
2019-07-10,zz500,2019-07-08,000598,兴蓉环境
2019-07-10,zz500,2019-07-08,000600,建投能源
2019-07-10,zz500,2019-07-08,000623,吉林敖东
2019-07-10,zz500,2019-07-08,000636,风华高科
2019-07-10,zz500,2019-07-08,000681,视觉中国
2019-07-10,zz500,2019-07-08,000685,中山公用
2019-07-10,zz500,2019-07-08,000686,东北证券
2019-07-10,zz500,2019-07-08,000690,宝新能源
2019-07-10,zz500,2019-07-08,000712,锦龙股份
2019-07-10,zz500,2019-07-08,000717,韶钢松山
2019-07-10,zz500,2019-07-08,000718,苏宁环球
2019-07-10,zz500,2019-07-08,000723,美锦能源
2019-07-10,zz500,2019-07-08,000727,华东科技
2019-07-10,zz500,2019-07-08,000729,燕京啤酒
2019-07-10,zz500,2019-07-08,000732,泰禾集团
2019-07-10,zz500,2019-07-08,000738,航发控制
2019-07-10,zz500,2019-07-08,000750,国海证券
2019-07-10,zz500,2019-07-08,000758,中色股份
2019-07-10,zz500,2019-07-08,000761,本钢板材
2019-07-10,zz500,2019-07-08,000766,通化金马
2019-07-10,zz500,2019-07-08,000778,新兴铸管
2019-07-10,zz500,2019-07-08,000807,云铝股份
2019-07-10,zz500,2019-07-08,000813,德展健康
2019-07-10,zz500,2019-07-08,000826,启迪桑德
2019-07-10,zz500,2019-07-08,000829,天音控股
2019-07-10,zz500,2019-07-08,000830,鲁西化工
2019-07-10,zz500,2019-07-08,000848,承德露露
2019-07-10,zz500,2019-07-08,000860,顺鑫农业
2019-07-10,zz500,2019-07-08,000869,张裕A
2019-07-10,zz500,2019-07-08,000877,天山股份
2019-07-10,zz500,2019-07-08,000878,云南铜业
2019-07-10,zz500,2019-07-08,000883,湖北能源
2019-07-10,zz500,2019-07-08,000887,中鼎股份
2019-07-10,zz500,2019-07-08,000926,福星股份
2019-07-10,zz500,2019-07-08,000930,中粮生化
2019-07-10,zz500,2019-07-08,000932,华菱钢铁
2019-07-10,zz500,2019-07-08,000937,冀中能源
2019-07-10,zz500,2019-07-08,000959,首钢股份
2019-07-10,zz500,2019-07-08,000960,锡业股份
2019-07-10,zz500,2019-07-08,000970,中科三环
2019-07-10,zz500,2019-07-08,000975,银泰资源
2019-07-10,zz500,2019-07-08,000980,众泰汽车
2019-07-10,zz500,2019-07-08,000983,西山煤电
2019-07-10,zz500,2019-07-08,000987,越秀金控
2019-07-10,zz500,2019-07-08,000988,华工科技
2019-07-10,zz500,2019-07-08,000990,诚志股份
2019-07-10,zz500,2019-07-08,000997,新大陆
2019-07-10,zz500,2019-07-08,000998,隆平高科
2019-07-10,zz500,2019-07-08,000999,华润三九
2019-07-10,zz500,2019-07-08,002002,鸿达兴业
2019-07-10,zz500,2019-07-08,002004,华邦健康
2019-07-10,zz500,2019-07-08,002019,亿帆医药
2019-07-10,zz500,2019-07-08,002028,思源电气
2019-07-10,zz500,2019-07-08,002030,达安基因
2019-07-10,zz500,2019-07-08,002038,双鹭药业
2019-07-10,zz500,2019-07-08,002048,宁波华翔
2019-07-10,zz500,2019-07-08,002049,紫光国微
2019-07-10,zz500,2019-07-08,002051,中工国际
2019-07-10,zz500,2019-07-08,002056,横店东磁
2019-07-10,zz500,2019-07-08,002064,华峰氨纶
2019-07-10,zz500,2019-07-08,002074,国轩高科
2019-07-10,zz500,2019-07-08,002075,沙钢股份
2019-07-10,zz500,2019-07-08,002078,太阳纸业
2019-07-10,zz500,2019-07-08,002085,万丰奥威
2019-07-10,zz500,2019-07-08,002092,中泰化学
2019-07-10,zz500,2019-07-08,002093,国脉科技
2019-07-10,zz500,2019-07-08,002110,三钢闽光
2019-07-10,zz500,2019-07-08,002118,紫鑫药业
2019-07-10,zz500,2019-07-08,002127,南极电商
2019-07-10,zz500,2019-07-08,002128,露天煤业
2019-07-10,zz500,2019-07-08,002129,中环股份
2019-07-10,zz500,2019-07-08,002131,利欧股份
2019-07-10,zz500,2019-07-08,002152,广电运通
2019-07-10,zz500,2019-07-08,002155,湖南黄金
2019-07-10,zz500,2019-07-08,002157,正邦科技
2019-07-10,zz500,2019-07-08,002174,游族网络
2019-07-10,zz500,2019-07-08,002176,江特电机
2019-07-10,zz500,2019-07-08,002183,怡亚通
2019-07-10,zz500,2019-07-08,002191,劲嘉股份
2019-07-10,zz500,2019-07-08,002195,二三四五
2019-07-10,zz500,2019-07-08,002212,南洋股份
2019-07-10,zz500,2019-07-08,002217,合力泰
2019-07-10,zz500,2019-07-08,002221,东华能源
2019-07-10,zz500,2019-07-08,002223,鱼跃医疗
2019-07-10,zz500,2019-07-08,002233,塔牌集团
2019-07-10,zz500,2019-07-08,002242,九阳股份
2019-07-10,zz500,2019-07-08,002244,滨江集团
2019-07-10,zz500,2019-07-08,002249,大洋电机
2019-07-10,zz500,2019-07-08,002250,联化科技
2019-07-10,zz500,2019-07-08,002251,步步高
2019-07-10,zz500,2019-07-08,002254,泰和新材
2019-07-10,zz500,2019-07-08,002266,浙富控股
2019-07-10,zz500,2019-07-08,002268,卫士通
2019-07-10,zz500,2019-07-08,002273,水晶光电
2019-07-10,zz500,2019-07-08,002280,联络互动
2019-07-10,zz500,2019-07-08,002281,光迅科技
2019-07-10,zz500,2019-07-08,002285,世联行
2019-07-10,zz500,2019-07-08,002299,圣农发展
2019-07-10,zz500,2019-07-08,002302,西部建设
2019-07-10,zz500,2019-07-08,002317,众生药业
2019-07-10,zz500,2019-07-08,002332,仙琚制药
2019-07-10,zz500,2019-07-08,002340,格林美
2019-07-10,zz500,2019-07-08,002344,海宁皮城
2019-07-10,zz500,2019-07-08,002353,杰瑞股份
2019-07-10,zz500,2019-07-08,002358,森源电气
2019-07-10,zz500,2019-07-08,002366,台海核电
2019-07-10,zz500,2019-07-08,002368,太极股份
2019-07-10,zz500,2019-07-08,002371,北方华创
2019-07-10,zz500,2019-07-08,002372,伟星新材
2019-07-10,zz500,2019-07-08,002373,千方科技
2019-07-10,zz500,2019-07-08,002375,亚厦股份
2019-07-10,zz500,2019-07-08,002382,蓝帆医疗
2019-07-10,zz500,2019-07-08,002384,东山精密
2019-07-10,zz500,2019-07-08,002385,大北农
2019-07-10,zz500,2019-07-08,002387,维信诺
2019-07-10,zz500,2019-07-08,002390,信邦制药
2019-07-10,zz500,2019-07-08,002399,海普瑞
2019-07-10,zz500,2019-07-08,002405,四维图新
2019-07-10,zz500,2019-07-08,002407,多氟多
2019-07-10,zz500,2019-07-08,002408,齐翔腾达
2019-07-10,zz500,2019-07-08,002414,高德红外
2019-07-10,zz500,2019-07-08,002416,爱施德
2019-07-10,zz500,2019-07-08,002419,天虹股份
2019-07-10,zz500,2019-07-08,002424,贵州百灵
2019-07-10,zz500,2019-07-08,002426,胜利精密
2019-07-10,zz500,2019-07-08,002431,棕榈股份
2019-07-10,zz500,2019-07-08,002434,万里扬
2019-07-10,zz500,2019-07-08,002437,誉衡药业
2019-07-10,zz500,2019-07-08,002439,启明星辰
2019-07-10,zz500,2019-07-08,002440,闰土股份
2019-07-10,zz500,2019-07-08,002444,巨星科技
2019-07-10,zz500,2019-07-08,002463,沪电股份
2019-07-10,zz500,2019-07-08,002465,海格通信
2019-07-10,zz500,2019-07-08,002470,金正大
2019-07-10,zz500,2019-07-08,002482,广田集团
2019-07-10,zz500,2019-07-08,002489,浙江永强
2019-07-10,zz500,2019-07-08,002491,通鼎互联
2019-07-10,zz500,2019-07-08,002500,山西证券
2019-07-10,zz500,2019-07-08,002503,搜于特
2019-07-10,zz500,2019-07-08,002505,大康农业
2019-07-10,zz500,2019-07-08,002506,协鑫集成
2019-07-10,zz500,2019-07-08,002507,涪陵榨菜
2019-07-10,zz500,2019-07-08,002509,天广中茂
2019-07-10,zz500,2019-07-08,002512,达华智能
2019-07-10,zz500,2019-07-08,002517,恺英网络
2019-07-10,zz500,2019-07-08,002544,杰赛科技
2019-07-10,zz500,2019-07-08,002572,索菲亚
2019-07-10,zz500,2019-07-08,002573,清新环境
2019-07-10,zz500,2019-07-08,002583,海能达
2019-07-10,zz500,2019-07-08,002589,瑞康医药
2019-07-10,zz500,2019-07-08,002603,以岭药业
2019-07-10,zz500,2019-07-08,002607,中公教育
2019-07-10,zz500,2019-07-08,002635,安洁科技
2019-07-10,zz500,2019-07-08,002640,跨境通
2019-07-10,zz500,2019-07-08,002665,首航节能
2019-07-10,zz500,2019-07-08,002670,国盛金控
2019-07-10,zz500,2019-07-08,002672,东江环保
2019-07-10,zz500,2019-07-08,002681,奋达科技
2019-07-10,zz500,2019-07-08,002690,美亚光电
2019-07-10,zz500,2019-07-08,002699,美盛文化
2019-07-10,zz500,2019-07-08,002701,奥瑞金
2019-07-10,zz500,2019-07-08,002707,众信旅游
2019-07-10,zz500,2019-07-08,002709,天赐材料
2019-07-10,zz500,2019-07-08,002745,木林森
2019-07-10,zz500,2019-07-08,002797,第一创业
2019-07-10,zz500,2019-07-08,002807,江阴银行
2019-07-10,zz500,2019-07-08,002812,恩捷股份
2019-07-10,zz500,2019-07-08,002815,崇达技术
2019-07-10,zz500,2019-07-08,002818,富森美
2019-07-10,zz500,2019-07-08,002821,凯莱英
2019-07-10,zz500,2019-07-08,002831,裕同科技
2019-07-10,zz500,2019-07-08,002839,张家港行
2019-07-10,zz500,2019-07-08,002916,深南电路
2019-07-10,zz500,2019-07-08,002920,德赛西威
2019-07-10,zz500,2019-07-08,002926,华西证券
2019-07-10,zz500,2019-07-08,002936,郑州银行
2019-07-10,zz500,2019-07-08,002941,新疆交建
2019-07-10,zz500,2019-07-08,002946,新乳业
2019-07-10,zz500,2019-07-08,002948,青岛银行
2019-07-10,zz500,2019-07-08,300001,特锐德
2019-07-10,zz500,2019-07-08,300002,神州泰岳
2019-07-10,zz500,2019-07-08,300009,安科生物
2019-07-10,zz500,2019-07-08,300010,立思辰
2019-07-10,zz500,2019-07-08,300026,红日药业
2019-07-10,zz500,2019-07-08,300027,华谊兄弟
2019-07-10,zz500,2019-07-08,300055,万邦达
2019-07-10,zz500,2019-07-08,300058,蓝色光标
2019-07-10,zz500,2019-07-08,300088,长信科技
2019-07-10,zz500,2019-07-08,300113,顺网科技
2019-07-10,zz500,2019-07-08,300115,长盈精密
2019-07-10,zz500,2019-07-08,300133,华策影视
2019-07-10,zz500,2019-07-08,300134,大富科技
2019-07-10,zz500,2019-07-08,300159,新研股份
2019-07-10,zz500,2019-07-08,300166,东方国信
2019-07-10,zz500,2019-07-08,300168,万达信息
2019-07-10,zz500,2019-07-08,300182,捷成股份
2019-07-10,zz500,2019-07-08,300197,铁汉生态
2019-07-10,zz500,2019-07-08,300199,翰宇药业
2019-07-10,zz500,2019-07-08,300207,欣旺达
2019-07-10,zz500,2019-07-08,300244,迪安诊断
2019-07-10,zz500,2019-07-08,300253,卫宁健康
2019-07-10,zz500,2019-07-08,300257,开山股份
2019-07-10,zz500,2019-07-08,300266,兴源环境
2019-07-10,zz500,2019-07-08,300274,阳光电源
2019-07-10,zz500,2019-07-08,300287,飞利信
2019-07-10,zz500,2019-07-08,300297,蓝盾股份
2019-07-10,zz500,2019-07-08,300308,中际旭创
2019-07-10,zz500,2019-07-08,300315,掌趣科技
2019-07-10,zz500,2019-07-08,300316,晶盛机电
2019-07-10,zz500,2019-07-08,300324,旋极信息
2019-07-10,zz500,2019-07-08,300376,易事特
2019-07-10,zz500,2019-07-08,300383,光环新网
2019-07-10,zz500,2019-07-08,300418,昆仑万维
2019-07-10,zz500,2019-07-08,300450,先导智能
2019-07-10,zz500,2019-07-08,300459,金科文化
2020-01-10,hs300,2019-12-30,600000,浦发银行
2020-01-10,hs300,2019-12-30,600004,白云机场
2020-01-10,hs300,2019-12-30,600009,上海机场
2020-01-10,hs300,2019-12-30,600010,包钢股份
2020-01-10,hs300,2019-12-30,600011,华能国际
2020-01-10,hs300,2019-12-30,600015,华夏银行
2020-01-10,hs300,2019-12-30,600016,民生银行
2020-01-10,hs300,2019-12-30,600018,上港集团
2020-01-10,hs300,2019-12-30,600019,宝钢股份
2020-01-10,hs300,2019-12-30,600023,浙能电力
2020-01-10,hs300,2019-12-30,600025,华能水电
2020-01-10,hs300,2019-12-30,600027,华电国际
2020-01-10,hs300,2019-12-30,600028,中国石化
2020-01-10,hs300,2019-12-30,600029,南方航空
2020-01-10,hs300,2019-12-30,600030,中信证券
2020-01-10,hs300,2019-12-30,600031,三一重工
2020-01-10,hs300,2019-12-30,600036,招商银行
2020-01-10,hs300,2019-12-30,600038,中直股份
2020-01-10,hs300,2019-12-30,600048,保利地产
2020-01-10,hs300,2019-12-30,600050,中国联通
2020-01-10,hs300,2019-12-30,600061,国投资本
2020-01-10,hs300,2019-12-30,600066,宇通客车
2020-01-10,hs300,2019-12-30,600068,葛洲坝
2020-01-10,hs300,2019-12-30,600085,同仁堂
2020-01-10,hs300,2019-12-30,600089,特变电工
2020-01-10,hs300,2019-12-30,600100,同方股份
2020-01-10,hs300,2019-12-30,600104,上汽集团
2020-01-10,hs300,2019-12-30,600109,国金证券
2020-01-10,hs300,2019-12-30,600111,北方稀土
2020-01-10,hs300,2019-12-30,600115,东方航空
2020-01-10,hs300,2019-12-30,600118,中国卫星
2020-01-10,hs300,2019-12-30,600153,建发股份
2020-01-10,hs300,2019-12-30,600170,上海建工
2020-01-10,hs300,2019-12-30,600176,中国巨石
2020-01-10,hs300,2019-12-30,600177,雅戈尔
2020-01-10,hs300,2019-12-30,600183,生益科技
2020-01-10,hs300,2019-12-30,600188,兖州煤业
2020-01-10,hs300,2019-12-30,600196,复星医药
2020-01-10,hs300,2019-12-30,600208,新湖中宝
2020-01-10,hs300,2019-12-30,600219,南山铝业
2020-01-10,hs300,2019-12-30,600221,海航控股
2020-01-10,hs300,2019-12-30,600233,圆通速递
2020-01-10,hs300,2019-12-30,600271,航天信息
2020-01-10,hs300,2019-12-30,600276,恒瑞医药
2020-01-10,hs300,2019-12-30,600297,广汇汽车
2020-01-10,hs300,2019-12-30,600299,安迪苏
2020-01-10,hs300,2019-12-30,600309,万华化学
2020-01-10,hs300,2019-12-30,600332,白云山
2020-01-10,hs300,2019-12-30,600340,华夏幸福
2020-01-10,hs300,2019-12-30,600346,恒力石化
2020-01-10,hs300,2019-12-30,600352,浙江龙盛
2020-01-10,hs300,2019-12-30,600362,江西铜业
2020-01-10,hs300,2019-12-30,600369,西南证券
2020-01-10,hs300,2019-12-30,600372,中航电子
2020-01-10,hs300,2019-12-30,600383,金地集团
2020-01-10,hs300,2019-12-30,600390,五矿资本
2020-01-10,hs300,2019-12-30,600398,海澜之家
2020-01-10,hs300,2019-12-30,600406,国电南瑞
2020-01-10,hs300,2019-12-30,600436,片仔癀
2020-01-10,hs300,2019-12-30,600438,通威股份
2020-01-10,hs300,2019-12-30,600482,中国动力
2020-01-10,hs300,2019-12-30,600487,亨通光电
2020-01-10,hs300,2019-12-30,600489,中金黄金
2020-01-10,hs300,2019-12-30,600498,烽火通信
2020-01-10,hs300,2019-12-30,600516,方大炭素
2020-01-10,hs300,2019-12-30,600519,贵州茅台
2020-01-10,hs300,2019-12-30,600522,中天科技
2020-01-10,hs300,2019-12-30,600535,天士力
2020-01-10,hs300,2019-12-30,600547,山东黄金
2020-01-10,hs300,2019-12-30,600566,济川药业
2020-01-10,hs300,2019-12-30,600570,恒生电子
2020-01-10,hs300,2019-12-30,600583,海油工程
2020-01-10,hs300,2019-12-30,600585,海螺水泥
2020-01-10,hs300,2019-12-30,600588,用友网络
2020-01-10,hs300,2019-12-30,600606,绿地控股
2020-01-10,hs300,2019-12-30,600637,东方明珠
2020-01-10,hs300,2019-12-30,600655,豫园股份
2020-01-10,hs300,2019-12-30,600660,福耀玻璃
2020-01-10,hs300,2019-12-30,600663,陆家嘴
2020-01-10,hs300,2019-12-30,600674,川投能源
2020-01-10,hs300,2019-12-30,600690,海尔智家
2020-01-10,hs300,2019-12-30,600703,三安光电
2020-01-10,hs300,2019-12-30,600705,中航资本
2020-01-10,hs300,2019-12-30,600733,北汽蓝谷
2020-01-10,hs300,2019-12-30,600741,华域汽车
2020-01-10,hs300,2019-12-30,600760,中航沈飞
2020-01-10,hs300,2019-12-30,600795,国电电力
2020-01-10,hs300,2019-12-30,600809,山西汾酒
2020-01-10,hs300,2019-12-30,600816,安信信托
2020-01-10,hs300,2019-12-30,600837,海通证券
2020-01-10,hs300,2019-12-30,600848,上海临港
2020-01-10,hs300,2019-12-30,600867,通化东宝
2020-01-10,hs300,2019-12-30,600886,国投电力
2020-01-10,hs300,2019-12-30,600887,伊利股份
2020-01-10,hs300,2019-12-30,600893,航发动力
2020-01-10,hs300,2019-12-30,600900,长江电力
2020-01-10,hs300,2019-12-30,600919,江苏银行
2020-01-10,hs300,2019-12-30,600926,杭州银行
2020-01-10,hs300,2019-12-30,600928,西安银行
2020-01-10,hs300,2019-12-30,600958,东方证券
2020-01-10,hs300,2019-12-30,600968,海油发展
2020-01-10,hs300,2019-12-30,600977,中国电影
2020-01-10,hs300,2019-12-30,600989,宝丰能源
2020-01-10,hs300,2019-12-30,600998,九州通
2020-01-10,hs300,2019-12-30,600999,招商证券
2020-01-10,hs300,2019-12-30,601006,大秦铁路
2020-01-10,hs300,2019-12-30,601009,南京银行
2020-01-10,hs300,2019-12-30,601012,隆基股份
2020-01-10,hs300,2019-12-30,601018,宁波港
2020-01-10,hs300,2019-12-30,601021,春秋航空
2020-01-10,hs300,2019-12-30,601066,中信建投
2020-01-10,hs300,2019-12-30,601088,中国神华
2020-01-10,hs300,2019-12-30,601108,财通证券
2020-01-10,hs300,2019-12-30,601111,中国国航
2020-01-10,hs300,2019-12-30,601117,中国化学
2020-01-10,hs300,2019-12-30,601138,工业富联
2020-01-10,hs300,2019-12-30,601155,新城控股
2020-01-10,hs300,2019-12-30,601162,天风证券
2020-01-10,hs300,2019-12-30,601166,兴业银行
2020-01-10,hs300,2019-12-30,601169,北京银行
2020-01-10,hs300,2019-12-30,601186,中国铁建
2020-01-10,hs300,2019-12-30,601198,东兴证券
2020-01-10,hs300,2019-12-30,601211,国泰君安
2020-01-10,hs300,2019-12-30,601212,白银有色
2020-01-10,hs300,2019-12-30,601216,君正集团
2020-01-10,hs300,2019-12-30,601225,陕西煤业
2020-01-10,hs300,2019-12-30,601229,上海银行
2020-01-10,hs300,2019-12-30,601236,红塔证券
2020-01-10,hs300,2019-12-30,601238,广汽集团
2020-01-10,hs300,2019-12-30,601288,农业银行
2020-01-10,hs300,2019-12-30,601298,青岛港
2020-01-10,hs300,2019-12-30,601318,中国平安
2020-01-10,hs300,2019-12-30,601319,中国人保
2020-01-10,hs300,2019-12-30,601328,交通银行
2020-01-10,hs300,2019-12-30,601336,新华保险
2020-01-10,hs300,2019-12-30,601360,三六零
2020-01-10,hs300,2019-12-30,601377,兴业证券
2020-01-10,hs300,2019-12-30,601390,中国中铁
2020-01-10,hs300,2019-12-30,601398,工商银行
2020-01-10,hs300,2019-12-30,601555,东吴证券
2020-01-10,hs300,2019-12-30,601577,长沙银行
2020-01-10,hs300,2019-12-30,601600,中国铝业
2020-01-10,hs300,2019-12-30,601601,中国太保
2020-01-10,hs300,2019-12-30,601607,上海医药
2020-01-10,hs300,2019-12-30,601618,中国中冶
2020-01-10,hs300,2019-12-30,601628,中国人寿
2020-01-10,hs300,2019-12-30,601633,长城汽车
2020-01-10,hs300,2019-12-30,601668,中国建筑
2020-01-10,hs300,2019-12-30,601669,中国电建
2020-01-10,hs300,2019-12-30,601688,华泰证券
2020-01-10,hs300,2019-12-30,601698,中国卫通
2020-01-10,hs300,2019-12-30,601727,上海电气
2020-01-10,hs300,2019-12-30,601766,中国中车
2020-01-10,hs300,2019-12-30,601788,光大证券
2020-01-10,hs300,2019-12-30,601800,中国交建
2020-01-10,hs300,2019-12-30,601808,中海油服
2020-01-10,hs300,2019-12-30,601818,光大银行
2020-01-10,hs300,2019-12-30,601828,美凯龙
2020-01-10,hs300,2019-12-30,601838,成都银行
2020-01-10,hs300,2019-12-30,601857,中国石油
2020-01-10,hs300,2019-12-30,601877,正泰电器
2020-01-10,hs300,2019-12-30,601878,浙商证券
2020-01-10,hs300,2019-12-30,601881,中国银河
2020-01-10,hs300,2019-12-30,601888,中国国旅
2020-01-10,hs300,2019-12-30,601898,中煤能源
2020-01-10,hs300,2019-12-30,601899,紫金矿业
2020-01-10,hs300,2019-12-30,601901,方正证券
2020-01-10,hs300,2019-12-30,601919,中远海控
2020-01-10,hs300,2019-12-30,601933,永辉超市
2020-01-10,hs300,2019-12-30,601939,建设银行
2020-01-10,hs300,2019-12-30,601985,中国核电
2020-01-10,hs300,2019-12-30,601988,中国银行
2020-01-10,hs300,2019-12-30,601989,中国重工
2020-01-10,hs300,2019-12-30,601992,金隅集团
2020-01-10,hs300,2019-12-30,601997,贵阳银行
2020-01-10,hs300,2019-12-30,601998,中信银行
2020-01-10,hs300,2019-12-30,603019,中科曙光
2020-01-10,hs300,2019-12-30,603156,养元饮品
2020-01-10,hs300,2019-12-30,603160,汇顶科技
2020-01-10,hs300,2019-12-30,603259,药明康德
2020-01-10,hs300,2019-12-30,603260,合盛硅业
2020-01-10,hs300,2019-12-30,603288,海天味业
2020-01-10,hs300,2019-12-30,603501,韦尔股份
2020-01-10,hs300,2019-12-30,603799,华友钴业
2020-01-10,hs300,2019-12-30,603833,欧派家居
2020-01-10,hs300,2019-12-30,603899,晨光文具
2020-01-10,hs300,2019-12-30,603986,兆易创新
2020-01-10,hs300,2019-12-30,603993,洛阳钼业
2020-01-10,hs300,2019-12-30,000001,平安银行
2020-01-10,hs300,2019-12-30,000002,万科A
2020-01-10,hs300,2019-12-30,000063,中兴通讯
2020-01-10,hs300,2019-12-30,000069,华侨城A
2020-01-10,hs300,2019-12-30,000100,TCL集团
2020-01-10,hs300,2019-12-30,000157,中联重科
2020-01-10,hs300,2019-12-30,000166,申万宏源
2020-01-10,hs300,2019-12-30,000333,美的集团
2020-01-10,hs300,2019-12-30,000338,潍柴动力
2020-01-10,hs300,2019-12-30,000413,东旭光电
2020-01-10,hs300,2019-12-30,000415,渤海租赁
2020-01-10,hs300,2019-12-30,000423,东阿阿胶
2020-01-10,hs300,2019-12-30,000425,徐工机械
2020-01-10,hs300,2019-12-30,000538,云南白药
2020-01-10,hs300,2019-12-30,000568,泸州老窖
2020-01-10,hs300,2019-12-30,000596,古井贡酒
2020-01-10,hs300,2019-12-30,000625,长安汽车
2020-01-10,hs300,2019-12-30,000627,天茂集团
2020-01-10,hs300,2019-12-30,000629,攀钢钒钛
2020-01-10,hs300,2019-12-30,000630,铜陵有色
2020-01-10,hs300,2019-12-30,000651,格力电器
2020-01-10,hs300,2019-12-30,000656,金科股份
2020-01-10,hs300,2019-12-30,000661,长春高新
2020-01-10,hs300,2019-12-30,000671,阳光城
2020-01-10,hs300,2019-12-30,000703,恒逸石化
2020-01-10,hs300,2019-12-30,000709,河钢股份
2020-01-10,hs300,2019-12-30,000723,美锦能源
2020-01-10,hs300,2019-12-30,000725,京东方A
2020-01-10,hs300,2019-12-30,000728,国元证券
2020-01-10,hs300,2019-12-30,000768,中航飞机
2020-01-10,hs300,2019-12-30,000776,广发证券
2020-01-10,hs300,2019-12-30,000783,长江证券
2020-01-10,hs300,2019-12-30,000786,北新建材
2020-01-10,hs300,2019-12-30,000858,五粮液
2020-01-10,hs300,2019-12-30,000876,新希望
2020-01-10,hs300,2019-12-30,000895,双汇发展
2020-01-10,hs300,2019-12-30,000898,鞍钢股份
2020-01-10,hs300,2019-12-30,000938,紫光股份
2020-01-10,hs300,2019-12-30,000961,中南建设
2020-01-10,hs300,2019-12-30,000963,华东医药
2020-01-10,hs300,2019-12-30,001979,招商蛇口
2020-01-10,hs300,2019-12-30,002001,新和成
2020-01-10,hs300,2019-12-30,002007,华兰生物
2020-01-10,hs300,2019-12-30,002008,大族激光
2020-01-10,hs300,2019-12-30,002010,传化智联
2020-01-10,hs300,2019-12-30,002024,苏宁易购
2020-01-10,hs300,2019-12-30,002027,分众传媒
2020-01-10,hs300,2019-12-30,002032,苏泊尔
2020-01-10,hs300,2019-12-30,002044,美年健康
2020-01-10,hs300,2019-12-30,002050,三花智控
2020-01-10,hs300,2019-12-30,002081,金螳螂
2020-01-10,hs300,2019-12-30,002120,韵达股份
2020-01-10,hs300,2019-12-30,002142,宁波银行
2020-01-10,hs300,2019-12-30,002146,荣盛发展
2020-01-10,hs300,2019-12-30,002153,石基信息
2020-01-10,hs300,2019-12-30,002179,中航光电
2020-01-10,hs300,2019-12-30,002202,金风科技
2020-01-10,hs300,2019-12-30,002230,科大讯飞
2020-01-10,hs300,2019-12-30,002236,大华股份
2020-01-10,hs300,2019-12-30,002241,歌尔股份
2020-01-10,hs300,2019-12-30,002252,上海莱士
2020-01-10,hs300,2019-12-30,002271,东方雨虹
2020-01-10,hs300,2019-12-30,002294,信立泰
2020-01-10,hs300,2019-12-30,002304,洋河股份
2020-01-10,hs300,2019-12-30,002311,海大集团
2020-01-10,hs300,2019-12-30,002352,顺丰控股
2020-01-10,hs300,2019-12-30,002410,广联达
2020-01-10,hs300,2019-12-30,002411,延安必康
2020-01-10,hs300,2019-12-30,002415,海康威视
2020-01-10,hs300,2019-12-30,002422,科伦药业
2020-01-10,hs300,2019-12-30,002456,欧菲光
2020-01-10,hs300,2019-12-30,002460,赣锋锂业
2020-01-10,hs300,2019-12-30,002466,天齐锂业
2020-01-10,hs300,2019-12-30,002468,申通快递
2020-01-10,hs300,2019-12-30,002475,立讯精密
2020-01-10,hs300,2019-12-30,002493,荣盛石化
2020-01-10,hs300,2019-12-30,002508,老板电器
2020-01-10,hs300,2019-12-30,002555,三七互娱
2020-01-10,hs300,2019-12-30,002558,巨人网络
2020-01-10,hs300,2019-12-30,002594,比亚迪
2020-01-10,hs300,2019-12-30,002601,龙蟒佰利
2020-01-10,hs300,2019-12-30,002602,世纪华通
2020-01-10,hs300,2019-12-30,002607,中公教育
2020-01-10,hs300,2019-12-30,002624,完美世界
2020-01-10,hs300,2019-12-30,002673,西部证券
2020-01-10,hs300,2019-12-30,002714,牧原股份
2020-01-10,hs300,2019-12-30,002736,国信证券
2020-01-10,hs300,2019-12-30,002739,万达电影
2020-01-10,hs300,2019-12-30,002773,康弘药业
2020-01-10,hs300,2019-12-30,002841,视源股份
2020-01-10,hs300,2019-12-30,002916,深南电路
2020-01-10,hs300,2019-12-30,002938,鹏鼎控股
2020-01-10,hs300,2019-12-30,002939,长城证券
2020-01-10,hs300,2019-12-30,002945,华林证券
2020-01-10,hs300,2019-12-30,002958,青农商行
2020-01-10,hs300,2019-12-30,300003,乐普医疗
2020-01-10,hs300,2019-12-30,300015,爱尔眼科
2020-01-10,hs300,2019-12-30,300017,网宿科技
2020-01-10,hs300,2019-12-30,300024,机器人
2020-01-10,hs300,2019-12-30,300033,同花顺
2020-01-10,hs300,2019-12-30,300059,东方财富
2020-01-10,hs300,2019-12-30,300070,碧水源
2020-01-10,hs300,2019-12-30,300122,智飞生物
2020-01-10,hs300,2019-12-30,300124,汇川技术
2020-01-10,hs300,2019-12-30,300136,信维通信
2020-01-10,hs300,2019-12-30,300142,沃森生物
2020-01-10,hs300,2019-12-30,300144,宋城演艺
2020-01-10,hs300,2019-12-30,300347,泰格医药
2020-01-10,hs300,2019-12-30,300408,三环集团
2020-01-10,hs300,2019-12-30,300413,芒果超媒
2020-01-10,hs300,2019-12-30,300433,蓝思科技
2020-01-10,hs300,2019-12-30,300498,温氏股份
2020-01-10,zz500,2019-12-30,600006,东风汽车
2020-01-10,zz500,2019-12-30,600008,首创股份
2020-01-10,zz500,2019-12-30,600017,日照港
2020-01-10,zz500,2019-12-30,600021,上海电力
2020-01-10,zz500,2019-12-30,600022,山东钢铁
2020-01-10,zz500,2019-12-30,600026,中远海能
2020-01-10,zz500,2019-12-30,600037,歌华有线
2020-01-10,zz500,2019-12-30,600039,四川路桥
2020-01-10,zz500,2019-12-30,600053,九鼎投资
2020-01-10,zz500,2019-12-30,600056,中国医药
2020-01-10,zz500,2019-12-30,600058,五矿发展
2020-01-10,zz500,2019-12-30,600060,海信视像
2020-01-10,zz500,2019-12-30,600062,华润双鹤
2020-01-10,zz500,2019-12-30,600064,南京高科
2020-01-10,zz500,2019-12-30,600073,上海梅林
2020-01-10,zz500,2019-12-30,600079,人福医药
2020-01-10,zz500,2019-12-30,600094,大名城
2020-01-10,zz500,2019-12-30,600098,广州发展
2020-01-10,zz500,2019-12-30,600120,浙江东方
2020-01-10,zz500,2019-12-30,600125,铁龙物流
2020-01-10,zz500,2019-12-30,600126,杭钢股份
2020-01-10,zz500,2019-12-30,600132,重庆啤酒
2020-01-10,zz500,2019-12-30,600138,中青旅
2020-01-10,zz500,2019-12-30,600141,兴发集团
2020-01-10,zz500,2019-12-30,600143,金发科技
2020-01-10,zz500,2019-12-30,600150,中国船舶
2020-01-10,zz500,2019-12-30,600155,华创阳安
2020-01-10,zz500,2019-12-30,600158,中体产业
2020-01-10,zz500,2019-12-30,600160,巨化股份
2020-01-10,zz500,2019-12-30,600161,天坛生物
2020-01-10,zz500,2019-12-30,600166,福田汽车
2020-01-10,zz500,2019-12-30,600167,联美控股
2020-01-10,zz500,2019-12-30,600171,上海贝岭
2020-01-10,zz500,2019-12-30,600195,中牧股份
2020-01-10,zz500,2019-12-30,600201,生物股份
2020-01-10,zz500,2019-12-30,600216,浙江医药
2020-01-10,zz500,2019-12-30,600256,广汇能源
2020-01-10,zz500,2019-12-30,600258,首旅酒店
2020-01-10,zz500,2019-12-30,600259,广晟有色
2020-01-10,zz500,2019-12-30,600260,凯乐科技
2020-01-10,zz500,2019-12-30,600266,城建发展
2020-01-10,zz500,2019-12-30,600273,嘉化能源
2020-01-10,zz500,2019-12-30,600277,亿利洁能
2020-01-10,zz500,2019-12-30,600282,南钢股份
2020-01-10,zz500,2019-12-30,600291,西水股份
2020-01-10,zz500,2019-12-30,600298,安琪酵母
2020-01-10,zz500,2019-12-30,600307,酒钢宏兴
2020-01-10,zz500,2019-12-30,600312,平高电气
2020-01-10,zz500,2019-12-30,600315,上海家化
2020-01-10,zz500,2019-12-30,600316,洪都航空
2020-01-10,zz500,2019-12-30,600317,营口港
2020-01-10,zz500,2019-12-30,600325,华发股份
2020-01-10,zz500,2019-12-30,600329,中新药业
2020-01-10,zz500,2019-12-30,600335,国机汽车
2020-01-10,zz500,2019-12-30,600338,西藏珠峰
2020-01-10,zz500,2019-12-30,600339,中油工程
2020-01-10,zz500,2019-12-30,600348,阳泉煤业
2020-01-10,zz500,2019-12-30,600350,山东高速
2020-01-10,zz500,2019-12-30,600373,中文传媒
2020-01-10,zz500,2019-12-30,600376,首开股份
2020-01-10,zz500,2019-12-30,600380,健康元
2020-01-10,zz500,2019-12-30,600388,龙净环保
2020-01-10,zz500,2019-12-30,600392,盛和资源
2020-01-10,zz500,2019-12-30,600409,三友化工
2020-01-10,zz500,2019-12-30,600410,华胜天成
2020-01-10,zz500,2019-12-30,600415,小商品城
2020-01-10,zz500,2019-12-30,600418,江淮汽车
2020-01-10,zz500,2019-12-30,600426,华鲁恒升
2020-01-10,zz500,2019-12-30,600428,中远海特
2020-01-10,zz500,2019-12-30,600435,北方导航
2020-01-10,zz500,2019-12-30,600446,金证股份
2020-01-10,zz500,2019-12-30,600460,士兰微
2020-01-10,zz500,2019-12-30,600466,蓝光发展
2020-01-10,zz500,2019-12-30,600478,科力远
2020-01-10,zz500,2019-12-30,600486,扬农化工
2020-01-10,zz500,2019-12-30,600497,驰宏锌锗
2020-01-10,zz500,2019-12-30,600499,科达洁能
2020-01-10,zz500,2019-12-30,600500,中化国际
2020-01-10,zz500,2019-12-30,600507,方大特钢
2020-01-10,zz500,2019-12-30,600511,国药股份
2020-01-10,zz500,2019-12-30,600515,海航基础
2020-01-10,zz500,2019-12-30,600521,华海药业
2020-01-10,zz500,2019-12-30,600528,中铁工业
2020-01-10,zz500,2019-12-30,600536,中国软件
2020-01-10,zz500,2019-12-30,600545,卓郎智能
2020-01-10,zz500,2019-12-30,600549,厦门钨业
2020-01-10,zz500,2019-12-30,600557,康缘药业
2020-01-10,zz500,2019-12-30,600563,法拉电子
2020-01-10,zz500,2019-12-30,600565,迪马股份
2020-01-10,zz500,2019-12-30,600567,山鹰纸业
2020-01-10,zz500,2019-12-30,600572,康恩贝
2020-01-10,zz500,2019-12-30,600575,淮河能源
2020-01-10,zz500,2019-12-30,600580,卧龙电驱
2020-01-10,zz500,2019-12-30,600582,天地科技
2020-01-10,zz500,2019-12-30,600584,长电科技
2020-01-10,zz500,2019-12-30,600597,光明乳业
2020-01-10,zz500,2019-12-30,600598,北大荒
2020-01-10,zz500,2019-12-30,600623,华谊集团
2020-01-10,zz500,2019-12-30,600633,浙数文化
2020-01-10,zz500,2019-12-30,600639,浦东金桥
2020-01-10,zz500,2019-12-30,600640,号百控股
2020-01-10,zz500,2019-12-30,600642,申能股份
2020-01-10,zz500,2019-12-30,600643,爱建集团
2020-01-10,zz500,2019-12-30,600645,中源协和
2020-01-10,zz500,2019-12-30,600648,外高桥
2020-01-10,zz500,2019-12-30,600649,城投控股
2020-01-10,zz500,2019-12-30,600657,信达地产
2020-01-10,zz500,2019-12-30,600664,哈药股份
2020-01-10,zz500,2019-12-30,600673,东阳光
2020-01-10,zz500,2019-12-30,600694,大商股份
2020-01-10,zz500,2019-12-30,600699,均胜电子
2020-01-10,zz500,2019-12-30,600704,物产中大
2020-01-10,zz500,2019-12-30,600707,彩虹股份
2020-01-10,zz500,2019-12-30,600717,天津港
2020-01-10,zz500,2019-12-30,600718,东软集团
2020-01-10,zz500,2019-12-30,600728,佳都科技
2020-01-10,zz500,2019-12-30,600729,重庆百货
2020-01-10,zz500,2019-12-30,600737,中粮糖业
2020-01-10,zz500,2019-12-30,600739,辽宁成大
2020-01-10,zz500,2019-12-30,600745,闻泰科技
2020-01-10,zz500,2019-12-30,600748,上实发展
2020-01-10,zz500,2019-12-30,600751,海航科技
2020-01-10,zz500,2019-12-30,600754,锦江酒店
2020-01-10,zz500,2019-12-30,600755,厦门国贸
2020-01-10,zz500,2019-12-30,600757,长江传媒
2020-01-10,zz500,2019-12-30,600759,洲际油气
2020-01-10,zz500,2019-12-30,600763,通策医疗
2020-01-10,zz500,2019-12-30,600765,中航重机
2020-01-10,zz500,2019-12-30,600770,综艺股份
2020-01-10,zz500,2019-12-30,600776,东方通信
2020-01-10,zz500,2019-12-30,600777,新潮能源
2020-01-10,zz500,2019-12-30,600779,水井坊
2020-01-10,zz500,2019-12-30,600782,新钢股份
2020-01-10,zz500,2019-12-30,600787,中储股份
2020-01-10,zz500,2019-12-30,600801,华新水泥
2020-01-10,zz500,2019-12-30,600804,鹏博士
2020-01-10,zz500,2019-12-30,600808,马钢股份
2020-01-10,zz500,2019-12-30,600811,东方集团
2020-01-10,zz500,2019-12-30,600820,隧道股份
2020-01-10,zz500,2019-12-30,600823,世茂股份
2020-01-10,zz500,2019-12-30,600827,百联股份
2020-01-10,zz500,2019-12-30,600835,上海机电
2020-01-10,zz500,2019-12-30,600839,四川长虹
2020-01-10,zz500,2019-12-30,600845,宝信软件
2020-01-10,zz500,2019-12-30,600859,王府井
2020-01-10,zz500,2019-12-30,600862,中航高科
2020-01-10,zz500,2019-12-30,600863,内蒙华电
2020-01-10,zz500,2019-12-30,600869,智慧能源
2020-01-10,zz500,2019-12-30,600874,创业环保
2020-01-10,zz500,2019-12-30,600875,东方电气
2020-01-10,zz500,2019-12-30,600879,航天电子
2020-01-10,zz500,2019-12-30,600881,亚泰集团
2020-01-10,zz500,2019-12-30,600884,杉杉股份
2020-01-10,zz500,2019-12-30,600885,宏发股份
2020-01-10,zz500,2019-12-30,600895,张江高科
2020-01-10,zz500,2019-12-30,600901,江苏租赁
2020-01-10,zz500,2019-12-30,600903,贵州燃气
2020-01-10,zz500,2019-12-30,600908,无锡银行
2020-01-10,zz500,2019-12-30,600909,华安证券
2020-01-10,zz500,2019-12-30,600917,重庆燃气
2020-01-10,zz500,2019-12-30,600939,重庆建工
2020-01-10,zz500,2019-12-30,600959,江苏有线
2020-01-10,zz500,2019-12-30,600967,内蒙一机
2020-01-10,zz500,2019-12-30,600970,中材国际
2020-01-10,zz500,2019-12-30,600985,淮北矿业
2020-01-10,zz500,2019-12-30,600996,贵广网络
2020-01-10,zz500,2019-12-30,601000,唐山港
2020-01-10,zz500,2019-12-30,601001,大同煤业
2020-01-10,zz500,2019-12-30,601003,柳钢股份
2020-01-10,zz500,2019-12-30,601005,重庆钢铁
2020-01-10,zz500,2019-12-30,601016,节能风电
2020-01-10,zz500,2019-12-30,601019,山东出版
2020-01-10,zz500,2019-12-30,601068,中铝国际
2020-01-10,zz500,2019-12-30,601098,中南传媒
2020-01-10,zz500,2019-12-30,601099,太平洋
2020-01-10,zz500,2019-12-30,601100,恒立液压
2020-01-10,zz500,2019-12-30,601106,中国一重
2020-01-10,zz500,2019-12-30,601118,海南橡胶
2020-01-10,zz500,2019-12-30,601127,小康股份
2020-01-10,zz500,2019-12-30,601128,常熟银行
2020-01-10,zz500,2019-12-30,601139,深圳燃气
2020-01-10,zz500,2019-12-30,601168,西部矿业
2020-01-10,zz500,2019-12-30,601179,中国西电
2020-01-10,zz500,2019-12-30,601200,上海环境
2020-01-10,zz500,2019-12-30,601228,广州港
2020-01-10,zz500,2019-12-30,601231,环旭电子
2020-01-10,zz500,2019-12-30,601233,桐昆股份
2020-01-10,zz500,2019-12-30,601326,秦港股份
2020-01-10,zz500,2019-12-30,601333,广深铁路
2020-01-10,zz500,2019-12-30,601598,中国外运
2020-01-10,zz500,2019-12-30,601608,中信重工
2020-01-10,zz500,2019-12-30,601611,中国核建
2020-01-10,zz500,2019-12-30,601615,明阳智能
2020-01-10,zz500,2019-12-30,601678,滨化股份
2020-01-10,zz500,2019-12-30,601689,拓普集团
2020-01-10,zz500,2019-12-30,601699,潞安环能
2020-01-10,zz500,2019-12-30,601717,郑煤机
2020-01-10,zz500,2019-12-30,601718,际华集团
2020-01-10,zz500,2019-12-30,601799,星宇股份
2020-01-10,zz500,2019-12-30,601801,皖新传媒
2020-01-10,zz500,2019-12-30,601811,新华文轩
2020-01-10,zz500,2019-12-30,601860,紫金银行
2020-01-10,zz500,2019-12-30,601865,福莱特
2020-01-10,zz500,2019-12-30,601866,中远海发
2020-01-10,zz500,2019-12-30,601869,长飞光纤
2020-01-10,zz500,2019-12-30,601872,招商轮船
2020-01-10,zz500,2019-12-30,601880,大连港
2020-01-10,zz500,2019-12-30,601928,凤凰传媒
2020-01-10,zz500,2019-12-30,601958,金钼股份
2020-01-10,zz500,2019-12-30,601966,玲珑轮胎
2020-01-10,zz500,2019-12-30,601969,海南矿业
2020-01-10,zz500,2019-12-30,601975,招商南油
2020-01-10,zz500,2019-12-30,603000,人民网
2020-01-10,zz500,2019-12-30,603025,大豪科技
2020-01-10,zz500,2019-12-30,603056,德邦股份
2020-01-10,zz500,2019-12-30,603077,和邦生物
2020-01-10,zz500,2019-12-30,603198,迎驾贡酒
2020-01-10,zz500,2019-12-30,603225,新凤鸣
2020-01-10,zz500,2019-12-30,603228,景旺电子
2020-01-10,zz500,2019-12-30,603233,大参林
2020-01-10,zz500,2019-12-30,603256,宏和科技
2020-01-10,zz500,2019-12-30,603317,天味食品
2020-01-10,zz500,2019-12-30,603328,依顿电子
2020-01-10,zz500,2019-12-30,603338,浙江鼎力
2020-01-10,zz500,2019-12-30,603355,莱克电气
2020-01-10,zz500,2019-12-30,603377,东方时尚
2020-01-10,zz500,2019-12-30,603379,三美股份
2020-01-10,zz500,2019-12-30,603444,吉比特
2020-01-10,zz500,2019-12-30,603486,科沃斯
2020-01-10,zz500,2019-12-30,603515,欧普照明
2020-01-10,zz500,2019-12-30,603517,绝味食品
2020-01-10,zz500,2019-12-30,603556,海兴电力
2020-01-10,zz500,2019-12-30,603568,伟明环保
2020-01-10,zz500,2019-12-30,603650,彤程新材
2020-01-10,zz500,2019-12-30,603659,璞泰来
2020-01-10,zz500,2019-12-30,603707,健友股份
2020-01-10,zz500,2019-12-30,603712,七一二
2020-01-10,zz500,2019-12-30,603766,隆鑫通用
2020-01-10,zz500,2019-12-30,603806,福斯特
2020-01-10,zz500,2019-12-30,603816,顾家家居
2020-01-10,zz500,2019-12-30,603858,步长制药
2020-01-10,zz500,2019-12-30,603866,桃李面包
2020-01-10,zz500,2019-12-30,603868,飞科电器
2020-01-10,zz500,2019-12-30,603877,太平鸟
2020-01-10,zz500,2019-12-30,603882,金域医学
2020-01-10,zz500,2019-12-30,603883,老百姓
2020-01-10,zz500,2019-12-30,603885,吉祥航空
2020-01-10,zz500,2019-12-30,603888,新华网
2020-01-10,zz500,2019-12-30,603939,益丰药房
2020-01-10,zz500,2019-12-30,603983,丸美股份
2020-01-10,zz500,2019-12-30,000006,深振业A
2020-01-10,zz500,2019-12-30,000008,神州高铁
2020-01-10,zz500,2019-12-30,000009,中国宝安
2020-01-10,zz500,2019-12-30,000012,南玻A
2020-01-10,zz500,2019-12-30,000021,深科技
2020-01-10,zz500,2019-12-30,000025,特力A
2020-01-10,zz500,2019-12-30,000027,深圳能源
2020-01-10,zz500,2019-12-30,000028,国药一致
2020-01-10,zz500,2019-12-30,000031,大悦城
2020-01-10,zz500,2019-12-30,000039,中集集团
2020-01-10,zz500,2019-12-30,000050,深天马A
2020-01-10,zz500,2019-12-30,000060,中金岭南
2020-01-10,zz500,2019-12-30,000061,农产品
2020-01-10,zz500,2019-12-30,000062,深圳华强
2020-01-10,zz500,2019-12-30,000066,中国长城
2020-01-10,zz500,2019-12-30,000078,海王生物
2020-01-10,zz500,2019-12-30,000089,深圳机场
2020-01-10,zz500,2019-12-30,000090,天健集团
2020-01-10,zz500,2019-12-30,000156,华数传媒
2020-01-10,zz500,2019-12-30,000158,常山北明
2020-01-10,zz500,2019-12-30,000301,东方盛虹
2020-01-10,zz500,2019-12-30,000400,许继电气
2020-01-10,zz500,2019-12-30,000401,冀东水泥
2020-01-10,zz500,2019-12-30,000402,金融街
2020-01-10,zz500,2019-12-30,000426,兴业矿业
2020-01-10,zz500,2019-12-30,000488,晨鸣纸业
2020-01-10,zz500,2019-12-30,000501,鄂武商A
2020-01-10,zz500,2019-12-30,000513,丽珠集团
2020-01-10,zz500,2019-12-30,000519,中兵红箭
2020-01-10,zz500,2019-12-30,000528,柳工
2020-01-10,zz500,2019-12-30,000536,华映科技
2020-01-10,zz500,2019-12-30,000537,广宇发展
2020-01-10,zz500,2019-12-30,000543,皖能电力
2020-01-10,zz500,2019-12-30,000547,航天发展
2020-01-10,zz500,2019-12-30,000553,安道麦A
2020-01-10,zz500,2019-12-30,000559,万向钱潮
2020-01-10,zz500,2019-12-30,000563,陕国投A
2020-01-10,zz500,2019-12-30,000564,供销大集
2020-01-10,zz500,2019-12-30,000581,威孚高科
2020-01-10,zz500,2019-12-30,000598,兴蓉环境
2020-01-10,zz500,2019-12-30,000600,建投能源
2020-01-10,zz500,2019-12-30,000623,吉林敖东
2020-01-10,zz500,2019-12-30,000636,风华高科
2020-01-10,zz500,2019-12-30,000681,视觉中国
2020-01-10,zz500,2019-12-30,000685,中山公用
2020-01-10,zz500,2019-12-30,000686,东北证券
2020-01-10,zz500,2019-12-30,000690,宝新能源
2020-01-10,zz500,2019-12-30,000712,锦龙股份
2020-01-10,zz500,2019-12-30,000717,韶钢松山
2020-01-10,zz500,2019-12-30,000718,苏宁环球
2020-01-10,zz500,2019-12-30,000727,华东科技
2020-01-10,zz500,2019-12-30,000729,燕京啤酒
2020-01-10,zz500,2019-12-30,000732,泰禾集团
2020-01-10,zz500,2019-12-30,000738,航发控制
2020-01-10,zz500,2019-12-30,000750,国海证券
2020-01-10,zz500,2019-12-30,000758,中色股份
2020-01-10,zz500,2019-12-30,000761,本钢板材
2020-01-10,zz500,2019-12-30,000766,通化金马
2020-01-10,zz500,2019-12-30,000778,新兴铸管
2020-01-10,zz500,2019-12-30,000807,云铝股份
2020-01-10,zz500,2019-12-30,000813,德展健康
2020-01-10,zz500,2019-12-30,000825,太钢不锈
2020-01-10,zz500,2019-12-30,000826,启迪环境
2020-01-10,zz500,2019-12-30,000830,鲁西化工
2020-01-10,zz500,2019-12-30,000848,承德露露
2020-01-10,zz500,2019-12-30,000869,张裕A
2020-01-10,zz500,2019-12-30,000877,天山股份
2020-01-10,zz500,2019-12-30,000878,云南铜业
2020-01-10,zz500,2019-12-30,000883,湖北能源
2020-01-10,zz500,2019-12-30,000887,中鼎股份
2020-01-10,zz500,2019-12-30,000930,中粮科技
2020-01-10,zz500,2019-12-30,000932,华菱钢铁
2020-01-10,zz500,2019-12-30,000937,冀中能源
2020-01-10,zz500,2019-12-30,000959,首钢股份
2020-01-10,zz500,2019-12-30,000960,锡业股份
2020-01-10,zz500,2019-12-30,000967,盈峰环境
2020-01-10,zz500,2019-12-30,000970,中科三环
2020-01-10,zz500,2019-12-30,000975,银泰黄金
2020-01-10,zz500,2019-12-30,000980,众泰汽车
2020-01-10,zz500,2019-12-30,000983,西山煤电
2020-01-10,zz500,2019-12-30,000987,越秀金控
2020-01-10,zz500,2019-12-30,000988,华工科技
2020-01-10,zz500,2019-12-30,000990,诚志股份
2020-01-10,zz500,2019-12-30,000997,新大陆
2020-01-10,zz500,2019-12-30,000998,隆平高科
2020-01-10,zz500,2019-12-30,000999,华润三九
2020-01-10,zz500,2019-12-30,001872,招商港口
2020-01-10,zz500,2019-12-30,002002,鸿达兴业
2020-01-10,zz500,2019-12-30,002004,华邦健康
2020-01-10,zz500,2019-12-30,002013,中航机电
2020-01-10,zz500,2019-12-30,002019,亿帆医药
2020-01-10,zz500,2019-12-30,002028,思源电气
2020-01-10,zz500,2019-12-30,002030,达安基因
2020-01-10,zz500,2019-12-30,002038,双鹭药业
2020-01-10,zz500,2019-12-30,002048,宁波华翔
2020-01-10,zz500,2019-12-30,002049,紫光国微
2020-01-10,zz500,2019-12-30,002051,中工国际
2020-01-10,zz500,2019-12-30,002056,横店东磁
2020-01-10,zz500,2019-12-30,002064,华峰氨纶
2020-01-10,zz500,2019-12-30,002065,东华软件
2020-01-10,zz500,2019-12-30,002074,国轩高科
2020-01-10,zz500,2019-12-30,002075,沙钢股份
2020-01-10,zz500,2019-12-30,002078,太阳纸业
2020-01-10,zz500,2019-12-30,002085,万丰奥威
2020-01-10,zz500,2019-12-30,002092,中泰化学
2020-01-10,zz500,2019-12-30,002093,国脉科技
2020-01-10,zz500,2019-12-30,002110,三钢闽光
2020-01-10,zz500,2019-12-30,002118,紫鑫药业
2020-01-10,zz500,2019-12-30,002127,南极电商
2020-01-10,zz500,2019-12-30,002128,露天煤业
2020-01-10,zz500,2019-12-30,002129,中环股份
2020-01-10,zz500,2019-12-30,002131,利欧股份
2020-01-10,zz500,2019-12-30,002152,广电运通
2020-01-10,zz500,2019-12-30,002155,湖南黄金
2020-01-10,zz500,2019-12-30,002174,游族网络
2020-01-10,zz500,2019-12-30,002176,江特电机
2020-01-10,zz500,2019-12-30,002180,纳思达
2020-01-10,zz500,2019-12-30,002183,怡亚通
2020-01-10,zz500,2019-12-30,002191,劲嘉股份
2020-01-10,zz500,2019-12-30,002195,二三四五
2020-01-10,zz500,2019-12-30,002203,海亮股份
2020-01-10,zz500,2019-12-30,002212,南洋股份
2020-01-10,zz500,2019-12-30,002217,合力泰
2020-01-10,zz500,2019-12-30,002221,东华能源
2020-01-10,zz500,2019-12-30,002223,鱼跃医疗
2020-01-10,zz500,2019-12-30,002233,塔牌集团
2020-01-10,zz500,2019-12-30,002242,九阳股份
2020-01-10,zz500,2019-12-30,002244,滨江集团
2020-01-10,zz500,2019-12-30,002249,大洋电机
2020-01-10,zz500,2019-12-30,002250,联化科技
2020-01-10,zz500,2019-12-30,002266,浙富控股
2020-01-10,zz500,2019-12-30,002268,卫士通
2020-01-10,zz500,2019-12-30,002273,水晶光电
2020-01-10,zz500,2019-12-30,002280,联络互动
2020-01-10,zz500,2019-12-30,002281,光迅科技
2020-01-10,zz500,2019-12-30,002285,世联行
2020-01-10,zz500,2019-12-30,002302,西部建设
2020-01-10,zz500,2019-12-30,002317,众生药业
2020-01-10,zz500,2019-12-30,002340,格林美
2020-01-10,zz500,2019-12-30,002353,杰瑞股份
2020-01-10,zz500,2019-12-30,002358,森源电气
2020-01-10,zz500,2019-12-30,002366,台海核电
2020-01-10,zz500,2019-12-30,002368,太极股份
2020-01-10,zz500,2019-12-30,002371,北方华创
2020-01-10,zz500,2019-12-30,002372,伟星新材
2020-01-10,zz500,2019-12-30,002373,千方科技
2020-01-10,zz500,2019-12-30,002375,亚厦股份
2020-01-10,zz500,2019-12-30,002382,蓝帆医疗
2020-01-10,zz500,2019-12-30,002384,东山精密
2020-01-10,zz500,2019-12-30,002385,大北农
2020-01-10,zz500,2019-12-30,002387,维信诺
2020-01-10,zz500,2019-12-30,002390,信邦制药
2020-01-10,zz500,2019-12-30,002399,海普瑞
2020-01-10,zz500,2019-12-30,002407,多氟多
2020-01-10,zz500,2019-12-30,002408,齐翔腾达
2020-01-10,zz500,2019-12-30,002414,高德红外
2020-01-10,zz500,2019-12-30,002416,爱施德
2020-01-10,zz500,2019-12-30,002419,天虹股份
2020-01-10,zz500,2019-12-30,002423,中粮资本
2020-01-10,zz500,2019-12-30,002424,贵州百灵
2020-01-10,zz500,2019-12-30,002426,胜利精密
2020-01-10,zz500,2019-12-30,002434,万里扬
2020-01-10,zz500,2019-12-30,002437,誉衡药业
2020-01-10,zz500,2019-12-30,002439,启明星辰
2020-01-10,zz500,2019-12-30,002440,闰土股份
2020-01-10,zz500,2019-12-30,002444,巨星科技
2020-01-10,zz500,2019-12-30,002463,沪电股份
2020-01-10,zz500,2019-12-30,002465,海格通信
2020-01-10,zz500,2019-12-30,002470,金正大
2020-01-10,zz500,2019-12-30,002482,广田集团
2020-01-10,zz500,2019-12-30,002491,通鼎互联
2020-01-10,zz500,2019-12-30,002500,山西证券
2020-01-10,zz500,2019-12-30,002503,搜于特
2020-01-10,zz500,2019-12-30,002505,大康农业
2020-01-10,zz500,2019-12-30,002507,涪陵榨菜
2020-01-10,zz500,2019-12-30,002544,杰赛科技
2020-01-10,zz500,2019-12-30,002572,索菲亚
2020-01-10,zz500,2019-12-30,002573,清新环境
2020-01-10,zz500,2019-12-30,002583,海能达
2020-01-10,zz500,2019-12-30,002589,瑞康医药
2020-01-10,zz500,2019-12-30,002603,以岭药业
2020-01-10,zz500,2019-12-30,002625,光启技术
2020-01-10,zz500,2019-12-30,002635,安洁科技
2020-01-10,zz500,2019-12-30,002640,跨境通
2020-01-10,zz500,2019-12-30,002653,海思科
2020-01-10,zz500,2019-12-30,002665,首航节能
2020-01-10,zz500,2019-12-30,002670,国盛金控
2020-01-10,zz500,2019-12-30,002672,东江环保
2020-01-10,zz500,2019-12-30,002681,奋达科技
2020-01-10,zz500,2019-12-30,002690,美亚光电
2020-01-10,zz500,2019-12-30,002701,奥瑞金
2020-01-10,zz500,2019-12-30,002709,天赐材料
2020-01-10,zz500,2019-12-30,002745,木林森
2020-01-10,zz500,2019-12-30,002797,第一创业
2020-01-10,zz500,2019-12-30,002807,江阴银行
2020-01-10,zz500,2019-12-30,002812,恩捷股份
2020-01-10,zz500,2019-12-30,002815,崇达技术
2020-01-10,zz500,2019-12-30,002818,富森美
2020-01-10,zz500,2019-12-30,002821,凯莱英
2020-01-10,zz500,2019-12-30,002831,裕同科技
2020-01-10,zz500,2019-12-30,002839,张家港行
2020-01-10,zz500,2019-12-30,002867,周大生
2020-01-10,zz500,2019-12-30,002920,德赛西威
2020-01-10,zz500,2019-12-30,002925,盈趣科技
2020-01-10,zz500,2019-12-30,002926,华西证券
2020-01-10,zz500,2019-12-30,002936,郑州银行
2020-01-10,zz500,2019-12-30,002941,新疆交建
2020-01-10,zz500,2019-12-30,002946,新乳业
2020-01-10,zz500,2019-12-30,002948,青岛银行
2020-01-10,zz500,2019-12-30,002957,科瑞技术
2020-01-10,zz500,2019-12-30,300001,特锐德
2020-01-10,zz500,2019-12-30,300002,神州泰岳
2020-01-10,zz500,2019-12-30,300009,安科生物
2020-01-10,zz500,2019-12-30,300010,立思辰
2020-01-10,zz500,2019-12-30,300012,华测检测
2020-01-10,zz500,2019-12-30,300014,亿纬锂能
2020-01-10,zz500,2019-12-30,300026,红日药业
2020-01-10,zz500,2019-12-30,300027,华谊兄弟
2020-01-10,zz500,2019-12-30,300058,蓝色光标
2020-01-10,zz500,2019-12-30,300072,三聚环保
2020-01-10,zz500,2019-12-30,300088,长信科技
2020-01-10,zz500,2019-12-30,300113,顺网科技
2020-01-10,zz500,2019-12-30,300115,长盈精密
2020-01-10,zz500,2019-12-30,300133,华策影视
2020-01-10,zz500,2019-12-30,300134,大富科技
2020-01-10,zz500,2019-12-30,300159,新研股份
2020-01-10,zz500,2019-12-30,300166,东方国信
2020-01-10,zz500,2019-12-30,300168,万达信息
2020-01-10,zz500,2019-12-30,300180,华峰超纤
2020-01-10,zz500,2019-12-30,300182,捷成股份
2020-01-10,zz500,2019-12-30,300197,铁汉生态
2020-01-10,zz500,2019-12-30,300199,翰宇药业
2020-01-10,zz500,2019-12-30,300207,欣旺达
2020-01-10,zz500,2019-12-30,300244,迪安诊断
2020-01-10,zz500,2019-12-30,300251,光线传媒
2020-01-10,zz500,2019-12-30,300253,卫宁健康
2020-01-10,zz500,2019-12-30,300257,开山股份
2020-01-10,zz500,2019-12-30,300274,阳光电源
2020-01-10,zz500,2019-12-30,300285,国瓷材料
2020-01-10,zz500,2019-12-30,300296,利亚德
2020-01-10,zz500,2019-12-30,300297,蓝盾股份
2020-01-10,zz500,2019-12-30,300308,中际旭创
2020-01-10,zz500,2019-12-30,300315,掌趣科技
2020-01-10,zz500,2019-12-30,300316,晶盛机电
2020-01-10,zz500,2019-12-30,300324,旋极信息
2020-01-10,zz500,2019-12-30,300376,易事特
2020-01-10,zz500,2019-12-30,300383,光环新网
2020-01-10,zz500,2019-12-30,300418,昆仑万维
2020-01-10,zz500,2019-12-30,300459,金科文化
2020-01-10,zz500,2019-12-30,300529,健帆生物
2020-07-10,hs300,2020-07-06,600000,浦发银行
2020-07-10,hs300,2020-07-06,600004,白云机场
2020-07-10,hs300,2020-07-06,600009,上海机场
2020-07-10,hs300,2020-07-06,600010,包钢股份
2020-07-10,hs300,2020-07-06,600011,华能国际
2020-07-10,hs300,2020-07-06,600015,华夏银行
2020-07-10,hs300,2020-07-06,600016,民生银行
2020-07-10,hs300,2020-07-06,600018,上港集团
2020-07-10,hs300,2020-07-06,600019,宝钢股份
2020-07-10,hs300,2020-07-06,600025,华能水电
2020-07-10,hs300,2020-07-06,600027,华电国际
2020-07-10,hs300,2020-07-06,600028,中国石化
2020-07-10,hs300,2020-07-06,600029,南方航空
2020-07-10,hs300,2020-07-06,600030,中信证券
2020-07-10,hs300,2020-07-06,600031,三一重工
2020-07-10,hs300,2020-07-06,600036,招商银行
2020-07-10,hs300,2020-07-06,600038,中直股份
2020-07-10,hs300,2020-07-06,600048,保利地产
2020-07-10,hs300,2020-07-06,600050,中国联通
2020-07-10,hs300,2020-07-06,600061,国投资本
2020-07-10,hs300,2020-07-06,600066,宇通客车
2020-07-10,hs300,2020-07-06,600068,葛洲坝
2020-07-10,hs300,2020-07-06,600085,同仁堂
2020-07-10,hs300,2020-07-06,600089,特变电工
2020-07-10,hs300,2020-07-06,600104,上汽集团
2020-07-10,hs300,2020-07-06,600109,国金证券
2020-07-10,hs300,2020-07-06,600111,北方稀土
2020-07-10,hs300,2020-07-06,600115,东方航空
2020-07-10,hs300,2020-07-06,600118,中国卫星
2020-07-10,hs300,2020-07-06,600170,上海建工
2020-07-10,hs300,2020-07-06,600176,中国巨石
2020-07-10,hs300,2020-07-06,600177,雅戈尔
2020-07-10,hs300,2020-07-06,600183,生益科技
2020-07-10,hs300,2020-07-06,600188,兖州煤业
2020-07-10,hs300,2020-07-06,600196,复星医药
2020-07-10,hs300,2020-07-06,600208,新湖中宝
2020-07-10,hs300,2020-07-06,600219,南山铝业
2020-07-10,hs300,2020-07-06,600221,海航控股
2020-07-10,hs300,2020-07-06,600233,圆通速递
2020-07-10,hs300,2020-07-06,600271,航天信息
2020-07-10,hs300,2020-07-06,600276,恒瑞医药
2020-07-10,hs300,2020-07-06,600297,广汇汽车
2020-07-10,hs300,2020-07-06,600299,安迪苏
2020-07-10,hs300,2020-07-06,600309,万华化学
2020-07-10,hs300,2020-07-06,600332,白云山
2020-07-10,hs300,2020-07-06,600340,华夏幸福
2020-07-10,hs300,2020-07-06,600346,恒力石化
2020-07-10,hs300,2020-07-06,600352,浙江龙盛
2020-07-10,hs300,2020-07-06,600362,江西铜业
2020-07-10,hs300,2020-07-06,600369,西南证券
2020-07-10,hs300,2020-07-06,600372,中航电子
2020-07-10,hs300,2020-07-06,600383,金地集团
2020-07-10,hs300,2020-07-06,600390,五矿资本
2020-07-10,hs300,2020-07-06,600398,海澜之家
2020-07-10,hs300,2020-07-06,600406,国电南瑞
2020-07-10,hs300,2020-07-06,600436,片仔癀
2020-07-10,hs300,2020-07-06,600438,通威股份
2020-07-10,hs300,2020-07-06,600482,中国动力
2020-07-10,hs300,2020-07-06,600487,亨通光电
2020-07-10,hs300,2020-07-06,600489,中金黄金
2020-07-10,hs300,2020-07-06,600498,烽火通信
2020-07-10,hs300,2020-07-06,600516,方大炭素
2020-07-10,hs300,2020-07-06,600519,贵州茅台
2020-07-10,hs300,2020-07-06,600522,中天科技
2020-07-10,hs300,2020-07-06,600547,山东黄金
2020-07-10,hs300,2020-07-06,600570,恒生电子
2020-07-10,hs300,2020-07-06,600583,海油工程
2020-07-10,hs300,2020-07-06,600585,海螺水泥
2020-07-10,hs300,2020-07-06,600588,用友网络
2020-07-10,hs300,2020-07-06,600606,绿地控股
2020-07-10,hs300,2020-07-06,600637,东方明珠
2020-07-10,hs300,2020-07-06,600655,豫园股份
2020-07-10,hs300,2020-07-06,600660,福耀玻璃
2020-07-10,hs300,2020-07-06,600674,川投能源
2020-07-10,hs300,2020-07-06,600690,海尔智家
2020-07-10,hs300,2020-07-06,600703,三安光电
2020-07-10,hs300,2020-07-06,600705,中航资本
2020-07-10,hs300,2020-07-06,600741,华域汽车
2020-07-10,hs300,2020-07-06,600745,闻泰科技
2020-07-10,hs300,2020-07-06,600760,中航沈飞
2020-07-10,hs300,2020-07-06,600795,国电电力
2020-07-10,hs300,2020-07-06,600809,山西汾酒
2020-07-10,hs300,2020-07-06,600837,海通证券
2020-07-10,hs300,2020-07-06,600848,上海临港
2020-07-10,hs300,2020-07-06,600867,通化东宝
2020-07-10,hs300,2020-07-06,600886,国投电力
2020-07-10,hs300,2020-07-06,600887,伊利股份
2020-07-10,hs300,2020-07-06,600893,航发动力
2020-07-10,hs300,2020-07-06,600900,长江电力
2020-07-10,hs300,2020-07-06,600919,江苏银行
2020-07-10,hs300,2020-07-06,600926,杭州银行
2020-07-10,hs300,2020-07-06,600928,西安银行
2020-07-10,hs300,2020-07-06,600958,东方证券
2020-07-10,hs300,2020-07-06,600968,海油发展
2020-07-10,hs300,2020-07-06,600977,中国电影
2020-07-10,hs300,2020-07-06,600989,宝丰能源
2020-07-10,hs300,2020-07-06,600998,九州通
2020-07-10,hs300,2020-07-06,600999,招商证券
2020-07-10,hs300,2020-07-06,601006,大秦铁路
2020-07-10,hs300,2020-07-06,601009,南京银行
2020-07-10,hs300,2020-07-06,601012,隆基股份
2020-07-10,hs300,2020-07-06,601018,宁波港
2020-07-10,hs300,2020-07-06,601021,春秋航空
2020-07-10,hs300,2020-07-06,601066,中信建投
2020-07-10,hs300,2020-07-06,601077,渝农商行
2020-07-10,hs300,2020-07-06,601088,中国神华
2020-07-10,hs300,2020-07-06,601100,恒立液压
2020-07-10,hs300,2020-07-06,601108,财通证券
2020-07-10,hs300,2020-07-06,601111,中国国航
2020-07-10,hs300,2020-07-06,601117,中国化学
2020-07-10,hs300,2020-07-06,601138,工业富联
2020-07-10,hs300,2020-07-06,601155,新城控股
2020-07-10,hs300,2020-07-06,601162,天风证券
2020-07-10,hs300,2020-07-06,601166,兴业银行
2020-07-10,hs300,2020-07-06,601169,北京银行
2020-07-10,hs300,2020-07-06,601186,中国铁建
2020-07-10,hs300,2020-07-06,601198,东兴证券
2020-07-10,hs300,2020-07-06,601211,国泰君安
2020-07-10,hs300,2020-07-06,601212,白银有色
2020-07-10,hs300,2020-07-06,601216,君正集团
2020-07-10,hs300,2020-07-06,601225,陕西煤业
2020-07-10,hs300,2020-07-06,601229,上海银行
2020-07-10,hs300,2020-07-06,601231,环旭电子
2020-07-10,hs300,2020-07-06,601236,红塔证券
2020-07-10,hs300,2020-07-06,601238,广汽集团
2020-07-10,hs300,2020-07-06,601288,农业银行
2020-07-10,hs300,2020-07-06,601298,青岛港
2020-07-10,hs300,2020-07-06,601318,中国平安
2020-07-10,hs300,2020-07-06,601319,中国人保
2020-07-10,hs300,2020-07-06,601328,交通银行
2020-07-10,hs300,2020-07-06,601336,新华保险
2020-07-10,hs300,2020-07-06,601360,三六零
2020-07-10,hs300,2020-07-06,601377,兴业证券
2020-07-10,hs300,2020-07-06,601390,中国中铁
2020-07-10,hs300,2020-07-06,601398,工商银行
2020-07-10,hs300,2020-07-06,601555,东吴证券
2020-07-10,hs300,2020-07-06,601577,长沙银行
2020-07-10,hs300,2020-07-06,601600,中国铝业
2020-07-10,hs300,2020-07-06,601601,中国太保
2020-07-10,hs300,2020-07-06,601607,上海医药
2020-07-10,hs300,2020-07-06,601618,中国中冶
2020-07-10,hs300,2020-07-06,601628,中国人寿
2020-07-10,hs300,2020-07-06,601633,长城汽车
2020-07-10,hs300,2020-07-06,601658,邮储银行
2020-07-10,hs300,2020-07-06,601668,中国建筑
2020-07-10,hs300,2020-07-06,601669,中国电建
2020-07-10,hs300,2020-07-06,601688,华泰证券
2020-07-10,hs300,2020-07-06,601698,中国卫通
2020-07-10,hs300,2020-07-06,601727,上海电气
2020-07-10,hs300,2020-07-06,601766,中国中车
2020-07-10,hs300,2020-07-06,601788,光大证券
2020-07-10,hs300,2020-07-06,601800,中国交建
2020-07-10,hs300,2020-07-06,601808,中海油服
2020-07-10,hs300,2020-07-06,601816,京沪高铁
2020-07-10,hs300,2020-07-06,601818,光大银行
2020-07-10,hs300,2020-07-06,601828,美凯龙
2020-07-10,hs300,2020-07-06,601838,成都银行
2020-07-10,hs300,2020-07-06,601857,中国石油
2020-07-10,hs300,2020-07-06,601877,正泰电器
2020-07-10,hs300,2020-07-06,601878,浙商证券
2020-07-10,hs300,2020-07-06,601881,中国银河
2020-07-10,hs300,2020-07-06,601888,中国中免
2020-07-10,hs300,2020-07-06,601898,中煤能源
2020-07-10,hs300,2020-07-06,601899,紫金矿业
2020-07-10,hs300,2020-07-06,601901,方正证券
2020-07-10,hs300,2020-07-06,601916,浙商银行
2020-07-10,hs300,2020-07-06,601919,中远海控
2020-07-10,hs300,2020-07-06,601933,永辉超市
2020-07-10,hs300,2020-07-06,601939,建设银行
2020-07-10,hs300,2020-07-06,601985,中国核电
2020-07-10,hs300,2020-07-06,601988,中国银行
2020-07-10,hs300,2020-07-06,601989,中国重工
2020-07-10,hs300,2020-07-06,601992,金隅集团
2020-07-10,hs300,2020-07-06,601997,贵阳银行
2020-07-10,hs300,2020-07-06,601998,中信银行
2020-07-10,hs300,2020-07-06,603019,中科曙光
2020-07-10,hs300,2020-07-06,603156,养元饮品
2020-07-10,hs300,2020-07-06,603160,汇顶科技
2020-07-10,hs300,2020-07-06,603259,药明康德
2020-07-10,hs300,2020-07-06,603260,合盛硅业
2020-07-10,hs300,2020-07-06,603288,海天味业
2020-07-10,hs300,2020-07-06,603369,今世缘
2020-07-10,hs300,2020-07-06,603501,韦尔股份
2020-07-10,hs300,2020-07-06,603658,安图生物
2020-07-10,hs300,2020-07-06,603799,华友钴业
2020-07-10,hs300,2020-07-06,603833,欧派家居
2020-07-10,hs300,2020-07-06,603899,晨光文具
2020-07-10,hs300,2020-07-06,603986,兆易创新
2020-07-10,hs300,2020-07-06,603993,洛阳钼业
2020-07-10,hs300,2020-07-06,000001,平安银行
2020-07-10,hs300,2020-07-06,000002,万科A
2020-07-10,hs300,2020-07-06,000063,中兴通讯
2020-07-10,hs300,2020-07-06,000066,中国长城
2020-07-10,hs300,2020-07-06,000069,华侨城A
2020-07-10,hs300,2020-07-06,000100,TCL科技
2020-07-10,hs300,2020-07-06,000157,中联重科
2020-07-10,hs300,2020-07-06,000166,申万宏源
2020-07-10,hs300,2020-07-06,000333,美的集团
2020-07-10,hs300,2020-07-06,000338,潍柴动力
2020-07-10,hs300,2020-07-06,000425,徐工机械
2020-07-10,hs300,2020-07-06,000538,云南白药
2020-07-10,hs300,2020-07-06,000568,泸州老窖
2020-07-10,hs300,2020-07-06,000596,古井贡酒
2020-07-10,hs300,2020-07-06,000625,长安汽车
2020-07-10,hs300,2020-07-06,000627,天茂集团
2020-07-10,hs300,2020-07-06,000651,格力电器
2020-07-10,hs300,2020-07-06,000656,金科股份
2020-07-10,hs300,2020-07-06,000661,长春高新
2020-07-10,hs300,2020-07-06,000671,阳光城
2020-07-10,hs300,2020-07-06,000703,恒逸石化
2020-07-10,hs300,2020-07-06,000708,中信特钢
2020-07-10,hs300,2020-07-06,000709,河钢股份
2020-07-10,hs300,2020-07-06,000723,美锦能源
2020-07-10,hs300,2020-07-06,000725,京东方A
2020-07-10,hs300,2020-07-06,000728,国元证券
2020-07-10,hs300,2020-07-06,000768,中航飞机
2020-07-10,hs300,2020-07-06,000776,广发证券
2020-07-10,hs300,2020-07-06,000783,长江证券
2020-07-10,hs300,2020-07-06,000786,北新建材
2020-07-10,hs300,2020-07-06,000858,五粮液
2020-07-10,hs300,2020-07-06,000860,顺鑫农业
2020-07-10,hs300,2020-07-06,000876,新希望
2020-07-10,hs300,2020-07-06,000895,双汇发展
2020-07-10,hs300,2020-07-06,000938,紫光股份
2020-07-10,hs300,2020-07-06,000961,中南建设
2020-07-10,hs300,2020-07-06,000963,华东医药
2020-07-10,hs300,2020-07-06,000977,浪潮信息
2020-07-10,hs300,2020-07-06,001979,招商蛇口
2020-07-10,hs300,2020-07-06,002001,新和成
2020-07-10,hs300,2020-07-06,002007,华兰生物
2020-07-10,hs300,2020-07-06,002008,大族激光
2020-07-10,hs300,2020-07-06,002024,苏宁易购
2020-07-10,hs300,2020-07-06,002027,分众传媒
2020-07-10,hs300,2020-07-06,002032,苏泊尔
2020-07-10,hs300,2020-07-06,002044,美年健康
2020-07-10,hs300,2020-07-06,002050,三花智控
2020-07-10,hs300,2020-07-06,002120,韵达股份
2020-07-10,hs300,2020-07-06,002129,中环股份
2020-07-10,hs300,2020-07-06,002142,宁波银行
2020-07-10,hs300,2020-07-06,002146,荣盛发展
2020-07-10,hs300,2020-07-06,002153,石基信息
2020-07-10,hs300,2020-07-06,002157,正邦科技
2020-07-10,hs300,2020-07-06,002179,中航光电
2020-07-10,hs300,2020-07-06,002202,金风科技
2020-07-10,hs300,2020-07-06,002230,科大讯飞
2020-07-10,hs300,2020-07-06,002236,大华股份
2020-07-10,hs300,2020-07-06,002241,歌尔股份
2020-07-10,hs300,2020-07-06,002252,上海莱士
2020-07-10,hs300,2020-07-06,002271,东方雨虹
2020-07-10,hs300,2020-07-06,002304,洋河股份
2020-07-10,hs300,2020-07-06,002311,海大集团
2020-07-10,hs300,2020-07-06,002352,顺丰控股
2020-07-10,hs300,2020-07-06,002371,北方华创
2020-07-10,hs300,2020-07-06,002410,广联达
2020-07-10,hs300,2020-07-06,002415,海康威视
2020-07-10,hs300,2020-07-06,002422,科伦药业
2020-07-10,hs300,2020-07-06,002456,欧菲光
2020-07-10,hs300,2020-07-06,002460,赣锋锂业
2020-07-10,hs300,2020-07-06,002463,沪电股份
2020-07-10,hs300,2020-07-06,002466,天齐锂业
2020-07-10,hs300,2020-07-06,002468,申通快递
2020-07-10,hs300,2020-07-06,002475,立讯精密
2020-07-10,hs300,2020-07-06,002493,荣盛石化
2020-07-10,hs300,2020-07-06,002508,老板电器
2020-07-10,hs300,2020-07-06,002555,三七互娱
2020-07-10,hs300,2020-07-06,002558,巨人网络
2020-07-10,hs300,2020-07-06,002594,比亚迪
2020-07-10,hs300,2020-07-06,002601,龙蟒佰利
2020-07-10,hs300,2020-07-06,002602,世纪华通
2020-07-10,hs300,2020-07-06,002607,中公教育
2020-07-10,hs300,2020-07-06,002624,完美世界
2020-07-10,hs300,2020-07-06,002673,西部证券
2020-07-10,hs300,2020-07-06,002714,牧原股份
2020-07-10,hs300,2020-07-06,002736,国信证券
2020-07-10,hs300,2020-07-06,002739,万达电影
2020-07-10,hs300,2020-07-06,002773,康弘药业
2020-07-10,hs300,2020-07-06,002841,视源股份
2020-07-10,hs300,2020-07-06,002916,深南电路
2020-07-10,hs300,2020-07-06,002938,鹏鼎控股
2020-07-10,hs300,2020-07-06,002939,长城证券
2020-07-10,hs300,2020-07-06,002945,华林证券
2020-07-10,hs300,2020-07-06,002958,青农商行
2020-07-10,hs300,2020-07-06,003816,中国广核
2020-07-10,hs300,2020-07-06,300003,乐普医疗
2020-07-10,hs300,2020-07-06,300014,亿纬锂能
2020-07-10,hs300,2020-07-06,300015,爱尔眼科
2020-07-10,hs300,2020-07-06,300033,同花顺
2020-07-10,hs300,2020-07-06,300059,东方财富
2020-07-10,hs300,2020-07-06,300122,智飞生物
2020-07-10,hs300,2020-07-06,300124,汇川技术
2020-07-10,hs300,2020-07-06,300136,信维通信
2020-07-10,hs300,2020-07-06,300142,沃森生物
2020-07-10,hs300,2020-07-06,300144,宋城演艺
2020-07-10,hs300,2020-07-06,300347,泰格医药
2020-07-10,hs300,2020-07-06,300408,三环集团
2020-07-10,hs300,2020-07-06,300413,芒果超媒
2020-07-10,hs300,2020-07-06,300433,蓝思科技
2020-07-10,hs300,2020-07-06,300498,温氏股份
2020-07-10,hs300,2020-07-06,300601,康泰生物
2020-07-10,hs300,2020-07-06,300628,亿联网络
2020-07-10,zz500,2020-07-06,600006,东风汽车
2020-07-10,zz500,2020-07-06,600008,首创股份
2020-07-10,zz500,2020-07-06,600017,日照港
2020-07-10,zz500,2020-07-06,600021,上海电力
2020-07-10,zz500,2020-07-06,600022,山东钢铁
2020-07-10,zz500,2020-07-06,600026,中远海能
2020-07-10,zz500,2020-07-06,600037,歌华有线
2020-07-10,zz500,2020-07-06,600039,四川路桥
2020-07-10,zz500,2020-07-06,600053,九鼎投资
2020-07-10,zz500,2020-07-06,600056,中国医药
2020-07-10,zz500,2020-07-06,600058,五矿发展
2020-07-10,zz500,2020-07-06,600060,海信视像
2020-07-10,zz500,2020-07-06,600062,华润双鹤
2020-07-10,zz500,2020-07-06,600064,南京高科
2020-07-10,zz500,2020-07-06,600073,上海梅林
2020-07-10,zz500,2020-07-06,600079,人福医药
2020-07-10,zz500,2020-07-06,600094,大名城
2020-07-10,zz500,2020-07-06,600120,浙江东方
2020-07-10,zz500,2020-07-06,600125,铁龙物流
2020-07-10,zz500,2020-07-06,600126,杭钢股份
2020-07-10,zz500,2020-07-06,600132,重庆啤酒
2020-07-10,zz500,2020-07-06,600138,中青旅
2020-07-10,zz500,2020-07-06,600141,兴发集团
2020-07-10,zz500,2020-07-06,600143,金发科技
2020-07-10,zz500,2020-07-06,600153,建发股份
2020-07-10,zz500,2020-07-06,600155,华创阳安
2020-07-10,zz500,2020-07-06,600158,中体产业
2020-07-10,zz500,2020-07-06,600160,巨化股份
2020-07-10,zz500,2020-07-06,600161,天坛生物
2020-07-10,zz500,2020-07-06,600166,福田汽车
2020-07-10,zz500,2020-07-06,600167,联美控股
2020-07-10,zz500,2020-07-06,600171,上海贝岭
2020-07-10,zz500,2020-07-06,600195,中牧股份
2020-07-10,zz500,2020-07-06,600201,生物股份
2020-07-10,zz500,2020-07-06,600216,浙江医药
2020-07-10,zz500,2020-07-06,600256,广汇能源
2020-07-10,zz500,2020-07-06,600258,首旅酒店
2020-07-10,zz500,2020-07-06,600259,广晟有色
2020-07-10,zz500,2020-07-06,600260,凯乐科技
2020-07-10,zz500,2020-07-06,600266,城建发展
2020-07-10,zz500,2020-07-06,600273,嘉化能源
2020-07-10,zz500,2020-07-06,600277,亿利洁能
2020-07-10,zz500,2020-07-06,600282,南钢股份
2020-07-10,zz500,2020-07-06,600291,西水股份
2020-07-10,zz500,2020-07-06,600298,安琪酵母
2020-07-10,zz500,2020-07-06,600307,酒钢宏兴
2020-07-10,zz500,2020-07-06,600312,平高电气
2020-07-10,zz500,2020-07-06,600315,上海家化
2020-07-10,zz500,2020-07-06,600316,洪都航空
2020-07-10,zz500,2020-07-06,600325,华发股份
2020-07-10,zz500,2020-07-06,600329,中新药业
2020-07-10,zz500,2020-07-06,600335,国机汽车
2020-07-10,zz500,2020-07-06,600338,西藏珠峰
2020-07-10,zz500,2020-07-06,600339,中油工程
2020-07-10,zz500,2020-07-06,600348,阳泉煤业
2020-07-10,zz500,2020-07-06,600350,山东高速
2020-07-10,zz500,2020-07-06,600373,中文传媒
2020-07-10,zz500,2020-07-06,600376,首开股份
2020-07-10,zz500,2020-07-06,600380,健康元
2020-07-10,zz500,2020-07-06,600388,龙净环保
2020-07-10,zz500,2020-07-06,600392,盛和资源
2020-07-10,zz500,2020-07-06,600409,三友化工
2020-07-10,zz500,2020-07-06,600410,华胜天成
2020-07-10,zz500,2020-07-06,600415,小商品城
2020-07-10,zz500,2020-07-06,600418,江淮汽车
2020-07-10,zz500,2020-07-06,600426,华鲁恒升
2020-07-10,zz500,2020-07-06,600428,中远海特
2020-07-10,zz500,2020-07-06,600435,北方导航
2020-07-10,zz500,2020-07-06,600446,金证股份
2020-07-10,zz500,2020-07-06,600460,士兰微
2020-07-10,zz500,2020-07-06,600466,蓝光发展
2020-07-10,zz500,2020-07-06,600478,科力远
2020-07-10,zz500,2020-07-06,600486,扬农化工
2020-07-10,zz500,2020-07-06,600497,驰宏锌锗
2020-07-10,zz500,2020-07-06,600500,中化国际
2020-07-10,zz500,2020-07-06,600507,方大特钢
2020-07-10,zz500,2020-07-06,600511,国药股份
2020-07-10,zz500,2020-07-06,600515,海航基础
2020-07-10,zz500,2020-07-06,600521,华海药业
2020-07-10,zz500,2020-07-06,600528,中铁工业
2020-07-10,zz500,2020-07-06,600529,山东药玻
2020-07-10,zz500,2020-07-06,600535,天士力
2020-07-10,zz500,2020-07-06,600545,卓郎智能
2020-07-10,zz500,2020-07-06,600549,厦门钨业
2020-07-10,zz500,2020-07-06,600557,康缘药业
2020-07-10,zz500,2020-07-06,600563,法拉电子
2020-07-10,zz500,2020-07-06,600565,迪马股份
2020-07-10,zz500,2020-07-06,600566,济川药业
2020-07-10,zz500,2020-07-06,600567,山鹰纸业
2020-07-10,zz500,2020-07-06,600572,康恩贝
2020-07-10,zz500,2020-07-06,600575,淮河能源
2020-07-10,zz500,2020-07-06,600580,卧龙电驱
2020-07-10,zz500,2020-07-06,600582,天地科技
2020-07-10,zz500,2020-07-06,600597,光明乳业
2020-07-10,zz500,2020-07-06,600598,北大荒
2020-07-10,zz500,2020-07-06,600623,华谊集团
2020-07-10,zz500,2020-07-06,600633,浙数文化
2020-07-10,zz500,2020-07-06,600639,浦东金桥
2020-07-10,zz500,2020-07-06,600640,号百控股
2020-07-10,zz500,2020-07-06,600642,申能股份
2020-07-10,zz500,2020-07-06,600643,爱建集团
2020-07-10,zz500,2020-07-06,600645,中源协和
2020-07-10,zz500,2020-07-06,600648,外高桥
2020-07-10,zz500,2020-07-06,600649,城投控股
2020-07-10,zz500,2020-07-06,600657,信达地产
2020-07-10,zz500,2020-07-06,600664,哈药股份
2020-07-10,zz500,2020-07-06,600667,太极实业
2020-07-10,zz500,2020-07-06,600673,东阳光
2020-07-10,zz500,2020-07-06,600675,中华企业
2020-07-10,zz500,2020-07-06,600694,大商股份
2020-07-10,zz500,2020-07-06,600699,均胜电子
2020-07-10,zz500,2020-07-06,600704,物产中大
2020-07-10,zz500,2020-07-06,600707,彩虹股份
2020-07-10,zz500,2020-07-06,600717,天津港
2020-07-10,zz500,2020-07-06,600718,东软集团
2020-07-10,zz500,2020-07-06,600728,佳都科技
2020-07-10,zz500,2020-07-06,600729,重庆百货
2020-07-10,zz500,2020-07-06,600733,北汽蓝谷
2020-07-10,zz500,2020-07-06,600737,中粮糖业
2020-07-10,zz500,2020-07-06,600739,辽宁成大
2020-07-10,zz500,2020-07-06,600748,上实发展
2020-07-10,zz500,2020-07-06,600751,海航科技
2020-07-10,zz500,2020-07-06,600754,锦江酒店
2020-07-10,zz500,2020-07-06,600755,厦门国贸
2020-07-10,zz500,2020-07-06,600757,长江传媒
2020-07-10,zz500,2020-07-06,600765,中航重机
2020-07-10,zz500,2020-07-06,600770,综艺股份
2020-07-10,zz500,2020-07-06,600776,东方通信
2020-07-10,zz500,2020-07-06,600777,新潮能源
2020-07-10,zz500,2020-07-06,600779,水井坊
2020-07-10,zz500,2020-07-06,600782,新钢股份
2020-07-10,zz500,2020-07-06,600787,中储股份
2020-07-10,zz500,2020-07-06,600801,华新水泥
2020-07-10,zz500,2020-07-06,600804,鹏博士
2020-07-10,zz500,2020-07-06,600808,马钢股份
2020-07-10,zz500,2020-07-06,600811,东方集团
2020-07-10,zz500,2020-07-06,600820,隧道股份
2020-07-10,zz500,2020-07-06,600823,世茂股份
2020-07-10,zz500,2020-07-06,600827,百联股份
2020-07-10,zz500,2020-07-06,600835,上海机电
2020-07-10,zz500,2020-07-06,600839,四川长虹
2020-07-10,zz500,2020-07-06,600845,宝信软件
2020-07-10,zz500,2020-07-06,600859,王府井
2020-07-10,zz500,2020-07-06,600862,中航高科
2020-07-10,zz500,2020-07-06,600863,内蒙华电
2020-07-10,zz500,2020-07-06,600869,智慧能源
2020-07-10,zz500,2020-07-06,600874,创业环保
2020-07-10,zz500,2020-07-06,600875,东方电气
2020-07-10,zz500,2020-07-06,600879,航天电子
2020-07-10,zz500,2020-07-06,600881,亚泰集团
2020-07-10,zz500,2020-07-06,600884,杉杉股份
2020-07-10,zz500,2020-07-06,600885,宏发股份
2020-07-10,zz500,2020-07-06,600895,张江高科
2020-07-10,zz500,2020-07-06,600901,江苏租赁
2020-07-10,zz500,2020-07-06,600903,贵州燃气
2020-07-10,zz500,2020-07-06,600908,无锡银行
2020-07-10,zz500,2020-07-06,600909,华安证券
2020-07-10,zz500,2020-07-06,600917,重庆燃气
2020-07-10,zz500,2020-07-06,600959,江苏有线
2020-07-10,zz500,2020-07-06,600967,内蒙一机
2020-07-10,zz500,2020-07-06,600970,中材国际
2020-07-10,zz500,2020-07-06,600985,淮北矿业
2020-07-10,zz500,2020-07-06,600996,贵广网络
2020-07-10,zz500,2020-07-06,601000,唐山港
2020-07-10,zz500,2020-07-06,601003,柳钢股份
2020-07-10,zz500,2020-07-06,601005,重庆钢铁
2020-07-10,zz500,2020-07-06,601016,节能风电
2020-07-10,zz500,2020-07-06,601019,山东出版
2020-07-10,zz500,2020-07-06,601068,中铝国际
2020-07-10,zz500,2020-07-06,601098,中南传媒
2020-07-10,zz500,2020-07-06,601099,太平洋
2020-07-10,zz500,2020-07-06,601106,中国一重
2020-07-10,zz500,2020-07-06,601118,海南橡胶
2020-07-10,zz500,2020-07-06,601127,小康股份
2020-07-10,zz500,2020-07-06,601128,常熟银行
2020-07-10,zz500,2020-07-06,601139,深圳燃气
2020-07-10,zz500,2020-07-06,601168,西部矿业
2020-07-10,zz500,2020-07-06,601179,中国西电
2020-07-10,zz500,2020-07-06,601200,上海环境
2020-07-10,zz500,2020-07-06,601228,广州港
2020-07-10,zz500,2020-07-06,601233,桐昆股份
2020-07-10,zz500,2020-07-06,601333,广深铁路
2020-07-10,zz500,2020-07-06,601512,中新集团
2020-07-10,zz500,2020-07-06,601598,中国外运
2020-07-10,zz500,2020-07-06,601608,中信重工
2020-07-10,zz500,2020-07-06,601611,中国核建
2020-07-10,zz500,2020-07-06,601615,明阳智能
2020-07-10,zz500,2020-07-06,601678,滨化股份
2020-07-10,zz500,2020-07-06,601689,拓普集团
2020-07-10,zz500,2020-07-06,601699,潞安环能
2020-07-10,zz500,2020-07-06,601717,郑煤机
2020-07-10,zz500,2020-07-06,601718,际华集团
2020-07-10,zz500,2020-07-06,601799,星宇股份
2020-07-10,zz500,2020-07-06,601801,皖新传媒
2020-07-10,zz500,2020-07-06,601811,新华文轩
2020-07-10,zz500,2020-07-06,601860,紫金银行
2020-07-10,zz500,2020-07-06,601865,福莱特
2020-07-10,zz500,2020-07-06,601866,中远海发
2020-07-10,zz500,2020-07-06,601869,长飞光纤
2020-07-10,zz500,2020-07-06,601880,大连港
2020-07-10,zz500,2020-07-06,601928,凤凰传媒
2020-07-10,zz500,2020-07-06,601958,金钼股份
2020-07-10,zz500,2020-07-06,601966,玲珑轮胎
2020-07-10,zz500,2020-07-06,601969,海南矿业
2020-07-10,zz500,2020-07-06,601975,招商南油
2020-07-10,zz500,2020-07-06,603000,人民网
2020-07-10,zz500,2020-07-06,603025,大豪科技
2020-07-10,zz500,2020-07-06,603056,德邦股份
2020-07-10,zz500,2020-07-06,603077,和邦生物
2020-07-10,zz500,2020-07-06,603198,迎驾贡酒
2020-07-10,zz500,2020-07-06,603225,新凤鸣
2020-07-10,zz500,2020-07-06,603228,景旺电子
2020-07-10,zz500,2020-07-06,603233,大参林
2020-07-10,zz500,2020-07-06,603256,宏和科技
2020-07-10,zz500,2020-07-06,603317,天味食品
2020-07-10,zz500,2020-07-06,603328,依顿电子
2020-07-10,zz500,2020-07-06,603338,浙江鼎力
2020-07-10,zz500,2020-07-06,603355,莱克电气
2020-07-10,zz500,2020-07-06,603377,东方时尚
2020-07-10,zz500,2020-07-06,603379,三美股份
2020-07-10,zz500,2020-07-06,603444,吉比特
2020-07-10,zz500,2020-07-06,603486,科沃斯
2020-07-10,zz500,2020-07-06,603515,欧普照明
2020-07-10,zz500,2020-07-06,603517,绝味食品
2020-07-10,zz500,2020-07-06,603556,海兴电力
2020-07-10,zz500,2020-07-06,603568,伟明环保
2020-07-10,zz500,2020-07-06,603605,珀莱雅
2020-07-10,zz500,2020-07-06,603650,彤程新材
2020-07-10,zz500,2020-07-06,603659,璞泰来
2020-07-10,zz500,2020-07-06,603707,健友股份
2020-07-10,zz500,2020-07-06,603712,七一二
2020-07-10,zz500,2020-07-06,603766,隆鑫通用
2020-07-10,zz500,2020-07-06,603786,科博达
2020-07-10,zz500,2020-07-06,603806,福斯特
2020-07-10,zz500,2020-07-06,603816,顾家家居
2020-07-10,zz500,2020-07-06,603858,步长制药
2020-07-10,zz500,2020-07-06,603866,桃李面包
2020-07-10,zz500,2020-07-06,603868,飞科电器
2020-07-10,zz500,2020-07-06,603882,金域医学
2020-07-10,zz500,2020-07-06,603883,老百姓
2020-07-10,zz500,2020-07-06,603885,吉祥航空
2020-07-10,zz500,2020-07-06,603888,新华网
2020-07-10,zz500,2020-07-06,603939,益丰药房
2020-07-10,zz500,2020-07-06,603983,丸美股份
2020-07-10,zz500,2020-07-06,000008,神州高铁
2020-07-10,zz500,2020-07-06,000009,中国宝安
2020-07-10,zz500,2020-07-06,000012,南玻A
2020-07-10,zz500,2020-07-06,000021,深科技
2020-07-10,zz500,2020-07-06,000025,特力A
2020-07-10,zz500,2020-07-06,000027,深圳能源
2020-07-10,zz500,2020-07-06,000028,国药一致
2020-07-10,zz500,2020-07-06,000031,大悦城
2020-07-10,zz500,2020-07-06,000039,中集集团
2020-07-10,zz500,2020-07-06,000046,泛海控股
2020-07-10,zz500,2020-07-06,000050,深天马A
2020-07-10,zz500,2020-07-06,000060,中金岭南
2020-07-10,zz500,2020-07-06,000061,农产品
2020-07-10,zz500,2020-07-06,000062,深圳华强
2020-07-10,zz500,2020-07-06,000078,海王生物
2020-07-10,zz500,2020-07-06,000089,深圳机场
2020-07-10,zz500,2020-07-06,000090,天健集团
2020-07-10,zz500,2020-07-06,000156,华数传媒
2020-07-10,zz500,2020-07-06,000158,常山北明
2020-07-10,zz500,2020-07-06,000301,东方盛虹
2020-07-10,zz500,2020-07-06,000400,许继电气
2020-07-10,zz500,2020-07-06,000401,冀东水泥
2020-07-10,zz500,2020-07-06,000402,金融街
2020-07-10,zz500,2020-07-06,000415,渤海租赁
2020-07-10,zz500,2020-07-06,000488,晨鸣纸业
2020-07-10,zz500,2020-07-06,000501,鄂武商A
2020-07-10,zz500,2020-07-06,000513,丽珠集团
2020-07-10,zz500,2020-07-06,000519,中兵红箭
2020-07-10,zz500,2020-07-06,000528,柳工
2020-07-10,zz500,2020-07-06,000537,广宇发展
2020-07-10,zz500,2020-07-06,000543,皖能电力
2020-07-10,zz500,2020-07-06,000547,航天发展
2020-07-10,zz500,2020-07-06,000553,安道麦A
2020-07-10,zz500,2020-07-06,000559,万向钱潮
2020-07-10,zz500,2020-07-06,000563,陕国投A
2020-07-10,zz500,2020-07-06,000564,供销大集
2020-07-10,zz500,2020-07-06,000581,威孚高科
2020-07-10,zz500,2020-07-06,000598,兴蓉环境
2020-07-10,zz500,2020-07-06,000600,建投能源
2020-07-10,zz500,2020-07-06,000623,吉林敖东
2020-07-10,zz500,2020-07-06,000629,攀钢钒钛
2020-07-10,zz500,2020-07-06,000630,铜陵有色
2020-07-10,zz500,2020-07-06,000636,风华高科
2020-07-10,zz500,2020-07-06,000681,视觉中国
2020-07-10,zz500,2020-07-06,000685,中山公用
2020-07-10,zz500,2020-07-06,000686,东北证券
2020-07-10,zz500,2020-07-06,000690,宝新能源
2020-07-10,zz500,2020-07-06,000712,锦龙股份
2020-07-10,zz500,2020-07-06,000717,韶钢松山
2020-07-10,zz500,2020-07-06,000718,苏宁环球
2020-07-10,zz500,2020-07-06,000729,燕京啤酒
2020-07-10,zz500,2020-07-06,000732,泰禾集团
2020-07-10,zz500,2020-07-06,000738,航发控制
2020-07-10,zz500,2020-07-06,000739,普洛药业
2020-07-10,zz500,2020-07-06,000750,国海证券
2020-07-10,zz500,2020-07-06,000758,中色股份
2020-07-10,zz500,2020-07-06,000778,新兴铸管
2020-07-10,zz500,2020-07-06,000785,居然之家
2020-07-10,zz500,2020-07-06,000800,一汽解放
2020-07-10,zz500,2020-07-06,000807,云铝股份
2020-07-10,zz500,2020-07-06,000813,德展健康
2020-07-10,zz500,2020-07-06,000825,太钢不锈
2020-07-10,zz500,2020-07-06,000826,启迪环境
2020-07-10,zz500,2020-07-06,000830,鲁西化工
2020-07-10,zz500,2020-07-06,000848,承德露露
2020-07-10,zz500,2020-07-06,000869,张裕A
2020-07-10,zz500,2020-07-06,000877,天山股份
2020-07-10,zz500,2020-07-06,000878,云南铜业
2020-07-10,zz500,2020-07-06,000883,湖北能源
2020-07-10,zz500,2020-07-06,000887,中鼎股份
2020-07-10,zz500,2020-07-06,000898,鞍钢股份
2020-07-10,zz500,2020-07-06,000930,中粮科技
2020-07-10,zz500,2020-07-06,000932,华菱钢铁
2020-07-10,zz500,2020-07-06,000937,冀中能源
2020-07-10,zz500,2020-07-06,000959,首钢股份
2020-07-10,zz500,2020-07-06,000960,锡业股份
2020-07-10,zz500,2020-07-06,000967,盈峰环境
2020-07-10,zz500,2020-07-06,000970,中科三环
2020-07-10,zz500,2020-07-06,000975,银泰黄金
2020-07-10,zz500,2020-07-06,000983,西山煤电
2020-07-10,zz500,2020-07-06,000987,越秀金控
2020-07-10,zz500,2020-07-06,000988,华工科技
2020-07-10,zz500,2020-07-06,000990,诚志股份
2020-07-10,zz500,2020-07-06,000997,新大陆
2020-07-10,zz500,2020-07-06,000998,隆平高科
2020-07-10,zz500,2020-07-06,000999,华润三九
2020-07-10,zz500,2020-07-06,001872,招商港口
2020-07-10,zz500,2020-07-06,001914,招商积余
2020-07-10,zz500,2020-07-06,002002,鸿达兴业
2020-07-10,zz500,2020-07-06,002004,华邦健康
2020-07-10,zz500,2020-07-06,002010,传化智联
2020-07-10,zz500,2020-07-06,002013,中航机电
2020-07-10,zz500,2020-07-06,002019,亿帆医药
2020-07-10,zz500,2020-07-06,002028,思源电气
2020-07-10,zz500,2020-07-06,002030,达安基因
2020-07-10,zz500,2020-07-06,002038,双鹭药业
2020-07-10,zz500,2020-07-06,002048,宁波华翔
2020-07-10,zz500,2020-07-06,002051,中工国际
2020-07-10,zz500,2020-07-06,002056,横店东磁
2020-07-10,zz500,2020-07-06,002064,华峰氨纶
2020-07-10,zz500,2020-07-06,002074,国轩高科
2020-07-10,zz500,2020-07-06,002075,沙钢股份
2020-07-10,zz500,2020-07-06,002078,太阳纸业
2020-07-10,zz500,2020-07-06,002080,中材科技
2020-07-10,zz500,2020-07-06,002081,金螳螂
2020-07-10,zz500,2020-07-06,002085,万丰奥威
2020-07-10,zz500,2020-07-06,002092,中泰化学
2020-07-10,zz500,2020-07-06,002093,国脉科技
2020-07-10,zz500,2020-07-06,002110,三钢闽光
2020-07-10,zz500,2020-07-06,002118,紫鑫药业
2020-07-10,zz500,2020-07-06,002124,天邦股份
2020-07-10,zz500,2020-07-06,002127,南极电商
2020-07-10,zz500,2020-07-06,002128,露天煤业
2020-07-10,zz500,2020-07-06,002131,利欧股份
2020-07-10,zz500,2020-07-06,002138,顺络电子
2020-07-10,zz500,2020-07-06,002152,广电运通
2020-07-10,zz500,2020-07-06,002155,湖南黄金
2020-07-10,zz500,2020-07-06,002156,通富微电
2020-07-10,zz500,2020-07-06,002174,游族网络
2020-07-10,zz500,2020-07-06,002183,怡亚通
2020-07-10,zz500,2020-07-06,002185,华天科技
2020-07-10,zz500,2020-07-06,002191,劲嘉股份
2020-07-10,zz500,2020-07-06,002195,二三四五
2020-07-10,zz500,2020-07-06,002203,海亮股份
2020-07-10,zz500,2020-07-06,002212,南洋股份
2020-07-10,zz500,2020-07-06,002217,合力泰
2020-07-10,zz500,2020-07-06,002221,东华能源
2020-07-10,zz500,2020-07-06,002223,鱼跃医疗
2020-07-10,zz500,2020-07-06,002233,塔牌集团
2020-07-10,zz500,2020-07-06,002242,九阳股份
2020-07-10,zz500,2020-07-06,002244,滨江集团
2020-07-10,zz500,2020-07-06,002249,大洋电机
2020-07-10,zz500,2020-07-06,002250,联化科技
2020-07-10,zz500,2020-07-06,002266,浙富控股
2020-07-10,zz500,2020-07-06,002268,卫士通
2020-07-10,zz500,2020-07-06,002273,水晶光电
2020-07-10,zz500,2020-07-06,002281,光迅科技
2020-07-10,zz500,2020-07-06,002285,世联行
2020-07-10,zz500,2020-07-06,002294,信立泰
2020-07-10,zz500,2020-07-06,002302,西部建设
2020-07-10,zz500,2020-07-06,002317,众生药业
2020-07-10,zz500,2020-07-06,002340,格林美
2020-07-10,zz500,2020-07-06,002353,杰瑞股份
2020-07-10,zz500,2020-07-06,002368,太极股份
2020-07-10,zz500,2020-07-06,002372,伟星新材
2020-07-10,zz500,2020-07-06,002373,千方科技
2020-07-10,zz500,2020-07-06,002375,亚厦股份
2020-07-10,zz500,2020-07-06,002382,蓝帆医疗
2020-07-10,zz500,2020-07-06,002385,大北农
2020-07-10,zz500,2020-07-06,002387,维信诺
2020-07-10,zz500,2020-07-06,002390,信邦制药
2020-07-10,zz500,2020-07-06,002396,星网锐捷
2020-07-10,zz500,2020-07-06,002399,海普瑞
2020-07-10,zz500,2020-07-06,002407,多氟多
2020-07-10,zz500,2020-07-06,002408,齐翔腾达
2020-07-10,zz500,2020-07-06,002414,高德红外
2020-07-10,zz500,2020-07-06,002416,爱施德
2020-07-10,zz500,2020-07-06,002419,天虹股份
2020-07-10,zz500,2020-07-06,002423,中粮资本
2020-07-10,zz500,2020-07-06,002424,贵州百灵
2020-07-10,zz500,2020-07-06,002429,兆驰股份
2020-07-10,zz500,2020-07-06,002434,万里扬
2020-07-10,zz500,2020-07-06,002439,启明星辰
2020-07-10,zz500,2020-07-06,002440,闰土股份
2020-07-10,zz500,2020-07-06,002444,巨星科技
2020-07-10,zz500,2020-07-06,002458,益生股份
2020-07-10,zz500,2020-07-06,002465,海格通信
2020-07-10,zz500,2020-07-06,002470,*ST金正
2020-07-10,zz500,2020-07-06,002491,通鼎互联
2020-07-10,zz500,2020-07-06,002500,山西证券
2020-07-10,zz500,2020-07-06,002503,搜于特
2020-07-10,zz500,2020-07-06,002505,大康农业
2020-07-10,zz500,2020-07-06,002506,协鑫集成
2020-07-10,zz500,2020-07-06,002507,涪陵榨菜
2020-07-10,zz500,2020-07-06,002511,中顺洁柔
2020-07-10,zz500,2020-07-06,002544,杰赛科技
2020-07-10,zz500,2020-07-06,002557,洽洽食品
2020-07-10,zz500,2020-07-06,002563,森马服饰
2020-07-10,zz500,2020-07-06,002572,索菲亚
2020-07-10,zz500,2020-07-06,002583,海能达
2020-07-10,zz500,2020-07-06,002589,瑞康医药
2020-07-10,zz500,2020-07-06,002595,豪迈科技
2020-07-10,zz500,2020-07-06,002603,以岭药业
2020-07-10,zz500,2020-07-06,002625,光启技术
2020-07-10,zz500,2020-07-06,002635,安洁科技
2020-07-10,zz500,2020-07-06,002640,跨境通
2020-07-10,zz500,2020-07-06,002648,卫星石化
2020-07-10,zz500,2020-07-06,002653,海思科
2020-07-10,zz500,2020-07-06,002665,首航高科
2020-07-10,zz500,2020-07-06,002670,国盛金控
2020-07-10,zz500,2020-07-06,002690,美亚光电
2020-07-10,zz500,2020-07-06,002701,奥瑞金
2020-07-10,zz500,2020-07-06,002709,天赐材料
2020-07-10,zz500,2020-07-06,002745,木林森
2020-07-10,zz500,2020-07-06,002797,第一创业
2020-07-10,zz500,2020-07-06,002807,江阴银行
2020-07-10,zz500,2020-07-06,002815,崇达技术
2020-07-10,zz500,2020-07-06,002818,富森美
2020-07-10,zz500,2020-07-06,002821,凯莱英
2020-07-10,zz500,2020-07-06,002831,裕同科技
2020-07-10,zz500,2020-07-06,002839,张家港行
2020-07-10,zz500,2020-07-06,002867,周大生
2020-07-10,zz500,2020-07-06,002901,大博医疗
2020-07-10,zz500,2020-07-06,002920,德赛西威
2020-07-10,zz500,2020-07-06,002925,盈趣科技
2020-07-10,zz500,2020-07-06,002926,华西证券
2020-07-10,zz500,2020-07-06,002936,郑州银行
2020-07-10,zz500,2020-07-06,002941,新疆交建
2020-07-10,zz500,2020-07-06,002946,新乳业
2020-07-10,zz500,2020-07-06,002948,青岛银行
2020-07-10,zz500,2020-07-06,002957,科瑞技术
2020-07-10,zz500,2020-07-06,300001,特锐德
2020-07-10,zz500,2020-07-06,300002,神州泰岳
2020-07-10,zz500,2020-07-06,300009,安科生物
2020-07-10,zz500,2020-07-06,300010,立思辰
2020-07-10,zz500,2020-07-06,300012,华测检测
2020-07-10,zz500,2020-07-06,300017,网宿科技
2020-07-10,zz500,2020-07-06,300024,机器人
2020-07-10,zz500,2020-07-06,300026,红日药业
2020-07-10,zz500,2020-07-06,300058,蓝色光标
2020-07-10,zz500,2020-07-06,300070,碧水源
2020-07-10,zz500,2020-07-06,300072,三聚环保
2020-07-10,zz500,2020-07-06,300088,长信科技
2020-07-10,zz500,2020-07-06,300113,顺网科技
2020-07-10,zz500,2020-07-06,300115,长盈精密
2020-07-10,zz500,2020-07-06,300133,华策影视
2020-07-10,zz500,2020-07-06,300134,大富科技
2020-07-10,zz500,2020-07-06,300166,东方国信
2020-07-10,zz500,2020-07-06,300168,万达信息
2020-07-10,zz500,2020-07-06,300180,华峰超纤
2020-07-10,zz500,2020-07-06,300182,捷成股份
2020-07-10,zz500,2020-07-06,300197,铁汉生态
2020-07-10,zz500,2020-07-06,300207,欣旺达
2020-07-10,zz500,2020-07-06,300212,易华录
2020-07-10,zz500,2020-07-06,300244,迪安诊断
2020-07-10,zz500,2020-07-06,300251,光线传媒
2020-07-10,zz500,2020-07-06,300253,卫宁健康
2020-07-10,zz500,2020-07-06,300257,开山股份
2020-07-10,zz500,2020-07-06,300271,华宇软件
2020-07-10,zz500,2020-07-06,300274,阳光电源
2020-07-10,zz500,2020-07-06,300285,国瓷材料
2020-07-10,zz500,2020-07-06,300296,利亚德
2020-07-10,zz500,2020-07-06,300315,掌趣科技
2020-07-10,zz500,2020-07-06,300316,晶盛机电
2020-07-10,zz500,2020-07-06,300324,旋极信息
2020-07-10,zz500,2020-07-06,300357,我武生物
2020-07-10,zz500,2020-07-06,300376,易事特
2020-07-10,zz500,2020-07-06,300418,昆仑万维
2020-07-10,zz500,2020-07-06,300459,金科文化
2020-07-10,zz500,2020-07-06,300474,景嘉微
2020-07-10,zz500,2020-07-06,300482,万孚生物
2020-07-10,zz500,2020-07-06,300496,中科创达
2020-07-10,zz500,2020-07-06,300558,贝达药业
2020-07-10,zz500,2020-07-06,300595,欧普康视
2020-07-10,zz500,2020-07-06,300618,寒锐钴业
2020-07-10,zz500,2020-07-06,300630,普利制药
2021-01-10,hs300,2021-01-04,600000,浦发银行
2021-01-10,hs300,2021-01-04,600004,白云机场
2021-01-10,hs300,2021-01-04,600009,上海机场
2021-01-10,hs300,2021-01-04,600010,包钢股份
2021-01-10,hs300,2021-01-04,600011,华能国际
2021-01-10,hs300,2021-01-04,600015,华夏银行
2021-01-10,hs300,2021-01-04,600016,民生银行
2021-01-10,hs300,2021-01-04,600018,上港集团
2021-01-10,hs300,2021-01-04,600019,宝钢股份
2021-01-10,hs300,2021-01-04,600025,华能水电
2021-01-10,hs300,2021-01-04,600027,华电国际
2021-01-10,hs300,2021-01-04,600028,中国石化
2021-01-10,hs300,2021-01-04,600029,南方航空
2021-01-10,hs300,2021-01-04,600030,中信证券
2021-01-10,hs300,2021-01-04,600031,三一重工
2021-01-10,hs300,2021-01-04,600036,招商银行
2021-01-10,hs300,2021-01-04,600048,保利地产
2021-01-10,hs300,2021-01-04,600050,中国联通
2021-01-10,hs300,2021-01-04,600061,国投资本
2021-01-10,hs300,2021-01-04,600066,宇通客车
2021-01-10,hs300,2021-01-04,600068,葛洲坝
2021-01-10,hs300,2021-01-04,600085,同仁堂
2021-01-10,hs300,2021-01-04,600104,上汽集团
2021-01-10,hs300,2021-01-04,600109,国金证券
2021-01-10,hs300,2021-01-04,600111,北方稀土
2021-01-10,hs300,2021-01-04,600115,东方航空
2021-01-10,hs300,2021-01-04,600118,中国卫星
2021-01-10,hs300,2021-01-04,600150,中国船舶
2021-01-10,hs300,2021-01-04,600161,天坛生物
2021-01-10,hs300,2021-01-04,600176,中国巨石
2021-01-10,hs300,2021-01-04,600177,雅戈尔
2021-01-10,hs300,2021-01-04,600183,生益科技
2021-01-10,hs300,2021-01-04,600196,复星医药
2021-01-10,hs300,2021-01-04,600208,新湖中宝
2021-01-10,hs300,2021-01-04,600233,圆通速递
2021-01-10,hs300,2021-01-04,600271,航天信息
2021-01-10,hs300,2021-01-04,600276,恒瑞医药
2021-01-10,hs300,2021-01-04,600297,广汇汽车
2021-01-10,hs300,2021-01-04,600299,安迪苏
2021-01-10,hs300,2021-01-04,600309,万华化学
2021-01-10,hs300,2021-01-04,600332,白云山
2021-01-10,hs300,2021-01-04,600340,华夏幸福
2021-01-10,hs300,2021-01-04,600346,恒力石化
2021-01-10,hs300,2021-01-04,600352,浙江龙盛
2021-01-10,hs300,2021-01-04,600362,江西铜业
2021-01-10,hs300,2021-01-04,600369,西南证券
2021-01-10,hs300,2021-01-04,600383,金地集团
2021-01-10,hs300,2021-01-04,600390,五矿资本
2021-01-10,hs300,2021-01-04,600406,国电南瑞
2021-01-10,hs300,2021-01-04,600436,片仔癀
2021-01-10,hs300,2021-01-04,600438,通威股份
2021-01-10,hs300,2021-01-04,600482,中国动力
2021-01-10,hs300,2021-01-04,600487,亨通光电
2021-01-10,hs300,2021-01-04,600489,中金黄金
2021-01-10,hs300,2021-01-04,600498,烽火通信
2021-01-10,hs300,2021-01-04,600519,贵州茅台
2021-01-10,hs300,2021-01-04,600522,中天科技
2021-01-10,hs300,2021-01-04,600547,山东黄金
2021-01-10,hs300,2021-01-04,600570,恒生电子
2021-01-10,hs300,2021-01-04,600584,长电科技
2021-01-10,hs300,2021-01-04,600585,海螺水泥
2021-01-10,hs300,2021-01-04,600588,用友网络
2021-01-10,hs300,2021-01-04,600600,青岛啤酒
2021-01-10,hs300,2021-01-04,600606,绿地控股
2021-01-10,hs300,2021-01-04,600637,东方明珠
2021-01-10,hs300,2021-01-04,600655,豫园股份
2021-01-10,hs300,2021-01-04,600660,福耀玻璃
2021-01-10,hs300,2021-01-04,600690,海尔智家
2021-01-10,hs300,2021-01-04,600703,三安光电
2021-01-10,hs300,2021-01-04,600705,中航资本
2021-01-10,hs300,2021-01-04,600741,华域汽车
2021-01-10,hs300,2021-01-04,600745,闻泰科技
2021-01-10,hs300,2021-01-04,600760,中航沈飞
2021-01-10,hs300,2021-01-04,600763,通策医疗
2021-01-10,hs300,2021-01-04,600795,国电电力
2021-01-10,hs300,2021-01-04,600809,山西汾酒
2021-01-10,hs300,2021-01-04,600837,海通证券
2021-01-10,hs300,2021-01-04,600845,宝信软件
2021-01-10,hs300,2021-01-04,600848,上海临港
2021-01-10,hs300,2021-01-04,600872,中炬高新
2021-01-10,hs300,2021-01-04,600886,国投电力
2021-01-10,hs300,2021-01-04,600887,伊利股份
2021-01-10,hs300,2021-01-04,600893,航发动力
2021-01-10,hs300,2021-01-04,600900,长江电力
2021-01-10,hs300,2021-01-04,600918,中泰证券
2021-01-10,hs300,2021-01-04,600919,江苏银行
2021-01-10,hs300,2021-01-04,600926,杭州银行
2021-01-10,hs300,2021-01-04,600958,东方证券
2021-01-10,hs300,2021-01-04,600989,宝丰能源
2021-01-10,hs300,2021-01-04,600998,九州通
2021-01-10,hs300,2021-01-04,600999,招商证券
2021-01-10,hs300,2021-01-04,601006,大秦铁路
2021-01-10,hs300,2021-01-04,601009,南京银行
2021-01-10,hs300,2021-01-04,601012,隆基股份
2021-01-10,hs300,2021-01-04,601021,春秋航空
2021-01-10,hs300,2021-01-04,601066,中信建投
2021-01-10,hs300,2021-01-04,601077,渝农商行
2021-01-10,hs300,2021-01-04,601088,中国神华
2021-01-10,hs300,2021-01-04,601100,恒立液压
2021-01-10,hs300,2021-01-04,601108,财通证券
2021-01-10,hs300,2021-01-04,601111,中国国航
2021-01-10,hs300,2021-01-04,601117,中国化学
2021-01-10,hs300,2021-01-04,601138,工业富联
2021-01-10,hs300,2021-01-04,601155,新城控股
2021-01-10,hs300,2021-01-04,601162,天风证券
2021-01-10,hs300,2021-01-04,601166,兴业银行
2021-01-10,hs300,2021-01-04,601169,北京银行
2021-01-10,hs300,2021-01-04,601186,中国铁建
2021-01-10,hs300,2021-01-04,601198,东兴证券
2021-01-10,hs300,2021-01-04,601211,国泰君安
2021-01-10,hs300,2021-01-04,601216,君正集团
2021-01-10,hs300,2021-01-04,601225,陕西煤业
2021-01-10,hs300,2021-01-04,601229,上海银行
2021-01-10,hs300,2021-01-04,601231,环旭电子
2021-01-10,hs300,2021-01-04,601236,红塔证券
2021-01-10,hs300,2021-01-04,601238,广汽集团
2021-01-10,hs300,2021-01-04,601288,农业银行
2021-01-10,hs300,2021-01-04,601318,中国平安
2021-01-10,hs300,2021-01-04,601319,中国人保
2021-01-10,hs300,2021-01-04,601328,交通银行
2021-01-10,hs300,2021-01-04,601336,新华保险
2021-01-10,hs300,2021-01-04,601360,三六零
2021-01-10,hs300,2021-01-04,601377,兴业证券
2021-01-10,hs300,2021-01-04,601390,中国中铁
2021-01-10,hs300,2021-01-04,601398,工商银行
2021-01-10,hs300,2021-01-04,601555,东吴证券
2021-01-10,hs300,2021-01-04,601577,长沙银行
2021-01-10,hs300,2021-01-04,601600,中国铝业
2021-01-10,hs300,2021-01-04,601601,中国太保
2021-01-10,hs300,2021-01-04,601607,上海医药
2021-01-10,hs300,2021-01-04,601618,中国中冶
2021-01-10,hs300,2021-01-04,601628,中国人寿
2021-01-10,hs300,2021-01-04,601633,长城汽车
2021-01-10,hs300,2021-01-04,601658,邮储银行
2021-01-10,hs300,2021-01-04,601668,中国建筑
2021-01-10,hs300,2021-01-04,601669,中国电建
2021-01-10,hs300,2021-01-04,601688,华泰证券
2021-01-10,hs300,2021-01-04,601696,中银证券
2021-01-10,hs300,2021-01-04,601698,中国卫通
2021-01-10,hs300,2021-01-04,601727,上海电气
2021-01-10,hs300,2021-01-04,601766,中国中车
2021-01-10,hs300,2021-01-04,601788,光大证券
2021-01-10,hs300,2021-01-04,601800,中国交建
2021-01-10,hs300,2021-01-04,601808,中海油服
2021-01-10,hs300,2021-01-04,601816,京沪高铁
2021-01-10,hs300,2021-01-04,601818,光大银行
2021-01-10,hs300,2021-01-04,601838,成都银行
2021-01-10,hs300,2021-01-04,601857,中国石油
2021-01-10,hs300,2021-01-04,601872,招商轮船
2021-01-10,hs300,2021-01-04,601877,正泰电器
2021-01-10,hs300,2021-01-04,601878,浙商证券
2021-01-10,hs300,2021-01-04,601881,中国银河
2021-01-10,hs300,2021-01-04,601888,中国中免
2021-01-10,hs300,2021-01-04,601899,紫金矿业
2021-01-10,hs300,2021-01-04,601901,方正证券
2021-01-10,hs300,2021-01-04,601916,浙商银行
2021-01-10,hs300,2021-01-04,601919,中远海控
2021-01-10,hs300,2021-01-04,601933,永辉超市
2021-01-10,hs300,2021-01-04,601939,建设银行
2021-01-10,hs300,2021-01-04,601985,中国核电
2021-01-10,hs300,2021-01-04,601988,中国银行
2021-01-10,hs300,2021-01-04,601989,中国重工
2021-01-10,hs300,2021-01-04,601990,南京证券
2021-01-10,hs300,2021-01-04,601998,中信银行
2021-01-10,hs300,2021-01-04,603019,中科曙光
2021-01-10,hs300,2021-01-04,603087,甘李药业
2021-01-10,hs300,2021-01-04,603156,养元饮品
2021-01-10,hs300,2021-01-04,603160,汇顶科技
2021-01-10,hs300,2021-01-04,603195,公牛集团
2021-01-10,hs300,2021-01-04,603259,药明康德
2021-01-10,hs300,2021-01-04,603288,海天味业
2021-01-10,hs300,2021-01-04,603369,今世缘
2021-01-10,hs300,2021-01-04,603392,万泰生物
2021-01-10,hs300,2021-01-04,603501,韦尔股份
2021-01-10,hs300,2021-01-04,603658,安图生物
2021-01-10,hs300,2021-01-04,603799,华友钴业
2021-01-10,hs300,2021-01-04,603833,欧派家居
2021-01-10,hs300,2021-01-04,603899,晨光文具
2021-01-10,hs300,2021-01-04,603986,兆易创新
2021-01-10,hs300,2021-01-04,603993,洛阳钼业
2021-01-10,hs300,2021-01-04,688008,澜起科技
2021-01-10,hs300,2021-01-04,688009,中国通号
2021-01-10,hs300,2021-01-04,688012,中微公司
2021-01-10,hs300,2021-01-04,688036,传音控股
2021-01-10,hs300,2021-01-04,000001,平安银行
2021-01-10,hs300,2021-01-04,000002,万科A
2021-01-10,hs300,2021-01-04,000063,中兴通讯
2021-01-10,hs300,2021-01-04,000066,中国长城
2021-01-10,hs300,2021-01-04,000069,华侨城A
2021-01-10,hs300,2021-01-04,000100,TCL科技
2021-01-10,hs300,2021-01-04,000157,中联重科
2021-01-10,hs300,2021-01-04,000166,申万宏源
2021-01-10,hs300,2021-01-04,000333,美的集团
2021-01-10,hs300,2021-01-04,000338,潍柴动力
2021-01-10,hs300,2021-01-04,000425,徐工机械
2021-01-10,hs300,2021-01-04,000538,云南白药
2021-01-10,hs300,2021-01-04,000568,泸州老窖
2021-01-10,hs300,2021-01-04,000596,古井贡酒
2021-01-10,hs300,2021-01-04,000625,长安汽车
2021-01-10,hs300,2021-01-04,000627,天茂集团
2021-01-10,hs300,2021-01-04,000651,格力电器
2021-01-10,hs300,2021-01-04,000656,金科股份
2021-01-10,hs300,2021-01-04,000661,长春高新
2021-01-10,hs300,2021-01-04,000671,阳光城
2021-01-10,hs300,2021-01-04,000703,恒逸石化
2021-01-10,hs300,2021-01-04,000708,中信特钢
2021-01-10,hs300,2021-01-04,000723,美锦能源
2021-01-10,hs300,2021-01-04,000725,京东方A
2021-01-10,hs300,2021-01-04,000728,国元证券
2021-01-10,hs300,2021-01-04,000768,中航西飞
2021-01-10,hs300,2021-01-04,000776,广发证券
2021-01-10,hs300,2021-01-04,000783,长江证券
2021-01-10,hs300,2021-01-04,000786,北新建材
2021-01-10,hs300,2021-01-04,000858,五粮液
2021-01-10,hs300,2021-01-04,000860,顺鑫农业
2021-01-10,hs300,2021-01-04,000876,新希望
2021-01-10,hs300,2021-01-04,000895,双汇发展
2021-01-10,hs300,2021-01-04,000938,紫光股份
2021-01-10,hs300,2021-01-04,000961,中南建设
2021-01-10,hs300,2021-01-04,000963,华东医药
2021-01-10,hs300,2021-01-04,000977,浪潮信息
2021-01-10,hs300,2021-01-04,001979,招商蛇口
2021-01-10,hs300,2021-01-04,002001,新和成
2021-01-10,hs300,2021-01-04,002007,华兰生物
2021-01-10,hs300,2021-01-04,002008,大族激光
2021-01-10,hs300,2021-01-04,002024,苏宁易购
2021-01-10,hs300,2021-01-04,002027,分众传媒
2021-01-10,hs300,2021-01-04,002032,苏泊尔
2021-01-10,hs300,2021-01-04,002044,美年健康
2021-01-10,hs300,2021-01-04,002049,紫光国微
2021-01-10,hs300,2021-01-04,002050,三花智控
2021-01-10,hs300,2021-01-04,002120,韵达股份
2021-01-10,hs300,2021-01-04,002129,中环股份
2021-01-10,hs300,2021-01-04,002142,宁波银行
2021-01-10,hs300,2021-01-04,002146,荣盛发展
2021-01-10,hs300,2021-01-04,002153,石基信息
2021-01-10,hs300,2021-01-04,002157,正邦科技
2021-01-10,hs300,2021-01-04,002179,中航光电
2021-01-10,hs300,2021-01-04,002202,金风科技
2021-01-10,hs300,2021-01-04,002230,科大讯飞
2021-01-10,hs300,2021-01-04,002236,大华股份
2021-01-10,hs300,2021-01-04,002241,歌尔股份
2021-01-10,hs300,2021-01-04,002252,上海莱士
2021-01-10,hs300,2021-01-04,002271,东方雨虹
2021-01-10,hs300,2021-01-04,002304,洋河股份
2021-01-10,hs300,2021-01-04,002311,海大集团
2021-01-10,hs300,2021-01-04,002352,顺丰控股
2021-01-10,hs300,2021-01-04,002371,北方华创
2021-01-10,hs300,2021-01-04,002384,东山精密
2021-01-10,hs300,2021-01-04,002410,广联达
2021-01-10,hs300,2021-01-04,002414,高德红外
2021-01-10,hs300,2021-01-04,002415,海康威视
2021-01-10,hs300,2021-01-04,002422,科伦药业
2021-01-10,hs300,2021-01-04,002456,欧菲光
2021-01-10,hs300,2021-01-04,002460,赣锋锂业
2021-01-10,hs300,2021-01-04,002463,沪电股份
2021-01-10,hs300,2021-01-04,002475,立讯精密
2021-01-10,hs300,2021-01-04,002493,荣盛石化
2021-01-10,hs300,2021-01-04,002508,老板电器
2021-01-10,hs300,2021-01-04,002555,三七互娱
2021-01-10,hs300,2021-01-04,002558,巨人网络
2021-01-10,hs300,2021-01-04,002594,比亚迪
2021-01-10,hs300,2021-01-04,002600,领益智造
2021-01-10,hs300,2021-01-04,002601,龙蟒佰利
2021-01-10,hs300,2021-01-04,002602,世纪华通
2021-01-10,hs300,2021-01-04,002607,中公教育
2021-01-10,hs300,2021-01-04,002624,完美世界
2021-01-10,hs300,2021-01-04,002673,西部证券
2021-01-10,hs300,2021-01-04,002714,牧原股份
2021-01-10,hs300,2021-01-04,002736,国信证券
2021-01-10,hs300,2021-01-04,002739,万达电影
2021-01-10,hs300,2021-01-04,002773,康弘药业
2021-01-10,hs300,2021-01-04,002812,恩捷股份
2021-01-10,hs300,2021-01-04,002821,凯莱英
2021-01-10,hs300,2021-01-04,002841,视源股份
2021-01-10,hs300,2021-01-04,002916,深南电路
2021-01-10,hs300,2021-01-04,002938,鹏鼎控股
2021-01-10,hs300,2021-01-04,002939,长城证券
2021-01-10,hs300,2021-01-04,002945,华林证券
2021-01-10,hs300,2021-01-04,002958,青农商行
2021-01-10,hs300,2021-01-04,003816,中国广核
2021-01-10,hs300,2021-01-04,300003,乐普医疗
2021-01-10,hs300,2021-01-04,300014,亿纬锂能
2021-01-10,hs300,2021-01-04,300015,爱尔眼科
2021-01-10,hs300,2021-01-04,300033,同花顺
2021-01-10,hs300,2021-01-04,300059,东方财富
2021-01-10,hs300,2021-01-04,300122,智飞生物
2021-01-10,hs300,2021-01-04,300124,汇川技术
2021-01-10,hs300,2021-01-04,300136,信维通信
2021-01-10,hs300,2021-01-04,300142,沃森生物
2021-01-10,hs300,2021-01-04,300144,宋城演艺
2021-01-10,hs300,2021-01-04,300347,泰格医药
2021-01-10,hs300,2021-01-04,300408,三环集团
2021-01-10,hs300,2021-01-04,300413,芒果超媒
2021-01-10,hs300,2021-01-04,300433,蓝思科技
2021-01-10,hs300,2021-01-04,300498,温氏股份
2021-01-10,hs300,2021-01-04,300529,健帆生物
2021-01-10,hs300,2021-01-04,300601,康泰生物
2021-01-10,hs300,2021-01-04,300628,亿联网络
2021-01-10,hs300,2021-01-04,300676,华大基因
2021-01-10,zz500,2021-01-04,600006,东风汽车
2021-01-10,zz500,2021-01-04,600008,首创股份
2021-01-10,zz500,2021-01-04,600021,上海电力
2021-01-10,zz500,2021-01-04,600022,山东钢铁
2021-01-10,zz500,2021-01-04,600026,中远海能
2021-01-10,zz500,2021-01-04,600037,歌华有线
2021-01-10,zz500,2021-01-04,600038,中直股份
2021-01-10,zz500,2021-01-04,600039,四川路桥
2021-01-10,zz500,2021-01-04,600053,九鼎投资
2021-01-10,zz500,2021-01-04,600056,中国医药
2021-01-10,zz500,2021-01-04,600060,海信视像
2021-01-10,zz500,2021-01-04,600062,华润双鹤
2021-01-10,zz500,2021-01-04,600064,南京高科
2021-01-10,zz500,2021-01-04,600073,上海梅林
2021-01-10,zz500,2021-01-04,600079,人福医药
2021-01-10,zz500,2021-01-04,600089,特变电工
2021-01-10,zz500,2021-01-04,600094,大名城
2021-01-10,zz500,2021-01-04,600120,浙江东方
2021-01-10,zz500,2021-01-04,600126,杭钢股份
2021-01-10,zz500,2021-01-04,600131,国网信通
2021-01-10,zz500,2021-01-04,600132,重庆啤酒
2021-01-10,zz500,2021-01-04,600141,兴发集团
2021-01-10,zz500,2021-01-04,600143,金发科技
2021-01-10,zz500,2021-01-04,600153,建发股份
2021-01-10,zz500,2021-01-04,600155,华创阳安
2021-01-10,zz500,2021-01-04,600158,中体产业
2021-01-10,zz500,2021-01-04,600160,巨化股份
2021-01-10,zz500,2021-01-04,600166,福田汽车
2021-01-10,zz500,2021-01-04,600167,联美控股
2021-01-10,zz500,2021-01-04,600170,上海建工
2021-01-10,zz500,2021-01-04,600171,上海贝岭
2021-01-10,zz500,2021-01-04,600188,兖州煤业
2021-01-10,zz500,2021-01-04,600195,中牧股份
2021-01-10,zz500,2021-01-04,600201,生物股份
2021-01-10,zz500,2021-01-04,600216,浙江医药
2021-01-10,zz500,2021-01-04,600219,南山铝业
2021-01-10,zz500,2021-01-04,600256,广汇能源
2021-01-10,zz500,2021-01-04,600258,首旅酒店
2021-01-10,zz500,2021-01-04,600259,广晟有色
2021-01-10,zz500,2021-01-04,600260,凯乐科技
2021-01-10,zz500,2021-01-04,600266,城建发展
2021-01-10,zz500,2021-01-04,600273,嘉化能源
2021-01-10,zz500,2021-01-04,600277,亿利洁能
2021-01-10,zz500,2021-01-04,600282,南钢股份
2021-01-10,zz500,2021-01-04,600291,西水股份
2021-01-10,zz500,2021-01-04,600307,酒钢宏兴
2021-01-10,zz500,2021-01-04,600312,平高电气
2021-01-10,zz500,2021-01-04,600315,上海家化
2021-01-10,zz500,2021-01-04,600316,洪都航空
2021-01-10,zz500,2021-01-04,600325,华发股份
2021-01-10,zz500,2021-01-04,600329,中新药业
2021-01-10,zz500,2021-01-04,600338,西藏珠峰
2021-01-10,zz500,2021-01-04,600339,中油工程
2021-01-10,zz500,2021-01-04,600348,阳泉煤业
2021-01-10,zz500,2021-01-04,600350,山东高速
2021-01-10,zz500,2021-01-04,600372,中航电子
2021-01-10,zz500,2021-01-04,600373,中文传媒
2021-01-10,zz500,2021-01-04,600376,首开股份
2021-01-10,zz500,2021-01-04,600380,健康元
2021-01-10,zz500,2021-01-04,600388,龙净环保
2021-01-10,zz500,2021-01-04,600392,盛和资源
2021-01-10,zz500,2021-01-04,600398,海澜之家
2021-01-10,zz500,2021-01-04,600409,三友化工
2021-01-10,zz500,2021-01-04,600410,华胜天成
2021-01-10,zz500,2021-01-04,600415,小商品城
2021-01-10,zz500,2021-01-04,600418,江淮汽车
2021-01-10,zz500,2021-01-04,600426,华鲁恒升
2021-01-10,zz500,2021-01-04,600435,北方导航
2021-01-10,zz500,2021-01-04,600446,金证股份
2021-01-10,zz500,2021-01-04,600460,士兰微
2021-01-10,zz500,2021-01-04,600466,蓝光发展
2021-01-10,zz500,2021-01-04,600486,扬农化工
2021-01-10,zz500,2021-01-04,600497,驰宏锌锗
2021-01-10,zz500,2021-01-04,600500,中化国际
2021-01-10,zz500,2021-01-04,600507,方大特钢
2021-01-10,zz500,2021-01-04,600511,国药股份
2021-01-10,zz500,2021-01-04,600515,海航基础
2021-01-10,zz500,2021-01-04,600516,方大炭素
2021-01-10,zz500,2021-01-04,600517,国网英大
2021-01-10,zz500,2021-01-04,600528,中铁工业
2021-01-10,zz500,2021-01-04,600529,山东药玻
2021-01-10,zz500,2021-01-04,600535,天士力
2021-01-10,zz500,2021-01-04,600545,卓郎智能
2021-01-10,zz500,2021-01-04,600546,山煤国际
2021-01-10,zz500,2021-01-04,600549,厦门钨业
2021-01-10,zz500,2021-01-04,600556,天下秀
2021-01-10,zz500,2021-01-04,600563,法拉电子
2021-01-10,zz500,2021-01-04,600566,济川药业
2021-01-10,zz500,2021-01-04,600567,山鹰国际
2021-01-10,zz500,2021-01-04,600572,康恩贝
2021-01-10,zz500,2021-01-04,600575,淮河能源
2021-01-10,zz500,2021-01-04,600580,卧龙电驱
2021-01-10,zz500,2021-01-04,600582,天地科技
2021-01-10,zz500,2021-01-04,600597,光明乳业
2021-01-10,zz500,2021-01-04,600598,北大荒
2021-01-10,zz500,2021-01-04,600623,华谊集团
2021-01-10,zz500,2021-01-04,600633,浙数文化
2021-01-10,zz500,2021-01-04,600639,浦东金桥
2021-01-10,zz500,2021-01-04,600640,号百控股
2021-01-10,zz500,2021-01-04,600642,申能股份
2021-01-10,zz500,2021-01-04,600643,爱建集团
2021-01-10,zz500,2021-01-04,600645,中源协和
2021-01-10,zz500,2021-01-04,600648,外高桥
2021-01-10,zz500,2021-01-04,600649,城投控股
2021-01-10,zz500,2021-01-04,600657,信达地产
2021-01-10,zz500,2021-01-04,600664,哈药股份
2021-01-10,zz500,2021-01-04,600667,太极实业
2021-01-10,zz500,2021-01-04,600673,东阳光
2021-01-10,zz500,2021-01-04,600675,中华企业
2021-01-10,zz500,2021-01-04,600699,均胜电子
2021-01-10,zz500,2021-01-04,600704,物产中大
2021-01-10,zz500,2021-01-04,600707,彩虹股份
2021-01-10,zz500,2021-01-04,600717,天津港
2021-01-10,zz500,2021-01-04,600718,东软集团
2021-01-10,zz500,2021-01-04,600728,佳都科技
2021-01-10,zz500,2021-01-04,600729,重庆百货
2021-01-10,zz500,2021-01-04,600733,北汽蓝谷
2021-01-10,zz500,2021-01-04,600737,中粮糖业
2021-01-10,zz500,2021-01-04,600739,辽宁成大
2021-01-10,zz500,2021-01-04,600748,上实发展
2021-01-10,zz500,2021-01-04,600754,锦江酒店
2021-01-10,zz500,2021-01-04,600755,厦门国贸
2021-01-10,zz500,2021-01-04,600765,中航重机
2021-01-10,zz500,2021-01-04,600776,东方通信
2021-01-10,zz500,2021-01-04,600779,水井坊
2021-01-10,zz500,2021-01-04,600782,新钢股份
2021-01-10,zz500,2021-01-04,600787,中储股份
2021-01-10,zz500,2021-01-04,600801,华新水泥
2021-01-10,zz500,2021-01-04,600804,鹏博士
2021-01-10,zz500,2021-01-04,600808,马钢股份
2021-01-10,zz500,2021-01-04,600811,东方集团
2021-01-10,zz500,2021-01-04,600820,隧道股份
2021-01-10,zz500,2021-01-04,600823,世茂股份
2021-01-10,zz500,2021-01-04,600827,百联股份
2021-01-10,zz500,2021-01-04,600835,上海机电
2021-01-10,zz500,2021-01-04,600839,四川长虹
2021-01-10,zz500,2021-01-04,600859,王府井
2021-01-10,zz500,2021-01-04,600862,中航高科
2021-01-10,zz500,2021-01-04,600863,内蒙华电
2021-01-10,zz500,2021-01-04,600867,通化东宝
2021-01-10,zz500,2021-01-04,600869,远东股份
2021-01-10,zz500,2021-01-04,600871,石化油服
2021-01-10,zz500,2021-01-04,600875,东方电气
2021-01-10,zz500,2021-01-04,600879,航天电子
2021-01-10,zz500,2021-01-04,600881,亚泰集团
2021-01-10,zz500,2021-01-04,600884,杉杉股份
2021-01-10,zz500,2021-01-04,600885,宏发股份
2021-01-10,zz500,2021-01-04,600895,张江高科
2021-01-10,zz500,2021-01-04,600901,江苏租赁
2021-01-10,zz500,2021-01-04,600903,贵州燃气
2021-01-10,zz500,2021-01-04,600908,无锡银行
2021-01-10,zz500,2021-01-04,600909,华安证券
2021-01-10,zz500,2021-01-04,600917,重庆燃气
2021-01-10,zz500,2021-01-04,600928,西安银行
2021-01-10,zz500,2021-01-04,600959,江苏有线
2021-01-10,zz500,2021-01-04,600967,内蒙一机
2021-01-10,zz500,2021-01-04,600968,海油发展
2021-01-10,zz500,2021-01-04,600970,中材国际
2021-01-10,zz500,2021-01-04,600985,淮北矿业
2021-01-10,zz500,2021-01-04,601000,唐山港
2021-01-10,zz500,2021-01-04,601003,柳钢股份
2021-01-10,zz500,2021-01-04,601005,重庆钢铁
2021-01-10,zz500,2021-01-04,601016,节能风电
2021-01-10,zz500,2021-01-04,601068,中铝国际
2021-01-10,zz500,2021-01-04,601098,中南传媒
2021-01-10,zz500,2021-01-04,601099,太平洋
2021-01-10,zz500,2021-01-04,601106,中国一重
2021-01-10,zz500,2021-01-04,601118,海南橡胶
2021-01-10,zz500,2021-01-04,601127,小康股份
2021-01-10,zz500,2021-01-04,601128,常熟银行
2021-01-10,zz500,2021-01-04,601139,深圳燃气
2021-01-10,zz500,2021-01-04,601168,西部矿业
2021-01-10,zz500,2021-01-04,601179,中国西电
2021-01-10,zz500,2021-01-04,601200,上海环境
2021-01-10,zz500,2021-01-04,601228,广州港
2021-01-10,zz500,2021-01-04,601233,桐昆股份
2021-01-10,zz500,2021-01-04,601298,青岛港
2021-01-10,zz500,2021-01-04,601333,广深铁路
2021-01-10,zz500,2021-01-04,601456,国联证券
2021-01-10,zz500,2021-01-04,601512,中新集团
2021-01-10,zz500,2021-01-04,601598,中国外运
2021-01-10,zz500,2021-01-04,601608,中信重工
2021-01-10,zz500,2021-01-04,601611,中国核建
2021-01-10,zz500,2021-01-04,601615,明阳智能
2021-01-10,zz500,2021-01-04,601689,拓普集团
2021-01-10,zz500,2021-01-04,601699,潞安环能
2021-01-10,zz500,2021-01-04,601717,郑煤机
2021-01-10,zz500,2021-01-04,601718,际华集团
2021-01-10,zz500,2021-01-04,601778,晶科科技
2021-01-10,zz500,2021-01-04,601799,星宇股份
2021-01-10,zz500,2021-01-04,601801,皖新传媒
2021-01-10,zz500,2021-01-04,601828,美凯龙
2021-01-10,zz500,2021-01-04,601860,紫金银行
2021-01-10,zz500,2021-01-04,601865,福莱特
2021-01-10,zz500,2021-01-04,601866,中远海发
2021-01-10,zz500,2021-01-04,601869,长飞光纤
2021-01-10,zz500,2021-01-04,601880,大连港
2021-01-10,zz500,2021-01-04,601928,凤凰传媒
2021-01-10,zz500,2021-01-04,601958,金钼股份
2021-01-10,zz500,2021-01-04,601966,玲珑轮胎
2021-01-10,zz500,2021-01-04,601969,海南矿业
2021-01-10,zz500,2021-01-04,601975,招商南油
2021-01-10,zz500,2021-01-04,601992,金隅集团
2021-01-10,zz500,2021-01-04,601997,贵阳银行
2021-01-10,zz500,2021-01-04,603000,人民网
2021-01-10,zz500,2021-01-04,603056,德邦股份
2021-01-10,zz500,2021-01-04,603077,和邦生物
2021-01-10,zz500,2021-01-04,603198,迎驾贡酒
2021-01-10,zz500,2021-01-04,603225,新凤鸣
2021-01-10,zz500,2021-01-04,603228,景旺电子
2021-01-10,zz500,2021-01-04,603256,宏和科技
2021-01-10,zz500,2021-01-04,603260,合盛硅业
2021-01-10,zz500,2021-01-04,603290,斯达半导
2021-01-10,zz500,2021-01-04,603317,天味食品
2021-01-10,zz500,2021-01-04,603328,依顿电子
2021-01-10,zz500,2021-01-04,603338,浙江鼎力
2021-01-10,zz500,2021-01-04,603345,安井食品
2021-01-10,zz500,2021-01-04,603355,莱克电气
2021-01-10,zz500,2021-01-04,603377,东方时尚
2021-01-10,zz500,2021-01-04,603379,三美股份
2021-01-10,zz500,2021-01-04,603444,吉比特
2021-01-10,zz500,2021-01-04,603486,科沃斯
2021-01-10,zz500,2021-01-04,603515,欧普照明
2021-01-10,zz500,2021-01-04,603568,伟明环保
2021-01-10,zz500,2021-01-04,603589,口子窖
2021-01-10,zz500,2021-01-04,603605,珀莱雅
2021-01-10,zz500,2021-01-04,603638,艾迪精密
2021-01-10,zz500,2021-01-04,603650,彤程新材
2021-01-10,zz500,2021-01-04,603708,家家悦
2021-01-10,zz500,2021-01-04,603712,七一二
2021-01-10,zz500,2021-01-04,603719,良品铺子
2021-01-10,zz500,2021-01-04,603737,三棵树
2021-01-10,zz500,2021-01-04,603786,科博达
2021-01-10,zz500,2021-01-04,603806,福斯特
2021-01-10,zz500,2021-01-04,603816,顾家家居
2021-01-10,zz500,2021-01-04,603858,步长制药
2021-01-10,zz500,2021-01-04,603866,桃李面包
2021-01-10,zz500,2021-01-04,603868,飞科电器
2021-01-10,zz500,2021-01-04,603882,金域医学
2021-01-10,zz500,2021-01-04,603883,老百姓
2021-01-10,zz500,2021-01-04,603885,吉祥航空
2021-01-10,zz500,2021-01-04,603888,新华网
2021-01-10,zz500,2021-01-04,603893,瑞芯微
2021-01-10,zz500,2021-01-04,603927,中科软
2021-01-10,zz500,2021-01-04,603983,丸美股份
2021-01-10,zz500,2021-01-04,688002,睿创微纳
2021-01-10,zz500,2021-01-04,688029,南微医学
2021-01-10,zz500,2021-01-04,688088,虹软科技
2021-01-10,zz500,2021-01-04,688099,晶晨股份
2021-01-10,zz500,2021-01-04,688321,微芯生物
2021-01-10,zz500,2021-01-04,000008,神州高铁
2021-01-10,zz500,2021-01-04,000009,中国宝安
2021-01-10,zz500,2021-01-04,000012,南玻A
2021-01-10,zz500,2021-01-04,000021,深科技
2021-01-10,zz500,2021-01-04,000027,深圳能源
2021-01-10,zz500,2021-01-04,000028,国药一致
2021-01-10,zz500,2021-01-04,000031,大悦城
2021-01-10,zz500,2021-01-04,000039,中集集团
2021-01-10,zz500,2021-01-04,000046,泛海控股
2021-01-10,zz500,2021-01-04,000050,深天马A
2021-01-10,zz500,2021-01-04,000060,中金岭南
2021-01-10,zz500,2021-01-04,000061,农产品
2021-01-10,zz500,2021-01-04,000062,深圳华强
2021-01-10,zz500,2021-01-04,000078,海王生物
2021-01-10,zz500,2021-01-04,000089,深圳机场
2021-01-10,zz500,2021-01-04,000090,天健集团
2021-01-10,zz500,2021-01-04,000156,华数传媒
2021-01-10,zz500,2021-01-04,000158,常山北明
2021-01-10,zz500,2021-01-04,000301,东方盛虹
2021-01-10,zz500,2021-01-04,000400,许继电气
2021-01-10,zz500,2021-01-04,000401,冀东水泥
2021-01-10,zz500,2021-01-04,000402,金融街
2021-01-10,zz500,2021-01-04,000415,渤海租赁
2021-01-10,zz500,2021-01-04,000488,晨鸣纸业
2021-01-10,zz500,2021-01-04,000501,鄂武商A
2021-01-10,zz500,2021-01-04,000513,丽珠集团
2021-01-10,zz500,2021-01-04,000519,中兵红箭
2021-01-10,zz500,2021-01-04,000528,柳工
2021-01-10,zz500,2021-01-04,000537,广宇发展
2021-01-10,zz500,2021-01-04,000540,中天金融
2021-01-10,zz500,2021-01-04,000543,皖能电力
2021-01-10,zz500,2021-01-04,000547,航天发展
2021-01-10,zz500,2021-01-04,000553,安道麦A
2021-01-10,zz500,2021-01-04,000559,万向钱潮
2021-01-10,zz500,2021-01-04,000563,陕国投A
2021-01-10,zz500,2021-01-04,000564,供销大集
2021-01-10,zz500,2021-01-04,000581,威孚高科
2021-01-10,zz500,2021-01-04,000598,兴蓉环境
2021-01-10,zz500,2021-01-04,000600,建投能源
2021-01-10,zz500,2021-01-04,000623,吉林敖东
2021-01-10,zz500,2021-01-04,000629,攀钢钒钛
2021-01-10,zz500,2021-01-04,000630,铜陵有色
2021-01-10,zz500,2021-01-04,000636,风华高科
2021-01-10,zz500,2021-01-04,000681,视觉中国
2021-01-10,zz500,2021-01-04,000685,中山公用
2021-01-10,zz500,2021-01-04,000686,东北证券
2021-01-10,zz500,2021-01-04,000690,宝新能源
2021-01-10,zz500,2021-01-04,000709,河钢股份
2021-01-10,zz500,2021-01-04,000717,韶钢松山
2021-01-10,zz500,2021-01-04,000718,苏宁环球
2021-01-10,zz500,2021-01-04,000729,燕京啤酒
2021-01-10,zz500,2021-01-04,000732,泰禾集团
2021-01-10,zz500,2021-01-04,000738,航发控制
2021-01-10,zz500,2021-01-04,000739,普洛药业
2021-01-10,zz500,2021-01-04,000750,国海证券
2021-01-10,zz500,2021-01-04,000758,中色股份
2021-01-10,zz500,2021-01-04,000778,新兴铸管
2021-01-10,zz500,2021-01-04,000807,云铝股份
2021-01-10,zz500,2021-01-04,000813,德展健康
2021-01-10,zz500,2021-01-04,000825,太钢不锈
2021-01-10,zz500,2021-01-04,000826,启迪环境
2021-01-10,zz500,2021-01-04,000830,鲁西化工
2021-01-10,zz500,2021-01-04,000869,张裕A
2021-01-10,zz500,2021-01-04,000877,天山股份
2021-01-10,zz500,2021-01-04,000878,云南铜业
2021-01-10,zz500,2021-01-04,000883,湖北能源
2021-01-10,zz500,2021-01-04,000887,中鼎股份
2021-01-10,zz500,2021-01-04,000898,鞍钢股份
2021-01-10,zz500,2021-01-04,000930,中粮科技
2021-01-10,zz500,2021-01-04,000932,华菱钢铁
2021-01-10,zz500,2021-01-04,000937,冀中能源
2021-01-10,zz500,2021-01-04,000959,首钢股份
2021-01-10,zz500,2021-01-04,000960,锡业股份
2021-01-10,zz500,2021-01-04,000967,盈峰环境
2021-01-10,zz500,2021-01-04,000970,中科三环
2021-01-10,zz500,2021-01-04,000975,银泰黄金
2021-01-10,zz500,2021-01-04,000983,山西焦煤
2021-01-10,zz500,2021-01-04,000988,华工科技
2021-01-10,zz500,2021-01-04,000990,诚志股份
2021-01-10,zz500,2021-01-04,000997,新大陆
2021-01-10,zz500,2021-01-04,000998,隆平高科
2021-01-10,zz500,2021-01-04,000999,华润三九
2021-01-10,zz500,2021-01-04,001872,招商港口
2021-01-10,zz500,2021-01-04,001914,招商积余
2021-01-10,zz500,2021-01-04,002002,鸿达兴业
2021-01-10,zz500,2021-01-04,002004,华邦健康
2021-01-10,zz500,2021-01-04,002010,传化智联
2021-01-10,zz500,2021-01-04,002013,中航机电
2021-01-10,zz500,2021-01-04,002019,亿帆医药
2021-01-10,zz500,2021-01-04,002028,思源电气
2021-01-10,zz500,2021-01-04,002030,达安基因
2021-01-10,zz500,2021-01-04,002038,双鹭药业
2021-01-10,zz500,2021-01-04,002048,宁波华翔
2021-01-10,zz500,2021-01-04,002051,中工国际
2021-01-10,zz500,2021-01-04,002056,横店东磁
2021-01-10,zz500,2021-01-04,002064,华峰化学
2021-01-10,zz500,2021-01-04,002074,国轩高科
2021-01-10,zz500,2021-01-04,002075,沙钢股份
2021-01-10,zz500,2021-01-04,002078,太阳纸业
2021-01-10,zz500,2021-01-04,002080,中材科技
2021-01-10,zz500,2021-01-04,002081,金螳螂
2021-01-10,zz500,2021-01-04,002085,万丰奥威
2021-01-10,zz500,2021-01-04,002092,中泰化学
2021-01-10,zz500,2021-01-04,002093,国脉科技
2021-01-10,zz500,2021-01-04,002110,三钢闽光
2021-01-10,zz500,2021-01-04,002124,天邦股份
2021-01-10,zz500,2021-01-04,002128,露天煤业
2021-01-10,zz500,2021-01-04,002131,利欧股份
2021-01-10,zz500,2021-01-04,002138,顺络电子
2021-01-10,zz500,2021-01-04,002152,广电运通
2021-01-10,zz500,2021-01-04,002155,湖南黄金
2021-01-10,zz500,2021-01-04,002156,通富微电
2021-01-10,zz500,2021-01-04,002174,游族网络
2021-01-10,zz500,2021-01-04,002183,怡亚通
2021-01-10,zz500,2021-01-04,002185,华天科技
2021-01-10,zz500,2021-01-04,002191,劲嘉股份
2021-01-10,zz500,2021-01-04,002195,二三四五
2021-01-10,zz500,2021-01-04,002203,海亮股份
2021-01-10,zz500,2021-01-04,002212,天融信
2021-01-10,zz500,2021-01-04,002217,合力泰
2021-01-10,zz500,2021-01-04,002221,东华能源
2021-01-10,zz500,2021-01-04,002223,鱼跃医疗
2021-01-10,zz500,2021-01-04,002233,塔牌集团
2021-01-10,zz500,2021-01-04,002242,九阳股份
2021-01-10,zz500,2021-01-04,002244,滨江集团
2021-01-10,zz500,2021-01-04,002249,大洋电机
2021-01-10,zz500,2021-01-04,002250,联化科技
2021-01-10,zz500,2021-01-04,002266,浙富控股
2021-01-10,zz500,2021-01-04,002268,卫士通
2021-01-10,zz500,2021-01-04,002273,水晶光电
2021-01-10,zz500,2021-01-04,002281,光迅科技
2021-01-10,zz500,2021-01-04,002294,信立泰
2021-01-10,zz500,2021-01-04,002299,圣农发展
2021-01-10,zz500,2021-01-04,002302,西部建设
2021-01-10,zz500,2021-01-04,002317,众生药业
2021-01-10,zz500,2021-01-04,002340,格林美
2021-01-10,zz500,2021-01-04,002353,杰瑞股份
2021-01-10,zz500,2021-01-04,002368,太极股份
2021-01-10,zz500,2021-01-04,002372,伟星新材
2021-01-10,zz500,2021-01-04,002373,千方科技
2021-01-10,zz500,2021-01-04,002375,亚厦股份
2021-01-10,zz500,2021-01-04,002382,蓝帆医疗
2021-01-10,zz500,2021-01-04,002385,大北农
2021-01-10,zz500,2021-01-04,002387,维信诺
2021-01-10,zz500,2021-01-04,002390,信邦制药
2021-01-10,zz500,2021-01-04,002396,星网锐捷
2021-01-10,zz500,2021-01-04,002399,海普瑞
2021-01-10,zz500,2021-01-04,002408,齐翔腾达
2021-01-10,zz500,2021-01-04,002416,爱施德
2021-01-10,zz500,2021-01-04,002419,天虹股份
2021-01-10,zz500,2021-01-04,002423,中粮资本
2021-01-10,zz500,2021-01-04,002424,贵州百灵
2021-01-10,zz500,2021-01-04,002429,兆驰股份
2021-01-10,zz500,2021-01-04,002434,万里扬
2021-01-10,zz500,2021-01-04,002440,闰土股份
2021-01-10,zz500,2021-01-04,002444,巨星科技
2021-01-10,zz500,2021-01-04,002458,益生股份
2021-01-10,zz500,2021-01-04,002465,海格通信
2021-01-10,zz500,2021-01-04,002468,申通快递
2021-01-10,zz500,2021-01-04,002500,山西证券
2021-01-10,zz500,2021-01-04,002503,搜于特
2021-01-10,zz500,2021-01-04,002505,鹏都农牧
2021-01-10,zz500,2021-01-04,002506,协鑫集成
2021-01-10,zz500,2021-01-04,002507,涪陵榨菜
2021-01-10,zz500,2021-01-04,002511,中顺洁柔
2021-01-10,zz500,2021-01-04,002544,杰赛科技
2021-01-10,zz500,2021-01-04,002557,洽洽食品
2021-01-10,zz500,2021-01-04,002563,森马服饰
2021-01-10,zz500,2021-01-04,002568,百润股份
2021-01-10,zz500,2021-01-04,002572,索菲亚
2021-01-10,zz500,2021-01-04,002583,海能达
2021-01-10,zz500,2021-01-04,002589,瑞康医药
2021-01-10,zz500,2021-01-04,002595,豪迈科技
2021-01-10,zz500,2021-01-04,002603,以岭药业
2021-01-10,zz500,2021-01-04,002625,光启技术
2021-01-10,zz500,2021-01-04,002635,安洁科技
2021-01-10,zz500,2021-01-04,002640,跨境通
2021-01-10,zz500,2021-01-04,002648,卫星石化
2021-01-10,zz500,2021-01-04,002653,海思科
2021-01-10,zz500,2021-01-04,002670,国盛金控
2021-01-10,zz500,2021-01-04,002683,宏大爆破
2021-01-10,zz500,2021-01-04,002690,美亚光电
2021-01-10,zz500,2021-01-04,002701,奥瑞金
2021-01-10,zz500,2021-01-04,002705,新宝股份
2021-01-10,zz500,2021-01-04,002709,天赐材料
2021-01-10,zz500,2021-01-04,002745,木林森
2021-01-10,zz500,2021-01-04,002791,坚朗五金
2021-01-10,zz500,2021-01-04,002797,第一创业
2021-01-10,zz500,2021-01-04,002807,江阴银行
2021-01-10,zz500,2021-01-04,002815,崇达技术
2021-01-10,zz500,2021-01-04,002818,富森美
2021-01-10,zz500,2021-01-04,002831,裕同科技
2021-01-10,zz500,2021-01-04,002839,张家港行
2021-01-10,zz500,2021-01-04,002867,周大生
2021-01-10,zz500,2021-01-04,002901,大博医疗
2021-01-10,zz500,2021-01-04,002920,德赛西威
2021-01-10,zz500,2021-01-04,002925,盈趣科技
2021-01-10,zz500,2021-01-04,002926,华西证券
2021-01-10,zz500,2021-01-04,002936,郑州银行
2021-01-10,zz500,2021-01-04,002941,新疆交建
2021-01-10,zz500,2021-01-04,002946,新乳业
2021-01-10,zz500,2021-01-04,002948,青岛银行
2021-01-10,zz500,2021-01-04,002957,科瑞技术
2021-01-10,zz500,2021-01-04,002966,苏州银行
2021-01-10,zz500,2021-01-04,002985,北摩高科
2021-01-10,zz500,2021-01-04,300001,特锐德
2021-01-10,zz500,2021-01-04,300002,神州泰岳
2021-01-10,zz500,2021-01-04,300009,安科生物
2021-01-10,zz500,2021-01-04,300010,豆神教育
2021-01-10,zz500,2021-01-04,300012,华测检测
2021-01-10,zz500,2021-01-04,300017,网宿科技
2021-01-10,zz500,2021-01-04,300024,机器人
2021-01-10,zz500,2021-01-04,300026,红日药业
2021-01-10,zz500,2021-01-04,300058,蓝色光标
2021-01-10,zz500,2021-01-04,300070,碧水源
2021-01-10,zz500,2021-01-04,300072,三聚环保
2021-01-10,zz500,2021-01-04,300088,长信科技
2021-01-10,zz500,2021-01-04,300113,顺网科技
2021-01-10,zz500,2021-01-04,300115,长盈精密
2021-01-10,zz500,2021-01-04,300133,华策影视
2021-01-10,zz500,2021-01-04,300134,大富科技
2021-01-10,zz500,2021-01-04,300146,汤臣倍健
2021-01-10,zz500,2021-01-04,300166,东方国信
2021-01-10,zz500,2021-01-04,300168,万达信息
2021-01-10,zz500,2021-01-04,300180,华峰超纤
2021-01-10,zz500,2021-01-04,300182,捷成股份
2021-01-10,zz500,2021-01-04,300207,欣旺达
2021-01-10,zz500,2021-01-04,300212,易华录
2021-01-10,zz500,2021-01-04,300223,北京君正
2021-01-10,zz500,2021-01-04,300244,迪安诊断
2021-01-10,zz500,2021-01-04,300257,开山股份
2021-01-10,zz500,2021-01-04,300271,华宇软件
2021-01-10,zz500,2021-01-04,300274,阳光电源
2021-01-10,zz500,2021-01-04,300285,国瓷材料
2021-01-10,zz500,2021-01-04,300296,利亚德
2021-01-10,zz500,2021-01-04,300315,掌趣科技
2021-01-10,zz500,2021-01-04,300316,晶盛机电
2021-01-10,zz500,2021-01-04,300324,旋极信息
2021-01-10,zz500,2021-01-04,300357,我武生物
2021-01-10,zz500,2021-01-04,300376,易事特
2021-01-10,zz500,2021-01-04,300418,昆仑万维
2021-01-10,zz500,2021-01-04,300459,金科文化
2021-01-10,zz500,2021-01-04,300463,迈克生物
2021-01-10,zz500,2021-01-04,300474,景嘉微
2021-01-10,zz500,2021-01-04,300482,万孚生物
2021-01-10,zz500,2021-01-04,300496,中科创达
2021-01-10,zz500,2021-01-04,300595,欧普康视
2021-01-10,zz500,2021-01-04,300618,寒锐钴业
2021-01-10,zz500,2021-01-04,300630,普利制药
2021-01-10,zz500,2021-01-04,300699,光威复材
2021-07-10,hs300,2021-06-14,600000,浦发银行
2021-07-10,hs300,2021-06-14,600004,白云机场
2021-07-10,hs300,2021-06-14,600009,上海机场
2021-07-10,hs300,2021-06-14,600010,包钢股份
2021-07-10,hs300,2021-06-14,600011,华能国际
2021-07-10,hs300,2021-06-14,600015,华夏银行
2021-07-10,hs300,2021-06-14,600016,民生银行
2021-07-10,hs300,2021-06-14,600018,上港集团
2021-07-10,hs300,2021-06-14,600019,宝钢股份
2021-07-10,hs300,2021-06-14,600025,华能水电
2021-07-10,hs300,2021-06-14,600027,华电国际
2021-07-10,hs300,2021-06-14,600028,中国石化
2021-07-10,hs300,2021-06-14,600029,南方航空
2021-07-10,hs300,2021-06-14,600030,中信证券
2021-07-10,hs300,2021-06-14,600031,三一重工
2021-07-10,hs300,2021-06-14,600036,招商银行
2021-07-10,hs300,2021-06-14,600048,保利地产
2021-07-10,hs300,2021-06-14,600050,中国联通
2021-07-10,hs300,2021-06-14,600061,国投资本
2021-07-10,hs300,2021-06-14,600066,宇通客车
2021-07-10,hs300,2021-06-14,600068,葛洲坝
2021-07-10,hs300,2021-06-14,600085,同仁堂
2021-07-10,hs300,2021-06-14,600104,上汽集团
2021-07-10,hs300,2021-06-14,600109,国金证券
2021-07-10,hs300,2021-06-14,600111,北方稀土
2021-07-10,hs300,2021-06-14,600115,中国东航
2021-07-10,hs300,2021-06-14,600118,中国卫星
2021-07-10,hs300,2021-06-14,600150,中国船舶
2021-07-10,hs300,2021-06-14,600161,天坛生物
2021-07-10,hs300,2021-06-14,600176,中国巨石
2021-07-10,hs300,2021-06-14,600177,雅戈尔
2021-07-10,hs300,2021-06-14,600183,生益科技
2021-07-10,hs300,2021-06-14,600196,复星医药
2021-07-10,hs300,2021-06-14,600208,新湖中宝
2021-07-10,hs300,2021-06-14,600233,圆通速递
2021-07-10,hs300,2021-06-14,600271,航天信息
2021-07-10,hs300,2021-06-14,600276,恒瑞医药
2021-07-10,hs300,2021-06-14,600297,广汇汽车
2021-07-10,hs300,2021-06-14,600299,安迪苏
2021-07-10,hs300,2021-06-14,600309,万华化学
2021-07-10,hs300,2021-06-14,600332,白云山
2021-07-10,hs300,2021-06-14,600340,华夏幸福
2021-07-10,hs300,2021-06-14,600346,恒力石化
2021-07-10,hs300,2021-06-14,600352,浙江龙盛
2021-07-10,hs300,2021-06-14,600362,江西铜业
2021-07-10,hs300,2021-06-14,600369,西南证券
2021-07-10,hs300,2021-06-14,600383,金地集团
2021-07-10,hs300,2021-06-14,600390,五矿资本
2021-07-10,hs300,2021-06-14,600406,国电南瑞
2021-07-10,hs300,2021-06-14,600436,片仔癀
2021-07-10,hs300,2021-06-14,600438,通威股份
2021-07-10,hs300,2021-06-14,600482,中国动力
2021-07-10,hs300,2021-06-14,600487,亨通光电
2021-07-10,hs300,2021-06-14,600489,中金黄金
2021-07-10,hs300,2021-06-14,600498,烽火通信
2021-07-10,hs300,2021-06-14,600519,贵州茅台
2021-07-10,hs300,2021-06-14,600522,中天科技
2021-07-10,hs300,2021-06-14,600547,山东黄金
2021-07-10,hs300,2021-06-14,600570,恒生电子
2021-07-10,hs300,2021-06-14,600584,长电科技
2021-07-10,hs300,2021-06-14,600585,海螺水泥
2021-07-10,hs300,2021-06-14,600588,用友网络
2021-07-10,hs300,2021-06-14,600600,青岛啤酒
2021-07-10,hs300,2021-06-14,600606,绿地控股
2021-07-10,hs300,2021-06-14,600637,东方明珠
2021-07-10,hs300,2021-06-14,600655,豫园股份
2021-07-10,hs300,2021-06-14,600660,福耀玻璃
2021-07-10,hs300,2021-06-14,600690,海尔智家
2021-07-10,hs300,2021-06-14,600703,三安光电
2021-07-10,hs300,2021-06-14,600705,中航资本
2021-07-10,hs300,2021-06-14,600741,华域汽车
2021-07-10,hs300,2021-06-14,600745,闻泰科技
2021-07-10,hs300,2021-06-14,600760,中航沈飞
2021-07-10,hs300,2021-06-14,600763,通策医疗
2021-07-10,hs300,2021-06-14,600795,国电电力
2021-07-10,hs300,2021-06-14,600809,山西汾酒
2021-07-10,hs300,2021-06-14,600837,海通证券
2021-07-10,hs300,2021-06-14,600845,宝信软件
2021-07-10,hs300,2021-06-14,600848,上海临港
2021-07-10,hs300,2021-06-14,600872,中炬高新
2021-07-10,hs300,2021-06-14,600886,国投电力
2021-07-10,hs300,2021-06-14,600887,伊利股份
2021-07-10,hs300,2021-06-14,600893,航发动力
2021-07-10,hs300,2021-06-14,600900,长江电力
2021-07-10,hs300,2021-06-14,600918,中泰证券
2021-07-10,hs300,2021-06-14,600919,江苏银行
2021-07-10,hs300,2021-06-14,600926,杭州银行
2021-07-10,hs300,2021-06-14,600958,东方证券
2021-07-10,hs300,2021-06-14,600989,宝丰能源
2021-07-10,hs300,2021-06-14,600998,九州通
2021-07-10,hs300,2021-06-14,600999,招商证券
2021-07-10,hs300,2021-06-14,601006,大秦铁路
2021-07-10,hs300,2021-06-14,601009,南京银行
2021-07-10,hs300,2021-06-14,601012,隆基股份
2021-07-10,hs300,2021-06-14,601021,春秋航空
2021-07-10,hs300,2021-06-14,601066,中信建投
2021-07-10,hs300,2021-06-14,601077,渝农商行
2021-07-10,hs300,2021-06-14,601088,中国神华
2021-07-10,hs300,2021-06-14,601100,恒立液压
2021-07-10,hs300,2021-06-14,601108,财通证券
2021-07-10,hs300,2021-06-14,601111,中国国航
2021-07-10,hs300,2021-06-14,601117,中国化学
2021-07-10,hs300,2021-06-14,601138,工业富联
2021-07-10,hs300,2021-06-14,601155,新城控股
2021-07-10,hs300,2021-06-14,601162,天风证券
2021-07-10,hs300,2021-06-14,601166,兴业银行
2021-07-10,hs300,2021-06-14,601169,北京银行
2021-07-10,hs300,2021-06-14,601186,中国铁建
2021-07-10,hs300,2021-06-14,601198,东兴证券
2021-07-10,hs300,2021-06-14,601211,国泰君安
2021-07-10,hs300,2021-06-14,601216,君正集团
2021-07-10,hs300,2021-06-14,601225,陕西煤业
2021-07-10,hs300,2021-06-14,601229,上海银行
2021-07-10,hs300,2021-06-14,601231,环旭电子
2021-07-10,hs300,2021-06-14,601236,红塔证券
2021-07-10,hs300,2021-06-14,601238,广汽集团
2021-07-10,hs300,2021-06-14,601288,农业银行
2021-07-10,hs300,2021-06-14,601318,中国平安
2021-07-10,hs300,2021-06-14,601319,中国人保
2021-07-10,hs300,2021-06-14,601328,交通银行
2021-07-10,hs300,2021-06-14,601336,新华保险
2021-07-10,hs300,2021-06-14,601360,三六零
2021-07-10,hs300,2021-06-14,601377,兴业证券
2021-07-10,hs300,2021-06-14,601390,中国中铁
2021-07-10,hs300,2021-06-14,601398,工商银行
2021-07-10,hs300,2021-06-14,601555,东吴证券
2021-07-10,hs300,2021-06-14,601577,长沙银行
2021-07-10,hs300,2021-06-14,601600,中国铝业
2021-07-10,hs300,2021-06-14,601601,中国太保
2021-07-10,hs300,2021-06-14,601607,上海医药
2021-07-10,hs300,2021-06-14,601618,中国中冶
2021-07-10,hs300,2021-06-14,601628,中国人寿
2021-07-10,hs300,2021-06-14,601633,长城汽车
2021-07-10,hs300,2021-06-14,601658,邮储银行
2021-07-10,hs300,2021-06-14,601668,中国建筑
2021-07-10,hs300,2021-06-14,601669,中国电建
2021-07-10,hs300,2021-06-14,601688,华泰证券
2021-07-10,hs300,2021-06-14,601696,中银证券
2021-07-10,hs300,2021-06-14,601698,中国卫通
2021-07-10,hs300,2021-06-14,601727,上海电气
2021-07-10,hs300,2021-06-14,601766,中国中车
2021-07-10,hs300,2021-06-14,601788,光大证券
2021-07-10,hs300,2021-06-14,601800,中国交建
2021-07-10,hs300,2021-06-14,601808,中海油服
2021-07-10,hs300,2021-06-14,601816,京沪高铁
2021-07-10,hs300,2021-06-14,601818,光大银行
2021-07-10,hs300,2021-06-14,601838,成都银行
2021-07-10,hs300,2021-06-14,601857,中国石油
2021-07-10,hs300,2021-06-14,601872,招商轮船
2021-07-10,hs300,2021-06-14,601877,正泰电器
2021-07-10,hs300,2021-06-14,601878,浙商证券
2021-07-10,hs300,2021-06-14,601881,中国银河
2021-07-10,hs300,2021-06-14,601888,中国中免
2021-07-10,hs300,2021-06-14,601899,紫金矿业
2021-07-10,hs300,2021-06-14,601901,方正证券
2021-07-10,hs300,2021-06-14,601916,浙商银行
2021-07-10,hs300,2021-06-14,601919,中远海控
2021-07-10,hs300,2021-06-14,601933,永辉超市
2021-07-10,hs300,2021-06-14,601939,建设银行
2021-07-10,hs300,2021-06-14,601985,中国核电
2021-07-10,hs300,2021-06-14,601988,中国银行
2021-07-10,hs300,2021-06-14,601989,中国重工
2021-07-10,hs300,2021-06-14,601990,南京证券
2021-07-10,hs300,2021-06-14,601998,中信银行
2021-07-10,hs300,2021-06-14,603019,中科曙光
2021-07-10,hs300,2021-06-14,603087,甘李药业
2021-07-10,hs300,2021-06-14,603156,养元饮品
2021-07-10,hs300,2021-06-14,603160,汇顶科技
2021-07-10,hs300,2021-06-14,603195,公牛集团
2021-07-10,hs300,2021-06-14,603259,药明康德
2021-07-10,hs300,2021-06-14,603288,海天味业
2021-07-10,hs300,2021-06-14,603369,今世缘
2021-07-10,hs300,2021-06-14,603392,万泰生物
2021-07-10,hs300,2021-06-14,603501,韦尔股份
2021-07-10,hs300,2021-06-14,603658,安图生物
2021-07-10,hs300,2021-06-14,603799,华友钴业
2021-07-10,hs300,2021-06-14,603833,欧派家居
2021-07-10,hs300,2021-06-14,603899,晨光文具
2021-07-10,hs300,2021-06-14,603986,兆易创新
2021-07-10,hs300,2021-06-14,603993,洛阳钼业
2021-07-10,hs300,2021-06-14,688008,澜起科技
2021-07-10,hs300,2021-06-14,688009,中国通号
2021-07-10,hs300,2021-06-14,688012,中微公司
2021-07-10,hs300,2021-06-14,688036,传音控股
2021-07-10,hs300,2021-06-14,000001,平安银行
2021-07-10,hs300,2021-06-14,000002,万科A
2021-07-10,hs300,2021-06-14,000063,中兴通讯
2021-07-10,hs300,2021-06-14,000066,中国长城
2021-07-10,hs300,2021-06-14,000069,华侨城A
2021-07-10,hs300,2021-06-14,000100,TCL科技
2021-07-10,hs300,2021-06-14,000157,中联重科
2021-07-10,hs300,2021-06-14,000166,申万宏源
2021-07-10,hs300,2021-06-14,000333,美的集团
2021-07-10,hs300,2021-06-14,000338,潍柴动力
2021-07-10,hs300,2021-06-14,000425,徐工机械
2021-07-10,hs300,2021-06-14,000538,云南白药
2021-07-10,hs300,2021-06-14,000568,泸州老窖
2021-07-10,hs300,2021-06-14,000596,古井贡酒
2021-07-10,hs300,2021-06-14,000625,长安汽车
2021-07-10,hs300,2021-06-14,000627,天茂集团
2021-07-10,hs300,2021-06-14,000651,格力电器
2021-07-10,hs300,2021-06-14,000656,金科股份
2021-07-10,hs300,2021-06-14,000661,长春高新
2021-07-10,hs300,2021-06-14,000671,阳光城
2021-07-10,hs300,2021-06-14,000703,恒逸石化
2021-07-10,hs300,2021-06-14,000708,中信特钢
2021-07-10,hs300,2021-06-14,000723,美锦能源
2021-07-10,hs300,2021-06-14,000725,京东方A
2021-07-10,hs300,2021-06-14,000728,国元证券
2021-07-10,hs300,2021-06-14,000768,中航西飞
2021-07-10,hs300,2021-06-14,000776,广发证券
2021-07-10,hs300,2021-06-14,000783,长江证券
2021-07-10,hs300,2021-06-14,000786,北新建材
2021-07-10,hs300,2021-06-14,000858,五粮液
2021-07-10,hs300,2021-06-14,000860,顺鑫农业
2021-07-10,hs300,2021-06-14,000876,新希望
2021-07-10,hs300,2021-06-14,000895,双汇发展
2021-07-10,hs300,2021-06-14,000938,紫光股份
2021-07-10,hs300,2021-06-14,000961,中南建设
2021-07-10,hs300,2021-06-14,000963,华东医药
2021-07-10,hs300,2021-06-14,000977,浪潮信息
2021-07-10,hs300,2021-06-14,001979,招商蛇口
2021-07-10,hs300,2021-06-14,002001,新和成
2021-07-10,hs300,2021-06-14,002007,华兰生物
2021-07-10,hs300,2021-06-14,002008,大族激光
2021-07-10,hs300,2021-06-14,002024,苏宁易购
2021-07-10,hs300,2021-06-14,002027,分众传媒
2021-07-10,hs300,2021-06-14,002032,苏泊尔
2021-07-10,hs300,2021-06-14,002044,美年健康
2021-07-10,hs300,2021-06-14,002049,紫光国微
2021-07-10,hs300,2021-06-14,002050,三花智控
2021-07-10,hs300,2021-06-14,002120,韵达股份
2021-07-10,hs300,2021-06-14,002129,中环股份
2021-07-10,hs300,2021-06-14,002142,宁波银行
2021-07-10,hs300,2021-06-14,002146,荣盛发展
2021-07-10,hs300,2021-06-14,002153,石基信息
2021-07-10,hs300,2021-06-14,002157,正邦科技
2021-07-10,hs300,2021-06-14,002179,中航光电
2021-07-10,hs300,2021-06-14,002202,金风科技
2021-07-10,hs300,2021-06-14,002230,科大讯飞
2021-07-10,hs300,2021-06-14,002236,大华股份
2021-07-10,hs300,2021-06-14,002241,歌尔股份
2021-07-10,hs300,2021-06-14,002252,上海莱士
2021-07-10,hs300,2021-06-14,002271,东方雨虹
2021-07-10,hs300,2021-06-14,002304,洋河股份
2021-07-10,hs300,2021-06-14,002311,海大集团
2021-07-10,hs300,2021-06-14,002352,顺丰控股
2021-07-10,hs300,2021-06-14,002371,北方华创
2021-07-10,hs300,2021-06-14,002384,东山精密
2021-07-10,hs300,2021-06-14,002410,广联达
2021-07-10,hs300,2021-06-14,002414,高德红外
2021-07-10,hs300,2021-06-14,002415,海康威视
2021-07-10,hs300,2021-06-14,002422,科伦药业
2021-07-10,hs300,2021-06-14,002456,欧菲光
2021-07-10,hs300,2021-06-14,002460,赣锋锂业
2021-07-10,hs300,2021-06-14,002463,沪电股份
2021-07-10,hs300,2021-06-14,002475,立讯精密
2021-07-10,hs300,2021-06-14,002493,荣盛石化
2021-07-10,hs300,2021-06-14,002508,老板电器
2021-07-10,hs300,2021-06-14,002555,三七互娱
2021-07-10,hs300,2021-06-14,002558,巨人网络
2021-07-10,hs300,2021-06-14,002594,比亚迪
2021-07-10,hs300,2021-06-14,002600,领益智造
2021-07-10,hs300,2021-06-14,002601,龙蟒佰利
2021-07-10,hs300,2021-06-14,002602,世纪华通
2021-07-10,hs300,2021-06-14,002607,中公教育
2021-07-10,hs300,2021-06-14,002624,完美世界
2021-07-10,hs300,2021-06-14,002673,西部证券
2021-07-10,hs300,2021-06-14,002714,牧原股份
2021-07-10,hs300,2021-06-14,002736,国信证券
2021-07-10,hs300,2021-06-14,002739,万达电影
2021-07-10,hs300,2021-06-14,002773,康弘药业
2021-07-10,hs300,2021-06-14,002812,恩捷股份
2021-07-10,hs300,2021-06-14,002821,凯莱英
2021-07-10,hs300,2021-06-14,002841,视源股份
2021-07-10,hs300,2021-06-14,002916,深南电路
2021-07-10,hs300,2021-06-14,002938,鹏鼎控股
2021-07-10,hs300,2021-06-14,002939,长城证券
2021-07-10,hs300,2021-06-14,002945,华林证券
2021-07-10,hs300,2021-06-14,002958,青农商行
2021-07-10,hs300,2021-06-14,003816,中国广核
2021-07-10,hs300,2021-06-14,300003,乐普医疗
2021-07-10,hs300,2021-06-14,300014,亿纬锂能
2021-07-10,hs300,2021-06-14,300015,爱尔眼科
2021-07-10,hs300,2021-06-14,300033,同花顺
2021-07-10,hs300,2021-06-14,300059,东方财富
2021-07-10,hs300,2021-06-14,300122,智飞生物
2021-07-10,hs300,2021-06-14,300124,汇川技术
2021-07-10,hs300,2021-06-14,300136,信维通信
2021-07-10,hs300,2021-06-14,300142,沃森生物
2021-07-10,hs300,2021-06-14,300144,宋城演艺
2021-07-10,hs300,2021-06-14,300347,泰格医药
2021-07-10,hs300,2021-06-14,300408,三环集团
2021-07-10,hs300,2021-06-14,300413,芒果超媒
2021-07-10,hs300,2021-06-14,300433,蓝思科技
2021-07-10,hs300,2021-06-14,300498,温氏股份
2021-07-10,hs300,2021-06-14,300529,健帆生物
2021-07-10,hs300,2021-06-14,300601,康泰生物
2021-07-10,hs300,2021-06-14,300628,亿联网络
2021-07-10,hs300,2021-06-14,300676,华大基因
2021-07-10,zz500,2021-06-14,600006,东风汽车
2021-07-10,zz500,2021-06-14,600008,首创股份
2021-07-10,zz500,2021-06-14,600021,上海电力
2021-07-10,zz500,2021-06-14,600022,山东钢铁
2021-07-10,zz500,2021-06-14,600026,中远海能
2021-07-10,zz500,2021-06-14,600037,歌华有线
2021-07-10,zz500,2021-06-14,600038,中直股份
2021-07-10,zz500,2021-06-14,600039,四川路桥
2021-07-10,zz500,2021-06-14,600053,九鼎投资
2021-07-10,zz500,2021-06-14,600056,中国医药
2021-07-10,zz500,2021-06-14,600060,海信视像
2021-07-10,zz500,2021-06-14,600062,华润双鹤
2021-07-10,zz500,2021-06-14,600064,南京高科
2021-07-10,zz500,2021-06-14,600073,上海梅林
2021-07-10,zz500,2021-06-14,600079,人福医药
2021-07-10,zz500,2021-06-14,600089,特变电工
2021-07-10,zz500,2021-06-14,600094,大名城
2021-07-10,zz500,2021-06-14,600120,浙江东方
2021-07-10,zz500,2021-06-14,600126,杭钢股份
2021-07-10,zz500,2021-06-14,600131,国网信通
2021-07-10,zz500,2021-06-14,600132,重庆啤酒
2021-07-10,zz500,2021-06-14,600141,兴发集团
2021-07-10,zz500,2021-06-14,600143,金发科技
2021-07-10,zz500,2021-06-14,600153,建发股份
2021-07-10,zz500,2021-06-14,600155,华创阳安
2021-07-10,zz500,2021-06-14,600158,中体产业
2021-07-10,zz500,2021-06-14,600160,巨化股份
2021-07-10,zz500,2021-06-14,600166,福田汽车
2021-07-10,zz500,2021-06-14,600167,联美控股
2021-07-10,zz500,2021-06-14,600170,上海建工
2021-07-10,zz500,2021-06-14,600171,上海贝岭
2021-07-10,zz500,2021-06-14,600188,兖州煤业
2021-07-10,zz500,2021-06-14,600195,中牧股份
2021-07-10,zz500,2021-06-14,600201,生物股份
2021-07-10,zz500,2021-06-14,600216,浙江医药
2021-07-10,zz500,2021-06-14,600219,南山铝业
2021-07-10,zz500,2021-06-14,600256,广汇能源
2021-07-10,zz500,2021-06-14,600258,首旅酒店
2021-07-10,zz500,2021-06-14,600259,广晟有色
2021-07-10,zz500,2021-06-14,600260,凯乐科技
2021-07-10,zz500,2021-06-14,600266,城建发展
2021-07-10,zz500,2021-06-14,600273,嘉化能源
2021-07-10,zz500,2021-06-14,600277,亿利洁能
2021-07-10,zz500,2021-06-14,600282,南钢股份
2021-07-10,zz500,2021-06-14,600291,*ST西水
2021-07-10,zz500,2021-06-14,600307,酒钢宏兴
2021-07-10,zz500,2021-06-14,600312,平高电气
2021-07-10,zz500,2021-06-14,600315,上海家化
2021-07-10,zz500,2021-06-14,600316,洪都航空
2021-07-10,zz500,2021-06-14,600325,华发股份
2021-07-10,zz500,2021-06-14,600329,中新药业
2021-07-10,zz500,2021-06-14,600338,西藏珠峰
2021-07-10,zz500,2021-06-14,600339,中油工程
2021-07-10,zz500,2021-06-14,600348,华阳股份
2021-07-10,zz500,2021-06-14,600350,山东高速
2021-07-10,zz500,2021-06-14,600372,中航电子
2021-07-10,zz500,2021-06-14,600373,中文传媒
2021-07-10,zz500,2021-06-14,600376,首开股份
2021-07-10,zz500,2021-06-14,600380,健康元
2021-07-10,zz500,2021-06-14,600388,龙净环保
2021-07-10,zz500,2021-06-14,600392,盛和资源
2021-07-10,zz500,2021-06-14,600398,海澜之家
2021-07-10,zz500,2021-06-14,600409,三友化工
2021-07-10,zz500,2021-06-14,600410,华胜天成
2021-07-10,zz500,2021-06-14,600415,小商品城
2021-07-10,zz500,2021-06-14,600418,江淮汽车
2021-07-10,zz500,2021-06-14,600426,华鲁恒升
2021-07-10,zz500,2021-06-14,600435,北方导航
2021-07-10,zz500,2021-06-14,600446,金证股份
2021-07-10,zz500,2021-06-14,600460,士兰微
2021-07-10,zz500,2021-06-14,600466,蓝光发展
2021-07-10,zz500,2021-06-14,600486,扬农化工
2021-07-10,zz500,2021-06-14,600497,驰宏锌锗
2021-07-10,zz500,2021-06-14,600500,中化国际
2021-07-10,zz500,2021-06-14,600507,方大特钢
2021-07-10,zz500,2021-06-14,600511,国药股份
2021-07-10,zz500,2021-06-14,600516,方大炭素
2021-07-10,zz500,2021-06-14,600517,国网英大
2021-07-10,zz500,2021-06-14,600528,中铁工业
2021-07-10,zz500,2021-06-14,600529,山东药玻
2021-07-10,zz500,2021-06-14,600535,天士力
2021-07-10,zz500,2021-06-14,600545,卓郎智能
2021-07-10,zz500,2021-06-14,600546,山煤国际
2021-07-10,zz500,2021-06-14,600549,厦门钨业
2021-07-10,zz500,2021-06-14,600556,天下秀
2021-07-10,zz500,2021-06-14,600563,法拉电子
2021-07-10,zz500,2021-06-14,600566,济川药业
2021-07-10,zz500,2021-06-14,600567,山鹰国际
2021-07-10,zz500,2021-06-14,600572,康恩贝
2021-07-10,zz500,2021-06-14,600575,淮河能源
2021-07-10,zz500,2021-06-14,600580,卧龙电驱
2021-07-10,zz500,2021-06-14,600582,天地科技
2021-07-10,zz500,2021-06-14,600597,光明乳业
2021-07-10,zz500,2021-06-14,600598,北大荒
2021-07-10,zz500,2021-06-14,600623,华谊集团
2021-07-10,zz500,2021-06-14,600633,浙数文化
2021-07-10,zz500,2021-06-14,600639,浦东金桥
2021-07-10,zz500,2021-06-14,600640,号百控股
2021-07-10,zz500,2021-06-14,600642,申能股份
2021-07-10,zz500,2021-06-14,600643,爱建集团
2021-07-10,zz500,2021-06-14,600645,中源协和
2021-07-10,zz500,2021-06-14,600648,外高桥
2021-07-10,zz500,2021-06-14,600649,城投控股
2021-07-10,zz500,2021-06-14,600657,信达地产
2021-07-10,zz500,2021-06-14,600664,哈药股份
2021-07-10,zz500,2021-06-14,600667,太极实业
2021-07-10,zz500,2021-06-14,600673,东阳光
2021-07-10,zz500,2021-06-14,600675,中华企业
2021-07-10,zz500,2021-06-14,600699,均胜电子
2021-07-10,zz500,2021-06-14,600704,物产中大
2021-07-10,zz500,2021-06-14,600707,彩虹股份
2021-07-10,zz500,2021-06-14,600717,天津港
2021-07-10,zz500,2021-06-14,600718,东软集团
2021-07-10,zz500,2021-06-14,600728,佳都科技
2021-07-10,zz500,2021-06-14,600729,重庆百货
2021-07-10,zz500,2021-06-14,600733,北汽蓝谷
2021-07-10,zz500,2021-06-14,600737,中粮糖业
2021-07-10,zz500,2021-06-14,600739,辽宁成大
2021-07-10,zz500,2021-06-14,600748,上实发展
2021-07-10,zz500,2021-06-14,600754,锦江酒店
2021-07-10,zz500,2021-06-14,600755,厦门国贸
2021-07-10,zz500,2021-06-14,600764,中国海防
2021-07-10,zz500,2021-06-14,600765,中航重机
2021-07-10,zz500,2021-06-14,600776,东方通信
2021-07-10,zz500,2021-06-14,600779,水井坊
2021-07-10,zz500,2021-06-14,600782,新钢股份
2021-07-10,zz500,2021-06-14,600787,中储股份
2021-07-10,zz500,2021-06-14,600801,华新水泥
2021-07-10,zz500,2021-06-14,600804,鹏博士
2021-07-10,zz500,2021-06-14,600808,马钢股份
2021-07-10,zz500,2021-06-14,600811,东方集团
2021-07-10,zz500,2021-06-14,600820,隧道股份
2021-07-10,zz500,2021-06-14,600823,世茂股份
2021-07-10,zz500,2021-06-14,600827,百联股份
2021-07-10,zz500,2021-06-14,600835,上海机电
2021-07-10,zz500,2021-06-14,600839,四川长虹
2021-07-10,zz500,2021-06-14,600859,王府井
2021-07-10,zz500,2021-06-14,600862,中航高科
2021-07-10,zz500,2021-06-14,600863,内蒙华电
2021-07-10,zz500,2021-06-14,600867,通化东宝
2021-07-10,zz500,2021-06-14,600869,远东股份
2021-07-10,zz500,2021-06-14,600871,石化油服
2021-07-10,zz500,2021-06-14,600875,东方电气
2021-07-10,zz500,2021-06-14,600879,航天电子
2021-07-10,zz500,2021-06-14,600881,亚泰集团
2021-07-10,zz500,2021-06-14,600884,杉杉股份
2021-07-10,zz500,2021-06-14,600885,宏发股份
2021-07-10,zz500,2021-06-14,600895,张江高科
2021-07-10,zz500,2021-06-14,600901,江苏租赁
2021-07-10,zz500,2021-06-14,600903,贵州燃气
2021-07-10,zz500,2021-06-14,600908,无锡银行
2021-07-10,zz500,2021-06-14,600909,华安证券
2021-07-10,zz500,2021-06-14,600917,重庆燃气
2021-07-10,zz500,2021-06-14,600928,西安银行
2021-07-10,zz500,2021-06-14,600956,新天绿能
2021-07-10,zz500,2021-06-14,600959,江苏有线
2021-07-10,zz500,2021-06-14,600967,内蒙一机
2021-07-10,zz500,2021-06-14,600968,海油发展
2021-07-10,zz500,2021-06-14,600970,中材国际
2021-07-10,zz500,2021-06-14,600985,淮北矿业
2021-07-10,zz500,2021-06-14,601000,唐山港
2021-07-10,zz500,2021-06-14,601003,柳钢股份
2021-07-10,zz500,2021-06-14,601005,重庆钢铁
2021-07-10,zz500,2021-06-14,601016,节能风电
2021-07-10,zz500,2021-06-14,601068,中铝国际
2021-07-10,zz500,2021-06-14,601098,中南传媒
2021-07-10,zz500,2021-06-14,601099,太平洋
2021-07-10,zz500,2021-06-14,601106,中国一重
2021-07-10,zz500,2021-06-14,601118,海南橡胶
2021-07-10,zz500,2021-06-14,601127,小康股份
2021-07-10,zz500,2021-06-14,601128,常熟银行
2021-07-10,zz500,2021-06-14,601139,深圳燃气
2021-07-10,zz500,2021-06-14,601168,西部矿业
2021-07-10,zz500,2021-06-14,601179,中国西电
2021-07-10,zz500,2021-06-14,601200,上海环境
2021-07-10,zz500,2021-06-14,601228,广州港
2021-07-10,zz500,2021-06-14,601233,桐昆股份
2021-07-10,zz500,2021-06-14,601298,青岛港
2021-07-10,zz500,2021-06-14,601333,广深铁路
2021-07-10,zz500,2021-06-14,601456,国联证券
2021-07-10,zz500,2021-06-14,601512,中新集团
2021-07-10,zz500,2021-06-14,601598,中国外运
2021-07-10,zz500,2021-06-14,601608,中信重工
2021-07-10,zz500,2021-06-14,601611,中国核建
2021-07-10,zz500,2021-06-14,601615,明阳智能
2021-07-10,zz500,2021-06-14,601689,拓普集团
2021-07-10,zz500,2021-06-14,601699,潞安环能
2021-07-10,zz500,2021-06-14,601717,郑煤机
2021-07-10,zz500,2021-06-14,601718,际华集团
2021-07-10,zz500,2021-06-14,601778,晶科科技
2021-07-10,zz500,2021-06-14,601799,星宇股份
2021-07-10,zz500,2021-06-14,601801,皖新传媒
2021-07-10,zz500,2021-06-14,601828,美凯龙
2021-07-10,zz500,2021-06-14,601860,紫金银行
2021-07-10,zz500,2021-06-14,601865,福莱特
2021-07-10,zz500,2021-06-14,601866,中远海发
2021-07-10,zz500,2021-06-14,601869,长飞光纤
2021-07-10,zz500,2021-06-14,601880,辽港股份
2021-07-10,zz500,2021-06-14,601928,凤凰传媒
2021-07-10,zz500,2021-06-14,601958,金钼股份
2021-07-10,zz500,2021-06-14,601966,玲珑轮胎
2021-07-10,zz500,2021-06-14,601969,海南矿业
2021-07-10,zz500,2021-06-14,601975,招商南油
2021-07-10,zz500,2021-06-14,601992,金隅集团
2021-07-10,zz500,2021-06-14,601997,贵阳银行
2021-07-10,zz500,2021-06-14,603000,人民网
2021-07-10,zz500,2021-06-14,603056,德邦股份
2021-07-10,zz500,2021-06-14,603077,和邦生物
2021-07-10,zz500,2021-06-14,603198,迎驾贡酒
2021-07-10,zz500,2021-06-14,603225,新凤鸣
2021-07-10,zz500,2021-06-14,603228,景旺电子
2021-07-10,zz500,2021-06-14,603256,宏和科技
2021-07-10,zz500,2021-06-14,603260,合盛硅业
2021-07-10,zz500,2021-06-14,603290,斯达半导
2021-07-10,zz500,2021-06-14,603317,天味食品
2021-07-10,zz500,2021-06-14,603328,依顿电子
2021-07-10,zz500,2021-06-14,603338,浙江鼎力
2021-07-10,zz500,2021-06-14,603345,安井食品
2021-07-10,zz500,2021-06-14,603355,莱克电气
2021-07-10,zz500,2021-06-14,603377,东方时尚
2021-07-10,zz500,2021-06-14,603379,三美股份
2021-07-10,zz500,2021-06-14,603444,吉比特
2021-07-10,zz500,2021-06-14,603486,科沃斯
2021-07-10,zz500,2021-06-14,603515,欧普照明
2021-07-10,zz500,2021-06-14,603568,伟明环保
2021-07-10,zz500,2021-06-14,603589,口子窖
2021-07-10,zz500,2021-06-14,603605,珀莱雅
2021-07-10,zz500,2021-06-14,603638,艾迪精密
2021-07-10,zz500,2021-06-14,603650,彤程新材
2021-07-10,zz500,2021-06-14,603708,家家悦
2021-07-10,zz500,2021-06-14,603712,七一二
2021-07-10,zz500,2021-06-14,603719,良品铺子
2021-07-10,zz500,2021-06-14,603737,三棵树
2021-07-10,zz500,2021-06-14,603786,科博达
2021-07-10,zz500,2021-06-14,603806,福斯特
2021-07-10,zz500,2021-06-14,603816,顾家家居
2021-07-10,zz500,2021-06-14,603858,步长制药
2021-07-10,zz500,2021-06-14,603866,桃李面包
2021-07-10,zz500,2021-06-14,603868,飞科电器
2021-07-10,zz500,2021-06-14,603882,金域医学
2021-07-10,zz500,2021-06-14,603883,老百姓
2021-07-10,zz500,2021-06-14,603885,吉祥航空
2021-07-10,zz500,2021-06-14,603888,新华网
2021-07-10,zz500,2021-06-14,603893,瑞芯微
2021-07-10,zz500,2021-06-14,603927,中科软
2021-07-10,zz500,2021-06-14,603983,丸美股份
2021-07-10,zz500,2021-06-14,688002,睿创微纳
2021-07-10,zz500,2021-06-14,688029,南微医学
2021-07-10,zz500,2021-06-14,688088,虹软科技
2021-07-10,zz500,2021-06-14,688099,晶晨股份
2021-07-10,zz500,2021-06-14,688321,微芯生物
2021-07-10,zz500,2021-06-14,000008,神州高铁
2021-07-10,zz500,2021-06-14,000009,中国宝安
2021-07-10,zz500,2021-06-14,000012,南玻A
2021-07-10,zz500,2021-06-14,000021,深科技
2021-07-10,zz500,2021-06-14,000027,深圳能源
2021-07-10,zz500,2021-06-14,000028,国药一致
2021-07-10,zz500,2021-06-14,000031,大悦城
2021-07-10,zz500,2021-06-14,000039,中集集团
2021-07-10,zz500,2021-06-14,000046,泛海控股
2021-07-10,zz500,2021-06-14,000050,深天马A
2021-07-10,zz500,2021-06-14,000060,中金岭南
2021-07-10,zz500,2021-06-14,000061,农产品
2021-07-10,zz500,2021-06-14,000062,深圳华强
2021-07-10,zz500,2021-06-14,000078,海王生物
2021-07-10,zz500,2021-06-14,000089,深圳机场
2021-07-10,zz500,2021-06-14,000090,天健集团
2021-07-10,zz500,2021-06-14,000156,华数传媒
2021-07-10,zz500,2021-06-14,000158,常山北明
2021-07-10,zz500,2021-06-14,000301,东方盛虹
2021-07-10,zz500,2021-06-14,000400,许继电气
2021-07-10,zz500,2021-06-14,000401,冀东水泥
2021-07-10,zz500,2021-06-14,000402,金融街
2021-07-10,zz500,2021-06-14,000415,渤海租赁
2021-07-10,zz500,2021-06-14,000488,晨鸣纸业
2021-07-10,zz500,2021-06-14,000501,鄂武商A
2021-07-10,zz500,2021-06-14,000513,丽珠集团
2021-07-10,zz500,2021-06-14,000519,中兵红箭
2021-07-10,zz500,2021-06-14,000528,柳工
2021-07-10,zz500,2021-06-14,000537,广宇发展
2021-07-10,zz500,2021-06-14,000540,中天金融
2021-07-10,zz500,2021-06-14,000543,皖能电力
2021-07-10,zz500,2021-06-14,000547,航天发展
2021-07-10,zz500,2021-06-14,000553,安道麦A
2021-07-10,zz500,2021-06-14,000559,万向钱潮
2021-07-10,zz500,2021-06-14,000563,陕国投A
2021-07-10,zz500,2021-06-14,000581,威孚高科
2021-07-10,zz500,2021-06-14,000598,兴蓉环境
2021-07-10,zz500,2021-06-14,000600,建投能源
2021-07-10,zz500,2021-06-14,000623,吉林敖东
2021-07-10,zz500,2021-06-14,000629,攀钢钒钛
2021-07-10,zz500,2021-06-14,000630,铜陵有色
2021-07-10,zz500,2021-06-14,000636,风华高科
2021-07-10,zz500,2021-06-14,000681,视觉中国
2021-07-10,zz500,2021-06-14,000685,中山公用
2021-07-10,zz500,2021-06-14,000686,东北证券
2021-07-10,zz500,2021-06-14,000690,宝新能源
2021-07-10,zz500,2021-06-14,000709,河钢股份
2021-07-10,zz500,2021-06-14,000717,韶钢松山
2021-07-10,zz500,2021-06-14,000718,苏宁环球
2021-07-10,zz500,2021-06-14,000729,燕京啤酒
2021-07-10,zz500,2021-06-14,000732,泰禾集团
2021-07-10,zz500,2021-06-14,000738,航发控制
2021-07-10,zz500,2021-06-14,000739,普洛药业
2021-07-10,zz500,2021-06-14,000750,国海证券
2021-07-10,zz500,2021-06-14,000758,中色股份
2021-07-10,zz500,2021-06-14,000778,新兴铸管
2021-07-10,zz500,2021-06-14,000807,云铝股份
2021-07-10,zz500,2021-06-14,000813,德展健康
2021-07-10,zz500,2021-06-14,000825,太钢不锈
2021-07-10,zz500,2021-06-14,000826,启迪环境
2021-07-10,zz500,2021-06-14,000830,鲁西化工
2021-07-10,zz500,2021-06-14,000869,张裕A
2021-07-10,zz500,2021-06-14,000877,天山股份
2021-07-10,zz500,2021-06-14,000878,云南铜业
2021-07-10,zz500,2021-06-14,000883,湖北能源
2021-07-10,zz500,2021-06-14,000887,中鼎股份
2021-07-10,zz500,2021-06-14,000898,鞍钢股份
2021-07-10,zz500,2021-06-14,000930,中粮科技
2021-07-10,zz500,2021-06-14,000932,华菱钢铁
2021-07-10,zz500,2021-06-14,000937,冀中能源
2021-07-10,zz500,2021-06-14,000959,首钢股份
2021-07-10,zz500,2021-06-14,000960,锡业股份
2021-07-10,zz500,2021-06-14,000967,盈峰环境
2021-07-10,zz500,2021-06-14,000970,中科三环
2021-07-10,zz500,2021-06-14,000975,银泰黄金
2021-07-10,zz500,2021-06-14,000983,山西焦煤
2021-07-10,zz500,2021-06-14,000988,华工科技
2021-07-10,zz500,2021-06-14,000990,诚志股份
2021-07-10,zz500,2021-06-14,000997,新大陆
2021-07-10,zz500,2021-06-14,000998,隆平高科
2021-07-10,zz500,2021-06-14,000999,华润三九
2021-07-10,zz500,2021-06-14,001872,招商港口
2021-07-10,zz500,2021-06-14,001914,招商积余
2021-07-10,zz500,2021-06-14,002002,鸿达兴业
2021-07-10,zz500,2021-06-14,002004,华邦健康
2021-07-10,zz500,2021-06-14,002010,传化智联
2021-07-10,zz500,2021-06-14,002013,中航机电
2021-07-10,zz500,2021-06-14,002019,亿帆医药
2021-07-10,zz500,2021-06-14,002028,思源电气
2021-07-10,zz500,2021-06-14,002030,达安基因
2021-07-10,zz500,2021-06-14,002038,双鹭药业
2021-07-10,zz500,2021-06-14,002048,宁波华翔
2021-07-10,zz500,2021-06-14,002051,中工国际
2021-07-10,zz500,2021-06-14,002056,横店东磁
2021-07-10,zz500,2021-06-14,002064,华峰化学
2021-07-10,zz500,2021-06-14,002074,国轩高科
2021-07-10,zz500,2021-06-14,002075,沙钢股份
2021-07-10,zz500,2021-06-14,002078,太阳纸业
2021-07-10,zz500,2021-06-14,002080,中材科技
2021-07-10,zz500,2021-06-14,002081,金螳螂
2021-07-10,zz500,2021-06-14,002085,万丰奥威
2021-07-10,zz500,2021-06-14,002092,中泰化学
2021-07-10,zz500,2021-06-14,002093,国脉科技
2021-07-10,zz500,2021-06-14,002110,三钢闽光
2021-07-10,zz500,2021-06-14,002124,天邦股份
2021-07-10,zz500,2021-06-14,002128,露天煤业
2021-07-10,zz500,2021-06-14,002131,利欧股份
2021-07-10,zz500,2021-06-14,002138,顺络电子
2021-07-10,zz500,2021-06-14,002152,广电运通
2021-07-10,zz500,2021-06-14,002155,湖南黄金
2021-07-10,zz500,2021-06-14,002156,通富微电
2021-07-10,zz500,2021-06-14,002174,游族网络
2021-07-10,zz500,2021-06-14,002183,怡亚通
2021-07-10,zz500,2021-06-14,002185,华天科技
2021-07-10,zz500,2021-06-14,002191,劲嘉股份
2021-07-10,zz500,2021-06-14,002195,二三四五
2021-07-10,zz500,2021-06-14,002203,海亮股份
2021-07-10,zz500,2021-06-14,002212,天融信
2021-07-10,zz500,2021-06-14,002217,合力泰
2021-07-10,zz500,2021-06-14,002221,东华能源
2021-07-10,zz500,2021-06-14,002223,鱼跃医疗
2021-07-10,zz500,2021-06-14,002233,塔牌集团
2021-07-10,zz500,2021-06-14,002242,九阳股份
2021-07-10,zz500,2021-06-14,002244,滨江集团
2021-07-10,zz500,2021-06-14,002249,大洋电机
2021-07-10,zz500,2021-06-14,002250,联化科技
2021-07-10,zz500,2021-06-14,002266,浙富控股
2021-07-10,zz500,2021-06-14,002268,卫士通
2021-07-10,zz500,2021-06-14,002273,水晶光电
2021-07-10,zz500,2021-06-14,002281,光迅科技
2021-07-10,zz500,2021-06-14,002294,信立泰
2021-07-10,zz500,2021-06-14,002299,圣农发展
2021-07-10,zz500,2021-06-14,002302,西部建设
2021-07-10,zz500,2021-06-14,002317,众生药业
2021-07-10,zz500,2021-06-14,002340,格林美
2021-07-10,zz500,2021-06-14,002353,杰瑞股份
2021-07-10,zz500,2021-06-14,002368,太极股份
2021-07-10,zz500,2021-06-14,002372,伟星新材
2021-07-10,zz500,2021-06-14,002373,千方科技
2021-07-10,zz500,2021-06-14,002375,亚厦股份
2021-07-10,zz500,2021-06-14,002382,蓝帆医疗
2021-07-10,zz500,2021-06-14,002385,大北农
2021-07-10,zz500,2021-06-14,002387,维信诺
2021-07-10,zz500,2021-06-14,002390,信邦制药
2021-07-10,zz500,2021-06-14,002396,星网锐捷
2021-07-10,zz500,2021-06-14,002399,海普瑞
2021-07-10,zz500,2021-06-14,002408,齐翔腾达
2021-07-10,zz500,2021-06-14,002416,爱施德
2021-07-10,zz500,2021-06-14,002419,天虹股份
2021-07-10,zz500,2021-06-14,002423,中粮资本
2021-07-10,zz500,2021-06-14,002424,贵州百灵
2021-07-10,zz500,2021-06-14,002429,兆驰股份
2021-07-10,zz500,2021-06-14,002434,万里扬
2021-07-10,zz500,2021-06-14,002440,闰土股份
2021-07-10,zz500,2021-06-14,002444,巨星科技
2021-07-10,zz500,2021-06-14,002458,益生股份
2021-07-10,zz500,2021-06-14,002465,海格通信
2021-07-10,zz500,2021-06-14,002468,申通快递
2021-07-10,zz500,2021-06-14,002500,山西证券
2021-07-10,zz500,2021-06-14,002503,搜于特
2021-07-10,zz500,2021-06-14,002505,鹏都农牧
2021-07-10,zz500,2021-06-14,002506,协鑫集成
2021-07-10,zz500,2021-06-14,002507,涪陵榨菜
2021-07-10,zz500,2021-06-14,002511,中顺洁柔
2021-07-10,zz500,2021-06-14,002544,杰赛科技
2021-07-10,zz500,2021-06-14,002557,洽洽食品
2021-07-10,zz500,2021-06-14,002563,森马服饰
2021-07-10,zz500,2021-06-14,002568,百润股份
2021-07-10,zz500,2021-06-14,002572,索菲亚
2021-07-10,zz500,2021-06-14,002583,海能达
2021-07-10,zz500,2021-06-14,002589,瑞康医药
2021-07-10,zz500,2021-06-14,002595,豪迈科技
2021-07-10,zz500,2021-06-14,002603,以岭药业
2021-07-10,zz500,2021-06-14,002625,光启技术
2021-07-10,zz500,2021-06-14,002635,安洁科技
2021-07-10,zz500,2021-06-14,002640,*ST跨境
2021-07-10,zz500,2021-06-14,002648,卫星石化
2021-07-10,zz500,2021-06-14,002653,海思科
2021-07-10,zz500,2021-06-14,002670,国盛金控
2021-07-10,zz500,2021-06-14,002683,宏大爆破
2021-07-10,zz500,2021-06-14,002690,美亚光电
2021-07-10,zz500,2021-06-14,002701,奥瑞金
2021-07-10,zz500,2021-06-14,002705,新宝股份
2021-07-10,zz500,2021-06-14,002709,天赐材料
2021-07-10,zz500,2021-06-14,002745,木林森
2021-07-10,zz500,2021-06-14,002791,坚朗五金
2021-07-10,zz500,2021-06-14,002797,第一创业
2021-07-10,zz500,2021-06-14,002807,江阴银行
2021-07-10,zz500,2021-06-14,002815,崇达技术
2021-07-10,zz500,2021-06-14,002818,富森美
2021-07-10,zz500,2021-06-14,002831,裕同科技
2021-07-10,zz500,2021-06-14,002839,张家港行
2021-07-10,zz500,2021-06-14,002867,周大生
2021-07-10,zz500,2021-06-14,002901,大博医疗
2021-07-10,zz500,2021-06-14,002920,德赛西威
2021-07-10,zz500,2021-06-14,002925,盈趣科技
2021-07-10,zz500,2021-06-14,002926,华西证券
2021-07-10,zz500,2021-06-14,002936,郑州银行
2021-07-10,zz500,2021-06-14,002941,新疆交建
2021-07-10,zz500,2021-06-14,002946,新乳业
2021-07-10,zz500,2021-06-14,002948,青岛银行
2021-07-10,zz500,2021-06-14,002957,科瑞技术
2021-07-10,zz500,2021-06-14,002966,苏州银行
2021-07-10,zz500,2021-06-14,002985,北摩高科
2021-07-10,zz500,2021-06-14,300001,特锐德
2021-07-10,zz500,2021-06-14,300002,神州泰岳
2021-07-10,zz500,2021-06-14,300009,安科生物
2021-07-10,zz500,2021-06-14,300010,豆神教育
2021-07-10,zz500,2021-06-14,300012,华测检测
2021-07-10,zz500,2021-06-14,300017,网宿科技
2021-07-10,zz500,2021-06-14,300024,机器人
2021-07-10,zz500,2021-06-14,300026,红日药业
2021-07-10,zz500,2021-06-14,300058,蓝色光标
2021-07-10,zz500,2021-06-14,300070,碧水源
2021-07-10,zz500,2021-06-14,300072,三聚环保
2021-07-10,zz500,2021-06-14,300088,长信科技
2021-07-10,zz500,2021-06-14,300113,顺网科技
2021-07-10,zz500,2021-06-14,300115,长盈精密
2021-07-10,zz500,2021-06-14,300133,华策影视
2021-07-10,zz500,2021-06-14,300134,大富科技
2021-07-10,zz500,2021-06-14,300146,汤臣倍健
2021-07-10,zz500,2021-06-14,300166,东方国信
2021-07-10,zz500,2021-06-14,300168,万达信息
2021-07-10,zz500,2021-06-14,300180,华峰超纤
2021-07-10,zz500,2021-06-14,300182,捷成股份
2021-07-10,zz500,2021-06-14,300207,欣旺达
2021-07-10,zz500,2021-06-14,300212,易华录
2021-07-10,zz500,2021-06-14,300223,北京君正
2021-07-10,zz500,2021-06-14,300244,迪安诊断
2021-07-10,zz500,2021-06-14,300257,开山股份
2021-07-10,zz500,2021-06-14,300271,华宇软件
2021-07-10,zz500,2021-06-14,300274,阳光电源
2021-07-10,zz500,2021-06-14,300285,国瓷材料
2021-07-10,zz500,2021-06-14,300296,利亚德
2021-07-10,zz500,2021-06-14,300315,掌趣科技
2021-07-10,zz500,2021-06-14,300316,晶盛机电
2021-07-10,zz500,2021-06-14,300324,旋极信息
2021-07-10,zz500,2021-06-14,300357,我武生物
2021-07-10,zz500,2021-06-14,300376,易事特
2021-07-10,zz500,2021-06-14,300418,昆仑万维
2021-07-10,zz500,2021-06-14,300459,金科文化
2021-07-10,zz500,2021-06-14,300463,迈克生物
2021-07-10,zz500,2021-06-14,300474,景嘉微
2021-07-10,zz500,2021-06-14,300482,万孚生物
2021-07-10,zz500,2021-06-14,300496,中科创达
2021-07-10,zz500,2021-06-14,300595,欧普康视
2021-07-10,zz500,2021-06-14,300618,寒锐钴业
2021-07-10,zz500,2021-06-14,300630,普利制药
2021-07-10,zz500,2021-06-14,300699,光威复材
2022-01-10,hs300,2021-11-15,600000,浦发银行
2022-01-10,hs300,2021-11-15,600009,上海机场
2022-01-10,hs300,2021-11-15,600010,包钢股份
2022-01-10,hs300,2021-11-15,600011,华能国际
2022-01-10,hs300,2021-11-15,600015,华夏银行
2022-01-10,hs300,2021-11-15,600016,民生银行
2022-01-10,hs300,2021-11-15,600018,上港集团
2022-01-10,hs300,2021-11-15,600019,宝钢股份
2022-01-10,hs300,2021-11-15,600025,华能水电
2022-01-10,hs300,2021-11-15,600028,中国石化
2022-01-10,hs300,2021-11-15,600029,南方航空
2022-01-10,hs300,2021-11-15,600030,中信证券
2022-01-10,hs300,2021-11-15,600031,三一重工
2022-01-10,hs300,2021-11-15,600036,招商银行
2022-01-10,hs300,2021-11-15,600048,保利发展
2022-01-10,hs300,2021-11-15,600050,中国联通
2022-01-10,hs300,2021-11-15,600061,国投资本
2022-01-10,hs300,2021-11-15,600079,人福医药
2022-01-10,hs300,2021-11-15,600085,同仁堂
2022-01-10,hs300,2021-11-15,600104,上汽集团
2022-01-10,hs300,2021-11-15,600109,国金证券
2022-01-10,hs300,2021-11-15,600111,北方稀土
2022-01-10,hs300,2021-11-15,600115,中国东航
2022-01-10,hs300,2021-11-15,600118,中国卫星
2022-01-10,hs300,2021-11-15,600132,重庆啤酒
2022-01-10,hs300,2021-11-15,600143,金发科技
2022-01-10,hs300,2021-11-15,600150,中国船舶
2022-01-10,hs300,2021-11-15,600161,天坛生物
2022-01-10,hs300,2021-11-15,600176,中国巨石
2022-01-10,hs300,2021-11-15,600183,生益科技
2022-01-10,hs300,2021-11-15,600196,复星医药
2022-01-10,hs300,2021-11-15,600233,圆通速递
2022-01-10,hs300,2021-11-15,600276,恒瑞医药
2022-01-10,hs300,2021-11-15,600299,安迪苏
2022-01-10,hs300,2021-11-15,600309,万华化学
2022-01-10,hs300,2021-11-15,600332,白云山
2022-01-10,hs300,2021-11-15,600340,华夏幸福
2022-01-10,hs300,2021-11-15,600346,恒力石化
2022-01-10,hs300,2021-11-15,600352,浙江龙盛
2022-01-10,hs300,2021-11-15,600362,江西铜业
2022-01-10,hs300,2021-11-15,600383,金地集团
2022-01-10,hs300,2021-11-15,600406,国电南瑞
2022-01-10,hs300,2021-11-15,600426,华鲁恒升
2022-01-10,hs300,2021-11-15,600436,片仔癀
2022-01-10,hs300,2021-11-15,600438,通威股份
2022-01-10,hs300,2021-11-15,600482,中国动力
2022-01-10,hs300,2021-11-15,600489,中金黄金
2022-01-10,hs300,2021-11-15,600519,贵州茅台
2022-01-10,hs300,2021-11-15,600521,华海药业
2022-01-10,hs300,2021-11-15,600522,中天科技
2022-01-10,hs300,2021-11-15,600547,山东黄金
2022-01-10,hs300,2021-11-15,600570,恒生电子
2022-01-10,hs300,2021-11-15,600584,长电科技
2022-01-10,hs300,2021-11-15,600585,海螺水泥
2022-01-10,hs300,2021-11-15,600588,用友网络
2022-01-10,hs300,2021-11-15,600600,青岛啤酒
2022-01-10,hs300,2021-11-15,600606,绿地控股
2022-01-10,hs300,2021-11-15,600655,豫园股份
2022-01-10,hs300,2021-11-15,600660,福耀玻璃
2022-01-10,hs300,2021-11-15,600690,海尔智家
2022-01-10,hs300,2021-11-15,600703,三安光电
2022-01-10,hs300,2021-11-15,600705,中航产融
2022-01-10,hs300,2021-11-15,600741,华域汽车
2022-01-10,hs300,2021-11-15,600745,闻泰科技
2022-01-10,hs300,2021-11-15,600760,中航沈飞
2022-01-10,hs300,2021-11-15,600763,通策医疗
2022-01-10,hs300,2021-11-15,600795,国电电力
2022-01-10,hs300,2021-11-15,600809,山西汾酒
2022-01-10,hs300,2021-11-15,600837,海通证券
2022-01-10,hs300,2021-11-15,600845,宝信软件
2022-01-10,hs300,2021-11-15,600848,上海临港
2022-01-10,hs300,2021-11-15,600872,中炬高新
2022-01-10,hs300,2021-11-15,600886,国投电力
2022-01-10,hs300,2021-11-15,600887,伊利股份
2022-01-10,hs300,2021-11-15,600893,航发动力
2022-01-10,hs300,2021-11-15,600900,长江电力
2022-01-10,hs300,2021-11-15,600918,中泰证券
2022-01-10,hs300,2021-11-15,600919,江苏银行
2022-01-10,hs300,2021-11-15,600926,杭州银行
2022-01-10,hs300,2021-11-15,600958,东方证券
2022-01-10,hs300,2021-11-15,600989,宝丰能源
2022-01-10,hs300,2021-11-15,600999,招商证券
2022-01-10,hs300,2021-11-15,601006,大秦铁路
2022-01-10,hs300,2021-11-15,601009,南京银行
2022-01-10,hs300,2021-11-15,601012,隆基股份
2022-01-10,hs300,2021-11-15,601021,春秋航空
2022-01-10,hs300,2021-11-15,601066,中信建投
2022-01-10,hs300,2021-11-15,601077,渝农商行
2022-01-10,hs300,2021-11-15,601088,中国神华
2022-01-10,hs300,2021-11-15,601100,恒立液压
2022-01-10,hs300,2021-11-15,601108,财通证券
2022-01-10,hs300,2021-11-15,601111,中国国航
2022-01-10,hs300,2021-11-15,601138,工业富联
2022-01-10,hs300,2021-11-15,601155,新城控股
2022-01-10,hs300,2021-11-15,601162,天风证券
2022-01-10,hs300,2021-11-15,601166,兴业银行
2022-01-10,hs300,2021-11-15,601169,北京银行
2022-01-10,hs300,2021-11-15,601186,中国铁建
2022-01-10,hs300,2021-11-15,601211,国泰君安
2022-01-10,hs300,2021-11-15,601216,君正集团
2022-01-10,hs300,2021-11-15,601225,陕西煤业
2022-01-10,hs300,2021-11-15,601229,上海银行
2022-01-10,hs300,2021-11-15,601231,环旭电子
2022-01-10,hs300,2021-11-15,601236,红塔证券
2022-01-10,hs300,2021-11-15,601238,广汽集团
2022-01-10,hs300,2021-11-15,601288,农业银行
2022-01-10,hs300,2021-11-15,601318,中国平安
2022-01-10,hs300,2021-11-15,601319,中国人保
2022-01-10,hs300,2021-11-15,601328,交通银行
2022-01-10,hs300,2021-11-15,601336,新华保险
2022-01-10,hs300,2021-11-15,601360,三六零
2022-01-10,hs300,2021-11-15,601377,兴业证券
2022-01-10,hs300,2021-11-15,601390,中国中铁
2022-01-10,hs300,2021-11-15,601398,工商银行
2022-01-10,hs300,2021-11-15,601555,东吴证券
2022-01-10,hs300,2021-11-15,601600,中国铝业
2022-01-10,hs300,2021-11-15,601601,中国太保
2022-01-10,hs300,2021-11-15,601607,上海医药
2022-01-10,hs300,2021-11-15,601618,中国中冶
2022-01-10,hs300,2021-11-15,601628,中国人寿
2022-01-10,hs300,2021-11-15,601633,长城汽车
2022-01-10,hs300,2021-11-15,601658,邮储银行
2022-01-10,hs300,2021-11-15,601668,中国建筑
2022-01-10,hs300,2021-11-15,601669,中国电建
2022-01-10,hs300,2021-11-15,601688,华泰证券
2022-01-10,hs300,2021-11-15,601696,中银证券
2022-01-10,hs300,2021-11-15,601698,中国卫通
2022-01-10,hs300,2021-11-15,601727,上海电气
2022-01-10,hs300,2021-11-15,601766,中国中车
2022-01-10,hs300,2021-11-15,601788,光大证券
2022-01-10,hs300,2021-11-15,601799,星宇股份
2022-01-10,hs300,2021-11-15,601800,中国交建
2022-01-10,hs300,2021-11-15,601808,中海油服
2022-01-10,hs300,2021-11-15,601816,京沪高铁
2022-01-10,hs300,2021-11-15,601818,光大银行
2022-01-10,hs300,2021-11-15,601838,成都银行
2022-01-10,hs300,2021-11-15,601857,中国石油
2022-01-10,hs300,2021-11-15,601872,招商轮船
2022-01-10,hs300,2021-11-15,601877,正泰电器
2022-01-10,hs300,2021-11-15,601878,浙商证券
2022-01-10,hs300,2021-11-15,601881,中国银河
2022-01-10,hs300,2021-11-15,601888,中国中免
2022-01-10,hs300,2021-11-15,601899,紫金矿业
2022-01-10,hs300,2021-11-15,601901,方正证券
2022-01-10,hs300,2021-11-15,601916,浙商银行
2022-01-10,hs300,2021-11-15,601919,中远海控
2022-01-10,hs300,2021-11-15,601933,永辉超市
2022-01-10,hs300,2021-11-15,601939,建设银行
2022-01-10,hs300,2021-11-15,601985,中国核电
2022-01-10,hs300,2021-11-15,601988,中国银行
2022-01-10,hs300,2021-11-15,601989,中国重工
2022-01-10,hs300,2021-11-15,601990,南京证券
2022-01-10,hs300,2021-11-15,601995,中金公司
2022-01-10,hs300,2021-11-15,601998,中信银行
2022-01-10,hs300,2021-11-15,603019,中科曙光
2022-01-10,hs300,2021-11-15,603087,甘李药业
2022-01-10,hs300,2021-11-15,603160,汇顶科技
2022-01-10,hs300,2021-11-15,603195,公牛集团
2022-01-10,hs300,2021-11-15,603233,大参林
2022-01-10,hs300,2021-11-15,603259,药明康德
2022-01-10,hs300,2021-11-15,603288,海天味业
2022-01-10,hs300,2021-11-15,603338,浙江鼎力
2022-01-10,hs300,2021-11-15,603369,今世缘
2022-01-10,hs300,2021-11-15,603392,万泰生物
2022-01-10,hs300,2021-11-15,603501,韦尔股份
2022-01-10,hs300,2021-11-15,603517,绝味食品
2022-01-10,hs300,2021-11-15,603658,安图生物
2022-01-10,hs300,2021-11-15,603659,璞泰来
2022-01-10,hs300,2021-11-15,603799,华友钴业
2022-01-10,hs300,2021-11-15,603806,福斯特
2022-01-10,hs300,2021-11-15,603833,欧派家居
2022-01-10,hs300,2021-11-15,603882,金域医学
2022-01-10,hs300,2021-11-15,603899,晨光文具
2022-01-10,hs300,2021-11-15,603939,益丰药房
2022-01-10,hs300,2021-11-15,603986,兆易创新
2022-01-10,hs300,2021-11-15,603993,洛阳钼业
2022-01-10,hs300,2021-11-15,688008,澜起科技
2022-01-10,hs300,2021-11-15,688009,中国通号
2022-01-10,hs300,2021-11-15,688012,中微公司
2022-01-10,hs300,2021-11-15,688036,传音控股
2022-01-10,hs300,2021-11-15,688111,金山办公
2022-01-10,hs300,2021-11-15,688126,沪硅产业
2022-01-10,hs300,2021-11-15,688169,石头科技
2022-01-10,hs300,2021-11-15,688363,华熙生物
2022-01-10,hs300,2021-11-15,688396,华润微
2022-01-10,hs300,2021-11-15,000001,平安银行
2022-01-10,hs300,2021-11-15,000002,万科A
2022-01-10,hs300,2021-11-15,000063,中兴通讯
2022-01-10,hs300,2021-11-15,000066,中国长城
2022-01-10,hs300,2021-11-15,000069,华侨城A
2022-01-10,hs300,2021-11-15,000100,TCL科技
2022-01-10,hs300,2021-11-15,000157,中联重科
2022-01-10,hs300,2021-11-15,000166,申万宏源
2022-01-10,hs300,2021-11-15,000333,美的集团
2022-01-10,hs300,2021-11-15,000338,潍柴动力
2022-01-10,hs300,2021-11-15,000425,徐工机械
2022-01-10,hs300,2021-11-15,000538,云南白药
2022-01-10,hs300,2021-11-15,000568,泸州老窖
2022-01-10,hs300,2021-11-15,000596,古井贡酒
2022-01-10,hs300,2021-11-15,000625,长安汽车
2022-01-10,hs300,2021-11-15,000651,格力电器
2022-01-10,hs300,2021-11-15,000656,金科股份
2022-01-10,hs300,2021-11-15,000661,长春高新
2022-01-10,hs300,2021-11-15,000703,恒逸石化
2022-01-10,hs300,2021-11-15,000708,中信特钢
2022-01-10,hs300,2021-11-15,000725,京东方A
2022-01-10,hs300,2021-11-15,000728,国元证券
2022-01-10,hs300,2021-11-15,000768,中航西飞
2022-01-10,hs300,2021-11-15,000776,广发证券
2022-01-10,hs300,2021-11-15,000783,长江证券
2022-01-10,hs300,2021-11-15,000786,北新建材
2022-01-10,hs300,2021-11-15,000800,一汽解放
2022-01-10,hs300,2021-11-15,000858,五粮液
2022-01-10,hs300,2021-11-15,000860,顺鑫农业
2022-01-10,hs300,2021-11-15,000876,新希望
2022-01-10,hs300,2021-11-15,000895,双汇发展
2022-01-10,hs300,2021-11-15,000938,紫光股份
2022-01-10,hs300,2021-11-15,000963,华东医药
2022-01-10,hs300,2021-11-15,000977,浪潮信息
2022-01-10,hs300,2021-11-15,001979,招商蛇口
2022-01-10,hs300,2021-11-15,002001,新和成
2022-01-10,hs300,2021-11-15,002007,华兰生物
2022-01-10,hs300,2021-11-15,002008,大族激光
2022-01-10,hs300,2021-11-15,002024,苏宁易购
2022-01-10,hs300,2021-11-15,002027,分众传媒
2022-01-10,hs300,2021-11-15,002032,苏泊尔
2022-01-10,hs300,2021-11-15,002044,美年健康
2022-01-10,hs300,2021-11-15,002049,紫光国微
2022-01-10,hs300,2021-11-15,002050,三花智控
2022-01-10,hs300,2021-11-15,002120,韵达股份
2022-01-10,hs300,2021-11-15,002129,中环股份
2022-01-10,hs300,2021-11-15,002142,宁波银行
2022-01-10,hs300,2021-11-15,002153,石基信息
2022-01-10,hs300,2021-11-15,002157,正邦科技
2022-01-10,hs300,2021-11-15,002179,中航光电
2022-01-10,hs300,2021-11-15,002202,金风科技
2022-01-10,hs300,2021-11-15,002230,科大讯飞
2022-01-10,hs300,2021-11-15,002236,大华股份
2022-01-10,hs300,2021-11-15,002241,歌尔股份
2022-01-10,hs300,2021-11-15,002252,上海莱士
2022-01-10,hs300,2021-11-15,002271,东方雨虹
2022-01-10,hs300,2021-11-15,002304,洋河股份
2022-01-10,hs300,2021-11-15,002311,海大集团
2022-01-10,hs300,2021-11-15,002352,顺丰控股
2022-01-10,hs300,2021-11-15,002371,北方华创
2022-01-10,hs300,2021-11-15,002384,东山精密
2022-01-10,hs300,2021-11-15,002410,广联达
2022-01-10,hs300,2021-11-15,002414,高德红外
2022-01-10,hs300,2021-11-15,002415,海康威视
2022-01-10,hs300,2021-11-15,002456,欧菲光
2022-01-10,hs300,2021-11-15,002460,赣锋锂业
2022-01-10,hs300,2021-11-15,002463,沪电股份
2022-01-10,hs300,2021-11-15,002475,立讯精密
2022-01-10,hs300,2021-11-15,002493,荣盛石化
2022-01-10,hs300,2021-11-15,002508,老板电器
2022-01-10,hs300,2021-11-15,002555,三七互娱
2022-01-10,hs300,2021-11-15,002558,巨人网络
2022-01-10,hs300,2021-11-15,002594,比亚迪
2022-01-10,hs300,2021-11-15,002600,领益智造
2022-01-10,hs300,2021-11-15,002601,龙佰集团
2022-01-10,hs300,2021-11-15,002602,世纪华通
2022-01-10,hs300,2021-11-15,002607,中公教育
2022-01-10,hs300,2021-11-15,002624,完美世界
2022-01-10,hs300,2021-11-15,002673,西部证券
2022-01-10,hs300,2021-11-15,002714,牧原股份
2022-01-10,hs300,2021-11-15,002736,国信证券
2022-01-10,hs300,2021-11-15,002739,万达电影
2022-01-10,hs300,2021-11-15,002773,康弘药业
2022-01-10,hs300,2021-11-15,002812,恩捷股份
2022-01-10,hs300,2021-11-15,002821,凯莱英
2022-01-10,hs300,2021-11-15,002841,视源股份
2022-01-10,hs300,2021-11-15,002916,深南电路
2022-01-10,hs300,2021-11-15,002938,鹏鼎控股
2022-01-10,hs300,2021-11-15,002939,长城证券
2022-01-10,hs300,2021-11-15,002945,华林证券
2022-01-10,hs300,2021-11-15,003816,中国广核
2022-01-10,hs300,2021-11-15,300003,乐普医疗
2022-01-10,hs300,2021-11-15,300014,亿纬锂能
2022-01-10,hs300,2021-11-15,300015,爱尔眼科
2022-01-10,hs300,2021-11-15,300033,同花顺
2022-01-10,hs300,2021-11-15,300059,东方财富
2022-01-10,hs300,2021-11-15,300122,智飞生物
2022-01-10,hs300,2021-11-15,300124,汇川技术
2022-01-10,hs300,2021-11-15,300136,信维通信
2022-01-10,hs300,2021-11-15,300142,沃森生物
2022-01-10,hs300,2021-11-15,300144,宋城演艺
2022-01-10,hs300,2021-11-15,300274,阳光电源
2022-01-10,hs300,2021-11-15,300347,泰格医药
2022-01-10,hs300,2021-11-15,300408,三环集团
2022-01-10,hs300,2021-11-15,300413,芒果超媒
2022-01-10,hs300,2021-11-15,300433,蓝思科技
2022-01-10,hs300,2021-11-15,300450,先导智能
2022-01-10,hs300,2021-11-15,300498,温氏股份
2022-01-10,hs300,2021-11-15,300529,健帆生物
2022-01-10,hs300,2021-11-15,300558,贝达药业
2022-01-10,hs300,2021-11-15,300595,欧普康视
2022-01-10,hs300,2021-11-15,300601,康泰生物
2022-01-10,hs300,2021-11-15,300628,亿联网络
2022-01-10,hs300,2021-11-15,300676,华大基因
2022-01-10,hs300,2021-11-15,300677,英科医疗
2022-01-10,zz500,2021-11-15,600006,东风汽车
2022-01-10,zz500,2021-11-15,600008,首创环保
2022-01-10,zz500,2021-11-15,600021,上海电力
2022-01-10,zz500,2021-11-15,600022,山东钢铁
2022-01-10,zz500,2021-11-15,600026,中远海能
2022-01-10,zz500,2021-11-15,600027,华电国际
2022-01-10,zz500,2021-11-15,600037,歌华有线
2022-01-10,zz500,2021-11-15,600038,中直股份
2022-01-10,zz500,2021-11-15,600039,四川路桥
2022-01-10,zz500,2021-11-15,600056,中国医药
2022-01-10,zz500,2021-11-15,600060,海信视像
2022-01-10,zz500,2021-11-15,600062,华润双鹤
2022-01-10,zz500,2021-11-15,600064,南京高科
2022-01-10,zz500,2021-11-15,600066,宇通客车
2022-01-10,zz500,2021-11-15,600089,特变电工
2022-01-10,zz500,2021-11-15,600094,大名城
2022-01-10,zz500,2021-11-15,600095,湘财股份
2022-01-10,zz500,2021-11-15,600120,浙江东方
2022-01-10,zz500,2021-11-15,600126,杭钢股份
2022-01-10,zz500,2021-11-15,600131,国网信通
2022-01-10,zz500,2021-11-15,600141,兴发集团
2022-01-10,zz500,2021-11-15,600153,建发股份
2022-01-10,zz500,2021-11-15,600155,华创阳安
2022-01-10,zz500,2021-11-15,600158,中体产业
2022-01-10,zz500,2021-11-15,600160,巨化股份
2022-01-10,zz500,2021-11-15,600166,福田汽车
2022-01-10,zz500,2021-11-15,600167,联美控股
2022-01-10,zz500,2021-11-15,600170,上海建工
2022-01-10,zz500,2021-11-15,600171,上海贝岭
2022-01-10,zz500,2021-11-15,600177,雅戈尔
2022-01-10,zz500,2021-11-15,600188,兖州煤业
2022-01-10,zz500,2021-11-15,600195,中牧股份
2022-01-10,zz500,2021-11-15,600201,生物股份
2022-01-10,zz500,2021-11-15,600208,新湖中宝
2022-01-10,zz500,2021-11-15,600216,浙江医药
2022-01-10,zz500,2021-11-15,600219,南山铝业
2022-01-10,zz500,2021-11-15,600256,广汇能源
2022-01-10,zz500,2021-11-15,600258,首旅酒店
2022-01-10,zz500,2021-11-15,600259,广晟有色
2022-01-10,zz500,2021-11-15,600266,城建发展
2022-01-10,zz500,2021-11-15,600271,航天信息
2022-01-10,zz500,2021-11-15,600282,南钢股份
2022-01-10,zz500,2021-11-15,600297,广汇汽车
2022-01-10,zz500,2021-11-15,600307,酒钢宏兴
2022-01-10,zz500,2021-11-15,600312,平高电气
2022-01-10,zz500,2021-11-15,600315,上海家化
2022-01-10,zz500,2021-11-15,600316,洪都航空
2022-01-10,zz500,2021-11-15,600325,华发股份
2022-01-10,zz500,2021-11-15,600329,中新药业
2022-01-10,zz500,2021-11-15,600339,中油工程
2022-01-10,zz500,2021-11-15,600348,华阳股份
2022-01-10,zz500,2021-11-15,600350,山东高速
2022-01-10,zz500,2021-11-15,600369,西南证券
2022-01-10,zz500,2021-11-15,600372,中航电子
2022-01-10,zz500,2021-11-15,600373,中文传媒
2022-01-10,zz500,2021-11-15,600376,首开股份
2022-01-10,zz500,2021-11-15,600377,宁沪高速
2022-01-10,zz500,2021-11-15,600380,健康元
2022-01-10,zz500,2021-11-15,600388,龙净环保
2022-01-10,zz500,2021-11-15,600390,五矿资本
2022-01-10,zz500,2021-11-15,600392,盛和资源
2022-01-10,zz500,2021-11-15,600398,海澜之家
2022-01-10,zz500,2021-11-15,600409,三友化工
2022-01-10,zz500,2021-11-15,600410,华胜天成
2022-01-10,zz500,2021-11-15,600415,小商品城
2022-01-10,zz500,2021-11-15,600418,江淮汽车
2022-01-10,zz500,2021-11-15,600435,北方导航
2022-01-10,zz500,2021-11-15,600446,金证股份
2022-01-10,zz500,2021-11-15,600460,士兰微
2022-01-10,zz500,2021-11-15,600466,蓝光发展
2022-01-10,zz500,2021-11-15,600486,扬农化工
2022-01-10,zz500,2021-11-15,600487,亨通光电
2022-01-10,zz500,2021-11-15,600497,驰宏锌锗
2022-01-10,zz500,2021-11-15,600498,烽火通信
2022-01-10,zz500,2021-11-15,600500,中化国际
2022-01-10,zz500,2021-11-15,600507,方大特钢
2022-01-10,zz500,2021-11-15,600511,国药股份
2022-01-10,zz500,2021-11-15,600516,方大炭素
2022-01-10,zz500,2021-11-15,600517,国网英大
2022-01-10,zz500,2021-11-15,600528,中铁工业
2022-01-10,zz500,2021-11-15,600529,山东药玻
2022-01-10,zz500,2021-11-15,600535,天士力
2022-01-10,zz500,2021-11-15,600536,中国软件
2022-01-10,zz500,2021-11-15,600546,山煤国际
2022-01-10,zz500,2021-11-15,600549,厦门钨业
2022-01-10,zz500,2021-11-15,600556,天下秀
2022-01-10,zz500,2021-11-15,600563,法拉电子
2022-01-10,zz500,2021-11-15,600566,济川药业
2022-01-10,zz500,2021-11-15,600567,山鹰国际
2022-01-10,zz500,2021-11-15,600572,康恩贝
2022-01-10,zz500,2021-11-15,600580,卧龙电驱
2022-01-10,zz500,2021-11-15,600582,天地科技
2022-01-10,zz500,2021-11-15,600597,光明乳业
2022-01-10,zz500,2021-11-15,600598,北大荒
2022-01-10,zz500,2021-11-15,600623,华谊集团
2022-01-10,zz500,2021-11-15,600633,浙数文化
2022-01-10,zz500,2021-11-15,600637,东方明珠
2022-01-10,zz500,2021-11-15,600639,浦东金桥
2022-01-10,zz500,2021-11-15,600640,新国脉
2022-01-10,zz500,2021-11-15,600642,申能股份
2022-01-10,zz500,2021-11-15,600643,爱建集团
2022-01-10,zz500,2021-11-15,600645,中源协和
2022-01-10,zz500,2021-11-15,600648,外高桥
2022-01-10,zz500,2021-11-15,600649,城投控股
2022-01-10,zz500,2021-11-15,600657,信达地产
2022-01-10,zz500,2021-11-15,600663,陆家嘴
2022-01-10,zz500,2021-11-15,600667,太极实业
2022-01-10,zz500,2021-11-15,600673,东阳光
2022-01-10,zz500,2021-11-15,600699,均胜电子
2022-01-10,zz500,2021-11-15,600704,物产中大
2022-01-10,zz500,2021-11-15,600707,彩虹股份
2022-01-10,zz500,2021-11-15,600717,天津港
2022-01-10,zz500,2021-11-15,600718,东软集团
2022-01-10,zz500,2021-11-15,600728,佳都科技
2022-01-10,zz500,2021-11-15,600729,重庆百货
2022-01-10,zz500,2021-11-15,600732,爱旭股份
2022-01-10,zz500,2021-11-15,600733,北汽蓝谷
2022-01-10,zz500,2021-11-15,600737,中粮糖业
2022-01-10,zz500,2021-11-15,600739,辽宁成大
2022-01-10,zz500,2021-11-15,600754,锦江酒店
2022-01-10,zz500,2021-11-15,600755,厦门国贸
2022-01-10,zz500,2021-11-15,600764,中国海防
2022-01-10,zz500,2021-11-15,600765,中航重机
2022-01-10,zz500,2021-11-15,600776,东方通信
2022-01-10,zz500,2021-11-15,600779,水井坊
2022-01-10,zz500,2021-11-15,600782,新钢股份
2022-01-10,zz500,2021-11-15,600787,中储股份
2022-01-10,zz500,2021-11-15,600801,华新水泥
2022-01-10,zz500,2021-11-15,600803,新奥股份
2022-01-10,zz500,2021-11-15,600804,鹏博士
2022-01-10,zz500,2021-11-15,600808,马钢股份
2022-01-10,zz500,2021-11-15,600811,东方集团
2022-01-10,zz500,2021-11-15,600820,隧道股份
2022-01-10,zz500,2021-11-15,600823,世茂股份
2022-01-10,zz500,2021-11-15,600827,百联股份
2022-01-10,zz500,2021-11-15,600835,上海机电
2022-01-10,zz500,2021-11-15,600839,四川长虹
2022-01-10,zz500,2021-11-15,600859,王府井
2022-01-10,zz500,2021-11-15,600862,中航高科
2022-01-10,zz500,2021-11-15,600863,内蒙华电
2022-01-10,zz500,2021-11-15,600867,通化东宝
2022-01-10,zz500,2021-11-15,600871,石化油服
2022-01-10,zz500,2021-11-15,600875,东方电气
2022-01-10,zz500,2021-11-15,600879,航天电子
2022-01-10,zz500,2021-11-15,600881,亚泰集团
2022-01-10,zz500,2021-11-15,600884,杉杉股份
2022-01-10,zz500,2021-11-15,600885,宏发股份
2022-01-10,zz500,2021-11-15,600895,张江高科
2022-01-10,zz500,2021-11-15,600901,江苏租赁
2022-01-10,zz500,2021-11-15,600903,贵州燃气
2022-01-10,zz500,2021-11-15,600908,无锡银行
2022-01-10,zz500,2021-11-15,600909,华安证券
2022-01-10,zz500,2021-11-15,600917,重庆燃气
2022-01-10,zz500,2021-11-15,600928,西安银行
2022-01-10,zz500,2021-11-15,600956,新天绿能
2022-01-10,zz500,2021-11-15,600959,江苏有线
2022-01-10,zz500,2021-11-15,600967,内蒙一机
2022-01-10,zz500,2021-11-15,600968,海油发展
2022-01-10,zz500,2021-11-15,600970,中材国际
2022-01-10,zz500,2021-11-15,600985,淮北矿业
2022-01-10,zz500,2021-11-15,600988,赤峰黄金
2022-01-10,zz500,2021-11-15,600998,九州通
2022-01-10,zz500,2021-11-15,601000,唐山港
2022-01-10,zz500,2021-11-15,601003,柳钢股份
2022-01-10,zz500,2021-11-15,601005,重庆钢铁
2022-01-10,zz500,2021-11-15,601016,节能风电
2022-01-10,zz500,2021-11-15,601068,中铝国际
2022-01-10,zz500,2021-11-15,601098,中南传媒
2022-01-10,zz500,2021-11-15,601099,太平洋
2022-01-10,zz500,2021-11-15,601106,中国一重
2022-01-10,zz500,2021-11-15,601117,中国化学
2022-01-10,zz500,2021-11-15,601118,海南橡胶
2022-01-10,zz500,2021-11-15,601127,小康股份
2022-01-10,zz500,2021-11-15,601128,常熟银行
2022-01-10,zz500,2021-11-15,601139,深圳燃气
2022-01-10,zz500,2021-11-15,601168,西部矿业
2022-01-10,zz500,2021-11-15,601179,中国西电
2022-01-10,zz500,2021-11-15,601187,厦门银行
2022-01-10,zz500,2021-11-15,601198,东兴证券
2022-01-10,zz500,2021-11-15,601200,上海环境
2022-01-10,zz500,2021-11-15,601228,广州港
2022-01-10,zz500,2021-11-15,601233,桐昆股份
2022-01-10,zz500,2021-11-15,601298,青岛港
2022-01-10,zz500,2021-11-15,601333,广深铁路
2022-01-10,zz500,2021-11-15,601456,国联证券
2022-01-10,zz500,2021-11-15,601512,中新集团
2022-01-10,zz500,2021-11-15,601568,北元集团
2022-01-10,zz500,2021-11-15,601577,长沙银行
2022-01-10,zz500,2021-11-15,601598,中国外运
2022-01-10,zz500,2021-11-15,601608,中信重工
2022-01-10,zz500,2021-11-15,601611,中国核建
2022-01-10,zz500,2021-11-15,601615,明阳智能
2022-01-10,zz500,2021-11-15,601636,旗滨集团
2022-01-10,zz500,2021-11-15,601689,拓普集团
2022-01-10,zz500,2021-11-15,601699,潞安环能
2022-01-10,zz500,2021-11-15,601717,郑煤机
2022-01-10,zz500,2021-11-15,601718,际华集团
2022-01-10,zz500,2021-11-15,601778,晶科科技
2022-01-10,zz500,2021-11-15,601801,皖新传媒
2022-01-10,zz500,2021-11-15,601828,美凯龙
2022-01-10,zz500,2021-11-15,601860,紫金银行
2022-01-10,zz500,2021-11-15,601866,中远海发
2022-01-10,zz500,2021-11-15,601868,中国能建
2022-01-10,zz500,2021-11-15,601869,长飞光纤
2022-01-10,zz500,2021-11-15,601880,辽港股份
2022-01-10,zz500,2021-11-15,601928,凤凰传媒
2022-01-10,zz500,2021-11-15,601958,金钼股份
2022-01-10,zz500,2021-11-15,601969,海南矿业
2022-01-10,zz500,2021-11-15,601975,招商南油
2022-01-10,zz500,2021-11-15,601991,大唐发电
2022-01-10,zz500,2021-11-15,601992,金隅集团
2022-01-10,zz500,2021-11-15,601997,贵阳银行
2022-01-10,zz500,2021-11-15,603000,人民网
2022-01-10,zz500,2021-11-15,603056,德邦股份
2022-01-10,zz500,2021-11-15,603077,和邦生物
2022-01-10,zz500,2021-11-15,603156,养元饮品
2022-01-10,zz500,2021-11-15,603198,迎驾贡酒
2022-01-10,zz500,2021-11-15,603225,新凤鸣
2022-01-10,zz500,2021-11-15,603228,景旺电子
2022-01-10,zz500,2021-11-15,603256,宏和科技
2022-01-10,zz500,2021-11-15,603260,合盛硅业
2022-01-10,zz500,2021-11-15,603290,斯达半导
2022-01-10,zz500,2021-11-15,603317,天味食品
2022-01-10,zz500,2021-11-15,603355,莱克电气
2022-01-10,zz500,2021-11-15,603377,东方时尚
2022-01-10,zz500,2021-11-15,603379,三美股份
2022-01-10,zz500,2021-11-15,603444,吉比特
2022-01-10,zz500,2021-11-15,603486,科沃斯
2022-01-10,zz500,2021-11-15,603515,欧普照明
2022-01-10,zz500,2021-11-15,603568,伟明环保
2022-01-10,zz500,2021-11-15,603589,口子窖
2022-01-10,zz500,2021-11-15,603605,珀莱雅
2022-01-10,zz500,2021-11-15,603638,艾迪精密
2022-01-10,zz500,2021-11-15,603650,彤程新材
2022-01-10,zz500,2021-11-15,603707,健友股份
2022-01-10,zz500,2021-11-15,603708,家家悦
2022-01-10,zz500,2021-11-15,603712,七一二
2022-01-10,zz500,2021-11-15,603719,良品铺子
2022-01-10,zz500,2021-11-15,603737,三棵树
2022-01-10,zz500,2021-11-15,603786,科博达
2022-01-10,zz500,2021-11-15,603858,步长制药
2022-01-10,zz500,2021-11-15,603866,桃李面包
2022-01-10,zz500,2021-11-15,603868,飞科电器
2022-01-10,zz500,2021-11-15,603883,老百姓
2022-01-10,zz500,2021-11-15,603885,吉祥航空
2022-01-10,zz500,2021-11-15,603888,新华网
2022-01-10,zz500,2021-11-15,603893,瑞芯微
2022-01-10,zz500,2021-11-15,603927,中科软
2022-01-10,zz500,2021-11-15,603983,丸美股份
2022-01-10,zz500,2021-11-15,605358,立昂微
2022-01-10,zz500,2021-11-15,688002,睿创微纳
2022-01-10,zz500,2021-11-15,688029,南微医学
2022-01-10,zz500,2021-11-15,688088,虹软科技
2022-01-10,zz500,2021-11-15,688099,晶晨股份
2022-01-10,zz500,2021-11-15,688208,道通科技
2022-01-10,zz500,2021-11-15,688321,微芯生物
2022-01-10,zz500,2021-11-15,000009,中国宝安
2022-01-10,zz500,2021-11-15,000012,南玻A
2022-01-10,zz500,2021-11-15,000021,深科技
2022-01-10,zz500,2021-11-15,000027,深圳能源
2022-01-10,zz500,2021-11-15,000028,国药一致
2022-01-10,zz500,2021-11-15,000031,大悦城
2022-01-10,zz500,2021-11-15,000039,中集集团
2022-01-10,zz500,2021-11-15,000046,泛海控股
2022-01-10,zz500,2021-11-15,000050,深天马A
2022-01-10,zz500,2021-11-15,000060,中金岭南
2022-01-10,zz500,2021-11-15,000061,农产品
2022-01-10,zz500,2021-11-15,000062,深圳华强
2022-01-10,zz500,2021-11-15,000078,海王生物
2022-01-10,zz500,2021-11-15,000089,深圳机场
2022-01-10,zz500,2021-11-15,000090,天健集团
2022-01-10,zz500,2021-11-15,000156,华数传媒
2022-01-10,zz500,2021-11-15,000158,常山北明
2022-01-10,zz500,2021-11-15,000400,许继电气
2022-01-10,zz500,2021-11-15,000401,冀东水泥
2022-01-10,zz500,2021-11-15,000402,金融街
2022-01-10,zz500,2021-11-15,000415,渤海租赁
2022-01-10,zz500,2021-11-15,000488,晨鸣纸业
2022-01-10,zz500,2021-11-15,000501,鄂武商A
2022-01-10,zz500,2021-11-15,000513,丽珠集团
2022-01-10,zz500,2021-11-15,000519,中兵红箭
2022-01-10,zz500,2021-11-15,000528,柳工
2022-01-10,zz500,2021-11-15,000537,广宇发展
2022-01-10,zz500,2021-11-15,000540,中天金融
2022-01-10,zz500,2021-11-15,000547,航天发展
2022-01-10,zz500,2021-11-15,000553,安道麦A
2022-01-10,zz500,2021-11-15,000559,万向钱潮
2022-01-10,zz500,2021-11-15,000563,陕国投A
2022-01-10,zz500,2021-11-15,000581,威孚高科
2022-01-10,zz500,2021-11-15,000598,兴蓉环境
2022-01-10,zz500,2021-11-15,000623,吉林敖东
2022-01-10,zz500,2021-11-15,000629,攀钢钒钛
2022-01-10,zz500,2021-11-15,000630,铜陵有色
2022-01-10,zz500,2021-11-15,000636,风华高科
2022-01-10,zz500,2021-11-15,000671,阳光城
2022-01-10,zz500,2021-11-15,000681,视觉中国
2022-01-10,zz500,2021-11-15,000685,中山公用
2022-01-10,zz500,2021-11-15,000686,东北证券
2022-01-10,zz500,2021-11-15,000690,宝新能源
2022-01-10,zz500,2021-11-15,000709,河钢股份
2022-01-10,zz500,2021-11-15,000717,韶钢松山
2022-01-10,zz500,2021-11-15,000718,苏宁环球
2022-01-10,zz500,2021-11-15,000723,美锦能源
2022-01-10,zz500,2021-11-15,000729,燕京啤酒
2022-01-10,zz500,2021-11-15,000732,泰禾集团
2022-01-10,zz500,2021-11-15,000738,航发控制
2022-01-10,zz500,2021-11-15,000739,普洛药业
2022-01-10,zz500,2021-11-15,000750,国海证券
2022-01-10,zz500,2021-11-15,000758,中色股份
2022-01-10,zz500,2021-11-15,000778,新兴铸管
2022-01-10,zz500,2021-11-15,000799,酒鬼酒
2022-01-10,zz500,2021-11-15,000807,云铝股份
2022-01-10,zz500,2021-11-15,000813,德展健康
2022-01-10,zz500,2021-11-15,000825,太钢不锈
2022-01-10,zz500,2021-11-15,000826,启迪环境
2022-01-10,zz500,2021-11-15,000830,鲁西化工
2022-01-10,zz500,2021-11-15,000869,张裕A
2022-01-10,zz500,2021-11-15,000877,天山股份
2022-01-10,zz500,2021-11-15,000878,云南铜业
2022-01-10,zz500,2021-11-15,000883,湖北能源
2022-01-10,zz500,2021-11-15,000887,中鼎股份
2022-01-10,zz500,2021-11-15,000898,鞍钢股份
2022-01-10,zz500,2021-11-15,000930,中粮科技
2022-01-10,zz500,2021-11-15,000932,华菱钢铁
2022-01-10,zz500,2021-11-15,000937,冀中能源
2022-01-10,zz500,2021-11-15,000959,首钢股份
2022-01-10,zz500,2021-11-15,000960,锡业股份
2022-01-10,zz500,2021-11-15,000961,中南建设
2022-01-10,zz500,2021-11-15,000967,盈峰环境
2022-01-10,zz500,2021-11-15,000970,中科三环
2022-01-10,zz500,2021-11-15,000975,银泰黄金
2022-01-10,zz500,2021-11-15,000983,山西焦煤
2022-01-10,zz500,2021-11-15,000988,华工科技
2022-01-10,zz500,2021-11-15,000990,诚志股份
2022-01-10,zz500,2021-11-15,000997,新大陆
2022-01-10,zz500,2021-11-15,000998,隆平高科
2022-01-10,zz500,2021-11-15,000999,华润三九
2022-01-10,zz500,2021-11-15,001872,招商港口
2022-01-10,zz500,2021-11-15,001914,招商积余
2022-01-10,zz500,2021-11-15,002002,鸿达兴业
2022-01-10,zz500,2021-11-15,002004,华邦健康
2022-01-10,zz500,2021-11-15,002010,传化智联
2022-01-10,zz500,2021-11-15,002013,中航机电
2022-01-10,zz500,2021-11-15,002019,亿帆医药
2022-01-10,zz500,2021-11-15,002028,思源电气
2022-01-10,zz500,2021-11-15,002030,达安基因
2022-01-10,zz500,2021-11-15,002038,双鹭药业
2022-01-10,zz500,2021-11-15,002048,宁波华翔
2022-01-10,zz500,2021-11-15,002056,横店东磁
2022-01-10,zz500,2021-11-15,002065,东华软件
2022-01-10,zz500,2021-11-15,002074,国轩高科
2022-01-10,zz500,2021-11-15,002075,沙钢股份
2022-01-10,zz500,2021-11-15,002078,太阳纸业
2022-01-10,zz500,2021-11-15,002080,中材科技
2022-01-10,zz500,2021-11-15,002081,金螳螂
2022-01-10,zz500,2021-11-15,002085,万丰奥威
2022-01-10,zz500,2021-11-15,002092,中泰化学
2022-01-10,zz500,2021-11-15,002110,三钢闽光
2022-01-10,zz500,2021-11-15,002124,天邦股份
2022-01-10,zz500,2021-11-15,002127,南极电商
2022-01-10,zz500,2021-11-15,002128,露天煤业
2022-01-10,zz500,2021-11-15,002131,利欧股份
2022-01-10,zz500,2021-11-15,002138,顺络电子
2022-01-10,zz500,2021-11-15,002146,荣盛发展
2022-01-10,zz500,2021-11-15,002152,广电运通
2022-01-10,zz500,2021-11-15,002155,湖南黄金
2022-01-10,zz500,2021-11-15,002156,通富微电
2022-01-10,zz500,2021-11-15,002174,游族网络
2022-01-10,zz500,2021-11-15,002180,纳思达
2022-01-10,zz500,2021-11-15,002183,怡亚通
2022-01-10,zz500,2021-11-15,002185,华天科技
2022-01-10,zz500,2021-11-15,002191,劲嘉股份
2022-01-10,zz500,2021-11-15,002195,二三四五
2022-01-10,zz500,2021-11-15,002203,海亮股份
2022-01-10,zz500,2021-11-15,002212,天融信
2022-01-10,zz500,2021-11-15,002221,东华能源
2022-01-10,zz500,2021-11-15,002223,鱼跃医疗
2022-01-10,zz500,2021-11-15,002233,塔牌集团
2022-01-10,zz500,2021-11-15,002242,九阳股份
2022-01-10,zz500,2021-11-15,002244,滨江集团
2022-01-10,zz500,2021-11-15,002249,大洋电机
2022-01-10,zz500,2021-11-15,002250,联化科技
2022-01-10,zz500,2021-11-15,002266,浙富控股
2022-01-10,zz500,2021-11-15,002268,卫士通
2022-01-10,zz500,2021-11-15,002273,水晶光电
2022-01-10,zz500,2021-11-15,002281,光迅科技
2022-01-10,zz500,2021-11-15,002294,信立泰
2022-01-10,zz500,2021-11-15,002299,圣农发展
2022-01-10,zz500,2021-11-15,002302,西部建设
2022-01-10,zz500,2021-11-15,002317,众生药业
2022-01-10,zz500,2021-11-15,002340,格林美
2022-01-10,zz500,2021-11-15,002353,杰瑞股份
2022-01-10,zz500,2021-11-15,002368,太极股份
2022-01-10,zz500,2021-11-15,002372,伟星新材
2022-01-10,zz500,2021-11-15,002373,千方科技
2022-01-10,zz500,2021-11-15,002375,亚厦股份
2022-01-10,zz500,2021-11-15,002382,蓝帆医疗
2022-01-10,zz500,2021-11-15,002385,大北农
2022-01-10,zz500,2021-11-15,002387,维信诺
2022-01-10,zz500,2021-11-15,002390,信邦制药
2022-01-10,zz500,2021-11-15,002396,星网锐捷
2022-01-10,zz500,2021-11-15,002399,海普瑞
2022-01-10,zz500,2021-11-15,002408,齐翔腾达
2022-01-10,zz500,2021-11-15,002416,爱施德
2022-01-10,zz500,2021-11-15,002419,天虹股份
2022-01-10,zz500,2021-11-15,002422,科伦药业
2022-01-10,zz500,2021-11-15,002423,中粮资本
2022-01-10,zz500,2021-11-15,002424,贵州百灵
2022-01-10,zz500,2021-11-15,002429,兆驰股份
2022-01-10,zz500,2021-11-15,002434,万里扬
2022-01-10,zz500,2021-11-15,002439,启明星辰
2022-01-10,zz500,2021-11-15,002440,闰土股份
2022-01-10,zz500,2021-11-15,002444,巨星科技
2022-01-10,zz500,2021-11-15,002458,益生股份
2022-01-10,zz500,2021-11-15,002465,海格通信
2022-01-10,zz500,2021-11-15,002468,申通快递
2022-01-10,zz500,2021-11-15,002500,山西证券
2022-01-10,zz500,2021-11-15,002505,鹏都农牧
2022-01-10,zz500,2021-11-15,002506,协鑫集成
2022-01-10,zz500,2021-11-15,002507,涪陵榨菜
2022-01-10,zz500,2021-11-15,002511,中顺洁柔
2022-01-10,zz500,2021-11-15,002532,天山铝业
2022-01-10,zz500,2021-11-15,002557,洽洽食品
2022-01-10,zz500,2021-11-15,002563,森马服饰
2022-01-10,zz500,2021-11-15,002572,索菲亚
2022-01-10,zz500,2021-11-15,002583,海能达
2022-01-10,zz500,2021-11-15,002595,豪迈科技
2022-01-10,zz500,2021-11-15,002603,以岭药业
2022-01-10,zz500,2021-11-15,002625,光启技术
2022-01-10,zz500,2021-11-15,002635,安洁科技
2022-01-10,zz500,2021-11-15,002648,卫星化学
2022-01-10,zz500,2021-11-15,002653,海思科
2022-01-10,zz500,2021-11-15,002670,国盛金控
2022-01-10,zz500,2021-11-15,002683,宏大爆破
2022-01-10,zz500,2021-11-15,002690,美亚光电
2022-01-10,zz500,2021-11-15,002701,奥瑞金
2022-01-10,zz500,2021-11-15,002705,新宝股份
2022-01-10,zz500,2021-11-15,002709,天赐材料
2022-01-10,zz500,2021-11-15,002745,木林森
2022-01-10,zz500,2021-11-15,002797,第一创业
2022-01-10,zz500,2021-11-15,002815,崇达技术
2022-01-10,zz500,2021-11-15,002818,富森美
2022-01-10,zz500,2021-11-15,002831,裕同科技
2022-01-10,zz500,2021-11-15,002839,张家港行
2022-01-10,zz500,2021-11-15,002867,周大生
2022-01-10,zz500,2021-11-15,002901,大博医疗
2022-01-10,zz500,2021-11-15,002925,盈趣科技
2022-01-10,zz500,2021-11-15,002926,华西证券
2022-01-10,zz500,2021-11-15,002936,郑州银行
2022-01-10,zz500,2021-11-15,002946,新乳业
2022-01-10,zz500,2021-11-15,002948,青岛银行
2022-01-10,zz500,2021-11-15,002958,青农商行
2022-01-10,zz500,2021-11-15,002966,苏州银行
2022-01-10,zz500,2021-11-15,002985,北摩高科
2022-01-10,zz500,2021-11-15,003022,联泓新科
2022-01-10,zz500,2021-11-15,003035,南网能源
2022-01-10,zz500,2021-11-15,300001,特锐德
2022-01-10,zz500,2021-11-15,300002,神州泰岳
2022-01-10,zz500,2021-11-15,300009,安科生物
2022-01-10,zz500,2021-11-15,300010,豆神教育
2022-01-10,zz500,2021-11-15,300017,网宿科技
2022-01-10,zz500,2021-11-15,300024,机器人
2022-01-10,zz500,2021-11-15,300026,红日药业
2022-01-10,zz500,2021-11-15,300037,新宙邦
2022-01-10,zz500,2021-11-15,300058,蓝色光标
2022-01-10,zz500,2021-11-15,300070,碧水源
2022-01-10,zz500,2021-11-15,300072,三聚环保
2022-01-10,zz500,2021-11-15,300088,长信科技
2022-01-10,zz500,2021-11-15,300113,顺网科技
2022-01-10,zz500,2021-11-15,300115,长盈精密
2022-01-10,zz500,2021-11-15,300133,华策影视
2022-01-10,zz500,2021-11-15,300146,汤臣倍健
2022-01-10,zz500,2021-11-15,300166,东方国信
2022-01-10,zz500,2021-11-15,300168,万达信息
2022-01-10,zz500,2021-11-15,300180,华峰超纤
2022-01-10,zz500,2021-11-15,300182,捷成股份
2022-01-10,zz500,2021-11-15,300207,欣旺达
2022-01-10,zz500,2021-11-15,300212,易华录
2022-01-10,zz500,2021-11-15,300223,北京君正
2022-01-10,zz500,2021-11-15,300244,迪安诊断
2022-01-10,zz500,2021-11-15,300251,光线传媒
2022-01-10,zz500,2021-11-15,300253,卫宁健康
2022-01-10,zz500,2021-11-15,300257,开山股份
2022-01-10,zz500,2021-11-15,300271,华宇软件
2022-01-10,zz500,2021-11-15,300285,国瓷材料
2022-01-10,zz500,2021-11-15,300296,利亚德
2022-01-10,zz500,2021-11-15,300308,中际旭创
2022-01-10,zz500,2021-11-15,300315,掌趣科技
2022-01-10,zz500,2021-11-15,300316,晶盛机电
2022-01-10,zz500,2021-11-15,300357,我武生物
2022-01-10,zz500,2021-11-15,300376,易事特
2022-01-10,zz500,2021-11-15,300383,光环新网
2022-01-10,zz500,2021-11-15,300418,昆仑万维
2022-01-10,zz500,2021-11-15,300463,迈克生物
2022-01-10,zz500,2021-11-15,300474,景嘉微
2022-01-10,zz500,2021-11-15,300482,万孚生物
2022-01-10,zz500,2021-11-15,300618,寒锐钴业
2022-01-10,zz500,2021-11-15,300630,普利制药
2022-01-10,zz500,2021-11-15,300699,光威复材
2022-01-10,zz500,2021-11-15,300741,华宝股份
2022-07-10,hs300,2022-06-13,600000,浦发银行
2022-07-10,hs300,2022-06-13,600009,上海机场
2022-07-10,hs300,2022-06-13,600010,包钢股份
2022-07-10,hs300,2022-06-13,600011,华能国际
2022-07-10,hs300,2022-06-13,600015,华夏银行
2022-07-10,hs300,2022-06-13,600016,民生银行
2022-07-10,hs300,2022-06-13,600018,上港集团
2022-07-10,hs300,2022-06-13,600019,宝钢股份
2022-07-10,hs300,2022-06-13,600025,华能水电
2022-07-10,hs300,2022-06-13,600028,中国石化
2022-07-10,hs300,2022-06-13,600029,南方航空
2022-07-10,hs300,2022-06-13,600030,中信证券
2022-07-10,hs300,2022-06-13,600031,三一重工
2022-07-10,hs300,2022-06-13,600036,招商银行
2022-07-10,hs300,2022-06-13,600048,保利发展
2022-07-10,hs300,2022-06-13,600050,中国联通
2022-07-10,hs300,2022-06-13,600061,国投资本
2022-07-10,hs300,2022-06-13,600085,同仁堂
2022-07-10,hs300,2022-06-13,600089,特变电工
2022-07-10,hs300,2022-06-13,600104,上汽集团
2022-07-10,hs300,2022-06-13,600111,北方稀土
2022-07-10,hs300,2022-06-13,600115,中国东航
2022-07-10,hs300,2022-06-13,600132,重庆啤酒
2022-07-10,hs300,2022-06-13,600150,中国船舶
2022-07-10,hs300,2022-06-13,600161,天坛生物
2022-07-10,hs300,2022-06-13,600176,中国巨石
2022-07-10,hs300,2022-06-13,600183,生益科技
2022-07-10,hs300,2022-06-13,600188,兖矿能源
2022-07-10,hs300,2022-06-13,600196,复星医药
2022-07-10,hs300,2022-06-13,600219,南山铝业
2022-07-10,hs300,2022-06-13,600276,恒瑞医药
2022-07-10,hs300,2022-06-13,600309,万华化学
2022-07-10,hs300,2022-06-13,600332,白云山
2022-07-10,hs300,2022-06-13,600346,恒力石化
2022-07-10,hs300,2022-06-13,600352,浙江龙盛
2022-07-10,hs300,2022-06-13,600362,江西铜业
2022-07-10,hs300,2022-06-13,600383,金地集团
2022-07-10,hs300,2022-06-13,600406,国电南瑞
2022-07-10,hs300,2022-06-13,600426,华鲁恒升
2022-07-10,hs300,2022-06-13,600436,片仔癀
2022-07-10,hs300,2022-06-13,600438,通威股份
2022-07-10,hs300,2022-06-13,600460,士兰微
2022-07-10,hs300,2022-06-13,600489,中金黄金
2022-07-10,hs300,2022-06-13,600519,贵州茅台
2022-07-10,hs300,2022-06-13,600547,山东黄金
2022-07-10,hs300,2022-06-13,600570,恒生电子
2022-07-10,hs300,2022-06-13,600584,长电科技
2022-07-10,hs300,2022-06-13,600585,海螺水泥
2022-07-10,hs300,2022-06-13,600588,用友网络
2022-07-10,hs300,2022-06-13,600600,青岛啤酒
2022-07-10,hs300,2022-06-13,600606,绿地控股
2022-07-10,hs300,2022-06-13,600655,豫园股份
2022-07-10,hs300,2022-06-13,600660,福耀玻璃
2022-07-10,hs300,2022-06-13,600690,海尔智家
2022-07-10,hs300,2022-06-13,600741,华域汽车
2022-07-10,hs300,2022-06-13,600745,闻泰科技
2022-07-10,hs300,2022-06-13,600760,中航沈飞
2022-07-10,hs300,2022-06-13,600763,通策医疗
2022-07-10,hs300,2022-06-13,600795,国电电力
2022-07-10,hs300,2022-06-13,600809,山西汾酒
2022-07-10,hs300,2022-06-13,600837,海通证券
2022-07-10,hs300,2022-06-13,600845,宝信软件
2022-07-10,hs300,2022-06-13,600886,国投电力
2022-07-10,hs300,2022-06-13,600887,伊利股份
2022-07-10,hs300,2022-06-13,600893,航发动力
2022-07-10,hs300,2022-06-13,600900,长江电力
2022-07-10,hs300,2022-06-13,600905,三峡能源
2022-07-10,hs300,2022-06-13,600918,中泰证券
2022-07-10,hs300,2022-06-13,600919,江苏银行
2022-07-10,hs300,2022-06-13,600926,杭州银行
2022-07-10,hs300,2022-06-13,600941,中国移动
2022-07-10,hs300,2022-06-13,600958,东方证券
2022-07-10,hs300,2022-06-13,600989,宝丰能源
2022-07-10,hs300,2022-06-13,600999,招商证券
2022-07-10,hs300,2022-06-13,601006,大秦铁路
2022-07-10,hs300,2022-06-13,601009,南京银行
2022-07-10,hs300,2022-06-13,601012,隆基绿能
2022-07-10,hs300,2022-06-13,601021,春秋航空
2022-07-10,hs300,2022-06-13,601066,中信建投
2022-07-10,hs300,2022-06-13,601088,中国神华
2022-07-10,hs300,2022-06-13,601100,恒立液压
2022-07-10,hs300,2022-06-13,601111,中国国航
2022-07-10,hs300,2022-06-13,601117,中国化学
2022-07-10,hs300,2022-06-13,601138,工业富联
2022-07-10,hs300,2022-06-13,601155,新城控股
2022-07-10,hs300,2022-06-13,601166,兴业银行
2022-07-10,hs300,2022-06-13,601169,北京银行
2022-07-10,hs300,2022-06-13,601186,中国铁建
2022-07-10,hs300,2022-06-13,601211,国泰君安
2022-07-10,hs300,2022-06-13,601216,君正集团
2022-07-10,hs300,2022-06-13,601225,陕西煤业
2022-07-10,hs300,2022-06-13,601229,上海银行
2022-07-10,hs300,2022-06-13,601236,红塔证券
2022-07-10,hs300,2022-06-13,601238,广汽集团
2022-07-10,hs300,2022-06-13,601288,农业银行
2022-07-10,hs300,2022-06-13,601318,中国平安
2022-07-10,hs300,2022-06-13,601319,中国人保
2022-07-10,hs300,2022-06-13,601328,交通银行
2022-07-10,hs300,2022-06-13,601336,新华保险
2022-07-10,hs300,2022-06-13,601360,三六零
2022-07-10,hs300,2022-06-13,601377,兴业证券
2022-07-10,hs300,2022-06-13,601390,中国中铁
2022-07-10,hs300,2022-06-13,601398,工商银行
2022-07-10,hs300,2022-06-13,601600,中国铝业
2022-07-10,hs300,2022-06-13,601601,中国太保
2022-07-10,hs300,2022-06-13,601618,中国中冶
2022-07-10,hs300,2022-06-13,601628,中国人寿
2022-07-10,hs300,2022-06-13,601633,长城汽车
2022-07-10,hs300,2022-06-13,601658,邮储银行
2022-07-10,hs300,2022-06-13,601668,中国建筑
2022-07-10,hs300,2022-06-13,601669,中国电建
2022-07-10,hs300,2022-06-13,601688,华泰证券
2022-07-10,hs300,2022-06-13,601698,中国卫通
2022-07-10,hs300,2022-06-13,601728,中国电信
2022-07-10,hs300,2022-06-13,601766,中国中车
2022-07-10,hs300,2022-06-13,601788,光大证券
2022-07-10,hs300,2022-06-13,601799,星宇股份
2022-07-10,hs300,2022-06-13,601800,中国交建
2022-07-10,hs300,2022-06-13,601808,中海油服
2022-07-10,hs300,2022-06-13,601816,京沪高铁
2022-07-10,hs300,2022-06-13,601818,光大银行
2022-07-10,hs300,2022-06-13,601825,沪农商行
2022-07-10,hs300,2022-06-13,601838,成都银行
2022-07-10,hs300,2022-06-13,601857,中国石油
2022-07-10,hs300,2022-06-13,601865,福莱特
2022-07-10,hs300,2022-06-13,601868,中国能建
2022-07-10,hs300,2022-06-13,601877,正泰电器
2022-07-10,hs300,2022-06-13,601878,浙商证券
2022-07-10,hs300,2022-06-13,601881,中国银河
2022-07-10,hs300,2022-06-13,601888,中国中免
2022-07-10,hs300,2022-06-13,601898,中煤能源
2022-07-10,hs300,2022-06-13,601899,紫金矿业
2022-07-10,hs300,2022-06-13,601901,方正证券
2022-07-10,hs300,2022-06-13,601916,浙商银行
2022-07-10,hs300,2022-06-13,601919,中远海控
2022-07-10,hs300,2022-06-13,601939,建设银行
2022-07-10,hs300,2022-06-13,601966,玲珑轮胎
2022-07-10,hs300,2022-06-13,601985,中国核电
2022-07-10,hs300,2022-06-13,601988,中国银行
2022-07-10,hs300,2022-06-13,601989,中国重工
2022-07-10,hs300,2022-06-13,601995,中金公司
2022-07-10,hs300,2022-06-13,601998,中信银行
2022-07-10,hs300,2022-06-13,603019,中科曙光
2022-07-10,hs300,2022-06-13,603087,甘李药业
2022-07-10,hs300,2022-06-13,603160,汇顶科技
2022-07-10,hs300,2022-06-13,603185,上机数控
2022-07-10,hs300,2022-06-13,603195,公牛集团
2022-07-10,hs300,2022-06-13,603259,药明康德
2022-07-10,hs300,2022-06-13,603260,合盛硅业
2022-07-10,hs300,2022-06-13,603288,海天味业
2022-07-10,hs300,2022-06-13,603290,斯达半导
2022-07-10,hs300,2022-06-13,603369,今世缘
2022-07-10,hs300,2022-06-13,603392,万泰生物
2022-07-10,hs300,2022-06-13,603486,科沃斯
2022-07-10,hs300,2022-06-13,603501,韦尔股份
2022-07-10,hs300,2022-06-13,603659,璞泰来
2022-07-10,hs300,2022-06-13,603799,华友钴业
2022-07-10,hs300,2022-06-13,603806,福斯特
2022-07-10,hs300,2022-06-13,603833,欧派家居
2022-07-10,hs300,2022-06-13,603882,金域医学
2022-07-10,hs300,2022-06-13,603899,晨光股份
2022-07-10,hs300,2022-06-13,603986,兆易创新
2022-07-10,hs300,2022-06-13,603993,洛阳钼业
2022-07-10,hs300,2022-06-13,605499,东鹏饮料
2022-07-10,hs300,2022-06-13,688005,容百科技
2022-07-10,hs300,2022-06-13,688008,澜起科技
2022-07-10,hs300,2022-06-13,688012,中微公司
2022-07-10,hs300,2022-06-13,688036,传音控股
2022-07-10,hs300,2022-06-13,688065,凯赛生物
2022-07-10,hs300,2022-06-13,688111,金山办公
2022-07-10,hs300,2022-06-13,688126,沪硅产业
2022-07-10,hs300,2022-06-13,688169,石头科技
2022-07-10,hs300,2022-06-13,688363,华熙生物
2022-07-10,hs300,2022-06-13,688396,华润微
2022-07-10,hs300,2022-06-13,688561,奇安信
2022-07-10,hs300,2022-06-13,688599,天合光能
2022-07-10,hs300,2022-06-13,688981,中芯国际
2022-07-10,hs300,2022-06-13,000001,平安银行
2022-07-10,hs300,2022-06-13,000002,万科A
2022-07-10,hs300,2022-06-13,000063,中兴通讯
2022-07-10,hs300,2022-06-13,000066,中国长城
2022-07-10,hs300,2022-06-13,000069,华侨城A
2022-07-10,hs300,2022-06-13,000100,TCL科技
2022-07-10,hs300,2022-06-13,000157,中联重科
2022-07-10,hs300,2022-06-13,000166,申万宏源
2022-07-10,hs300,2022-06-13,000301,东方盛虹
2022-07-10,hs300,2022-06-13,000333,美的集团
2022-07-10,hs300,2022-06-13,000338,潍柴动力
2022-07-10,hs300,2022-06-13,000408,藏格矿业
2022-07-10,hs300,2022-06-13,000425,徐工机械
2022-07-10,hs300,2022-06-13,000538,云南白药
2022-07-10,hs300,2022-06-13,000568,泸州老窖
2022-07-10,hs300,2022-06-13,000596,古井贡酒
2022-07-10,hs300,2022-06-13,000625,长安汽车
2022-07-10,hs300,2022-06-13,000651,格力电器
2022-07-10,hs300,2022-06-13,000661,长春高新
2022-07-10,hs300,2022-06-13,000703,恒逸石化
2022-07-10,hs300,2022-06-13,000708,中信特钢
2022-07-10,hs300,2022-06-13,000725,京东方A
2022-07-10,hs300,2022-06-13,000768,中航西飞
2022-07-10,hs300,2022-06-13,000776,广发证券
2022-07-10,hs300,2022-06-13,000786,北新建材
2022-07-10,hs300,2022-06-13,000792,盐湖股份
2022-07-10,hs300,2022-06-13,000800,一汽解放
2022-07-10,hs300,2022-06-13,000858,五粮液
2022-07-10,hs300,2022-06-13,000876,新希望
2022-07-10,hs300,2022-06-13,000877,天山股份
2022-07-10,hs300,2022-06-13,000895,双汇发展
2022-07-10,hs300,2022-06-13,000938,紫光股份
2022-07-10,hs300,2022-06-13,000963,华东医药
2022-07-10,hs300,2022-06-13,000977,浪潮信息
2022-07-10,hs300,2022-06-13,001289,龙源电力
2022-07-10,hs300,2022-06-13,001979,招商蛇口
2022-07-10,hs300,2022-06-13,002001,新和成
2022-07-10,hs300,2022-06-13,002007,华兰生物
2022-07-10,hs300,2022-06-13,002008,大族激光
2022-07-10,hs300,2022-06-13,002027,分众传媒
2022-07-10,hs300,2022-06-13,002032,苏泊尔
2022-07-10,hs300,2022-06-13,002049,紫光国微
2022-07-10,hs300,2022-06-13,002050,三花智控
2022-07-10,hs300,2022-06-13,002064,华峰化学
2022-07-10,hs300,2022-06-13,002074,国轩高科
2022-07-10,hs300,2022-06-13,002120,韵达股份
2022-07-10,hs300,2022-06-13,002129,中环股份
2022-07-10,hs300,2022-06-13,002142,宁波银行
2022-07-10,hs300,2022-06-13,002179,中航光电
2022-07-10,hs300,2022-06-13,002202,金风科技
2022-07-10,hs300,2022-06-13,002230,科大讯飞
2022-07-10,hs300,2022-06-13,002236,大华股份
2022-07-10,hs300,2022-06-13,002241,歌尔股份
2022-07-10,hs300,2022-06-13,002252,上海莱士
2022-07-10,hs300,2022-06-13,002271,东方雨虹
2022-07-10,hs300,2022-06-13,002304,洋河股份
2022-07-10,hs300,2022-06-13,002311,海大集团
2022-07-10,hs300,2022-06-13,002352,顺丰控股
2022-07-10,hs300,2022-06-13,002371,北方华创
2022-07-10,hs300,2022-06-13,002410,广联达
2022-07-10,hs300,2022-06-13,002414,高德红外
2022-07-10,hs300,2022-06-13,002415,海康威视
2022-07-10,hs300,2022-06-13,002459,晶澳科技
2022-07-10,hs300,2022-06-13,002460,赣锋锂业
2022-07-10,hs300,2022-06-13,002466,天齐锂业
2022-07-10,hs300,2022-06-13,002475,立讯精密
2022-07-10,hs300,2022-06-13,002493,荣盛石化
2022-07-10,hs300,2022-06-13,002555,三七互娱
2022-07-10,hs300,2022-06-13,002568,百润股份
2022-07-10,hs300,2022-06-13,002594,比亚迪
2022-07-10,hs300,2022-06-13,002600,领益智造
2022-07-10,hs300,2022-06-13,002601,龙佰集团
2022-07-10,hs300,2022-06-13,002602,世纪华通
2022-07-10,hs300,2022-06-13,002607,中公教育
2022-07-10,hs300,2022-06-13,002648,卫星化学
2022-07-10,hs300,2022-06-13,002709,天赐材料
2022-07-10,hs300,2022-06-13,002714,牧原股份
2022-07-10,hs300,2022-06-13,002736,国信证券
2022-07-10,hs300,2022-06-13,002791,坚朗五金
2022-07-10,hs300,2022-06-13,002812,恩捷股份
2022-07-10,hs300,2022-06-13,002821,凯莱英
2022-07-10,hs300,2022-06-13,002841,视源股份
2022-07-10,hs300,2022-06-13,002916,深南电路
2022-07-10,hs300,2022-06-13,002920,德赛西威
2022-07-10,hs300,2022-06-13,002938,鹏鼎控股
2022-07-10,hs300,2022-06-13,003816,中国广核
2022-07-10,hs300,2022-06-13,300003,乐普医疗
2022-07-10,hs300,2022-06-13,300014,亿纬锂能
2022-07-10,hs300,2022-06-13,300015,爱尔眼科
2022-07-10,hs300,2022-06-13,300033,同花顺
2022-07-10,hs300,2022-06-13,300059,东方财富
2022-07-10,hs300,2022-06-13,300122,智飞生物
2022-07-10,hs300,2022-06-13,300124,汇川技术
2022-07-10,hs300,2022-06-13,300142,沃森生物
2022-07-10,hs300,2022-06-13,300207,欣旺达
2022-07-10,hs300,2022-06-13,300223,北京君正
2022-07-10,hs300,2022-06-13,300274,阳光电源
2022-07-10,hs300,2022-06-13,300316,晶盛机电
2022-07-10,hs300,2022-06-13,300347,泰格医药
2022-07-10,hs300,2022-06-13,300408,三环集团
2022-07-10,hs300,2022-06-13,300413,芒果超媒
2022-07-10,hs300,2022-06-13,300433,蓝思科技
2022-07-10,hs300,2022-06-13,300450,先导智能
2022-07-10,hs300,2022-06-13,300454,深信服
2022-07-10,hs300,2022-06-13,300496,中科创达
2022-07-10,hs300,2022-06-13,300498,温氏股份
2022-07-10,hs300,2022-06-13,300529,健帆生物
2022-07-10,hs300,2022-06-13,300595,欧普康视
2022-07-10,hs300,2022-06-13,300601,康泰生物
2022-07-10,hs300,2022-06-13,300628,亿联网络
2022-07-10,hs300,2022-06-13,300661,圣邦股份
2022-07-10,hs300,2022-06-13,300750,宁德时代
2022-07-10,hs300,2022-06-13,300751,迈为股份
2022-07-10,hs300,2022-06-13,300759,康龙化成
2022-07-10,hs300,2022-06-13,300760,迈瑞医疗
2022-07-10,hs300,2022-06-13,300763,锦浪科技
2022-07-10,hs300,2022-06-13,300782,卓胜微
2022-07-10,hs300,2022-06-13,300866,安克创新
2022-07-10,hs300,2022-06-13,300896,爱美客
2022-07-10,hs300,2022-06-13,300919,中伟股份
2022-07-10,hs300,2022-06-13,300957,贝泰妮
2022-07-10,hs300,2022-06-13,300979,华利集团
2022-07-10,hs300,2022-06-13,300999,金龙鱼
2022-07-10,zz500,2022-06-13,600006,东风汽车
2022-07-10,zz500,2022-06-13,600008,首创环保
2022-07-10,zz500,2022-06-13,600021,上海电力
2022-07-10,zz500,2022-06-13,600022,山东钢铁
2022-07-10,zz500,2022-06-13,600026,中远海能
2022-07-10,zz500,2022-06-13,600027,华电国际
2022-07-10,zz500,2022-06-13,600037,歌华有线
2022-07-10,zz500,2022-06-13,600038,中直股份
2022-07-10,zz500,2022-06-13,600039,四川路桥
2022-07-10,zz500,2022-06-13,600056,中国医药
2022-07-10,zz500,2022-06-13,600060,海信视像
2022-07-10,zz500,2022-06-13,600062,华润双鹤
2022-07-10,zz500,2022-06-13,600064,南京高科
2022-07-10,zz500,2022-06-13,600066,宇通客车
2022-07-10,zz500,2022-06-13,600079,人福医药
2022-07-10,zz500,2022-06-13,600095,湘财股份
2022-07-10,zz500,2022-06-13,600096,云天化
2022-07-10,zz500,2022-06-13,600109,国金证券
2022-07-10,zz500,2022-06-13,600118,中国卫星
2022-07-10,zz500,2022-06-13,600120,浙江东方
2022-07-10,zz500,2022-06-13,600126,杭钢股份
2022-07-10,zz500,2022-06-13,600131,国网信通
2022-07-10,zz500,2022-06-13,600141,兴发集团
2022-07-10,zz500,2022-06-13,600143,金发科技
2022-07-10,zz500,2022-06-13,600153,建发股份
2022-07-10,zz500,2022-06-13,600155,华创阳安
2022-07-10,zz500,2022-06-13,600157,永泰能源
2022-07-10,zz500,2022-06-13,600160,巨化股份
2022-07-10,zz500,2022-06-13,600166,福田汽车
2022-07-10,zz500,2022-06-13,600167,联美控股
2022-07-10,zz500,2022-06-13,600170,上海建工
2022-07-10,zz500,2022-06-13,600171,上海贝岭
2022-07-10,zz500,2022-06-13,600177,雅戈尔
2022-07-10,zz500,2022-06-13,600195,中牧股份
2022-07-10,zz500,2022-06-13,600201,生物股份
2022-07-10,zz500,2022-06-13,600208,新湖中宝
2022-07-10,zz500,2022-06-13,600216,浙江医药
2022-07-10,zz500,2022-06-13,600233,圆通速递
2022-07-10,zz500,2022-06-13,600236,桂冠电力
2022-07-10,zz500,2022-06-13,600256,广汇能源
2022-07-10,zz500,2022-06-13,600258,首旅酒店
2022-07-10,zz500,2022-06-13,600259,广晟有色
2022-07-10,zz500,2022-06-13,600271,航天信息
2022-07-10,zz500,2022-06-13,600282,南钢股份
2022-07-10,zz500,2022-06-13,600297,广汇汽车
2022-07-10,zz500,2022-06-13,600298,安琪酵母
2022-07-10,zz500,2022-06-13,600299,安迪苏
2022-07-10,zz500,2022-06-13,600307,酒钢宏兴
2022-07-10,zz500,2022-06-13,600315,上海家化
2022-07-10,zz500,2022-06-13,600316,洪都航空
2022-07-10,zz500,2022-06-13,600325,华发股份
2022-07-10,zz500,2022-06-13,600329,达仁堂
2022-07-10,zz500,2022-06-13,600339,中油工程
2022-07-10,zz500,2022-06-13,600348,华阳股份
2022-07-10,zz500,2022-06-13,600350,山东高速
2022-07-10,zz500,2022-06-13,600369,西南证券
2022-07-10,zz500,2022-06-13,600372,中航电子
2022-07-10,zz500,2022-06-13,600373,中文传媒
2022-07-10,zz500,2022-06-13,600376,首开股份
2022-07-10,zz500,2022-06-13,600377,宁沪高速
2022-07-10,zz500,2022-06-13,600380,健康元
2022-07-10,zz500,2022-06-13,600390,五矿资本
2022-07-10,zz500,2022-06-13,600392,盛和资源
2022-07-10,zz500,2022-06-13,600398,海澜之家
2022-07-10,zz500,2022-06-13,600399,抚顺特钢
2022-07-10,zz500,2022-06-13,600409,三友化工
2022-07-10,zz500,2022-06-13,600415,小商品城
2022-07-10,zz500,2022-06-13,600418,江淮汽车
2022-07-10,zz500,2022-06-13,600435,北方导航
2022-07-10,zz500,2022-06-13,600446,金证股份
2022-07-10,zz500,2022-06-13,600482,中国动力
2022-07-10,zz500,2022-06-13,600486,扬农化工
2022-07-10,zz500,2022-06-13,600487,亨通光电
2022-07-10,zz500,2022-06-13,600497,驰宏锌锗
2022-07-10,zz500,2022-06-13,600498,烽火通信
2022-07-10,zz500,2022-06-13,600499,科达制造
2022-07-10,zz500,2022-06-13,600500,中化国际
2022-07-10,zz500,2022-06-13,600507,方大特钢
2022-07-10,zz500,2022-06-13,600511,国药股份
2022-07-10,zz500,2022-06-13,600516,方大炭素
2022-07-10,zz500,2022-06-13,600517,国网英大
2022-07-10,zz500,2022-06-13,600521,华海药业
2022-07-10,zz500,2022-06-13,600522,中天科技
2022-07-10,zz500,2022-06-13,600528,中铁工业
2022-07-10,zz500,2022-06-13,600529,山东药玻
2022-07-10,zz500,2022-06-13,600535,天士力
2022-07-10,zz500,2022-06-13,600536,中国软件
2022-07-10,zz500,2022-06-13,600546,山煤国际
2022-07-10,zz500,2022-06-13,600549,厦门钨业
2022-07-10,zz500,2022-06-13,600556,天下秀
2022-07-10,zz500,2022-06-13,600563,法拉电子
2022-07-10,zz500,2022-06-13,600566,济川药业
2022-07-10,zz500,2022-06-13,600567,山鹰国际
2022-07-10,zz500,2022-06-13,600572,康恩贝
2022-07-10,zz500,2022-06-13,600580,卧龙电驱
2022-07-10,zz500,2022-06-13,600582,天地科技
2022-07-10,zz500,2022-06-13,600597,光明乳业
2022-07-10,zz500,2022-06-13,600598,北大荒
2022-07-10,zz500,2022-06-13,600623,华谊集团
2022-07-10,zz500,2022-06-13,600637,东方明珠
2022-07-10,zz500,2022-06-13,600642,申能股份
2022-07-10,zz500,2022-06-13,600648,外高桥
2022-07-10,zz500,2022-06-13,600663,陆家嘴
2022-07-10,zz500,2022-06-13,600667,太极实业
2022-07-10,zz500,2022-06-13,600673,东阳光
2022-07-10,zz500,2022-06-13,600699,均胜电子
2022-07-10,zz500,2022-06-13,600704,物产中大
2022-07-10,zz500,2022-06-13,600705,中航产融
2022-07-10,zz500,2022-06-13,600707,彩虹股份
2022-07-10,zz500,2022-06-13,600717,天津港
2022-07-10,zz500,2022-06-13,600718,东软集团
2022-07-10,zz500,2022-06-13,600728,佳都科技
2022-07-10,zz500,2022-06-13,600732,爱旭股份
2022-07-10,zz500,2022-06-13,600737,中粮糖业
2022-07-10,zz500,2022-06-13,600739,辽宁成大
2022-07-10,zz500,2022-06-13,600755,厦门国贸
2022-07-10,zz500,2022-06-13,600764,中国海防
2022-07-10,zz500,2022-06-13,600765,中航重机
2022-07-10,zz500,2022-06-13,600782,新钢股份
2022-07-10,zz500,2022-06-13,600787,中储股份
2022-07-10,zz500,2022-06-13,600801,华新水泥
2022-07-10,zz500,2022-06-13,600808,马钢股份
2022-07-10,zz500,2022-06-13,600811,东方集团
2022-07-10,zz500,2022-06-13,600820,隧道股份
2022-07-10,zz500,2022-06-13,600823,世茂股份
2022-07-10,zz500,2022-06-13,600827,百联股份
2022-07-10,zz500,2022-06-13,600835,上海机电
2022-07-10,zz500,2022-06-13,600839,四川长虹
2022-07-10,zz500,2022-06-13,600848,上海临港
2022-07-10,zz500,2022-06-13,600859,王府井
2022-07-10,zz500,2022-06-13,600862,中航高科
2022-07-10,zz500,2022-06-13,600863,内蒙华电
2022-07-10,zz500,2022-06-13,600867,通化东宝
2022-07-10,zz500,2022-06-13,600871,石化油服
2022-07-10,zz500,2022-06-13,600875,东方电气
2022-07-10,zz500,2022-06-13,600879,航天电子
2022-07-10,zz500,2022-06-13,600885,宏发股份
2022-07-10,zz500,2022-06-13,600895,张江高科
2022-07-10,zz500,2022-06-13,600901,江苏租赁
2022-07-10,zz500,2022-06-13,600906,财达证券
2022-07-10,zz500,2022-06-13,600909,华安证券
2022-07-10,zz500,2022-06-13,600917,重庆燃气
2022-07-10,zz500,2022-06-13,600927,永安期货
2022-07-10,zz500,2022-06-13,600928,西安银行
2022-07-10,zz500,2022-06-13,600956,新天绿能
2022-07-10,zz500,2022-06-13,600959,江苏有线
2022-07-10,zz500,2022-06-13,600967,内蒙一机
2022-07-10,zz500,2022-06-13,600968,海油发展
2022-07-10,zz500,2022-06-13,600970,中材国际
2022-07-10,zz500,2022-06-13,600985,淮北矿业
2022-07-10,zz500,2022-06-13,600988,赤峰黄金
2022-07-10,zz500,2022-06-13,600998,九州通
2022-07-10,zz500,2022-06-13,601000,唐山港
2022-07-10,zz500,2022-06-13,601003,柳钢股份
2022-07-10,zz500,2022-06-13,601005,重庆钢铁
2022-07-10,zz500,2022-06-13,601016,节能风电
2022-07-10,zz500,2022-06-13,601058,赛轮轮胎
2022-07-10,zz500,2022-06-13,601077,渝农商行
2022-07-10,zz500,2022-06-13,601098,中南传媒
2022-07-10,zz500,2022-06-13,601106,中国一重
2022-07-10,zz500,2022-06-13,601108,财通证券
2022-07-10,zz500,2022-06-13,601118,海南橡胶
2022-07-10,zz500,2022-06-13,601128,常熟银行
2022-07-10,zz500,2022-06-13,601139,深圳燃气
2022-07-10,zz500,2022-06-13,601156,东航物流
2022-07-10,zz500,2022-06-13,601162,天风证券
2022-07-10,zz500,2022-06-13,601168,西部矿业
2022-07-10,zz500,2022-06-13,601179,中国西电
2022-07-10,zz500,2022-06-13,601187,厦门银行
2022-07-10,zz500,2022-06-13,601198,东兴证券
2022-07-10,zz500,2022-06-13,601200,上海环境
2022-07-10,zz500,2022-06-13,601228,广州港
2022-07-10,zz500,2022-06-13,601298,青岛港
2022-07-10,zz500,2022-06-13,601333,广深铁路
2022-07-10,zz500,2022-06-13,601456,国联证券
2022-07-10,zz500,2022-06-13,601555,东吴证券
2022-07-10,zz500,2022-06-13,601568,北元集团
2022-07-10,zz500,2022-06-13,601577,长沙银行
2022-07-10,zz500,2022-06-13,601598,中国外运
2022-07-10,zz500,2022-06-13,601607,上海医药
2022-07-10,zz500,2022-06-13,601608,中信重工
2022-07-10,zz500,2022-06-13,601611,中国核建
2022-07-10,zz500,2022-06-13,601615,明阳智能
2022-07-10,zz500,2022-06-13,601636,旗滨集团
2022-07-10,zz500,2022-06-13,601665,齐鲁银行
2022-07-10,zz500,2022-06-13,601696,中银证券
2022-07-10,zz500,2022-06-13,601699,潞安环能
2022-07-10,zz500,2022-06-13,601717,郑煤机
2022-07-10,zz500,2022-06-13,601718,际华集团
2022-07-10,zz500,2022-06-13,601778,晶科科技
2022-07-10,zz500,2022-06-13,601828,美凯龙
2022-07-10,zz500,2022-06-13,601860,紫金银行
2022-07-10,zz500,2022-06-13,601866,中远海发
2022-07-10,zz500,2022-06-13,601869,长飞光纤
2022-07-10,zz500,2022-06-13,601872,招商轮船
2022-07-10,zz500,2022-06-13,601880,辽港股份
2022-07-10,zz500,2022-06-13,601928,凤凰传媒
2022-07-10,zz500,2022-06-13,601958,金钼股份
2022-07-10,zz500,2022-06-13,601969,海南矿业
2022-07-10,zz500,2022-06-13,601990,南京证券
2022-07-10,zz500,2022-06-13,601991,大唐发电
2022-07-10,zz500,2022-06-13,601992,金隅集团
2022-07-10,zz500,2022-06-13,601997,贵阳银行
2022-07-10,zz500,2022-06-13,603000,人民网
2022-07-10,zz500,2022-06-13,603026,石大胜华
2022-07-10,zz500,2022-06-13,603056,德邦股份
2022-07-10,zz500,2022-06-13,603077,和邦生物
2022-07-10,zz500,2022-06-13,603127,昭衍新药
2022-07-10,zz500,2022-06-13,603156,养元饮品
2022-07-10,zz500,2022-06-13,603198,迎驾贡酒
2022-07-10,zz500,2022-06-13,603218,日月股份
2022-07-10,zz500,2022-06-13,603225,新凤鸣
2022-07-10,zz500,2022-06-13,603228,景旺电子
2022-07-10,zz500,2022-06-13,603233,大参林
2022-07-10,zz500,2022-06-13,603267,鸿远电子
2022-07-10,zz500,2022-06-13,603317,天味食品
2022-07-10,zz500,2022-06-13,603345,安井食品
2022-07-10,zz500,2022-06-13,603355,莱克电气
2022-07-10,zz500,2022-06-13,603379,三美股份
2022-07-10,zz500,2022-06-13,603444,吉比特
2022-07-10,zz500,2022-06-13,603456,九洲药业
2022-07-10,zz500,2022-06-13,603515,欧普照明
2022-07-10,zz500,2022-06-13,603517,绝味食品
2022-07-10,zz500,2022-06-13,603568,伟明环保
2022-07-10,zz500,2022-06-13,603589,口子窖
2022-07-10,zz500,2022-06-13,603605,珀莱雅
2022-07-10,zz500,2022-06-13,603613,国联股份
2022-07-10,zz500,2022-06-13,603638,艾迪精密
2022-07-10,zz500,2022-06-13,603650,彤程新材
2022-07-10,zz500,2022-06-13,603658,安图生物
2022-07-10,zz500,2022-06-13,603707,健友股份
2022-07-10,zz500,2022-06-13,603712,七一二
2022-07-10,zz500,2022-06-13,603719,良品铺子
2022-07-10,zz500,2022-06-13,603786,科博达
2022-07-10,zz500,2022-06-13,603858,步长制药
2022-07-10,zz500,2022-06-13,603866,桃李面包
2022-07-10,zz500,2022-06-13,603868,飞科电器
2022-07-10,zz500,2022-06-13,603883,老百姓
2022-07-10,zz500,2022-06-13,603885,吉祥航空
2022-07-10,zz500,2022-06-13,603927,中科软
2022-07-10,zz500,2022-06-13,603939,益丰药房
2022-07-10,zz500,2022-06-13,603983,丸美股份
2022-07-10,zz500,2022-06-13,605117,德业股份
2022-07-10,zz500,2022-06-13,688002,睿创微纳
2022-07-10,zz500,2022-06-13,688006,杭可科技
2022-07-10,zz500,2022-06-13,688009,中国通号
2022-07-10,zz500,2022-06-13,688029,南微医学
2022-07-10,zz500,2022-06-13,688088,虹软科技
2022-07-10,zz500,2022-06-13,688099,晶晨股份
2022-07-10,zz500,2022-06-13,688122,西部超导
2022-07-10,zz500,2022-06-13,688180,君实生物
2022-07-10,zz500,2022-06-13,688185,康希诺
2022-07-10,zz500,2022-06-13,688188,柏楚电子
2022-07-10,zz500,2022-06-13,688208,道通科技
2022-07-10,zz500,2022-06-13,688256,寒武纪
2022-07-10,zz500,2022-06-13,688289,圣湘生物
2022-07-10,zz500,2022-06-13,688321,微芯生物
2022-07-10,zz500,2022-06-13,688390,固德威
2022-07-10,zz500,2022-06-13,688521,芯原股份
2022-07-10,zz500,2022-06-13,688777,中控技术
2022-07-10,zz500,2022-06-13,688819,天能股份
2022-07-10,zz500,2022-06-13,689009,九号公司
2022-07-10,zz500,2022-06-13,000009,中国宝安
2022-07-10,zz500,2022-06-13,000012,南玻A
2022-07-10,zz500,2022-06-13,000021,深科技
2022-07-10,zz500,2022-06-13,000027,深圳能源
2022-07-10,zz500,2022-06-13,000028,国药一致
2022-07-10,zz500,2022-06-13,000031,大悦城
2022-07-10,zz500,2022-06-13,000039,中集集团
2022-07-10,zz500,2022-06-13,000050,深天马A
2022-07-10,zz500,2022-06-13,000060,中金岭南
2022-07-10,zz500,2022-06-13,000062,深圳华强
2022-07-10,zz500,2022-06-13,000089,深圳机场
2022-07-10,zz500,2022-06-13,000156,华数传媒
2022-07-10,zz500,2022-06-13,000158,常山北明
2022-07-10,zz500,2022-06-13,000400,许继电气
2022-07-10,zz500,2022-06-13,000401,冀东水泥
2022-07-10,zz500,2022-06-13,000402,金融街
2022-07-10,zz500,2022-06-13,000415,渤海租赁
2022-07-10,zz500,2022-06-13,000488,晨鸣纸业
2022-07-10,zz500,2022-06-13,000513,丽珠集团
2022-07-10,zz500,2022-06-13,000519,中兵红箭
2022-07-10,zz500,2022-06-13,000528,柳工
2022-07-10,zz500,2022-06-13,000537,广宇发展
2022-07-10,zz500,2022-06-13,000540,中天金融
2022-07-10,zz500,2022-06-13,000547,航天发展
2022-07-10,zz500,2022-06-13,000553,安道麦A
2022-07-10,zz500,2022-06-13,000559,万向钱潮
2022-07-10,zz500,2022-06-13,000563,陕国投A
2022-07-10,zz500,2022-06-13,000581,威孚高科
2022-07-10,zz500,2022-06-13,000598,兴蓉环境
2022-07-10,zz500,2022-06-13,000623,吉林敖东
2022-07-10,zz500,2022-06-13,000629,攀钢钒钛
2022-07-10,zz500,2022-06-13,000630,铜陵有色
2022-07-10,zz500,2022-06-13,000636,风华高科
2022-07-10,zz500,2022-06-13,000656,金科股份
2022-07-10,zz500,2022-06-13,000671,阳光城
2022-07-10,zz500,2022-06-13,000685,中山公用
2022-07-10,zz500,2022-06-13,000686,东北证券
2022-07-10,zz500,2022-06-13,000690,宝新能源
2022-07-10,zz500,2022-06-13,000709,河钢股份
2022-07-10,zz500,2022-06-13,000717,韶钢松山
2022-07-10,zz500,2022-06-13,000718,苏宁环球
2022-07-10,zz500,2022-06-13,000728,国元证券
2022-07-10,zz500,2022-06-13,000729,燕京啤酒
2022-07-10,zz500,2022-06-13,000738,航发控制
2022-07-10,zz500,2022-06-13,000739,普洛药业
2022-07-10,zz500,2022-06-13,000750,国海证券
2022-07-10,zz500,2022-06-13,000778,新兴铸管
2022-07-10,zz500,2022-06-13,000783,长江证券
2022-07-10,zz500,2022-06-13,000785,居然之家
2022-07-10,zz500,2022-06-13,000807,云铝股份
2022-07-10,zz500,2022-06-13,000825,太钢不锈
2022-07-10,zz500,2022-06-13,000830,鲁西化工
2022-07-10,zz500,2022-06-13,000831,五矿稀土
2022-07-10,zz500,2022-06-13,000869,张裕A
2022-07-10,zz500,2022-06-13,000878,云南铜业
2022-07-10,zz500,2022-06-13,000883,湖北能源
2022-07-10,zz500,2022-06-13,000887,中鼎股份
2022-07-10,zz500,2022-06-13,000898,鞍钢股份
2022-07-10,zz500,2022-06-13,000930,中粮科技
2022-07-10,zz500,2022-06-13,000932,华菱钢铁
2022-07-10,zz500,2022-06-13,000937,冀中能源
2022-07-10,zz500,2022-06-13,000959,首钢股份
2022-07-10,zz500,2022-06-13,000960,锡业股份
2022-07-10,zz500,2022-06-13,000961,中南建设
2022-07-10,zz500,2022-06-13,000967,盈峰环境
2022-07-10,zz500,2022-06-13,000970,中科三环
2022-07-10,zz500,2022-06-13,000975,银泰黄金
2022-07-10,zz500,2022-06-13,000983,山西焦煤
2022-07-10,zz500,2022-06-13,000987,越秀金控
2022-07-10,zz500,2022-06-13,000988,华工科技
2022-07-10,zz500,2022-06-13,000990,诚志股份
2022-07-10,zz500,2022-06-13,000997,新大陆
2022-07-10,zz500,2022-06-13,000998,隆平高科
2022-07-10,zz500,2022-06-13,000999,华润三九
2022-07-10,zz500,2022-06-13,001203,大中矿业
2022-07-10,zz500,2022-06-13,001227,兰州银行
2022-07-10,zz500,2022-06-13,001872,招商港口
2022-07-10,zz500,2022-06-13,001914,招商积余
2022-07-10,zz500,2022-06-13,001965,招商公路
2022-07-10,zz500,2022-06-13,002002,鸿达兴业
2022-07-10,zz500,2022-06-13,002004,华邦健康
2022-07-10,zz500,2022-06-13,002010,传化智联
2022-07-10,zz500,2022-06-13,002019,亿帆医药
2022-07-10,zz500,2022-06-13,002028,思源电气
2022-07-10,zz500,2022-06-13,002030,达安基因
2022-07-10,zz500,2022-06-13,002048,宁波华翔
2022-07-10,zz500,2022-06-13,002056,横店东磁
2022-07-10,zz500,2022-06-13,002065,东华软件
2022-07-10,zz500,2022-06-13,002078,太阳纸业
2022-07-10,zz500,2022-06-13,002081,金螳螂
2022-07-10,zz500,2022-06-13,002092,中泰化学
2022-07-10,zz500,2022-06-13,002110,三钢闽光
2022-07-10,zz500,2022-06-13,002124,天邦股份
2022-07-10,zz500,2022-06-13,002127,南极电商
2022-07-10,zz500,2022-06-13,002128,电投能源
2022-07-10,zz500,2022-06-13,002131,利欧股份
2022-07-10,zz500,2022-06-13,002138,顺络电子
2022-07-10,zz500,2022-06-13,002146,荣盛发展
2022-07-10,zz500,2022-06-13,002152,广电运通
2022-07-10,zz500,2022-06-13,002153,石基信息
2022-07-10,zz500,2022-06-13,002155,湖南黄金
2022-07-10,zz500,2022-06-13,002156,通富微电
2022-07-10,zz500,2022-06-13,002174,游族网络
2022-07-10,zz500,2022-06-13,002180,纳思达
2022-07-10,zz500,2022-06-13,002183,怡亚通
2022-07-10,zz500,2022-06-13,002185,华天科技
2022-07-10,zz500,2022-06-13,002191,劲嘉股份
2022-07-10,zz500,2022-06-13,002195,二三四五
2022-07-10,zz500,2022-06-13,002203,海亮股份
2022-07-10,zz500,2022-06-13,002212,天融信
2022-07-10,zz500,2022-06-13,002221,东华能源
2022-07-10,zz500,2022-06-13,002223,鱼跃医疗
2022-07-10,zz500,2022-06-13,002233,塔牌集团
2022-07-10,zz500,2022-06-13,002240,盛新锂能
2022-07-10,zz500,2022-06-13,002242,九阳股份
2022-07-10,zz500,2022-06-13,002244,滨江集团
2022-07-10,zz500,2022-06-13,002249,大洋电机
2022-07-10,zz500,2022-06-13,002250,联化科技
2022-07-10,zz500,2022-06-13,002266,浙富控股
2022-07-10,zz500,2022-06-13,002268,卫士通
2022-07-10,zz500,2022-06-13,002273,水晶光电
2022-07-10,zz500,2022-06-13,002281,光迅科技
2022-07-10,zz500,2022-06-13,002294,信立泰
2022-07-10,zz500,2022-06-13,002299,圣农发展
2022-07-10,zz500,2022-06-13,002326,永太科技
2022-07-10,zz500,2022-06-13,002353,杰瑞股份
2022-07-10,zz500,2022-06-13,002368,太极股份
2022-07-10,zz500,2022-06-13,002372,伟星新材
2022-07-10,zz500,2022-06-13,002373,千方科技
2022-07-10,zz500,2022-06-13,002382,蓝帆医疗
2022-07-10,zz500,2022-06-13,002384,东山精密
2022-07-10,zz500,2022-06-13,002385,大北农
2022-07-10,zz500,2022-06-13,002387,维信诺
2022-07-10,zz500,2022-06-13,002390,信邦制药
2022-07-10,zz500,2022-06-13,002396,星网锐捷
2022-07-10,zz500,2022-06-13,002399,海普瑞
2022-07-10,zz500,2022-06-13,002407,多氟多
2022-07-10,zz500,2022-06-13,002408,齐翔腾达
2022-07-10,zz500,2022-06-13,002409,雅克科技
2022-07-10,zz500,2022-06-13,002416,爱施德
2022-07-10,zz500,2022-06-13,002422,科伦药业
2022-07-10,zz500,2022-06-13,002423,中粮资本
2022-07-10,zz500,2022-06-13,002429,兆驰股份
2022-07-10,zz500,2022-06-13,002430,杭氧股份
2022-07-10,zz500,2022-06-13,002434,万里扬
2022-07-10,zz500,2022-06-13,002439,启明星辰
2022-07-10,zz500,2022-06-13,002444,巨星科技
2022-07-10,zz500,2022-06-13,002465,海格通信
2022-07-10,zz500,2022-06-13,002468,申通快递
2022-07-10,zz500,2022-06-13,002497,雅化集团
2022-07-10,zz500,2022-06-13,002500,山西证券
2022-07-10,zz500,2022-06-13,002505,鹏都农牧
2022-07-10,zz500,2022-06-13,002506,协鑫集成
2022-07-10,zz500,2022-06-13,002507,涪陵榨菜
2022-07-10,zz500,2022-06-13,002508,老板电器
2022-07-10,zz500,2022-06-13,002511,中顺洁柔
2022-07-10,zz500,2022-06-13,002532,天山铝业
2022-07-10,zz500,2022-06-13,002557,洽洽食品
2022-07-10,zz500,2022-06-13,002563,森马服饰
2022-07-10,zz500,2022-06-13,002572,索菲亚
2022-07-10,zz500,2022-06-13,002595,豪迈科技
2022-07-10,zz500,2022-06-13,002603,以岭药业
2022-07-10,zz500,2022-06-13,002624,完美世界
2022-07-10,zz500,2022-06-13,002625,光启技术
2022-07-10,zz500,2022-06-13,002653,海思科
2022-07-10,zz500,2022-06-13,002670,国盛金控
2022-07-10,zz500,2022-06-13,002673,西部证券
2022-07-10,zz500,2022-06-13,002683,广东宏大
2022-07-10,zz500,2022-06-13,002690,美亚光电
2022-07-10,zz500,2022-06-13,002701,奥瑞金
2022-07-10,zz500,2022-06-13,002705,新宝股份
2022-07-10,zz500,2022-06-13,002739,万达电影
2022-07-10,zz500,2022-06-13,002745,木林森
2022-07-10,zz500,2022-06-13,002756,永兴材料
2022-07-10,zz500,2022-06-13,002797,第一创业
2022-07-10,zz500,2022-06-13,002815,崇达技术
2022-07-10,zz500,2022-06-13,002831,裕同科技
2022-07-10,zz500,2022-06-13,002867,周大生
2022-07-10,zz500,2022-06-13,002901,大博医疗
2022-07-10,zz500,2022-06-13,002925,盈趣科技
2022-07-10,zz500,2022-06-13,002926,华西证券
2022-07-10,zz500,2022-06-13,002936,郑州银行
2022-07-10,zz500,2022-06-13,002939,长城证券
2022-07-10,zz500,2022-06-13,002945,华林证券
2022-07-10,zz500,2022-06-13,002946,新乳业
2022-07-10,zz500,2022-06-13,002948,青岛银行
2022-07-10,zz500,2022-06-13,002958,青农商行
2022-07-10,zz500,2022-06-13,002966,苏州银行
2022-07-10,zz500,2022-06-13,002985,北摩高科
2022-07-10,zz500,2022-06-13,003035,南网能源
2022-07-10,zz500,2022-06-13,300001,特锐德
2022-07-10,zz500,2022-06-13,300009,安科生物
2022-07-10,zz500,2022-06-13,300012,华测检测
2022-07-10,zz500,2022-06-13,300017,网宿科技
2022-07-10,zz500,2022-06-13,300024,机器人
2022-07-10,zz500,2022-06-13,300026,红日药业
2022-07-10,zz500,2022-06-13,300037,新宙邦
2022-07-10,zz500,2022-06-13,300058,蓝色光标
2022-07-10,zz500,2022-06-13,300070,碧水源
2022-07-10,zz500,2022-06-13,300072,三聚环保
2022-07-10,zz500,2022-06-13,300073,当升科技
2022-07-10,zz500,2022-06-13,300088,长信科技
2022-07-10,zz500,2022-06-13,300115,长盈精密
2022-07-10,zz500,2022-06-13,300136,信维通信
2022-07-10,zz500,2022-06-13,300144,宋城演艺
2022-07-10,zz500,2022-06-13,300146,汤臣倍健
2022-07-10,zz500,2022-06-13,300166,东方国信
2022-07-10,zz500,2022-06-13,300168,万达信息
2022-07-10,zz500,2022-06-13,300182,捷成股份
2022-07-10,zz500,2022-06-13,300212,易华录
2022-07-10,zz500,2022-06-13,300244,迪安诊断
2022-07-10,zz500,2022-06-13,300251,光线传媒
2022-07-10,zz500,2022-06-13,300253,卫宁健康
2022-07-10,zz500,2022-06-13,300257,开山股份
2022-07-10,zz500,2022-06-13,300285,国瓷材料
2022-07-10,zz500,2022-06-13,300296,利亚德
2022-07-10,zz500,2022-06-13,300308,中际旭创
2022-07-10,zz500,2022-06-13,300357,我武生物
2022-07-10,zz500,2022-06-13,300363,博腾股份
2022-07-10,zz500,2022-06-13,300376,易事特
2022-07-10,zz500,2022-06-13,300383,光环新网
2022-07-10,zz500,2022-06-13,300390,天华超净
2022-07-10,zz500,2022-06-13,300418,昆仑万维
2022-07-10,zz500,2022-06-13,300463,迈克生物
2022-07-10,zz500,2022-06-13,300474,景嘉微
2022-07-10,zz500,2022-06-13,300482,万孚生物
2022-07-10,zz500,2022-06-13,300558,贝达药业
2022-07-10,zz500,2022-06-13,300618,寒锐钴业
2022-07-10,zz500,2022-06-13,300630,普利制药
2022-07-10,zz500,2022-06-13,300676,华大基因
2022-07-10,zz500,2022-06-13,300677,英科医疗
2022-07-10,zz500,2022-06-13,300699,光威复材
2022-07-10,zz500,2022-06-13,300724,捷佳伟创
2022-07-10,zz500,2022-06-13,300741,华宝股份
2022-07-10,zz500,2022-06-13,300769,德方纳米
2022-07-10,zz500,2022-06-13,300832,新产业
2022-07-10,zz500,2022-06-13,300869,康泰医学
2022-07-10,zz500,2022-06-13,300888,稳健医疗
2023-01-10,hs300,2022-08-01,600000,浦发银行
2023-01-10,hs300,2022-08-01,600009,上海机场
2023-01-10,hs300,2022-08-01,600010,包钢股份
2023-01-10,hs300,2022-08-01,600011,华能国际
2023-01-10,hs300,2022-08-01,600015,华夏银行
2023-01-10,hs300,2022-08-01,600016,民生银行
2023-01-10,hs300,2022-08-01,600018,上港集团
2023-01-10,hs300,2022-08-01,600019,宝钢股份
2023-01-10,hs300,2022-08-01,600025,华能水电
2023-01-10,hs300,2022-08-01,600028,中国石化
2023-01-10,hs300,2022-08-01,600029,南方航空
2023-01-10,hs300,2022-08-01,600030,中信证券
2023-01-10,hs300,2022-08-01,600031,三一重工
2023-01-10,hs300,2022-08-01,600036,招商银行
2023-01-10,hs300,2022-08-01,600048,保利发展
2023-01-10,hs300,2022-08-01,600050,中国联通
2023-01-10,hs300,2022-08-01,600061,国投资本
2023-01-10,hs300,2022-08-01,600085,同仁堂
2023-01-10,hs300,2022-08-01,600089,特变电工
2023-01-10,hs300,2022-08-01,600104,上汽集团
2023-01-10,hs300,2022-08-01,600111,北方稀土
2023-01-10,hs300,2022-08-01,600115,中国东航
2023-01-10,hs300,2022-08-01,600132,重庆啤酒
2023-01-10,hs300,2022-08-01,600150,中国船舶
2023-01-10,hs300,2022-08-01,600161,天坛生物
2023-01-10,hs300,2022-08-01,600176,中国巨石
2023-01-10,hs300,2022-08-01,600183,生益科技
2023-01-10,hs300,2022-08-01,600188,兖矿能源
2023-01-10,hs300,2022-08-01,600196,复星医药
2023-01-10,hs300,2022-08-01,600219,南山铝业
2023-01-10,hs300,2022-08-01,600276,恒瑞医药
2023-01-10,hs300,2022-08-01,600309,万华化学
2023-01-10,hs300,2022-08-01,600332,白云山
2023-01-10,hs300,2022-08-01,600346,恒力石化
2023-01-10,hs300,2022-08-01,600352,浙江龙盛
2023-01-10,hs300,2022-08-01,600362,江西铜业
2023-01-10,hs300,2022-08-01,600383,金地集团
2023-01-10,hs300,2022-08-01,600406,国电南瑞
2023-01-10,hs300,2022-08-01,600426,华鲁恒升
2023-01-10,hs300,2022-08-01,600436,片仔癀
2023-01-10,hs300,2022-08-01,600438,通威股份
2023-01-10,hs300,2022-08-01,600460,士兰微
2023-01-10,hs300,2022-08-01,600489,中金黄金
2023-01-10,hs300,2022-08-01,600519,贵州茅台
2023-01-10,hs300,2022-08-01,600547,山东黄金
2023-01-10,hs300,2022-08-01,600570,恒生电子
2023-01-10,hs300,2022-08-01,600584,长电科技
2023-01-10,hs300,2022-08-01,600585,海螺水泥
2023-01-10,hs300,2022-08-01,600588,用友网络
2023-01-10,hs300,2022-08-01,600600,青岛啤酒
2023-01-10,hs300,2022-08-01,600606,绿地控股
2023-01-10,hs300,2022-08-01,600655,豫园股份
2023-01-10,hs300,2022-08-01,600660,福耀玻璃
2023-01-10,hs300,2022-08-01,600690,海尔智家
2023-01-10,hs300,2022-08-01,600741,华域汽车
2023-01-10,hs300,2022-08-01,600745,闻泰科技
2023-01-10,hs300,2022-08-01,600760,中航沈飞
2023-01-10,hs300,2022-08-01,600763,通策医疗
2023-01-10,hs300,2022-08-01,600795,国电电力
2023-01-10,hs300,2022-08-01,600809,山西汾酒
2023-01-10,hs300,2022-08-01,600837,海通证券
2023-01-10,hs300,2022-08-01,600845,宝信软件
2023-01-10,hs300,2022-08-01,600886,国投电力
2023-01-10,hs300,2022-08-01,600887,伊利股份
2023-01-10,hs300,2022-08-01,600893,航发动力
2023-01-10,hs300,2022-08-01,600900,长江电力
2023-01-10,hs300,2022-08-01,600905,三峡能源
2023-01-10,hs300,2022-08-01,600918,中泰证券
2023-01-10,hs300,2022-08-01,600919,江苏银行
2023-01-10,hs300,2022-08-01,600926,杭州银行
2023-01-10,hs300,2022-08-01,600941,中国移动
2023-01-10,hs300,2022-08-01,600958,东方证券
2023-01-10,hs300,2022-08-01,600989,宝丰能源
2023-01-10,hs300,2022-08-01,600999,招商证券
2023-01-10,hs300,2022-08-01,601006,大秦铁路
2023-01-10,hs300,2022-08-01,601009,南京银行
2023-01-10,hs300,2022-08-01,601012,隆基绿能
2023-01-10,hs300,2022-08-01,601021,春秋航空
2023-01-10,hs300,2022-08-01,601066,中信建投
2023-01-10,hs300,2022-08-01,601088,中国神华
2023-01-10,hs300,2022-08-01,601100,恒立液压
2023-01-10,hs300,2022-08-01,601111,中国国航
2023-01-10,hs300,2022-08-01,601117,中国化学
2023-01-10,hs300,2022-08-01,601138,工业富联
2023-01-10,hs300,2022-08-01,601155,新城控股
2023-01-10,hs300,2022-08-01,601166,兴业银行
2023-01-10,hs300,2022-08-01,601169,北京银行
2023-01-10,hs300,2022-08-01,601186,中国铁建
2023-01-10,hs300,2022-08-01,601211,国泰君安
2023-01-10,hs300,2022-08-01,601216,君正集团
2023-01-10,hs300,2022-08-01,601225,陕西煤业
2023-01-10,hs300,2022-08-01,601229,上海银行
2023-01-10,hs300,2022-08-01,601236,红塔证券
2023-01-10,hs300,2022-08-01,601238,广汽集团
2023-01-10,hs300,2022-08-01,601288,农业银行
2023-01-10,hs300,2022-08-01,601318,中国平安
2023-01-10,hs300,2022-08-01,601319,中国人保
2023-01-10,hs300,2022-08-01,601328,交通银行
2023-01-10,hs300,2022-08-01,601336,新华保险
2023-01-10,hs300,2022-08-01,601360,三六零
2023-01-10,hs300,2022-08-01,601377,兴业证券
2023-01-10,hs300,2022-08-01,601390,中国中铁
2023-01-10,hs300,2022-08-01,601398,工商银行
2023-01-10,hs300,2022-08-01,601600,中国铝业
2023-01-10,hs300,2022-08-01,601601,中国太保
2023-01-10,hs300,2022-08-01,601618,中国中冶
2023-01-10,hs300,2022-08-01,601628,中国人寿
2023-01-10,hs300,2022-08-01,601633,长城汽车
2023-01-10,hs300,2022-08-01,601658,邮储银行
2023-01-10,hs300,2022-08-01,601668,中国建筑
2023-01-10,hs300,2022-08-01,601669,中国电建
2023-01-10,hs300,2022-08-01,601688,华泰证券
2023-01-10,hs300,2022-08-01,601698,中国卫通
2023-01-10,hs300,2022-08-01,601728,中国电信
2023-01-10,hs300,2022-08-01,601766,中国中车
2023-01-10,hs300,2022-08-01,601788,光大证券
2023-01-10,hs300,2022-08-01,601799,星宇股份
2023-01-10,hs300,2022-08-01,601800,中国交建
2023-01-10,hs300,2022-08-01,601808,中海油服
2023-01-10,hs300,2022-08-01,601816,京沪高铁
2023-01-10,hs300,2022-08-01,601818,光大银行
2023-01-10,hs300,2022-08-01,601825,沪农商行
2023-01-10,hs300,2022-08-01,601838,成都银行
2023-01-10,hs300,2022-08-01,601857,中国石油
2023-01-10,hs300,2022-08-01,601865,福莱特
2023-01-10,hs300,2022-08-01,601868,中国能建
2023-01-10,hs300,2022-08-01,601877,正泰电器
2023-01-10,hs300,2022-08-01,601878,浙商证券
2023-01-10,hs300,2022-08-01,601881,中国银河
2023-01-10,hs300,2022-08-01,601888,中国中免
2023-01-10,hs300,2022-08-01,601898,中煤能源
2023-01-10,hs300,2022-08-01,601899,紫金矿业
2023-01-10,hs300,2022-08-01,601901,方正证券
2023-01-10,hs300,2022-08-01,601916,浙商银行
2023-01-10,hs300,2022-08-01,601919,中远海控
2023-01-10,hs300,2022-08-01,601939,建设银行
2023-01-10,hs300,2022-08-01,601966,玲珑轮胎
2023-01-10,hs300,2022-08-01,601985,中国核电
2023-01-10,hs300,2022-08-01,601988,中国银行
2023-01-10,hs300,2022-08-01,601989,中国重工
2023-01-10,hs300,2022-08-01,601995,中金公司
2023-01-10,hs300,2022-08-01,601998,中信银行
2023-01-10,hs300,2022-08-01,603019,中科曙光
2023-01-10,hs300,2022-08-01,603087,甘李药业
2023-01-10,hs300,2022-08-01,603160,汇顶科技
2023-01-10,hs300,2022-08-01,603185,上机数控
2023-01-10,hs300,2022-08-01,603195,公牛集团
2023-01-10,hs300,2022-08-01,603259,药明康德
2023-01-10,hs300,2022-08-01,603260,合盛硅业
2023-01-10,hs300,2022-08-01,603288,海天味业
2023-01-10,hs300,2022-08-01,603290,斯达半导
2023-01-10,hs300,2022-08-01,603369,今世缘
2023-01-10,hs300,2022-08-01,603392,万泰生物
2023-01-10,hs300,2022-08-01,603486,科沃斯
2023-01-10,hs300,2022-08-01,603501,韦尔股份
2023-01-10,hs300,2022-08-01,603659,璞泰来
2023-01-10,hs300,2022-08-01,603799,华友钴业
2023-01-10,hs300,2022-08-01,603806,福斯特
2023-01-10,hs300,2022-08-01,603833,欧派家居
2023-01-10,hs300,2022-08-01,603882,金域医学
2023-01-10,hs300,2022-08-01,603899,晨光股份
2023-01-10,hs300,2022-08-01,603986,兆易创新
2023-01-10,hs300,2022-08-01,603993,洛阳钼业
2023-01-10,hs300,2022-08-01,605499,东鹏饮料
2023-01-10,hs300,2022-08-01,688005,容百科技
2023-01-10,hs300,2022-08-01,688008,澜起科技
2023-01-10,hs300,2022-08-01,688012,中微公司
2023-01-10,hs300,2022-08-01,688036,传音控股
2023-01-10,hs300,2022-08-01,688065,凯赛生物
2023-01-10,hs300,2022-08-01,688111,金山办公
2023-01-10,hs300,2022-08-01,688126,沪硅产业
2023-01-10,hs300,2022-08-01,688169,石头科技
2023-01-10,hs300,2022-08-01,688363,华熙生物
2023-01-10,hs300,2022-08-01,688396,华润微
2023-01-10,hs300,2022-08-01,688561,奇安信
2023-01-10,hs300,2022-08-01,688599,天合光能
2023-01-10,hs300,2022-08-01,688981,中芯国际
2023-01-10,hs300,2022-08-01,000001,平安银行
2023-01-10,hs300,2022-08-01,000002,万科A
2023-01-10,hs300,2022-08-01,000063,中兴通讯
2023-01-10,hs300,2022-08-01,000066,中国长城
2023-01-10,hs300,2022-08-01,000069,华侨城A
2023-01-10,hs300,2022-08-01,000100,TCL科技
2023-01-10,hs300,2022-08-01,000157,中联重科
2023-01-10,hs300,2022-08-01,000166,申万宏源
2023-01-10,hs300,2022-08-01,000301,东方盛虹
2023-01-10,hs300,2022-08-01,000333,美的集团
2023-01-10,hs300,2022-08-01,000338,潍柴动力
2023-01-10,hs300,2022-08-01,000408,藏格矿业
2023-01-10,hs300,2022-08-01,000425,徐工机械
2023-01-10,hs300,2022-08-01,000538,云南白药
2023-01-10,hs300,2022-08-01,000568,泸州老窖
2023-01-10,hs300,2022-08-01,000596,古井贡酒
2023-01-10,hs300,2022-08-01,000625,长安汽车
2023-01-10,hs300,2022-08-01,000651,格力电器
2023-01-10,hs300,2022-08-01,000661,长春高新
2023-01-10,hs300,2022-08-01,000703,恒逸石化
2023-01-10,hs300,2022-08-01,000708,中信特钢
2023-01-10,hs300,2022-08-01,000725,京东方A
2023-01-10,hs300,2022-08-01,000768,中航西飞
2023-01-10,hs300,2022-08-01,000776,广发证券
2023-01-10,hs300,2022-08-01,000786,北新建材
2023-01-10,hs300,2022-08-01,000792,盐湖股份
2023-01-10,hs300,2022-08-01,000800,一汽解放
2023-01-10,hs300,2022-08-01,000858,五粮液
2023-01-10,hs300,2022-08-01,000876,新希望
2023-01-10,hs300,2022-08-01,000877,天山股份
2023-01-10,hs300,2022-08-01,000895,双汇发展
2023-01-10,hs300,2022-08-01,000938,紫光股份
2023-01-10,hs300,2022-08-01,000963,华东医药
2023-01-10,hs300,2022-08-01,000977,浪潮信息
2023-01-10,hs300,2022-08-01,001289,龙源电力
2023-01-10,hs300,2022-08-01,001979,招商蛇口
2023-01-10,hs300,2022-08-01,002001,新和成
2023-01-10,hs300,2022-08-01,002007,华兰生物
2023-01-10,hs300,2022-08-01,002008,大族激光
2023-01-10,hs300,2022-08-01,002027,分众传媒
2023-01-10,hs300,2022-08-01,002032,苏泊尔
2023-01-10,hs300,2022-08-01,002049,紫光国微
2023-01-10,hs300,2022-08-01,002050,三花智控
2023-01-10,hs300,2022-08-01,002064,华峰化学
2023-01-10,hs300,2022-08-01,002074,国轩高科
2023-01-10,hs300,2022-08-01,002120,韵达股份
2023-01-10,hs300,2022-08-01,002129,TCL中环
2023-01-10,hs300,2022-08-01,002142,宁波银行
2023-01-10,hs300,2022-08-01,002179,中航光电
2023-01-10,hs300,2022-08-01,002202,金风科技
2023-01-10,hs300,2022-08-01,002230,科大讯飞
2023-01-10,hs300,2022-08-01,002236,大华股份
2023-01-10,hs300,2022-08-01,002241,歌尔股份
2023-01-10,hs300,2022-08-01,002252,上海莱士
2023-01-10,hs300,2022-08-01,002271,东方雨虹
2023-01-10,hs300,2022-08-01,002304,洋河股份
2023-01-10,hs300,2022-08-01,002311,海大集团
2023-01-10,hs300,2022-08-01,002352,顺丰控股
2023-01-10,hs300,2022-08-01,002371,北方华创
2023-01-10,hs300,2022-08-01,002410,广联达
2023-01-10,hs300,2022-08-01,002414,高德红外
2023-01-10,hs300,2022-08-01,002415,海康威视
2023-01-10,hs300,2022-08-01,002459,晶澳科技
2023-01-10,hs300,2022-08-01,002460,赣锋锂业
2023-01-10,hs300,2022-08-01,002466,天齐锂业
2023-01-10,hs300,2022-08-01,002475,立讯精密
2023-01-10,hs300,2022-08-01,002493,荣盛石化
2023-01-10,hs300,2022-08-01,002555,三七互娱
2023-01-10,hs300,2022-08-01,002568,百润股份
2023-01-10,hs300,2022-08-01,002594,比亚迪
2023-01-10,hs300,2022-08-01,002600,领益智造
2023-01-10,hs300,2022-08-01,002601,龙佰集团
2023-01-10,hs300,2022-08-01,002602,世纪华通
2023-01-10,hs300,2022-08-01,002607,中公教育
2023-01-10,hs300,2022-08-01,002648,卫星化学
2023-01-10,hs300,2022-08-01,002709,天赐材料
2023-01-10,hs300,2022-08-01,002714,牧原股份
2023-01-10,hs300,2022-08-01,002736,国信证券
2023-01-10,hs300,2022-08-01,002791,坚朗五金
2023-01-10,hs300,2022-08-01,002812,恩捷股份
2023-01-10,hs300,2022-08-01,002821,凯莱英
2023-01-10,hs300,2022-08-01,002841,视源股份
2023-01-10,hs300,2022-08-01,002916,深南电路
2023-01-10,hs300,2022-08-01,002920,德赛西威
2023-01-10,hs300,2022-08-01,002938,鹏鼎控股
2023-01-10,hs300,2022-08-01,003816,中国广核
2023-01-10,hs300,2022-08-01,300003,乐普医疗
2023-01-10,hs300,2022-08-01,300014,亿纬锂能
2023-01-10,hs300,2022-08-01,300015,爱尔眼科
2023-01-10,hs300,2022-08-01,300033,同花顺
2023-01-10,hs300,2022-08-01,300059,东方财富
2023-01-10,hs300,2022-08-01,300122,智飞生物
2023-01-10,hs300,2022-08-01,300124,汇川技术
2023-01-10,hs300,2022-08-01,300142,沃森生物
2023-01-10,hs300,2022-08-01,300207,欣旺达
2023-01-10,hs300,2022-08-01,300223,北京君正
2023-01-10,hs300,2022-08-01,300274,阳光电源
2023-01-10,hs300,2022-08-01,300316,晶盛机电
2023-01-10,hs300,2022-08-01,300347,泰格医药
2023-01-10,hs300,2022-08-01,300408,三环集团
2023-01-10,hs300,2022-08-01,300413,芒果超媒
2023-01-10,hs300,2022-08-01,300433,蓝思科技
2023-01-10,hs300,2022-08-01,300450,先导智能
2023-01-10,hs300,2022-08-01,300454,深信服
2023-01-10,hs300,2022-08-01,300496,中科创达
2023-01-10,hs300,2022-08-01,300498,温氏股份
2023-01-10,hs300,2022-08-01,300529,健帆生物
2023-01-10,hs300,2022-08-01,300595,欧普康视
2023-01-10,hs300,2022-08-01,300601,康泰生物
2023-01-10,hs300,2022-08-01,300628,亿联网络
2023-01-10,hs300,2022-08-01,300661,圣邦股份
2023-01-10,hs300,2022-08-01,300750,宁德时代
2023-01-10,hs300,2022-08-01,300751,迈为股份
2023-01-10,hs300,2022-08-01,300759,康龙化成
2023-01-10,hs300,2022-08-01,300760,迈瑞医疗
2023-01-10,hs300,2022-08-01,300763,锦浪科技
2023-01-10,hs300,2022-08-01,300782,卓胜微
2023-01-10,hs300,2022-08-01,300866,安克创新
2023-01-10,hs300,2022-08-01,300896,爱美客
2023-01-10,hs300,2022-08-01,300919,中伟股份
2023-01-10,hs300,2022-08-01,300957,贝泰妮
2023-01-10,hs300,2022-08-01,300979,华利集团
2023-01-10,hs300,2022-08-01,300999,金龙鱼
2023-01-10,zz500,2022-08-01,600006,东风汽车
2023-01-10,zz500,2022-08-01,600008,首创环保
2023-01-10,zz500,2022-08-01,600021,上海电力
2023-01-10,zz500,2022-08-01,600022,山东钢铁
2023-01-10,zz500,2022-08-01,600026,中远海能
2023-01-10,zz500,2022-08-01,600027,华电国际
2023-01-10,zz500,2022-08-01,600037,歌华有线
2023-01-10,zz500,2022-08-01,600038,中直股份
2023-01-10,zz500,2022-08-01,600039,四川路桥
2023-01-10,zz500,2022-08-01,600056,中国医药
2023-01-10,zz500,2022-08-01,600060,海信视像
2023-01-10,zz500,2022-08-01,600062,华润双鹤
2023-01-10,zz500,2022-08-01,600064,南京高科
2023-01-10,zz500,2022-08-01,600066,宇通客车
2023-01-10,zz500,2022-08-01,600079,人福医药
2023-01-10,zz500,2022-08-01,600095,湘财股份
2023-01-10,zz500,2022-08-01,600096,云天化
2023-01-10,zz500,2022-08-01,600109,国金证券
2023-01-10,zz500,2022-08-01,600118,中国卫星
2023-01-10,zz500,2022-08-01,600120,浙江东方
2023-01-10,zz500,2022-08-01,600126,杭钢股份
2023-01-10,zz500,2022-08-01,600131,国网信通
2023-01-10,zz500,2022-08-01,600141,兴发集团
2023-01-10,zz500,2022-08-01,600143,金发科技
2023-01-10,zz500,2022-08-01,600153,建发股份
2023-01-10,zz500,2022-08-01,600155,华创阳安
2023-01-10,zz500,2022-08-01,600157,永泰能源
2023-01-10,zz500,2022-08-01,600160,巨化股份
2023-01-10,zz500,2022-08-01,600166,福田汽车
2023-01-10,zz500,2022-08-01,600167,联美控股
2023-01-10,zz500,2022-08-01,600170,上海建工
2023-01-10,zz500,2022-08-01,600171,上海贝岭
2023-01-10,zz500,2022-08-01,600177,雅戈尔
2023-01-10,zz500,2022-08-01,600195,中牧股份
2023-01-10,zz500,2022-08-01,600201,生物股份
2023-01-10,zz500,2022-08-01,600208,新湖中宝
2023-01-10,zz500,2022-08-01,600216,浙江医药
2023-01-10,zz500,2022-08-01,600233,圆通速递
2023-01-10,zz500,2022-08-01,600236,桂冠电力
2023-01-10,zz500,2022-08-01,600256,广汇能源
2023-01-10,zz500,2022-08-01,600258,首旅酒店
2023-01-10,zz500,2022-08-01,600259,广晟有色
2023-01-10,zz500,2022-08-01,600271,航天信息
2023-01-10,zz500,2022-08-01,600282,南钢股份
2023-01-10,zz500,2022-08-01,600297,广汇汽车
2023-01-10,zz500,2022-08-01,600298,安琪酵母
2023-01-10,zz500,2022-08-01,600299,安迪苏
2023-01-10,zz500,2022-08-01,600307,酒钢宏兴
2023-01-10,zz500,2022-08-01,600315,上海家化
2023-01-10,zz500,2022-08-01,600316,洪都航空
2023-01-10,zz500,2022-08-01,600325,华发股份
2023-01-10,zz500,2022-08-01,600329,达仁堂
2023-01-10,zz500,2022-08-01,600339,中油工程
2023-01-10,zz500,2022-08-01,600348,华阳股份
2023-01-10,zz500,2022-08-01,600350,山东高速
2023-01-10,zz500,2022-08-01,600369,西南证券
2023-01-10,zz500,2022-08-01,600372,中航电子
2023-01-10,zz500,2022-08-01,600373,中文传媒
2023-01-10,zz500,2022-08-01,600376,首开股份
2023-01-10,zz500,2022-08-01,600377,宁沪高速
2023-01-10,zz500,2022-08-01,600380,健康元
2023-01-10,zz500,2022-08-01,600390,五矿资本
2023-01-10,zz500,2022-08-01,600392,盛和资源
2023-01-10,zz500,2022-08-01,600398,海澜之家
2023-01-10,zz500,2022-08-01,600399,抚顺特钢
2023-01-10,zz500,2022-08-01,600409,三友化工
2023-01-10,zz500,2022-08-01,600415,小商品城
2023-01-10,zz500,2022-08-01,600418,江淮汽车
2023-01-10,zz500,2022-08-01,600435,北方导航
2023-01-10,zz500,2022-08-01,600446,金证股份
2023-01-10,zz500,2022-08-01,600482,中国动力
2023-01-10,zz500,2022-08-01,600486,扬农化工
2023-01-10,zz500,2022-08-01,600487,亨通光电
2023-01-10,zz500,2022-08-01,600497,驰宏锌锗
2023-01-10,zz500,2022-08-01,600498,烽火通信
2023-01-10,zz500,2022-08-01,600499,科达制造
2023-01-10,zz500,2022-08-01,600500,中化国际
2023-01-10,zz500,2022-08-01,600507,方大特钢
2023-01-10,zz500,2022-08-01,600511,国药股份
2023-01-10,zz500,2022-08-01,600516,方大炭素
2023-01-10,zz500,2022-08-01,600517,国网英大
2023-01-10,zz500,2022-08-01,600521,华海药业
2023-01-10,zz500,2022-08-01,600522,中天科技
2023-01-10,zz500,2022-08-01,600528,中铁工业
2023-01-10,zz500,2022-08-01,600529,山东药玻
2023-01-10,zz500,2022-08-01,600535,天士力
2023-01-10,zz500,2022-08-01,600536,中国软件
2023-01-10,zz500,2022-08-01,600546,山煤国际
2023-01-10,zz500,2022-08-01,600549,厦门钨业
2023-01-10,zz500,2022-08-01,600556,天下秀
2023-01-10,zz500,2022-08-01,600563,法拉电子
2023-01-10,zz500,2022-08-01,600566,济川药业
2023-01-10,zz500,2022-08-01,600567,山鹰国际
2023-01-10,zz500,2022-08-01,600572,康恩贝
2023-01-10,zz500,2022-08-01,600580,卧龙电驱
2023-01-10,zz500,2022-08-01,600582,天地科技
2023-01-10,zz500,2022-08-01,600597,光明乳业
2023-01-10,zz500,2022-08-01,600598,北大荒
2023-01-10,zz500,2022-08-01,600623,华谊集团
2023-01-10,zz500,2022-08-01,600637,东方明珠
2023-01-10,zz500,2022-08-01,600642,申能股份
2023-01-10,zz500,2022-08-01,600648,外高桥
2023-01-10,zz500,2022-08-01,600663,陆家嘴
2023-01-10,zz500,2022-08-01,600667,太极实业
2023-01-10,zz500,2022-08-01,600673,东阳光
2023-01-10,zz500,2022-08-01,600699,均胜电子
2023-01-10,zz500,2022-08-01,600704,物产中大
2023-01-10,zz500,2022-08-01,600705,中航产融
2023-01-10,zz500,2022-08-01,600707,彩虹股份
2023-01-10,zz500,2022-08-01,600717,天津港
2023-01-10,zz500,2022-08-01,600718,东软集团
2023-01-10,zz500,2022-08-01,600728,佳都科技
2023-01-10,zz500,2022-08-01,600732,爱旭股份
2023-01-10,zz500,2022-08-01,600737,中粮糖业
2023-01-10,zz500,2022-08-01,600739,辽宁成大
2023-01-10,zz500,2022-08-01,600755,厦门国贸
2023-01-10,zz500,2022-08-01,600764,中国海防
2023-01-10,zz500,2022-08-01,600765,中航重机
2023-01-10,zz500,2022-08-01,600782,新钢股份
2023-01-10,zz500,2022-08-01,600787,中储股份
2023-01-10,zz500,2022-08-01,600801,华新水泥
2023-01-10,zz500,2022-08-01,600808,马钢股份
2023-01-10,zz500,2022-08-01,600811,东方集团
2023-01-10,zz500,2022-08-01,600820,隧道股份
2023-01-10,zz500,2022-08-01,600823,世茂股份
2023-01-10,zz500,2022-08-01,600827,百联股份
2023-01-10,zz500,2022-08-01,600835,上海机电
2023-01-10,zz500,2022-08-01,600839,四川长虹
2023-01-10,zz500,2022-08-01,600848,上海临港
2023-01-10,zz500,2022-08-01,600859,王府井
2023-01-10,zz500,2022-08-01,600862,中航高科
2023-01-10,zz500,2022-08-01,600863,内蒙华电
2023-01-10,zz500,2022-08-01,600867,通化东宝
2023-01-10,zz500,2022-08-01,600871,石化油服
2023-01-10,zz500,2022-08-01,600875,东方电气
2023-01-10,zz500,2022-08-01,600879,航天电子
2023-01-10,zz500,2022-08-01,600885,宏发股份
2023-01-10,zz500,2022-08-01,600895,张江高科
2023-01-10,zz500,2022-08-01,600901,江苏租赁
2023-01-10,zz500,2022-08-01,600906,财达证券
2023-01-10,zz500,2022-08-01,600909,华安证券
2023-01-10,zz500,2022-08-01,600917,重庆燃气
2023-01-10,zz500,2022-08-01,600927,永安期货
2023-01-10,zz500,2022-08-01,600928,西安银行
2023-01-10,zz500,2022-08-01,600956,新天绿能
2023-01-10,zz500,2022-08-01,600959,江苏有线
2023-01-10,zz500,2022-08-01,600967,内蒙一机
2023-01-10,zz500,2022-08-01,600968,海油发展
2023-01-10,zz500,2022-08-01,600970,中材国际
2023-01-10,zz500,2022-08-01,600985,淮北矿业
2023-01-10,zz500,2022-08-01,600988,赤峰黄金
2023-01-10,zz500,2022-08-01,600998,九州通
2023-01-10,zz500,2022-08-01,601000,唐山港
2023-01-10,zz500,2022-08-01,601003,柳钢股份
2023-01-10,zz500,2022-08-01,601005,重庆钢铁
2023-01-10,zz500,2022-08-01,601016,节能风电
2023-01-10,zz500,2022-08-01,601058,赛轮轮胎
2023-01-10,zz500,2022-08-01,601077,渝农商行
2023-01-10,zz500,2022-08-01,601098,中南传媒
2023-01-10,zz500,2022-08-01,601106,中国一重
2023-01-10,zz500,2022-08-01,601108,财通证券
2023-01-10,zz500,2022-08-01,601118,海南橡胶
2023-01-10,zz500,2022-08-01,601128,常熟银行
2023-01-10,zz500,2022-08-01,601139,深圳燃气
2023-01-10,zz500,2022-08-01,601156,东航物流
2023-01-10,zz500,2022-08-01,601162,天风证券
2023-01-10,zz500,2022-08-01,601168,西部矿业
2023-01-10,zz500,2022-08-01,601179,中国西电
2023-01-10,zz500,2022-08-01,601187,厦门银行
2023-01-10,zz500,2022-08-01,601198,东兴证券
2023-01-10,zz500,2022-08-01,601200,上海环境
2023-01-10,zz500,2022-08-01,601228,广州港
2023-01-10,zz500,2022-08-01,601298,青岛港
2023-01-10,zz500,2022-08-01,601333,广深铁路
2023-01-10,zz500,2022-08-01,601456,国联证券
2023-01-10,zz500,2022-08-01,601555,东吴证券
2023-01-10,zz500,2022-08-01,601568,北元集团
2023-01-10,zz500,2022-08-01,601577,长沙银行
2023-01-10,zz500,2022-08-01,601598,中国外运
2023-01-10,zz500,2022-08-01,601607,上海医药
2023-01-10,zz500,2022-08-01,601608,中信重工
2023-01-10,zz500,2022-08-01,601611,中国核建
2023-01-10,zz500,2022-08-01,601615,明阳智能
2023-01-10,zz500,2022-08-01,601636,旗滨集团
2023-01-10,zz500,2022-08-01,601665,齐鲁银行
2023-01-10,zz500,2022-08-01,601696,中银证券
2023-01-10,zz500,2022-08-01,601699,潞安环能
2023-01-10,zz500,2022-08-01,601717,郑煤机
2023-01-10,zz500,2022-08-01,601718,际华集团
2023-01-10,zz500,2022-08-01,601778,晶科科技
2023-01-10,zz500,2022-08-01,601828,美凯龙
2023-01-10,zz500,2022-08-01,601860,紫金银行
2023-01-10,zz500,2022-08-01,601866,中远海发
2023-01-10,zz500,2022-08-01,601869,长飞光纤
2023-01-10,zz500,2022-08-01,601872,招商轮船
2023-01-10,zz500,2022-08-01,601880,辽港股份
2023-01-10,zz500,2022-08-01,601928,凤凰传媒
2023-01-10,zz500,2022-08-01,601958,金钼股份
2023-01-10,zz500,2022-08-01,601969,海南矿业
2023-01-10,zz500,2022-08-01,601990,南京证券
2023-01-10,zz500,2022-08-01,601991,大唐发电
2023-01-10,zz500,2022-08-01,601992,金隅集团
2023-01-10,zz500,2022-08-01,601997,贵阳银行
2023-01-10,zz500,2022-08-01,603000,人民网
2023-01-10,zz500,2022-08-01,603026,石大胜华
2023-01-10,zz500,2022-08-01,603056,德邦股份
2023-01-10,zz500,2022-08-01,603077,和邦生物
2023-01-10,zz500,2022-08-01,603127,昭衍新药
2023-01-10,zz500,2022-08-01,603156,养元饮品
2023-01-10,zz500,2022-08-01,603198,迎驾贡酒
2023-01-10,zz500,2022-08-01,603218,日月股份
2023-01-10,zz500,2022-08-01,603225,新凤鸣
2023-01-10,zz500,2022-08-01,603228,景旺电子
2023-01-10,zz500,2022-08-01,603233,大参林
2023-01-10,zz500,2022-08-01,603267,鸿远电子
2023-01-10,zz500,2022-08-01,603317,天味食品
2023-01-10,zz500,2022-08-01,603345,安井食品
2023-01-10,zz500,2022-08-01,603355,莱克电气
2023-01-10,zz500,2022-08-01,603379,三美股份
2023-01-10,zz500,2022-08-01,603444,吉比特
2023-01-10,zz500,2022-08-01,603456,九洲药业
2023-01-10,zz500,2022-08-01,603515,欧普照明
2023-01-10,zz500,2022-08-01,603517,绝味食品
2023-01-10,zz500,2022-08-01,603568,伟明环保
2023-01-10,zz500,2022-08-01,603589,口子窖
2023-01-10,zz500,2022-08-01,603605,珀莱雅
2023-01-10,zz500,2022-08-01,603613,国联股份
2023-01-10,zz500,2022-08-01,603638,艾迪精密
2023-01-10,zz500,2022-08-01,603650,彤程新材
2023-01-10,zz500,2022-08-01,603658,安图生物
2023-01-10,zz500,2022-08-01,603707,健友股份
2023-01-10,zz500,2022-08-01,603712,七一二
2023-01-10,zz500,2022-08-01,603719,良品铺子
2023-01-10,zz500,2022-08-01,603786,科博达
2023-01-10,zz500,2022-08-01,603858,步长制药
2023-01-10,zz500,2022-08-01,603866,桃李面包
2023-01-10,zz500,2022-08-01,603868,飞科电器
2023-01-10,zz500,2022-08-01,603883,老百姓
2023-01-10,zz500,2022-08-01,603885,吉祥航空
2023-01-10,zz500,2022-08-01,603927,中科软
2023-01-10,zz500,2022-08-01,603939,益丰药房
2023-01-10,zz500,2022-08-01,603983,丸美股份
2023-01-10,zz500,2022-08-01,605117,德业股份
2023-01-10,zz500,2022-08-01,688002,睿创微纳
2023-01-10,zz500,2022-08-01,688006,杭可科技
2023-01-10,zz500,2022-08-01,688009,中国通号
2023-01-10,zz500,2022-08-01,688029,南微医学
2023-01-10,zz500,2022-08-01,688088,虹软科技
2023-01-10,zz500,2022-08-01,688099,晶晨股份
2023-01-10,zz500,2022-08-01,688122,西部超导
2023-01-10,zz500,2022-08-01,688180,君实生物
2023-01-10,zz500,2022-08-01,688185,康希诺
2023-01-10,zz500,2022-08-01,688188,柏楚电子
2023-01-10,zz500,2022-08-01,688208,道通科技
2023-01-10,zz500,2022-08-01,688256,寒武纪
2023-01-10,zz500,2022-08-01,688289,圣湘生物
2023-01-10,zz500,2022-08-01,688321,微芯生物
2023-01-10,zz500,2022-08-01,688390,固德威
2023-01-10,zz500,2022-08-01,688521,芯原股份
2023-01-10,zz500,2022-08-01,688777,中控技术
2023-01-10,zz500,2022-08-01,688819,天能股份
2023-01-10,zz500,2022-08-01,689009,九号公司
2023-01-10,zz500,2022-08-01,000009,中国宝安
2023-01-10,zz500,2022-08-01,000012,南玻A
2023-01-10,zz500,2022-08-01,000021,深科技
2023-01-10,zz500,2022-08-01,000027,深圳能源
2023-01-10,zz500,2022-08-01,000028,国药一致
2023-01-10,zz500,2022-08-01,000031,大悦城
2023-01-10,zz500,2022-08-01,000039,中集集团
2023-01-10,zz500,2022-08-01,000050,深天马A
2023-01-10,zz500,2022-08-01,000060,中金岭南
2023-01-10,zz500,2022-08-01,000062,深圳华强
2023-01-10,zz500,2022-08-01,000089,深圳机场
2023-01-10,zz500,2022-08-01,000156,华数传媒
2023-01-10,zz500,2022-08-01,000158,常山北明
2023-01-10,zz500,2022-08-01,000400,许继电气
2023-01-10,zz500,2022-08-01,000401,冀东水泥
2023-01-10,zz500,2022-08-01,000402,金融街
2023-01-10,zz500,2022-08-01,000415,渤海租赁
2023-01-10,zz500,2022-08-01,000488,晨鸣纸业
2023-01-10,zz500,2022-08-01,000513,丽珠集团
2023-01-10,zz500,2022-08-01,000519,中兵红箭
2023-01-10,zz500,2022-08-01,000528,柳工
2023-01-10,zz500,2022-08-01,000537,广宇发展
2023-01-10,zz500,2022-08-01,000540,中天金融
2023-01-10,zz500,2022-08-01,000547,航天发展
2023-01-10,zz500,2022-08-01,000553,安道麦A
2023-01-10,zz500,2022-08-01,000559,万向钱潮
2023-01-10,zz500,2022-08-01,000563,陕国投A
2023-01-10,zz500,2022-08-01,000581,威孚高科
2023-01-10,zz500,2022-08-01,000598,兴蓉环境
2023-01-10,zz500,2022-08-01,000623,吉林敖东
2023-01-10,zz500,2022-08-01,000629,攀钢钒钛
2023-01-10,zz500,2022-08-01,000630,铜陵有色
2023-01-10,zz500,2022-08-01,000636,风华高科
2023-01-10,zz500,2022-08-01,000656,金科股份
2023-01-10,zz500,2022-08-01,000671,阳光城
2023-01-10,zz500,2022-08-01,000685,中山公用
2023-01-10,zz500,2022-08-01,000686,东北证券
2023-01-10,zz500,2022-08-01,000690,宝新能源
2023-01-10,zz500,2022-08-01,000709,河钢股份
2023-01-10,zz500,2022-08-01,000717,韶钢松山
2023-01-10,zz500,2022-08-01,000718,苏宁环球
2023-01-10,zz500,2022-08-01,000728,国元证券
2023-01-10,zz500,2022-08-01,000729,燕京啤酒
2023-01-10,zz500,2022-08-01,000738,航发控制
2023-01-10,zz500,2022-08-01,000739,普洛药业
2023-01-10,zz500,2022-08-01,000750,国海证券
2023-01-10,zz500,2022-08-01,000778,新兴铸管
2023-01-10,zz500,2022-08-01,000783,长江证券
2023-01-10,zz500,2022-08-01,000785,居然之家
2023-01-10,zz500,2022-08-01,000807,云铝股份
2023-01-10,zz500,2022-08-01,000825,太钢不锈
2023-01-10,zz500,2022-08-01,000830,鲁西化工
2023-01-10,zz500,2022-08-01,000831,五矿稀土
2023-01-10,zz500,2022-08-01,000869,张裕A
2023-01-10,zz500,2022-08-01,000878,云南铜业
2023-01-10,zz500,2022-08-01,000883,湖北能源
2023-01-10,zz500,2022-08-01,000887,中鼎股份
2023-01-10,zz500,2022-08-01,000898,鞍钢股份
2023-01-10,zz500,2022-08-01,000930,中粮科技
2023-01-10,zz500,2022-08-01,000932,华菱钢铁
2023-01-10,zz500,2022-08-01,000937,冀中能源
2023-01-10,zz500,2022-08-01,000959,首钢股份
2023-01-10,zz500,2022-08-01,000960,锡业股份
2023-01-10,zz500,2022-08-01,000961,中南建设
2023-01-10,zz500,2022-08-01,000967,盈峰环境
2023-01-10,zz500,2022-08-01,000970,中科三环
2023-01-10,zz500,2022-08-01,000975,银泰黄金
2023-01-10,zz500,2022-08-01,000983,山西焦煤
2023-01-10,zz500,2022-08-01,000987,越秀金控
2023-01-10,zz500,2022-08-01,000988,华工科技
2023-01-10,zz500,2022-08-01,000990,诚志股份
2023-01-10,zz500,2022-08-01,000997,新大陆
2023-01-10,zz500,2022-08-01,000998,隆平高科
2023-01-10,zz500,2022-08-01,000999,华润三九
2023-01-10,zz500,2022-08-01,001203,大中矿业
2023-01-10,zz500,2022-08-01,001227,兰州银行
2023-01-10,zz500,2022-08-01,001872,招商港口
2023-01-10,zz500,2022-08-01,001914,招商积余
2023-01-10,zz500,2022-08-01,001965,招商公路
2023-01-10,zz500,2022-08-01,002002,鸿达兴业
2023-01-10,zz500,2022-08-01,002004,华邦健康
2023-01-10,zz500,2022-08-01,002010,传化智联
2023-01-10,zz500,2022-08-01,002019,亿帆医药
2023-01-10,zz500,2022-08-01,002028,思源电气
2023-01-10,zz500,2022-08-01,002030,达安基因
2023-01-10,zz500,2022-08-01,002048,宁波华翔
2023-01-10,zz500,2022-08-01,002056,横店东磁
2023-01-10,zz500,2022-08-01,002065,东华软件
2023-01-10,zz500,2022-08-01,002078,太阳纸业
2023-01-10,zz500,2022-08-01,002081,金螳螂
2023-01-10,zz500,2022-08-01,002092,中泰化学
2023-01-10,zz500,2022-08-01,002110,三钢闽光
2023-01-10,zz500,2022-08-01,002124,天邦食品
2023-01-10,zz500,2022-08-01,002127,南极电商
2023-01-10,zz500,2022-08-01,002128,电投能源
2023-01-10,zz500,2022-08-01,002131,利欧股份
2023-01-10,zz500,2022-08-01,002138,顺络电子
2023-01-10,zz500,2022-08-01,002146,荣盛发展
2023-01-10,zz500,2022-08-01,002152,广电运通
2023-01-10,zz500,2022-08-01,002153,石基信息
2023-01-10,zz500,2022-08-01,002155,湖南黄金
2023-01-10,zz500,2022-08-01,002156,通富微电
2023-01-10,zz500,2022-08-01,002174,游族网络
2023-01-10,zz500,2022-08-01,002180,纳思达
2023-01-10,zz500,2022-08-01,002183,怡亚通
2023-01-10,zz500,2022-08-01,002185,华天科技
2023-01-10,zz500,2022-08-01,002191,劲嘉股份
2023-01-10,zz500,2022-08-01,002195,二三四五
2023-01-10,zz500,2022-08-01,002203,海亮股份
2023-01-10,zz500,2022-08-01,002212,天融信
2023-01-10,zz500,2022-08-01,002221,东华能源
2023-01-10,zz500,2022-08-01,002223,鱼跃医疗
2023-01-10,zz500,2022-08-01,002233,塔牌集团
2023-01-10,zz500,2022-08-01,002240,盛新锂能
2023-01-10,zz500,2022-08-01,002242,九阳股份
2023-01-10,zz500,2022-08-01,002244,滨江集团
2023-01-10,zz500,2022-08-01,002249,大洋电机
2023-01-10,zz500,2022-08-01,002250,联化科技
2023-01-10,zz500,2022-08-01,002266,浙富控股
2023-01-10,zz500,2022-08-01,002268,卫士通
2023-01-10,zz500,2022-08-01,002273,水晶光电
2023-01-10,zz500,2022-08-01,002281,光迅科技
2023-01-10,zz500,2022-08-01,002294,信立泰
2023-01-10,zz500,2022-08-01,002299,圣农发展
2023-01-10,zz500,2022-08-01,002326,永太科技
2023-01-10,zz500,2022-08-01,002353,杰瑞股份
2023-01-10,zz500,2022-08-01,002368,太极股份
2023-01-10,zz500,2022-08-01,002372,伟星新材
2023-01-10,zz500,2022-08-01,002373,千方科技
2023-01-10,zz500,2022-08-01,002382,蓝帆医疗
2023-01-10,zz500,2022-08-01,002384,东山精密
2023-01-10,zz500,2022-08-01,002385,大北农
2023-01-10,zz500,2022-08-01,002387,维信诺
2023-01-10,zz500,2022-08-01,002390,信邦制药
2023-01-10,zz500,2022-08-01,002396,星网锐捷
2023-01-10,zz500,2022-08-01,002399,海普瑞
2023-01-10,zz500,2022-08-01,002407,多氟多
2023-01-10,zz500,2022-08-01,002408,齐翔腾达
2023-01-10,zz500,2022-08-01,002409,雅克科技
2023-01-10,zz500,2022-08-01,002416,爱施德
2023-01-10,zz500,2022-08-01,002422,科伦药业
2023-01-10,zz500,2022-08-01,002423,中粮资本
2023-01-10,zz500,2022-08-01,002429,兆驰股份
2023-01-10,zz500,2022-08-01,002430,杭氧股份
2023-01-10,zz500,2022-08-01,002434,万里扬
2023-01-10,zz500,2022-08-01,002439,启明星辰
2023-01-10,zz500,2022-08-01,002444,巨星科技
2023-01-10,zz500,2022-08-01,002465,海格通信
2023-01-10,zz500,2022-08-01,002468,申通快递
2023-01-10,zz500,2022-08-01,002497,雅化集团
2023-01-10,zz500,2022-08-01,002500,山西证券
2023-01-10,zz500,2022-08-01,002505,鹏都农牧
2023-01-10,zz500,2022-08-01,002506,协鑫集成
2023-01-10,zz500,2022-08-01,002507,涪陵榨菜
2023-01-10,zz500,2022-08-01,002508,老板电器
2023-01-10,zz500,2022-08-01,002511,中顺洁柔
2023-01-10,zz500,2022-08-01,002532,天山铝业
2023-01-10,zz500,2022-08-01,002557,洽洽食品
2023-01-10,zz500,2022-08-01,002563,森马服饰
2023-01-10,zz500,2022-08-01,002572,索菲亚
2023-01-10,zz500,2022-08-01,002595,豪迈科技
2023-01-10,zz500,2022-08-01,002603,以岭药业
2023-01-10,zz500,2022-08-01,002624,完美世界
2023-01-10,zz500,2022-08-01,002625,光启技术
2023-01-10,zz500,2022-08-01,002653,海思科
2023-01-10,zz500,2022-08-01,002670,国盛金控
2023-01-10,zz500,2022-08-01,002673,西部证券
2023-01-10,zz500,2022-08-01,002683,广东宏大
2023-01-10,zz500,2022-08-01,002690,美亚光电
2023-01-10,zz500,2022-08-01,002701,奥瑞金
2023-01-10,zz500,2022-08-01,002705,新宝股份
2023-01-10,zz500,2022-08-01,002739,万达电影
2023-01-10,zz500,2022-08-01,002745,木林森
2023-01-10,zz500,2022-08-01,002756,永兴材料
2023-01-10,zz500,2022-08-01,002797,第一创业
2023-01-10,zz500,2022-08-01,002815,崇达技术
2023-01-10,zz500,2022-08-01,002831,裕同科技
2023-01-10,zz500,2022-08-01,002867,周大生
2023-01-10,zz500,2022-08-01,002901,大博医疗
2023-01-10,zz500,2022-08-01,002925,盈趣科技
2023-01-10,zz500,2022-08-01,002926,华西证券
2023-01-10,zz500,2022-08-01,002936,郑州银行
2023-01-10,zz500,2022-08-01,002939,长城证券
2023-01-10,zz500,2022-08-01,002945,华林证券
2023-01-10,zz500,2022-08-01,002946,新乳业
2023-01-10,zz500,2022-08-01,002948,青岛银行
2023-01-10,zz500,2022-08-01,002958,青农商行
2023-01-10,zz500,2022-08-01,002966,苏州银行
2023-01-10,zz500,2022-08-01,002985,北摩高科
2023-01-10,zz500,2022-08-01,003035,南网能源
2023-01-10,zz500,2022-08-01,300001,特锐德
2023-01-10,zz500,2022-08-01,300009,安科生物
2023-01-10,zz500,2022-08-01,300012,华测检测
2023-01-10,zz500,2022-08-01,300017,网宿科技
2023-01-10,zz500,2022-08-01,300024,机器人
2023-01-10,zz500,2022-08-01,300026,红日药业
2023-01-10,zz500,2022-08-01,300037,新宙邦
2023-01-10,zz500,2022-08-01,300058,蓝色光标
2023-01-10,zz500,2022-08-01,300070,碧水源
2023-01-10,zz500,2022-08-01,300072,海新能科
2023-01-10,zz500,2022-08-01,300073,当升科技
2023-01-10,zz500,2022-08-01,300088,长信科技
2023-01-10,zz500,2022-08-01,300115,长盈精密
2023-01-10,zz500,2022-08-01,300136,信维通信
2023-01-10,zz500,2022-08-01,300144,宋城演艺
2023-01-10,zz500,2022-08-01,300146,汤臣倍健
2023-01-10,zz500,2022-08-01,300166,东方国信
2023-01-10,zz500,2022-08-01,300168,万达信息
2023-01-10,zz500,2022-08-01,300182,捷成股份
2023-01-10,zz500,2022-08-01,300212,易华录
2023-01-10,zz500,2022-08-01,300244,迪安诊断
2023-01-10,zz500,2022-08-01,300251,光线传媒
2023-01-10,zz500,2022-08-01,300253,卫宁健康
2023-01-10,zz500,2022-08-01,300257,开山股份
2023-01-10,zz500,2022-08-01,300285,国瓷材料
2023-01-10,zz500,2022-08-01,300296,利亚德
2023-01-10,zz500,2022-08-01,300308,中际旭创
2023-01-10,zz500,2022-08-01,300357,我武生物
2023-01-10,zz500,2022-08-01,300363,博腾股份
2023-01-10,zz500,2022-08-01,300376,易事特
2023-01-10,zz500,2022-08-01,300383,光环新网
2023-01-10,zz500,2022-08-01,300390,天华超净
2023-01-10,zz500,2022-08-01,300418,昆仑万维
2023-01-10,zz500,2022-08-01,300463,迈克生物
2023-01-10,zz500,2022-08-01,300474,景嘉微
2023-01-10,zz500,2022-08-01,300482,万孚生物
2023-01-10,zz500,2022-08-01,300558,贝达药业
2023-01-10,zz500,2022-08-01,300618,寒锐钴业
2023-01-10,zz500,2022-08-01,300630,普利制药
2023-01-10,zz500,2022-08-01,300676,华大基因
2023-01-10,zz500,2022-08-01,300677,英科医疗
2023-01-10,zz500,2022-08-01,300699,光威复材
2023-01-10,zz500,2022-08-01,300724,捷佳伟创
2023-01-10,zz500,2022-08-01,300741,华宝股份
2023-01-10,zz500,2022-08-01,300769,德方纳米
2023-01-10,zz500,2022-08-01,300832,新产业
2023-01-10,zz500,2022-08-01,300869,康泰医学
2023-01-10,zz500,2022-08-01,300888,稳健医疗
2023-07-10,hs300,2023-07-10,600000,浦发银行
2023-07-10,hs300,2023-07-10,600009,上海机场
2023-07-10,hs300,2023-07-10,600010,包钢股份
2023-07-10,hs300,2023-07-10,600011,华能国际
2023-07-10,hs300,2023-07-10,600015,华夏银行
2023-07-10,hs300,2023-07-10,600016,民生银行
2023-07-10,hs300,2023-07-10,600018,上港集团
2023-07-10,hs300,2023-07-10,600019,宝钢股份
2023-07-10,hs300,2023-07-10,600025,华能水电
2023-07-10,hs300,2023-07-10,600028,中国石化
2023-07-10,hs300,2023-07-10,600029,南方航空
2023-07-10,hs300,2023-07-10,600030,中信证券
2023-07-10,hs300,2023-07-10,600031,三一重工
2023-07-10,hs300,2023-07-10,600036,招商银行
2023-07-10,hs300,2023-07-10,600039,四川路桥
2023-07-10,hs300,2023-07-10,600048,保利发展
2023-07-10,hs300,2023-07-10,600050,中国联通
2023-07-10,hs300,2023-07-10,600061,国投资本
2023-07-10,hs300,2023-07-10,600085,同仁堂
2023-07-10,hs300,2023-07-10,600089,特变电工
2023-07-10,hs300,2023-07-10,600104,上汽集团
2023-07-10,hs300,2023-07-10,600111,北方稀土
2023-07-10,hs300,2023-07-10,600115,中国东航
2023-07-10,hs300,2023-07-10,600132,重庆啤酒
2023-07-10,hs300,2023-07-10,600150,中国船舶
2023-07-10,hs300,2023-07-10,600176,中国巨石
2023-07-10,hs300,2023-07-10,600183,生益科技
2023-07-10,hs300,2023-07-10,600188,兖矿能源
2023-07-10,hs300,2023-07-10,600196,复星医药
2023-07-10,hs300,2023-07-10,600219,南山铝业
2023-07-10,hs300,2023-07-10,600233,圆通速递
2023-07-10,hs300,2023-07-10,600276,恒瑞医药
2023-07-10,hs300,2023-07-10,600309,万华化学
2023-07-10,hs300,2023-07-10,600332,白云山
2023-07-10,hs300,2023-07-10,600346,恒力石化
2023-07-10,hs300,2023-07-10,600362,江西铜业
2023-07-10,hs300,2023-07-10,600383,金地集团
2023-07-10,hs300,2023-07-10,600406,国电南瑞
2023-07-10,hs300,2023-07-10,600426,华鲁恒升
2023-07-10,hs300,2023-07-10,600436,片仔癀
2023-07-10,hs300,2023-07-10,600438,通威股份
2023-07-10,hs300,2023-07-10,600460,士兰微
2023-07-10,hs300,2023-07-10,600519,贵州茅台
2023-07-10,hs300,2023-07-10,600547,山东黄金
2023-07-10,hs300,2023-07-10,600570,恒生电子
2023-07-10,hs300,2023-07-10,600584,长电科技
2023-07-10,hs300,2023-07-10,600585,海螺水泥
2023-07-10,hs300,2023-07-10,600588,用友网络
2023-07-10,hs300,2023-07-10,600600,青岛啤酒
2023-07-10,hs300,2023-07-10,600606,绿地控股
2023-07-10,hs300,2023-07-10,600660,福耀玻璃
2023-07-10,hs300,2023-07-10,600674,川投能源
2023-07-10,hs300,2023-07-10,600690,海尔智家
2023-07-10,hs300,2023-07-10,600732,爱旭股份
2023-07-10,hs300,2023-07-10,600741,华域汽车
2023-07-10,hs300,2023-07-10,600745,闻泰科技
2023-07-10,hs300,2023-07-10,600754,锦江酒店
2023-07-10,hs300,2023-07-10,600760,中航沈飞
2023-07-10,hs300,2023-07-10,600763,通策医疗
2023-07-10,hs300,2023-07-10,600795,国电电力
2023-07-10,hs300,2023-07-10,600803,新奥股份
2023-07-10,hs300,2023-07-10,600809,山西汾酒
2023-07-10,hs300,2023-07-10,600837,海通证券
2023-07-10,hs300,2023-07-10,600845,宝信软件
2023-07-10,hs300,2023-07-10,600875,东方电气
2023-07-10,hs300,2023-07-10,600884,杉杉股份
2023-07-10,hs300,2023-07-10,600886,国投电力
2023-07-10,hs300,2023-07-10,600887,伊利股份
2023-07-10,hs300,2023-07-10,600893,航发动力
2023-07-10,hs300,2023-07-10,600900,长江电力
2023-07-10,hs300,2023-07-10,600905,三峡能源
2023-07-10,hs300,2023-07-10,600918,中泰证券
2023-07-10,hs300,2023-07-10,600919,江苏银行
2023-07-10,hs300,2023-07-10,600926,杭州银行
2023-07-10,hs300,2023-07-10,600941,中国移动
2023-07-10,hs300,2023-07-10,600958,东方证券
2023-07-10,hs300,2023-07-10,600989,宝丰能源
2023-07-10,hs300,2023-07-10,600999,招商证券
2023-07-10,hs300,2023-07-10,601006,大秦铁路
2023-07-10,hs300,2023-07-10,601009,南京银行
2023-07-10,hs300,2023-07-10,601012,隆基绿能
2023-07-10,hs300,2023-07-10,601021,春秋航空
2023-07-10,hs300,2023-07-10,601066,中信建投
2023-07-10,hs300,2023-07-10,601088,中国神华
2023-07-10,hs300,2023-07-10,601100,恒立液压
2023-07-10,hs300,2023-07-10,601111,中国国航
2023-07-10,hs300,2023-07-10,601117,中国化学
2023-07-10,hs300,2023-07-10,601138,工业富联
2023-07-10,hs300,2023-07-10,601155,新城控股
2023-07-10,hs300,2023-07-10,601166,兴业银行
2023-07-10,hs300,2023-07-10,601169,北京银行
2023-07-10,hs300,2023-07-10,601186,中国铁建
2023-07-10,hs300,2023-07-10,601211,国泰君安
2023-07-10,hs300,2023-07-10,601216,君正集团
2023-07-10,hs300,2023-07-10,601225,陕西煤业
2023-07-10,hs300,2023-07-10,601229,上海银行
2023-07-10,hs300,2023-07-10,601236,红塔证券
2023-07-10,hs300,2023-07-10,601238,广汽集团
2023-07-10,hs300,2023-07-10,601288,农业银行
2023-07-10,hs300,2023-07-10,601318,中国平安
2023-07-10,hs300,2023-07-10,601319,中国人保
2023-07-10,hs300,2023-07-10,601328,交通银行
2023-07-10,hs300,2023-07-10,601336,新华保险
2023-07-10,hs300,2023-07-10,601360,三六零
2023-07-10,hs300,2023-07-10,601377,兴业证券
2023-07-10,hs300,2023-07-10,601390,中国中铁
2023-07-10,hs300,2023-07-10,601398,工商银行
2023-07-10,hs300,2023-07-10,601600,中国铝业
2023-07-10,hs300,2023-07-10,601601,中国太保
2023-07-10,hs300,2023-07-10,601607,上海医药
2023-07-10,hs300,2023-07-10,601615,明阳智能
2023-07-10,hs300,2023-07-10,601618,中国中冶
2023-07-10,hs300,2023-07-10,601628,中国人寿
2023-07-10,hs300,2023-07-10,601633,长城汽车
2023-07-10,hs300,2023-07-10,601658,邮储银行
2023-07-10,hs300,2023-07-10,601668,中国建筑
2023-07-10,hs300,2023-07-10,601669,中国电建
2023-07-10,hs300,2023-07-10,601688,华泰证券
2023-07-10,hs300,2023-07-10,601689,拓普集团
2023-07-10,hs300,2023-07-10,601698,中国卫通
2023-07-10,hs300,2023-07-10,601699,潞安环能
2023-07-10,hs300,2023-07-10,601728,中国电信
2023-07-10,hs300,2023-07-10,601766,中国中车
2023-07-10,hs300,2023-07-10,601788,光大证券
2023-07-10,hs300,2023-07-10,601799,星宇股份
2023-07-10,hs300,2023-07-10,601800,中国交建
2023-07-10,hs300,2023-07-10,601808,中海油服
2023-07-10,hs300,2023-07-10,601816,京沪高铁
2023-07-10,hs300,2023-07-10,601818,光大银行
2023-07-10,hs300,2023-07-10,601838,成都银行
2023-07-10,hs300,2023-07-10,601857,中国石油
2023-07-10,hs300,2023-07-10,601865,福莱特
2023-07-10,hs300,2023-07-10,601868,中国能建
2023-07-10,hs300,2023-07-10,601872,招商轮船
2023-07-10,hs300,2023-07-10,601877,正泰电器
2023-07-10,hs300,2023-07-10,601878,浙商证券
2023-07-10,hs300,2023-07-10,601881,中国银河
2023-07-10,hs300,2023-07-10,601888,中国中免
2023-07-10,hs300,2023-07-10,601898,中煤能源
2023-07-10,hs300,2023-07-10,601899,紫金矿业
2023-07-10,hs300,2023-07-10,601901,方正证券
2023-07-10,hs300,2023-07-10,601919,中远海控
2023-07-10,hs300,2023-07-10,601939,建设银行
2023-07-10,hs300,2023-07-10,601985,中国核电
2023-07-10,hs300,2023-07-10,601988,中国银行
2023-07-10,hs300,2023-07-10,601989,中国重工
2023-07-10,hs300,2023-07-10,601995,中金公司
2023-07-10,hs300,2023-07-10,601998,中信银行
2023-07-10,hs300,2023-07-10,603019,中科曙光
2023-07-10,hs300,2023-07-10,603185,弘元绿能
2023-07-10,hs300,2023-07-10,603195,公牛集团
2023-07-10,hs300,2023-07-10,603259,药明康德
2023-07-10,hs300,2023-07-10,603260,合盛硅业
2023-07-10,hs300,2023-07-10,603288,海天味业
2023-07-10,hs300,2023-07-10,603290,斯达半导
2023-07-10,hs300,2023-07-10,603369,今世缘
2023-07-10,hs300,2023-07-10,603392,万泰生物
2023-07-10,hs300,2023-07-10,603486,科沃斯
2023-07-10,hs300,2023-07-10,603501,韦尔股份
2023-07-10,hs300,2023-07-10,603659,璞泰来
2023-07-10,hs300,2023-07-10,603799,华友钴业
2023-07-10,hs300,2023-07-10,603806,福斯特
2023-07-10,hs300,2023-07-10,603833,欧派家居
2023-07-10,hs300,2023-07-10,603899,晨光股份
2023-07-10,hs300,2023-07-10,603986,兆易创新
2023-07-10,hs300,2023-07-10,603993,洛阳钼业
2023-07-10,hs300,2023-07-10,605117,德业股份
2023-07-10,hs300,2023-07-10,605499,东鹏饮料
2023-07-10,hs300,2023-07-10,688005,容百科技
2023-07-10,hs300,2023-07-10,688008,澜起科技
2023-07-10,hs300,2023-07-10,688012,中微公司
2023-07-10,hs300,2023-07-10,688036,传音控股
2023-07-10,hs300,2023-07-10,688065,凯赛生物
2023-07-10,hs300,2023-07-10,688111,金山办公
2023-07-10,hs300,2023-07-10,688126,沪硅产业
2023-07-10,hs300,2023-07-10,688187,时代电气
2023-07-10,hs300,2023-07-10,688223,晶科能源
2023-07-10,hs300,2023-07-10,688303,大全能源
2023-07-10,hs300,2023-07-10,688363,华熙生物
2023-07-10,hs300,2023-07-10,688396,华润微
2023-07-10,hs300,2023-07-10,688561,奇安信
2023-07-10,hs300,2023-07-10,688599,天合光能
2023-07-10,hs300,2023-07-10,688981,中芯国际
2023-07-10,hs300,2023-07-10,000001,平安银行
2023-07-10,hs300,2023-07-10,000002,万科A
2023-07-10,hs300,2023-07-10,000063,中兴通讯
2023-07-10,hs300,2023-07-10,000069,华侨城A
2023-07-10,hs300,2023-07-10,000100,TCL科技
2023-07-10,hs300,2023-07-10,000157,中联重科
2023-07-10,hs300,2023-07-10,000166,申万宏源
2023-07-10,hs300,2023-07-10,000301,东方盛虹
2023-07-10,hs300,2023-07-10,000333,美的集团
2023-07-10,hs300,2023-07-10,000338,潍柴动力
2023-07-10,hs300,2023-07-10,000408,藏格矿业
2023-07-10,hs300,2023-07-10,000425,徐工机械
2023-07-10,hs300,2023-07-10,000538,云南白药
2023-07-10,hs300,2023-07-10,000568,泸州老窖
2023-07-10,hs300,2023-07-10,000596,古井贡酒
2023-07-10,hs300,2023-07-10,000617,中油资本
2023-07-10,hs300,2023-07-10,000625,长安汽车
2023-07-10,hs300,2023-07-10,000651,格力电器
2023-07-10,hs300,2023-07-10,000661,长春高新
2023-07-10,hs300,2023-07-10,000708,中信特钢
2023-07-10,hs300,2023-07-10,000723,美锦能源
2023-07-10,hs300,2023-07-10,000725,京东方A
2023-07-10,hs300,2023-07-10,000733,振华科技
2023-07-10,hs300,2023-07-10,000768,中航西飞
2023-07-10,hs300,2023-07-10,000776,广发证券
2023-07-10,hs300,2023-07-10,000786,北新建材
2023-07-10,hs300,2023-07-10,000792,盐湖股份
2023-07-10,hs300,2023-07-10,000800,一汽解放
2023-07-10,hs300,2023-07-10,000858,五粮液
2023-07-10,hs300,2023-07-10,000876,新希望
2023-07-10,hs300,2023-07-10,000877,天山股份
2023-07-10,hs300,2023-07-10,000895,双汇发展
2023-07-10,hs300,2023-07-10,000938,紫光股份
2023-07-10,hs300,2023-07-10,000963,华东医药
2023-07-10,hs300,2023-07-10,000977,浪潮信息
2023-07-10,hs300,2023-07-10,000983,山西焦煤
2023-07-10,hs300,2023-07-10,001289,龙源电力
2023-07-10,hs300,2023-07-10,001979,招商蛇口
2023-07-10,hs300,2023-07-10,002001,新和成
2023-07-10,hs300,2023-07-10,002007,华兰生物
2023-07-10,hs300,2023-07-10,002027,分众传媒
2023-07-10,hs300,2023-07-10,002049,紫光国微
2023-07-10,hs300,2023-07-10,002050,三花智控
2023-07-10,hs300,2023-07-10,002064,华峰化学
2023-07-10,hs300,2023-07-10,002074,国轩高科
2023-07-10,hs300,2023-07-10,002120,韵达股份
2023-07-10,hs300,2023-07-10,002129,TCL中环
2023-07-10,hs300,2023-07-10,002142,宁波银行
2023-07-10,hs300,2023-07-10,002179,中航光电
2023-07-10,hs300,2023-07-10,002180,纳思达
2023-07-10,hs300,2023-07-10,002202,金风科技
2023-07-10,hs300,2023-07-10,002230,科大讯飞
2023-07-10,hs300,2023-07-10,002236,大华股份
2023-07-10,hs300,2023-07-10,002241,歌尔股份
2023-07-10,hs300,2023-07-10,002252,上海莱士
2023-07-10,hs300,2023-07-10,002271,东方雨虹
2023-07-10,hs300,2023-07-10,002304,洋河股份
2023-07-10,hs300,2023-07-10,002311,海大集团
2023-07-10,hs300,2023-07-10,002352,顺丰控股
2023-07-10,hs300,2023-07-10,002371,北方华创
2023-07-10,hs300,2023-07-10,002410,广联达
2023-07-10,hs300,2023-07-10,002414,高德红外
2023-07-10,hs300,2023-07-10,002415,海康威视
2023-07-10,hs300,2023-07-10,002459,晶澳科技
2023-07-10,hs300,2023-07-10,002460,赣锋锂业
2023-07-10,hs300,2023-07-10,002466,天齐锂业
2023-07-10,hs300,2023-07-10,002475,立讯精密
2023-07-10,hs300,2023-07-10,002493,荣盛石化
2023-07-10,hs300,2023-07-10,002555,三七互娱
2023-07-10,hs300,2023-07-10,002594,比亚迪
2023-07-10,hs300,2023-07-10,002601,龙佰集团
2023-07-10,hs300,2023-07-10,002648,卫星化学
2023-07-10,hs300,2023-07-10,002709,天赐材料
2023-07-10,hs300,2023-07-10,002714,牧原股份
2023-07-10,hs300,2023-07-10,002736,国信证券
2023-07-10,hs300,2023-07-10,002756,永兴材料
2023-07-10,hs300,2023-07-10,002812,恩捷股份
2023-07-10,hs300,2023-07-10,002821,凯莱英
2023-07-10,hs300,2023-07-10,002841,视源股份
2023-07-10,hs300,2023-07-10,002916,深南电路
2023-07-10,hs300,2023-07-10,002920,德赛西威
2023-07-10,hs300,2023-07-10,002938,鹏鼎控股
2023-07-10,hs300,2023-07-10,003816,中国广核
2023-07-10,hs300,2023-07-10,300014,亿纬锂能
2023-07-10,hs300,2023-07-10,300015,爱尔眼科
2023-07-10,hs300,2023-07-10,300033,同花顺
2023-07-10,hs300,2023-07-10,300059,东方财富
2023-07-10,hs300,2023-07-10,300122,智飞生物
2023-07-10,hs300,2023-07-10,300124,汇川技术
2023-07-10,hs300,2023-07-10,300142,沃森生物
2023-07-10,hs300,2023-07-10,300207,欣旺达
2023-07-10,hs300,2023-07-10,300223,北京君正
2023-07-10,hs300,2023-07-10,300274,阳光电源
2023-07-10,hs300,2023-07-10,300316,晶盛机电
2023-07-10,hs300,2023-07-10,300347,泰格医药
2023-07-10,hs300,2023-07-10,300408,三环集团
2023-07-10,hs300,2023-07-10,300413,芒果超媒
2023-07-10,hs300,2023-07-10,300433,蓝思科技
2023-07-10,hs300,2023-07-10,300450,先导智能
2023-07-10,hs300,2023-07-10,300454,深信服
2023-07-10,hs300,2023-07-10,300496,中科创达
2023-07-10,hs300,2023-07-10,300498,温氏股份
2023-07-10,hs300,2023-07-10,300601,康泰生物
2023-07-10,hs300,2023-07-10,300628,亿联网络
2023-07-10,hs300,2023-07-10,300661,圣邦股份
2023-07-10,hs300,2023-07-10,300750,宁德时代
2023-07-10,hs300,2023-07-10,300751,迈为股份
2023-07-10,hs300,2023-07-10,300759,康龙化成
2023-07-10,hs300,2023-07-10,300760,迈瑞医疗
2023-07-10,hs300,2023-07-10,300763,锦浪科技
2023-07-10,hs300,2023-07-10,300769,德方纳米
2023-07-10,hs300,2023-07-10,300782,卓胜微
2023-07-10,hs300,2023-07-10,300896,爱美客
2023-07-10,hs300,2023-07-10,300919,中伟股份
2023-07-10,hs300,2023-07-10,300957,贝泰妮
2023-07-10,hs300,2023-07-10,300979,华利集团
2023-07-10,hs300,2023-07-10,300999,金龙鱼
2023-07-10,zz500,2023-07-10,600008,首创环保
2023-07-10,zz500,2023-07-10,600021,上海电力
2023-07-10,zz500,2023-07-10,600022,山东钢铁
2023-07-10,zz500,2023-07-10,600027,华电国际
2023-07-10,zz500,2023-07-10,600032,浙江新能
2023-07-10,zz500,2023-07-10,600038,中直股份
2023-07-10,zz500,2023-07-10,600056,中国医药
2023-07-10,zz500,2023-07-10,600060,海信视像
2023-07-10,zz500,2023-07-10,600062,华润双鹤
2023-07-10,zz500,2023-07-10,600066,宇通客车
2023-07-10,zz500,2023-07-10,600079,人福医药
2023-07-10,zz500,2023-07-10,600095,湘财股份
2023-07-10,zz500,2023-07-10,600096,云天化
2023-07-10,zz500,2023-07-10,600109,国金证券
2023-07-10,zz500,2023-07-10,600118,中国卫星
2023-07-10,zz500,2023-07-10,600126,杭钢股份
2023-07-10,zz500,2023-07-10,600131,国网信通
2023-07-10,zz500,2023-07-10,600141,兴发集团
2023-07-10,zz500,2023-07-10,600143,金发科技
2023-07-10,zz500,2023-07-10,600153,建发股份
2023-07-10,zz500,2023-07-10,600155,华创云信
2023-07-10,zz500,2023-07-10,600157,永泰能源
2023-07-10,zz500,2023-07-10,600160,巨化股份
2023-07-10,zz500,2023-07-10,600161,天坛生物
2023-07-10,zz500,2023-07-10,600166,福田汽车
2023-07-10,zz500,2023-07-10,600167,联美控股
2023-07-10,zz500,2023-07-10,600170,上海建工
2023-07-10,zz500,2023-07-10,600171,上海贝岭
2023-07-10,zz500,2023-07-10,600177,雅戈尔
2023-07-10,zz500,2023-07-10,600195,中牧股份
2023-07-10,zz500,2023-07-10,600208,新湖中宝
2023-07-10,zz500,2023-07-10,600258,首旅酒店
2023-07-10,zz500,2023-07-10,600259,广晟有色
2023-07-10,zz500,2023-07-10,600271,航天信息
2023-07-10,zz500,2023-07-10,600282,南钢股份
2023-07-10,zz500,2023-07-10,600297,广汇汽车
2023-07-10,zz500,2023-07-10,600298,安琪酵母
2023-07-10,zz500,2023-07-10,600299,安迪苏
2023-07-10,zz500,2023-07-10,600315,上海家化
2023-07-10,zz500,2023-07-10,600316,洪都航空
2023-07-10,zz500,2023-07-10,600325,华发股份
2023-07-10,zz500,2023-07-10,600329,达仁堂
2023-07-10,zz500,2023-07-10,600339,中油工程
2023-07-10,zz500,2023-07-10,600348,华阳股份
2023-07-10,zz500,2023-07-10,600350,山东高速
2023-07-10,zz500,2023-07-10,600352,浙江龙盛
2023-07-10,zz500,2023-07-10,600369,西南证券
2023-07-10,zz500,2023-07-10,600372,中航电子
2023-07-10,zz500,2023-07-10,600373,中文传媒
2023-07-10,zz500,2023-07-10,600377,宁沪高速
2023-07-10,zz500,2023-07-10,600378,昊华科技
2023-07-10,zz500,2023-07-10,600380,健康元
2023-07-10,zz500,2023-07-10,600390,五矿资本
2023-07-10,zz500,2023-07-10,600392,盛和资源
2023-07-10,zz500,2023-07-10,600398,海澜之家
2023-07-10,zz500,2023-07-10,600399,抚顺特钢
2023-07-10,zz500,2023-07-10,600409,三友化工
2023-07-10,zz500,2023-07-10,600415,小商品城
2023-07-10,zz500,2023-07-10,600416,湘电股份
2023-07-10,zz500,2023-07-10,600418,江淮汽车
2023-07-10,zz500,2023-07-10,600435,北方导航
2023-07-10,zz500,2023-07-10,600481,双良节能
2023-07-10,zz500,2023-07-10,600482,中国动力
2023-07-10,zz500,2023-07-10,600486,扬农化工
2023-07-10,zz500,2023-07-10,600487,亨通光电
2023-07-10,zz500,2023-07-10,600489,中金黄金
2023-07-10,zz500,2023-07-10,600497,驰宏锌锗
2023-07-10,zz500,2023-07-10,600498,烽火通信
2023-07-10,zz500,2023-07-10,600499,科达制造
2023-07-10,zz500,2023-07-10,600500,中化国际
2023-07-10,zz500,2023-07-10,600507,方大特钢
2023-07-10,zz500,2023-07-10,600511,国药股份
2023-07-10,zz500,2023-07-10,600516,方大炭素
2023-07-10,zz500,2023-07-10,600517,国网英大
2023-07-10,zz500,2023-07-10,600521,华海药业
2023-07-10,zz500,2023-07-10,600528,中铁工业
2023-07-10,zz500,2023-07-10,600529,山东药玻
2023-07-10,zz500,2023-07-10,600535,天士力
2023-07-10,zz500,2023-07-10,600536,中国软件
2023-07-10,zz500,2023-07-10,600546,山煤国际
2023-07-10,zz500,2023-07-10,600549,厦门钨业
2023-07-10,zz500,2023-07-10,600556,天下秀
2023-07-10,zz500,2023-07-10,600563,法拉电子
2023-07-10,zz500,2023-07-10,600566,济川药业
2023-07-10,zz500,2023-07-10,600580,卧龙电驱
2023-07-10,zz500,2023-07-10,600582,天地科技
2023-07-10,zz500,2023-07-10,600597,光明乳业
2023-07-10,zz500,2023-07-10,600598,北大荒
2023-07-10,zz500,2023-07-10,600623,华谊集团
2023-07-10,zz500,2023-07-10,600637,东方明珠
2023-07-10,zz500,2023-07-10,600642,申能股份
2023-07-10,zz500,2023-07-10,600655,豫园股份
2023-07-10,zz500,2023-07-10,600663,陆家嘴
2023-07-10,zz500,2023-07-10,600667,太极实业
2023-07-10,zz500,2023-07-10,600673,东阳光
2023-07-10,zz500,2023-07-10,600699,均胜电子
2023-07-10,zz500,2023-07-10,600704,物产中大
2023-07-10,zz500,2023-07-10,600705,中航产融
2023-07-10,zz500,2023-07-10,600707,彩虹股份
2023-07-10,zz500,2023-07-10,600718,东软集团
2023-07-10,zz500,2023-07-10,600737,中粮糖业
2023-07-10,zz500,2023-07-10,600739,辽宁成大
2023-07-10,zz500,2023-07-10,600755,厦门国贸
2023-07-10,zz500,2023-07-10,600764,中国海防
2023-07-10,zz500,2023-07-10,600765,中航重机
2023-07-10,zz500,2023-07-10,600782,新钢股份
2023-07-10,zz500,2023-07-10,600801,华新水泥
2023-07-10,zz500,2023-07-10,600808,马钢股份
2023-07-10,zz500,2023-07-10,600820,隧道股份
2023-07-10,zz500,2023-07-10,600827,百联股份
2023-07-10,zz500,2023-07-10,600839,四川长虹
2023-07-10,zz500,2023-07-10,600848,上海临港
2023-07-10,zz500,2023-07-10,600859,王府井
2023-07-10,zz500,2023-07-10,600862,中航高科
2023-07-10,zz500,2023-07-10,600863,内蒙华电
2023-07-10,zz500,2023-07-10,600867,通化东宝
2023-07-10,zz500,2023-07-10,600871,石化油服
2023-07-10,zz500,2023-07-10,600873,梅花生物
2023-07-10,zz500,2023-07-10,600879,航天电子
2023-07-10,zz500,2023-07-10,600885,宏发股份
2023-07-10,zz500,2023-07-10,600895,张江高科
2023-07-10,zz500,2023-07-10,600901,江苏金租
2023-07-10,zz500,2023-07-10,600906,财达证券
2023-07-10,zz500,2023-07-10,600909,华安证券
2023-07-10,zz500,2023-07-10,600927,永安期货
2023-07-10,zz500,2023-07-10,600928,西安银行
2023-07-10,zz500,2023-07-10,600956,新天绿能
2023-07-10,zz500,2023-07-10,600959,江苏有线
2023-07-10,zz500,2023-07-10,600967,内蒙一机
2023-07-10,zz500,2023-07-10,600968,海油发展
2023-07-10,zz500,2023-07-10,600970,中材国际
2023-07-10,zz500,2023-07-10,600985,淮北矿业
2023-07-10,zz500,2023-07-10,600988,赤峰黄金
2023-07-10,zz500,2023-07-10,600995,南网储能
2023-07-10,zz500,2023-07-10,600998,九州通
2023-07-10,zz500,2023-07-10,601000,唐山港
2023-07-10,zz500,2023-07-10,601005,重庆钢铁
2023-07-10,zz500,2023-07-10,601016,节能风电
2023-07-10,zz500,2023-07-10,601058,赛轮轮胎
2023-07-10,zz500,2023-07-10,601077,渝农商行
2023-07-10,zz500,2023-07-10,601098,中南传媒
2023-07-10,zz500,2023-07-10,601106,中国一重
2023-07-10,zz500,2023-07-10,601108,财通证券
2023-07-10,zz500,2023-07-10,601118,海南橡胶
2023-07-10,zz500,2023-07-10,601128,常熟银行
2023-07-10,zz500,2023-07-10,601136,首创证券
2023-07-10,zz500,2023-07-10,601139,深圳燃气
2023-07-10,zz500,2023-07-10,601156,东航物流
2023-07-10,zz500,2023-07-10,601158,重庆水务
2023-07-10,zz500,2023-07-10,601162,天风证券
2023-07-10,zz500,2023-07-10,601168,西部矿业
2023-07-10,zz500,2023-07-10,601179,中国西电
2023-07-10,zz500,2023-07-10,601187,厦门银行
2023-07-10,zz500,2023-07-10,601198,东兴证券
2023-07-10,zz500,2023-07-10,601228,广州港
2023-07-10,zz500,2023-07-10,601231,环旭电子
2023-07-10,zz500,2023-07-10,601233,桐昆股份
2023-07-10,zz500,2023-07-10,601298,青岛港
2023-07-10,zz500,2023-07-10,601456,国联证券
2023-07-10,zz500,2023-07-10,601555,东吴证券
2023-07-10,zz500,2023-07-10,601568,北元集团
2023-07-10,zz500,2023-07-10,601577,长沙银行
2023-07-10,zz500,2023-07-10,601598,中国外运
2023-07-10,zz500,2023-07-10,601608,中信重工
2023-07-10,zz500,2023-07-10,601611,中国核建
2023-07-10,zz500,2023-07-10,601636,旗滨集团
2023-07-10,zz500,2023-07-10,601665,齐鲁银行
2023-07-10,zz500,2023-07-10,601666,平煤股份
2023-07-10,zz500,2023-07-10,601696,中银证券
2023-07-10,zz500,2023-07-10,601717,郑煤机
2023-07-10,zz500,2023-07-10,601718,际华集团
2023-07-10,zz500,2023-07-10,601778,晶科科技
2023-07-10,zz500,2023-07-10,601828,美凯龙
2023-07-10,zz500,2023-07-10,601866,中远海发
2023-07-10,zz500,2023-07-10,601869,长飞光纤
2023-07-10,zz500,2023-07-10,601880,辽港股份
2023-07-10,zz500,2023-07-10,601928,凤凰传媒
2023-07-10,zz500,2023-07-10,601958,金钼股份
2023-07-10,zz500,2023-07-10,601966,玲珑轮胎
2023-07-10,zz500,2023-07-10,601969,海南矿业
2023-07-10,zz500,2023-07-10,601990,南京证券
2023-07-10,zz500,2023-07-10,601991,大唐发电
2023-07-10,zz500,2023-07-10,601992,金隅集团
2023-07-10,zz500,2023-07-10,601997,贵阳银行
2023-07-10,zz500,2023-07-10,603000,人民网
2023-07-10,zz500,2023-07-10,603026,胜华新材
2023-07-10,zz500,2023-07-10,603056,德邦股份
2023-07-10,zz500,2023-07-10,603077,和邦生物
2023-07-10,zz500,2023-07-10,603127,昭衍新药
2023-07-10,zz500,2023-07-10,603156,养元饮品
2023-07-10,zz500,2023-07-10,603160,汇顶科技
2023-07-10,zz500,2023-07-10,603218,日月股份
2023-07-10,zz500,2023-07-10,603225,新凤鸣
2023-07-10,zz500,2023-07-10,603228,景旺电子
2023-07-10,zz500,2023-07-10,603233,大参林
2023-07-10,zz500,2023-07-10,603267,鸿远电子
2023-07-10,zz500,2023-07-10,603317,天味食品
2023-07-10,zz500,2023-07-10,603338,浙江鼎力
2023-07-10,zz500,2023-07-10,603355,莱克电气
2023-07-10,zz500,2023-07-10,603379,三美股份
2023-07-10,zz500,2023-07-10,603444,吉比特
2023-07-10,zz500,2023-07-10,603456,九洲药业
2023-07-10,zz500,2023-07-10,603517,绝味食品
2023-07-10,zz500,2023-07-10,603529,爱玛科技
2023-07-10,zz500,2023-07-10,603568,伟明环保
2023-07-10,zz500,2023-07-10,603589,口子窖
2023-07-10,zz500,2023-07-10,603596,伯特利
2023-07-10,zz500,2023-07-10,603638,艾迪精密
2023-07-10,zz500,2023-07-10,603650,彤程新材
2023-07-10,zz500,2023-07-10,603658,安图生物
2023-07-10,zz500,2023-07-10,603688,石英股份
2023-07-10,zz500,2023-07-10,603707,健友股份
2023-07-10,zz500,2023-07-10,603712,七一二
2023-07-10,zz500,2023-07-10,603737,三棵树
2023-07-10,zz500,2023-07-10,603786,科博达
2023-07-10,zz500,2023-07-10,603816,顾家家居
2023-07-10,zz500,2023-07-10,603826,坤彩科技
2023-07-10,zz500,2023-07-10,603858,步长制药
2023-07-10,zz500,2023-07-10,603866,桃李面包
2023-07-10,zz500,2023-07-10,603868,飞科电器
2023-07-10,zz500,2023-07-10,603882,金域医学
2023-07-10,zz500,2023-07-10,603883,老百姓
2023-07-10,zz500,2023-07-10,603885,吉祥航空
2023-07-10,zz500,2023-07-10,603893,瑞芯微
2023-07-10,zz500,2023-07-10,603927,中科软
2023-07-10,zz500,2023-07-10,603939,益丰药房
2023-07-10,zz500,2023-07-10,605358,立昂微
2023-07-10,zz500,2023-07-10,688002,睿创微纳
2023-07-10,zz500,2023-07-10,688006,杭可科技
2023-07-10,zz500,2023-07-10,688009,中国通号
2023-07-10,zz500,2023-07-10,688029,南微医学
2023-07-10,zz500,2023-07-10,688052,纳芯微
2023-07-10,zz500,2023-07-10,688072,拓荆科技
2023-07-10,zz500,2023-07-10,688082,盛美上海
2023-07-10,zz500,2023-07-10,688099,晶晨股份
2023-07-10,zz500,2023-07-10,688105,诺唯赞
2023-07-10,zz500,2023-07-10,688107,安路科技
2023-07-10,zz500,2023-07-10,688116,天奈科技
2023-07-10,zz500,2023-07-10,688169,石头科技
2023-07-10,zz500,2023-07-10,688185,康希诺
2023-07-10,zz500,2023-07-10,688188,柏楚电子
2023-07-10,zz500,2023-07-10,688200,华峰测控
2023-07-10,zz500,2023-07-10,688208,道通科技
2023-07-10,zz500,2023-07-10,688220,翱捷科技
2023-07-10,zz500,2023-07-10,688234,天岳先进
2023-07-10,zz500,2023-07-10,688248,南网科技
2023-07-10,zz500,2023-07-10,688256,寒武纪
2023-07-10,zz500,2023-07-10,688276,百克生物
2023-07-10,zz500,2023-07-10,688281,华秦科技
2023-07-10,zz500,2023-07-10,688289,圣湘生物
2023-07-10,zz500,2023-07-10,688295,中复神鹰
2023-07-10,zz500,2023-07-10,688301,奕瑞科技
2023-07-10,zz500,2023-07-10,688385,复旦微电
2023-07-10,zz500,2023-07-10,688390,固德威
2023-07-10,zz500,2023-07-10,688516,奥特维
2023-07-10,zz500,2023-07-10,688520,神州细胞
2023-07-10,zz500,2023-07-10,688521,芯原股份
2023-07-10,zz500,2023-07-10,688536,思瑞浦
2023-07-10,zz500,2023-07-10,688538,和辉光电
2023-07-10,zz500,2023-07-10,688567,孚能科技
2023-07-10,zz500,2023-07-10,688690,纳微科技
2023-07-10,zz500,2023-07-10,688772,珠海冠宇
2023-07-10,zz500,2023-07-10,688777,中控技术
2023-07-10,zz500,2023-07-10,688778,厦钨新能
2023-07-10,zz500,2023-07-10,688779,长远锂科
2023-07-10,zz500,2023-07-10,688819,天能股份
2023-07-10,zz500,2023-07-10,689009,九号公司
2023-07-10,zz500,2023-07-10,000009,中国宝安
2023-07-10,zz500,2023-07-10,000012,南玻A
2023-07-10,zz500,2023-07-10,000021,深科技
2023-07-10,zz500,2023-07-10,000027,深圳能源
2023-07-10,zz500,2023-07-10,000031,大悦城
2023-07-10,zz500,2023-07-10,000039,中集集团
2023-07-10,zz500,2023-07-10,000050,深天马A
2023-07-10,zz500,2023-07-10,000060,中金岭南
2023-07-10,zz500,2023-07-10,000066,中国长城
2023-07-10,zz500,2023-07-10,000089,深圳机场
2023-07-10,zz500,2023-07-10,000155,川能动力
2023-07-10,zz500,2023-07-10,000156,华数传媒
2023-07-10,zz500,2023-07-10,000400,许继电气
2023-07-10,zz500,2023-07-10,000401,冀东水泥
2023-07-10,zz500,2023-07-10,000402,金融街
2023-07-10,zz500,2023-07-10,000415,渤海租赁
2023-07-10,zz500,2023-07-10,000423,东阿阿胶
2023-07-10,zz500,2023-07-10,000513,丽珠集团
2023-07-10,zz500,2023-07-10,000519,中兵红箭
2023-07-10,zz500,2023-07-10,000537,广宇发展
2023-07-10,zz500,2023-07-10,000547,航天发展
2023-07-10,zz500,2023-07-10,000553,安道麦A
2023-07-10,zz500,2023-07-10,000559,万向钱潮
2023-07-10,zz500,2023-07-10,000563,陕国投A
2023-07-10,zz500,2023-07-10,000581,威孚高科
2023-07-10,zz500,2023-07-10,000591,太阳能
2023-07-10,zz500,2023-07-10,000598,兴蓉环境
2023-07-10,zz500,2023-07-10,000623,吉林敖东
2023-07-10,zz500,2023-07-10,000629,钒钛股份
2023-07-10,zz500,2023-07-10,000630,铜陵有色
2023-07-10,zz500,2023-07-10,000636,风华高科
2023-07-10,zz500,2023-07-10,000683,远兴能源
2023-07-10,zz500,2023-07-10,000703,恒逸石化
2023-07-10,zz500,2023-07-10,000709,河钢股份
2023-07-10,zz500,2023-07-10,000728,国元证券
2023-07-10,zz500,2023-07-10,000729,燕京啤酒
2023-07-10,zz500,2023-07-10,000738,航发控制
2023-07-10,zz500,2023-07-10,000739,普洛药业
2023-07-10,zz500,2023-07-10,000750,国海证券
2023-07-10,zz500,2023-07-10,000778,新兴铸管
2023-07-10,zz500,2023-07-10,000783,长江证券
2023-07-10,zz500,2023-07-10,000785,居然之家
2023-07-10,zz500,2023-07-10,000807,云铝股份
2023-07-10,zz500,2023-07-10,000825,太钢不锈
2023-07-10,zz500,2023-07-10,000830,鲁西化工
2023-07-10,zz500,2023-07-10,000831,中国稀土
2023-07-10,zz500,2023-07-10,000869,张裕A
2023-07-10,zz500,2023-07-10,000878,云南铜业
2023-07-10,zz500,2023-07-10,000883,湖北能源
2023-07-10,zz500,2023-07-10,000887,中鼎股份
2023-07-10,zz500,2023-07-10,000893,亚钾国际
2023-07-10,zz500,2023-07-10,000898,鞍钢股份
2023-07-10,zz500,2023-07-10,000930,中粮科技
2023-07-10,zz500,2023-07-10,000932,华菱钢铁
2023-07-10,zz500,2023-07-10,000933,神火股份
2023-07-10,zz500,2023-07-10,000937,冀中能源
2023-07-10,zz500,2023-07-10,000958,电投产融
2023-07-10,zz500,2023-07-10,000959,首钢股份
2023-07-10,zz500,2023-07-10,000960,锡业股份
2023-07-10,zz500,2023-07-10,000967,盈峰环境
2023-07-10,zz500,2023-07-10,000970,中科三环
2023-07-10,zz500,2023-07-10,000975,银泰黄金
2023-07-10,zz500,2023-07-10,000987,越秀资本
2023-07-10,zz500,2023-07-10,000988,华工科技
2023-07-10,zz500,2023-07-10,000997,新大陆
2023-07-10,zz500,2023-07-10,000998,隆平高科
2023-07-10,zz500,2023-07-10,001203,大中矿业
2023-07-10,zz500,2023-07-10,001227,兰州银行
2023-07-10,zz500,2023-07-10,001872,招商港口
2023-07-10,zz500,2023-07-10,001914,招商积余
2023-07-10,zz500,2023-07-10,002008,大族激光
2023-07-10,zz500,2023-07-10,002010,传化智联
2023-07-10,zz500,2023-07-10,002019,亿帆医药
2023-07-10,zz500,2023-07-10,002025,航天电器
2023-07-10,zz500,2023-07-10,002028,思源电气
2023-07-10,zz500,2023-07-10,002030,达安基因
2023-07-10,zz500,2023-07-10,002032,苏泊尔
2023-07-10,zz500,2023-07-10,002056,横店东磁
2023-07-10,zz500,2023-07-10,002065,东华软件
2023-07-10,zz500,2023-07-10,002078,太阳纸业
2023-07-10,zz500,2023-07-10,002080,中材科技
2023-07-10,zz500,2023-07-10,002081,金螳螂
2023-07-10,zz500,2023-07-10,002092,中泰化学
2023-07-10,zz500,2023-07-10,002110,三钢闽光
2023-07-10,zz500,2023-07-10,002128,电投能源
2023-07-10,zz500,2023-07-10,002131,利欧股份
2023-07-10,zz500,2023-07-10,002138,顺络电子
2023-07-10,zz500,2023-07-10,002152,广电运通
2023-07-10,zz500,2023-07-10,002153,石基信息
2023-07-10,zz500,2023-07-10,002155,湖南黄金
2023-07-10,zz500,2023-07-10,002156,通富微电
2023-07-10,zz500,2023-07-10,002183,怡亚通
2023-07-10,zz500,2023-07-10,002185,华天科技
2023-07-10,zz500,2023-07-10,002192,融捷股份
2023-07-10,zz500,2023-07-10,002195,二三四五
2023-07-10,zz500,2023-07-10,002203,海亮股份
2023-07-10,zz500,2023-07-10,002221,东华能源
2023-07-10,zz500,2023-07-10,002223,鱼跃医疗
2023-07-10,zz500,2023-07-10,002240,盛新锂能
2023-07-10,zz500,2023-07-10,002244,滨江集团
2023-07-10,zz500,2023-07-10,002249,大洋电机
2023-07-10,zz500,2023-07-10,002250,联化科技
2023-07-10,zz500,2023-07-10,002266,浙富控股
2023-07-10,zz500,2023-07-10,002268,电科网安
2023-07-10,zz500,2023-07-10,002273,水晶光电
2023-07-10,zz500,2023-07-10,002281,光迅科技
2023-07-10,zz500,2023-07-10,002294,信立泰
2023-07-10,zz500,2023-07-10,002299,圣农发展
2023-07-10,zz500,2023-07-10,002326,永太科技
2023-07-10,zz500,2023-07-10,002340,格林美
2023-07-10,zz500,2023-07-10,002353,杰瑞股份
2023-07-10,zz500,2023-07-10,002368,太极股份
2023-07-10,zz500,2023-07-10,002372,伟星新材
2023-07-10,zz500,2023-07-10,002373,千方科技
2023-07-10,zz500,2023-07-10,002384,东山精密
2023-07-10,zz500,2023-07-10,002385,大北农
2023-07-10,zz500,2023-07-10,002399,海普瑞
2023-07-10,zz500,2023-07-10,002407,多氟多
2023-07-10,zz500,2023-07-10,002408,齐翔腾达
2023-07-10,zz500,2023-07-10,002409,雅克科技
2023-07-10,zz500,2023-07-10,002422,科伦药业
2023-07-10,zz500,2023-07-10,002423,中粮资本
2023-07-10,zz500,2023-07-10,002429,兆驰股份
2023-07-10,zz500,2023-07-10,002430,杭氧股份
2023-07-10,zz500,2023-07-10,002432,九安医疗
2023-07-10,zz500,2023-07-10,002439,启明星辰
2023-07-10,zz500,2023-07-10,002444,巨星科技
2023-07-10,zz500,2023-07-10,002463,沪电股份
2023-07-10,zz500,2023-07-10,002465,海格通信
2023-07-10,zz500,2023-07-10,002468,申通快递
2023-07-10,zz500,2023-07-10,002487,大金重工
2023-07-10,zz500,2023-07-10,002497,雅化集团
2023-07-10,zz500,2023-07-10,002500,山西证券
2023-07-10,zz500,2023-07-10,002505,鹏都农牧
2023-07-10,zz500,2023-07-10,002506,协鑫集成
2023-07-10,zz500,2023-07-10,002507,涪陵榨菜
2023-07-10,zz500,2023-07-10,002508,老板电器
2023-07-10,zz500,2023-07-10,002511,中顺洁柔
2023-07-10,zz500,2023-07-10,002518,科士达
2023-07-10,zz500,2023-07-10,002531,天顺风能
2023-07-10,zz500,2023-07-10,002532,天山铝业
2023-07-10,zz500,2023-07-10,002557,洽洽食品
2023-07-10,zz500,2023-07-10,002563,森马服饰
2023-07-10,zz500,2023-07-10,002568,百润股份
2023-07-10,zz500,2023-07-10,002572,索菲亚
2023-07-10,zz500,2023-07-10,002595,豪迈科技
2023-07-10,zz500,2023-07-10,002600,领益智造
2023-07-10,zz500,2023-07-10,002608,江苏国信
2023-07-10,zz500,2023-07-10,002624,完美世界
2023-07-10,zz500,2023-07-10,002625,光启技术
2023-07-10,zz500,2023-07-10,002653,海思科
2023-07-10,zz500,2023-07-10,002670,国盛金控
2023-07-10,zz500,2023-07-10,002673,西部证券
2023-07-10,zz500,2023-07-10,002683,广东宏大
2023-07-10,zz500,2023-07-10,002690,美亚光电
2023-07-10,zz500,2023-07-10,002705,新宝股份
2023-07-10,zz500,2023-07-10,002738,中矿资源
2023-07-10,zz500,2023-07-10,002739,万达电影
2023-07-10,zz500,2023-07-10,002745,木林森
2023-07-10,zz500,2023-07-10,002761,浙江建投
2023-07-10,zz500,2023-07-10,002791,坚朗五金
2023-07-10,zz500,2023-07-10,002797,第一创业
2023-07-10,zz500,2023-07-10,002831,裕同科技
2023-07-10,zz500,2023-07-10,002850,科达利
2023-07-10,zz500,2023-07-10,002867,周大生
2023-07-10,zz500,2023-07-10,002901,大博医疗
2023-07-10,zz500,2023-07-10,002925,盈趣科技
2023-07-10,zz500,2023-07-10,002926,华西证券
2023-07-10,zz500,2023-07-10,002936,郑州银行
2023-07-10,zz500,2023-07-10,002939,长城证券
2023-07-10,zz500,2023-07-10,002945,华林证券
2023-07-10,zz500,2023-07-10,002958,青农商行
2023-07-10,zz500,2023-07-10,002966,苏州银行
2023-07-10,zz500,2023-07-10,002985,北摩高科
2023-07-10,zz500,2023-07-10,003035,南网能源
2023-07-10,zz500,2023-07-10,300001,特锐德
2023-07-10,zz500,2023-07-10,300003,乐普医疗
2023-07-10,zz500,2023-07-10,300009,安科生物
2023-07-10,zz500,2023-07-10,300012,华测检测
2023-07-10,zz500,2023-07-10,300017,网宿科技
2023-07-10,zz500,2023-07-10,300024,机器人
2023-07-10,zz500,2023-07-10,300026,红日药业
2023-07-10,zz500,2023-07-10,300037,新宙邦
2023-07-10,zz500,2023-07-10,300058,蓝色光标
2023-07-10,zz500,2023-07-10,300070,碧水源
2023-07-10,zz500,2023-07-10,300073,当升科技
2023-07-10,zz500,2023-07-10,300088,长信科技
2023-07-10,zz500,2023-07-10,300115,长盈精密
2023-07-10,zz500,2023-07-10,300118,东方日升
2023-07-10,zz500,2023-07-10,300136,信维通信
2023-07-10,zz500,2023-07-10,300144,宋城演艺
2023-07-10,zz500,2023-07-10,300146,汤臣倍健
2023-07-10,zz500,2023-07-10,300182,捷成股份
2023-07-10,zz500,2023-07-10,300212,易华录
2023-07-10,zz500,2023-07-10,300244,迪安诊断
2023-07-10,zz500,2023-07-10,300251,光线传媒
2023-07-10,zz500,2023-07-10,300253,卫宁健康
2023-07-10,zz500,2023-07-10,300257,开山股份
2023-07-10,zz500,2023-07-10,300285,国瓷材料
2023-07-10,zz500,2023-07-10,300296,利亚德
2023-07-10,zz500,2023-07-10,300308,中际旭创
2023-07-10,zz500,2023-07-10,300357,我武生物
2023-07-10,zz500,2023-07-10,300363,博腾股份
2023-07-10,zz500,2023-07-10,300373,扬杰科技
2023-07-10,zz500,2023-07-10,300383,光环新网
2023-07-10,zz500,2023-07-10,300390,天华新能
2023-07-10,zz500,2023-07-10,300395,菲利华
2023-07-10,zz500,2023-07-10,300418,昆仑万维
2023-07-10,zz500,2023-07-10,300438,鹏辉能源
2023-07-10,zz500,2023-07-10,300442,润泽科技
2023-07-10,zz500,2023-07-10,300474,景嘉微
2023-07-10,zz500,2023-07-10,300482,万孚生物
2023-07-10,zz500,2023-07-10,300487,蓝晓科技
2023-07-10,zz500,2023-07-10,300529,健帆生物
2023-07-10,zz500,2023-07-10,300558,贝达药业
2023-07-10,zz500,2023-07-10,300568,星源材质
2023-07-10,zz500,2023-07-10,300595,欧普康视
2023-07-10,zz500,2023-07-10,300604,长川科技
2023-07-10,zz500,2023-07-10,300618,寒锐钴业
2023-07-10,zz500,2023-07-10,300676,华大基因
2023-07-10,zz500,2023-07-10,300677,英科医疗
2023-07-10,zz500,2023-07-10,300682,朗新科技
2023-07-10,zz500,2023-07-10,300699,光威复材
2023-07-10,zz500,2023-07-10,300724,捷佳伟创
2023-07-10,zz500,2023-07-10,300741,华宝股份
2023-07-10,zz500,2023-07-10,300748,金力永磁
2023-07-10,zz500,2023-07-10,300776,帝尔激光
2023-07-10,zz500,2023-07-10,300832,新产业
2023-07-10,zz500,2023-07-10,300850,新强联
2023-07-10,zz500,2023-07-10,300861,美畅股份
2023-07-10,zz500,2023-07-10,300866,安克创新
2023-07-10,zz500,2023-07-10,300888,稳健医疗
2023-07-10,zz500,2023-07-10,301029,怡合达
2024-01-10,hs300,2024-01-08,600000,浦发银行
2024-01-10,hs300,2024-01-08,600009,上海机场
2024-01-10,hs300,2024-01-08,600010,包钢股份
2024-01-10,hs300,2024-01-08,600011,华能国际
2024-01-10,hs300,2024-01-08,600015,华夏银行
2024-01-10,hs300,2024-01-08,600016,民生银行
2024-01-10,hs300,2024-01-08,600018,上港集团
2024-01-10,hs300,2024-01-08,600019,宝钢股份
2024-01-10,hs300,2024-01-08,600023,浙能电力
2024-01-10,hs300,2024-01-08,600025,华能水电
2024-01-10,hs300,2024-01-08,600028,中国石化
2024-01-10,hs300,2024-01-08,600029,南方航空
2024-01-10,hs300,2024-01-08,600030,中信证券
2024-01-10,hs300,2024-01-08,600031,三一重工
2024-01-10,hs300,2024-01-08,600036,招商银行
2024-01-10,hs300,2024-01-08,600039,四川路桥
2024-01-10,hs300,2024-01-08,600048,保利发展
2024-01-10,hs300,2024-01-08,600050,中国联通
2024-01-10,hs300,2024-01-08,600061,国投资本
2024-01-10,hs300,2024-01-08,600085,同仁堂
2024-01-10,hs300,2024-01-08,600089,特变电工
2024-01-10,hs300,2024-01-08,600104,上汽集团
2024-01-10,hs300,2024-01-08,600111,北方稀土
2024-01-10,hs300,2024-01-08,600115,中国东航
2024-01-10,hs300,2024-01-08,600132,重庆啤酒
2024-01-10,hs300,2024-01-08,600150,中国船舶
2024-01-10,hs300,2024-01-08,600176,中国巨石
2024-01-10,hs300,2024-01-08,600183,生益科技
2024-01-10,hs300,2024-01-08,600188,兖矿能源
2024-01-10,hs300,2024-01-08,600196,复星医药
2024-01-10,hs300,2024-01-08,600219,南山铝业
2024-01-10,hs300,2024-01-08,600233,圆通速递
2024-01-10,hs300,2024-01-08,600276,恒瑞医药
2024-01-10,hs300,2024-01-08,600309,万华化学
2024-01-10,hs300,2024-01-08,600332,白云山
2024-01-10,hs300,2024-01-08,600346,恒力石化
2024-01-10,hs300,2024-01-08,600362,江西铜业
2024-01-10,hs300,2024-01-08,600372,中航机载
2024-01-10,hs300,2024-01-08,600406,国电南瑞
2024-01-10,hs300,2024-01-08,600426,华鲁恒升
2024-01-10,hs300,2024-01-08,600436,片仔癀
2024-01-10,hs300,2024-01-08,600438,通威股份
2024-01-10,hs300,2024-01-08,600460,士兰微
2024-01-10,hs300,2024-01-08,600489,中金黄金
2024-01-10,hs300,2024-01-08,600515,海南机场
2024-01-10,hs300,2024-01-08,600519,贵州茅台
2024-01-10,hs300,2024-01-08,600547,山东黄金
2024-01-10,hs300,2024-01-08,600570,恒生电子
2024-01-10,hs300,2024-01-08,600584,长电科技
2024-01-10,hs300,2024-01-08,600585,海螺水泥
2024-01-10,hs300,2024-01-08,600588,用友网络
2024-01-10,hs300,2024-01-08,600600,青岛啤酒
2024-01-10,hs300,2024-01-08,600606,绿地控股
2024-01-10,hs300,2024-01-08,600660,福耀玻璃
2024-01-10,hs300,2024-01-08,600674,川投能源
2024-01-10,hs300,2024-01-08,600690,海尔智家
2024-01-10,hs300,2024-01-08,600732,爱旭股份
2024-01-10,hs300,2024-01-08,600741,华域汽车
2024-01-10,hs300,2024-01-08,600745,闻泰科技
2024-01-10,hs300,2024-01-08,600754,锦江酒店
2024-01-10,hs300,2024-01-08,600760,中航沈飞
2024-01-10,hs300,2024-01-08,600795,国电电力
2024-01-10,hs300,2024-01-08,600803,新奥股份
2024-01-10,hs300,2024-01-08,600809,山西汾酒
2024-01-10,hs300,2024-01-08,600837,海通证券
2024-01-10,hs300,2024-01-08,600845,宝信软件
2024-01-10,hs300,2024-01-08,600875,东方电气
2024-01-10,hs300,2024-01-08,600886,国投电力
2024-01-10,hs300,2024-01-08,600887,伊利股份
2024-01-10,hs300,2024-01-08,600893,航发动力
2024-01-10,hs300,2024-01-08,600900,长江电力
2024-01-10,hs300,2024-01-08,600905,三峡能源
2024-01-10,hs300,2024-01-08,600918,中泰证券
2024-01-10,hs300,2024-01-08,600919,江苏银行
2024-01-10,hs300,2024-01-08,600926,杭州银行
2024-01-10,hs300,2024-01-08,600938,中国海油
2024-01-10,hs300,2024-01-08,600941,中国移动
2024-01-10,hs300,2024-01-08,600958,东方证券
2024-01-10,hs300,2024-01-08,600989,宝丰能源
2024-01-10,hs300,2024-01-08,600999,招商证券
2024-01-10,hs300,2024-01-08,601006,大秦铁路
2024-01-10,hs300,2024-01-08,601009,南京银行
2024-01-10,hs300,2024-01-08,601012,隆基绿能
2024-01-10,hs300,2024-01-08,601021,春秋航空
2024-01-10,hs300,2024-01-08,601059,信达证券
2024-01-10,hs300,2024-01-08,601066,中信建投
2024-01-10,hs300,2024-01-08,601088,中国神华
2024-01-10,hs300,2024-01-08,601100,恒立液压
2024-01-10,hs300,2024-01-08,601111,中国国航
2024-01-10,hs300,2024-01-08,601117,中国化学
2024-01-10,hs300,2024-01-08,601138,工业富联
2024-01-10,hs300,2024-01-08,601155,新城控股
2024-01-10,hs300,2024-01-08,601166,兴业银行
2024-01-10,hs300,2024-01-08,601169,北京银行
2024-01-10,hs300,2024-01-08,601186,中国铁建
2024-01-10,hs300,2024-01-08,601211,国泰君安
2024-01-10,hs300,2024-01-08,601225,陕西煤业
2024-01-10,hs300,2024-01-08,601229,上海银行
2024-01-10,hs300,2024-01-08,601236,红塔证券
2024-01-10,hs300,2024-01-08,601238,广汽集团
2024-01-10,hs300,2024-01-08,601288,农业银行
2024-01-10,hs300,2024-01-08,601318,中国平安
2024-01-10,hs300,2024-01-08,601319,中国人保
2024-01-10,hs300,2024-01-08,601328,交通银行
2024-01-10,hs300,2024-01-08,601336,新华保险
2024-01-10,hs300,2024-01-08,601360,三六零
2024-01-10,hs300,2024-01-08,601377,兴业证券
2024-01-10,hs300,2024-01-08,601390,中国中铁
2024-01-10,hs300,2024-01-08,601398,工商银行
2024-01-10,hs300,2024-01-08,601600,中国铝业
2024-01-10,hs300,2024-01-08,601601,中国太保
2024-01-10,hs300,2024-01-08,601607,上海医药
2024-01-10,hs300,2024-01-08,601615,明阳智能
2024-01-10,hs300,2024-01-08,601618,中国中冶
2024-01-10,hs300,2024-01-08,601628,中国人寿
2024-01-10,hs300,2024-01-08,601633,长城汽车
2024-01-10,hs300,2024-01-08,601658,邮储银行
2024-01-10,hs300,2024-01-08,601668,中国建筑
2024-01-10,hs300,2024-01-08,601669,中国电建
2024-01-10,hs300,2024-01-08,601688,华泰证券
2024-01-10,hs300,2024-01-08,601689,拓普集团
2024-01-10,hs300,2024-01-08,601698,中国卫通
2024-01-10,hs300,2024-01-08,601699,潞安环能
2024-01-10,hs300,2024-01-08,601728,中国电信
2024-01-10,hs300,2024-01-08,601766,中国中车
2024-01-10,hs300,2024-01-08,601788,光大证券
2024-01-10,hs300,2024-01-08,601799,星宇股份
2024-01-10,hs300,2024-01-08,601800,中国交建
2024-01-10,hs300,2024-01-08,601808,中海油服
2024-01-10,hs300,2024-01-08,601816,京沪高铁
2024-01-10,hs300,2024-01-08,601818,光大银行
2024-01-10,hs300,2024-01-08,601838,成都银行
2024-01-10,hs300,2024-01-08,601857,中国石油
2024-01-10,hs300,2024-01-08,601865,福莱特
2024-01-10,hs300,2024-01-08,601868,中国能建
2024-01-10,hs300,2024-01-08,601872,招商轮船
2024-01-10,hs300,2024-01-08,601877,正泰电器
2024-01-10,hs300,2024-01-08,601878,浙商证券
2024-01-10,hs300,2024-01-08,601881,中国银河
2024-01-10,hs300,2024-01-08,601888,中国中免
2024-01-10,hs300,2024-01-08,601898,中煤能源
2024-01-10,hs300,2024-01-08,601899,紫金矿业
2024-01-10,hs300,2024-01-08,601901,方正证券
2024-01-10,hs300,2024-01-08,601916,浙商银行
2024-01-10,hs300,2024-01-08,601919,中远海控
2024-01-10,hs300,2024-01-08,601939,建设银行
2024-01-10,hs300,2024-01-08,601985,中国核电
2024-01-10,hs300,2024-01-08,601988,中国银行
2024-01-10,hs300,2024-01-08,601989,中国重工
2024-01-10,hs300,2024-01-08,601995,中金公司
2024-01-10,hs300,2024-01-08,601998,中信银行
2024-01-10,hs300,2024-01-08,603019,中科曙光
2024-01-10,hs300,2024-01-08,603195,公牛集团
2024-01-10,hs300,2024-01-08,603259,药明康德
2024-01-10,hs300,2024-01-08,603260,合盛硅业
2024-01-10,hs300,2024-01-08,603288,海天味业
2024-01-10,hs300,2024-01-08,603290,斯达半导
2024-01-10,hs300,2024-01-08,603369,今世缘
2024-01-10,hs300,2024-01-08,603392,万泰生物
2024-01-10,hs300,2024-01-08,603486,科沃斯
2024-01-10,hs300,2024-01-08,603501,韦尔股份
2024-01-10,hs300,2024-01-08,603659,璞泰来
2024-01-10,hs300,2024-01-08,603799,华友钴业
2024-01-10,hs300,2024-01-08,603806,福斯特
2024-01-10,hs300,2024-01-08,603833,欧派家居
2024-01-10,hs300,2024-01-08,603899,晨光股份
2024-01-10,hs300,2024-01-08,603986,兆易创新
2024-01-10,hs300,2024-01-08,603993,洛阳钼业
2024-01-10,hs300,2024-01-08,605117,德业股份
2024-01-10,hs300,2024-01-08,605499,东鹏饮料
2024-01-10,hs300,2024-01-08,688008,澜起科技
2024-01-10,hs300,2024-01-08,688012,中微公司
2024-01-10,hs300,2024-01-08,688036,传音控股
2024-01-10,hs300,2024-01-08,688041,海光信息
2024-01-10,hs300,2024-01-08,688065,凯赛生物
2024-01-10,hs300,2024-01-08,688111,金山办公
2024-01-10,hs300,2024-01-08,688126,沪硅产业
2024-01-10,hs300,2024-01-08,688187,时代电气
2024-01-10,hs300,2024-01-08,688223,晶科能源
2024-01-10,hs300,2024-01-08,688256,寒武纪
2024-01-10,hs300,2024-01-08,688271,联影医疗
2024-01-10,hs300,2024-01-08,688303,大全能源
2024-01-10,hs300,2024-01-08,688363,华熙生物
2024-01-10,hs300,2024-01-08,688396,华润微
2024-01-10,hs300,2024-01-08,688561,奇安信
2024-01-10,hs300,2024-01-08,688599,天合光能
2024-01-10,hs300,2024-01-08,688981,中芯国际
2024-01-10,hs300,2024-01-08,000001,平安银行
2024-01-10,hs300,2024-01-08,000002,万科A
2024-01-10,hs300,2024-01-08,000063,中兴通讯
2024-01-10,hs300,2024-01-08,000069,华侨城A
2024-01-10,hs300,2024-01-08,000100,TCL科技
2024-01-10,hs300,2024-01-08,000157,中联重科
2024-01-10,hs300,2024-01-08,000166,申万宏源
2024-01-10,hs300,2024-01-08,000301,东方盛虹
2024-01-10,hs300,2024-01-08,000333,美的集团
2024-01-10,hs300,2024-01-08,000338,潍柴动力
2024-01-10,hs300,2024-01-08,000408,藏格矿业
2024-01-10,hs300,2024-01-08,000425,徐工机械
2024-01-10,hs300,2024-01-08,000538,云南白药
2024-01-10,hs300,2024-01-08,000568,泸州老窖
2024-01-10,hs300,2024-01-08,000596,古井贡酒
2024-01-10,hs300,2024-01-08,000617,中油资本
2024-01-10,hs300,2024-01-08,000625,长安汽车
2024-01-10,hs300,2024-01-08,000651,格力电器
2024-01-10,hs300,2024-01-08,000661,长春高新
2024-01-10,hs300,2024-01-08,000708,中信特钢
2024-01-10,hs300,2024-01-08,000725,京东方A
2024-01-10,hs300,2024-01-08,000733,振华科技
2024-01-10,hs300,2024-01-08,000768,中航西飞
2024-01-10,hs300,2024-01-08,000776,广发证券
2024-01-10,hs300,2024-01-08,000786,北新建材
2024-01-10,hs300,2024-01-08,000792,盐湖股份
2024-01-10,hs300,2024-01-08,000800,一汽解放
2024-01-10,hs300,2024-01-08,000858,五粮液
2024-01-10,hs300,2024-01-08,000876,新希望
2024-01-10,hs300,2024-01-08,000877,天山股份
2024-01-10,hs300,2024-01-08,000895,双汇发展
2024-01-10,hs300,2024-01-08,000938,紫光股份
2024-01-10,hs300,2024-01-08,000963,华东医药
2024-01-10,hs300,2024-01-08,000977,浪潮信息
2024-01-10,hs300,2024-01-08,000983,山西焦煤
2024-01-10,hs300,2024-01-08,000999,华润三九
2024-01-10,hs300,2024-01-08,001289,龙源电力
2024-01-10,hs300,2024-01-08,001979,招商蛇口
2024-01-10,hs300,2024-01-08,002001,新和成
2024-01-10,hs300,2024-01-08,002007,华兰生物
2024-01-10,hs300,2024-01-08,002027,分众传媒
2024-01-10,hs300,2024-01-08,002049,紫光国微
2024-01-10,hs300,2024-01-08,002050,三花智控
2024-01-10,hs300,2024-01-08,002074,国轩高科
2024-01-10,hs300,2024-01-08,002129,TCL中环
2024-01-10,hs300,2024-01-08,002142,宁波银行
2024-01-10,hs300,2024-01-08,002179,中航光电
2024-01-10,hs300,2024-01-08,002180,纳思达
2024-01-10,hs300,2024-01-08,002202,金风科技
2024-01-10,hs300,2024-01-08,002230,科大讯飞
2024-01-10,hs300,2024-01-08,002236,大华股份
2024-01-10,hs300,2024-01-08,002241,歌尔股份
2024-01-10,hs300,2024-01-08,002252,上海莱士
2024-01-10,hs300,2024-01-08,002271,东方雨虹
2024-01-10,hs300,2024-01-08,002304,洋河股份
2024-01-10,hs300,2024-01-08,002311,海大集团
2024-01-10,hs300,2024-01-08,002352,顺丰控股
2024-01-10,hs300,2024-01-08,002371,北方华创
2024-01-10,hs300,2024-01-08,002410,广联达
2024-01-10,hs300,2024-01-08,002415,海康威视
2024-01-10,hs300,2024-01-08,002459,晶澳科技
2024-01-10,hs300,2024-01-08,002460,赣锋锂业
2024-01-10,hs300,2024-01-08,002466,天齐锂业
2024-01-10,hs300,2024-01-08,002475,立讯精密
2024-01-10,hs300,2024-01-08,002493,荣盛石化
2024-01-10,hs300,2024-01-08,002555,三七互娱
2024-01-10,hs300,2024-01-08,002594,比亚迪
2024-01-10,hs300,2024-01-08,002601,龙佰集团
2024-01-10,hs300,2024-01-08,002603,以岭药业
2024-01-10,hs300,2024-01-08,002648,卫星化学
2024-01-10,hs300,2024-01-08,002709,天赐材料
2024-01-10,hs300,2024-01-08,002714,牧原股份
2024-01-10,hs300,2024-01-08,002736,国信证券
2024-01-10,hs300,2024-01-08,002812,恩捷股份
2024-01-10,hs300,2024-01-08,002821,凯莱英
2024-01-10,hs300,2024-01-08,002841,视源股份
2024-01-10,hs300,2024-01-08,002916,深南电路
2024-01-10,hs300,2024-01-08,002920,德赛西威
2024-01-10,hs300,2024-01-08,002938,鹏鼎控股
2024-01-10,hs300,2024-01-08,003816,中国广核
2024-01-10,hs300,2024-01-08,300014,亿纬锂能
2024-01-10,hs300,2024-01-08,300015,爱尔眼科
2024-01-10,hs300,2024-01-08,300033,同花顺
2024-01-10,hs300,2024-01-08,300059,东方财富
2024-01-10,hs300,2024-01-08,300122,智飞生物
2024-01-10,hs300,2024-01-08,300124,汇川技术
2024-01-10,hs300,2024-01-08,300142,沃森生物
2024-01-10,hs300,2024-01-08,300223,北京君正
2024-01-10,hs300,2024-01-08,300274,阳光电源
2024-01-10,hs300,2024-01-08,300308,中际旭创
2024-01-10,hs300,2024-01-08,300316,晶盛机电
2024-01-10,hs300,2024-01-08,300347,泰格医药
2024-01-10,hs300,2024-01-08,300408,三环集团
2024-01-10,hs300,2024-01-08,300413,芒果超媒
2024-01-10,hs300,2024-01-08,300433,蓝思科技
2024-01-10,hs300,2024-01-08,300450,先导智能
2024-01-10,hs300,2024-01-08,300454,深信服
2024-01-10,hs300,2024-01-08,300496,中科创达
2024-01-10,hs300,2024-01-08,300498,温氏股份
2024-01-10,hs300,2024-01-08,300628,亿联网络
2024-01-10,hs300,2024-01-08,300661,圣邦股份
2024-01-10,hs300,2024-01-08,300750,宁德时代
2024-01-10,hs300,2024-01-08,300751,迈为股份
2024-01-10,hs300,2024-01-08,300759,康龙化成
2024-01-10,hs300,2024-01-08,300760,迈瑞医疗
2024-01-10,hs300,2024-01-08,300763,锦浪科技
2024-01-10,hs300,2024-01-08,300782,卓胜微
2024-01-10,hs300,2024-01-08,300896,爱美客
2024-01-10,hs300,2024-01-08,300919,中伟股份
2024-01-10,hs300,2024-01-08,300957,贝泰妮
2024-01-10,hs300,2024-01-08,300979,华利集团
2024-01-10,hs300,2024-01-08,300999,金龙鱼
2024-01-10,hs300,2024-01-08,301269,华大九天
2024-01-10,zz500,2024-01-08,600004,白云机场
2024-01-10,zz500,2024-01-08,600008,首创环保
2024-01-10,zz500,2024-01-08,600021,上海电力
2024-01-10,zz500,2024-01-08,600022,山东钢铁
2024-01-10,zz500,2024-01-08,600032,浙江新能
2024-01-10,zz500,2024-01-08,600038,中直股份
2024-01-10,zz500,2024-01-08,600056,中国医药
2024-01-10,zz500,2024-01-08,600060,海信视像
2024-01-10,zz500,2024-01-08,600062,华润双鹤
2024-01-10,zz500,2024-01-08,600066,宇通客车
2024-01-10,zz500,2024-01-08,600079,人福医药
2024-01-10,zz500,2024-01-08,600095,湘财股份
2024-01-10,zz500,2024-01-08,600096,云天化
2024-01-10,zz500,2024-01-08,600109,国金证券
2024-01-10,zz500,2024-01-08,600118,中国卫星
2024-01-10,zz500,2024-01-08,600126,杭钢股份
2024-01-10,zz500,2024-01-08,600129,太极集团
2024-01-10,zz500,2024-01-08,600131,国网信通
2024-01-10,zz500,2024-01-08,600141,兴发集团
2024-01-10,zz500,2024-01-08,600143,金发科技
2024-01-10,zz500,2024-01-08,600153,建发股份
2024-01-10,zz500,2024-01-08,600155,华创云信
2024-01-10,zz500,2024-01-08,600157,永泰能源
2024-01-10,zz500,2024-01-08,600160,巨化股份
2024-01-10,zz500,2024-01-08,600161,天坛生物
2024-01-10,zz500,2024-01-08,600166,福田汽车
2024-01-10,zz500,2024-01-08,600167,联美控股
2024-01-10,zz500,2024-01-08,600170,上海建工
2024-01-10,zz500,2024-01-08,600177,雅戈尔
2024-01-10,zz500,2024-01-08,600208,新湖中宝
2024-01-10,zz500,2024-01-08,600258,首旅酒店
2024-01-10,zz500,2024-01-08,600271,航天信息
2024-01-10,zz500,2024-01-08,600282,南钢股份
2024-01-10,zz500,2024-01-08,600298,安琪酵母
2024-01-10,zz500,2024-01-08,600299,安迪苏
2024-01-10,zz500,2024-01-08,600315,上海家化
2024-01-10,zz500,2024-01-08,600316,洪都航空
2024-01-10,zz500,2024-01-08,600325,华发股份
2024-01-10,zz500,2024-01-08,600329,达仁堂
2024-01-10,zz500,2024-01-08,600339,中油工程
2024-01-10,zz500,2024-01-08,600348,华阳股份
2024-01-10,zz500,2024-01-08,600350,山东高速
2024-01-10,zz500,2024-01-08,600352,浙江龙盛
2024-01-10,zz500,2024-01-08,600369,西南证券
2024-01-10,zz500,2024-01-08,600373,中文传媒
2024-01-10,zz500,2024-01-08,600377,宁沪高速
2024-01-10,zz500,2024-01-08,600378,昊华科技
2024-01-10,zz500,2024-01-08,600380,健康元
2024-01-10,zz500,2024-01-08,600390,五矿资本
2024-01-10,zz500,2024-01-08,600392,盛和资源
2024-01-10,zz500,2024-01-08,600398,海澜之家
2024-01-10,zz500,2024-01-08,600399,抚顺特钢
2024-01-10,zz500,2024-01-08,600415,小商品城
2024-01-10,zz500,2024-01-08,600416,湘电股份
2024-01-10,zz500,2024-01-08,600418,江淮汽车
2024-01-10,zz500,2024-01-08,600435,北方导航
2024-01-10,zz500,2024-01-08,600481,双良节能
2024-01-10,zz500,2024-01-08,600482,中国动力
2024-01-10,zz500,2024-01-08,600486,扬农化工
2024-01-10,zz500,2024-01-08,600497,驰宏锌锗
2024-01-10,zz500,2024-01-08,600498,烽火通信
2024-01-10,zz500,2024-01-08,600499,科达制造
2024-01-10,zz500,2024-01-08,600500,中化国际
2024-01-10,zz500,2024-01-08,600511,国药股份
2024-01-10,zz500,2024-01-08,600516,方大炭素
2024-01-10,zz500,2024-01-08,600517,国网英大
2024-01-10,zz500,2024-01-08,600521,华海药业
2024-01-10,zz500,2024-01-08,600528,中铁工业
2024-01-10,zz500,2024-01-08,600529,山东药玻
2024-01-10,zz500,2024-01-08,600535,天士力
2024-01-10,zz500,2024-01-08,600536,中国软件
2024-01-10,zz500,2024-01-08,600546,山煤国际
2024-01-10,zz500,2024-01-08,600549,厦门钨业
2024-01-10,zz500,2024-01-08,600563,法拉电子
2024-01-10,zz500,2024-01-08,600566,济川药业
2024-01-10,zz500,2024-01-08,600580,卧龙电驱
2024-01-10,zz500,2024-01-08,600582,天地科技
2024-01-10,zz500,2024-01-08,600583,海油工程
2024-01-10,zz500,2024-01-08,600597,光明乳业
2024-01-10,zz500,2024-01-08,600598,北大荒
2024-01-10,zz500,2024-01-08,600637,东方明珠
2024-01-10,zz500,2024-01-08,600642,申能股份
2024-01-10,zz500,2024-01-08,600655,豫园股份
2024-01-10,zz500,2024-01-08,600663,陆家嘴
2024-01-10,zz500,2024-01-08,600673,东阳光
2024-01-10,zz500,2024-01-08,600699,均胜电子
2024-01-10,zz500,2024-01-08,600704,物产中大
2024-01-10,zz500,2024-01-08,600707,彩虹股份
2024-01-10,zz500,2024-01-08,600737,中粮糖业
2024-01-10,zz500,2024-01-08,600739,辽宁成大
2024-01-10,zz500,2024-01-08,600755,厦门国贸
2024-01-10,zz500,2024-01-08,600764,中国海防
2024-01-10,zz500,2024-01-08,600765,中航重机
2024-01-10,zz500,2024-01-08,600801,华新水泥
2024-01-10,zz500,2024-01-08,600808,马钢股份
2024-01-10,zz500,2024-01-08,600820,隧道股份
2024-01-10,zz500,2024-01-08,600827,百联股份
2024-01-10,zz500,2024-01-08,600839,四川长虹
2024-01-10,zz500,2024-01-08,600848,上海临港
2024-01-10,zz500,2024-01-08,600859,王府井
2024-01-10,zz500,2024-01-08,600862,中航高科
2024-01-10,zz500,2024-01-08,600863,内蒙华电
2024-01-10,zz500,2024-01-08,600867,通化东宝
2024-01-10,zz500,2024-01-08,600871,石化油服
2024-01-10,zz500,2024-01-08,600873,梅花生物
2024-01-10,zz500,2024-01-08,600879,航天电子
2024-01-10,zz500,2024-01-08,600884,杉杉股份
2024-01-10,zz500,2024-01-08,600885,宏发股份
2024-01-10,zz500,2024-01-08,600895,张江高科
2024-01-10,zz500,2024-01-08,600901,江苏金租
2024-01-10,zz500,2024-01-08,600906,财达证券
2024-01-10,zz500,2024-01-08,600909,华安证券
2024-01-10,zz500,2024-01-08,600925,苏能股份
2024-01-10,zz500,2024-01-08,600927,永安期货
2024-01-10,zz500,2024-01-08,600928,西安银行
2024-01-10,zz500,2024-01-08,600956,新天绿能
2024-01-10,zz500,2024-01-08,600959,江苏有线
2024-01-10,zz500,2024-01-08,600967,内蒙一机
2024-01-10,zz500,2024-01-08,600968,海油发展
2024-01-10,zz500,2024-01-08,600970,中材国际
2024-01-10,zz500,2024-01-08,600977,中国电影
2024-01-10,zz500,2024-01-08,600985,淮北矿业
2024-01-10,zz500,2024-01-08,600988,赤峰黄金
2024-01-10,zz500,2024-01-08,600995,南网储能
2024-01-10,zz500,2024-01-08,600998,九州通
2024-01-10,zz500,2024-01-08,601000,唐山港
2024-01-10,zz500,2024-01-08,601016,节能风电
2024-01-10,zz500,2024-01-08,601058,赛轮轮胎
2024-01-10,zz500,2024-01-08,601061,中信金属
2024-01-10,zz500,2024-01-08,601077,渝农商行
2024-01-10,zz500,2024-01-08,601098,中南传媒
2024-01-10,zz500,2024-01-08,601106,中国一重
2024-01-10,zz500,2024-01-08,601108,财通证券
2024-01-10,zz500,2024-01-08,601118,海南橡胶
2024-01-10,zz500,2024-01-08,601128,常熟银行
2024-01-10,zz500,2024-01-08,601139,深圳燃气
2024-01-10,zz500,2024-01-08,601156,东航物流
2024-01-10,zz500,2024-01-08,601158,重庆水务
2024-01-10,zz500,2024-01-08,601162,天风证券
2024-01-10,zz500,2024-01-08,601168,西部矿业
2024-01-10,zz500,2024-01-08,601179,中国西电
2024-01-10,zz500,2024-01-08,601187,厦门银行
2024-01-10,zz500,2024-01-08,601198,东兴证券
2024-01-10,zz500,2024-01-08,601216,君正集团
2024-01-10,zz500,2024-01-08,601228,广州港
2024-01-10,zz500,2024-01-08,601231,环旭电子
2024-01-10,zz500,2024-01-08,601233,桐昆股份
2024-01-10,zz500,2024-01-08,601298,青岛港
2024-01-10,zz500,2024-01-08,601456,国联证券
2024-01-10,zz500,2024-01-08,601555,东吴证券
2024-01-10,zz500,2024-01-08,601568,北元集团
2024-01-10,zz500,2024-01-08,601577,长沙银行
2024-01-10,zz500,2024-01-08,601598,中国外运
2024-01-10,zz500,2024-01-08,601608,中信重工
2024-01-10,zz500,2024-01-08,601611,中国核建
2024-01-10,zz500,2024-01-08,601636,旗滨集团
2024-01-10,zz500,2024-01-08,601665,齐鲁银行
2024-01-10,zz500,2024-01-08,601666,平煤股份
2024-01-10,zz500,2024-01-08,601696,中银证券
2024-01-10,zz500,2024-01-08,601717,郑煤机
2024-01-10,zz500,2024-01-08,601778,晶科科技
2024-01-10,zz500,2024-01-08,601828,美凯龙
2024-01-10,zz500,2024-01-08,601866,中远海发
2024-01-10,zz500,2024-01-08,601880,辽港股份
2024-01-10,zz500,2024-01-08,601928,凤凰传媒
2024-01-10,zz500,2024-01-08,601933,永辉超市
2024-01-10,zz500,2024-01-08,601958,金钼股份
2024-01-10,zz500,2024-01-08,601966,玲珑轮胎
2024-01-10,zz500,2024-01-08,601990,南京证券
2024-01-10,zz500,2024-01-08,601991,大唐发电
2024-01-10,zz500,2024-01-08,601992,金隅集团
2024-01-10,zz500,2024-01-08,601997,贵阳银行
2024-01-10,zz500,2024-01-08,603000,人民网
2024-01-10,zz500,2024-01-08,603026,胜华新材
2024-01-10,zz500,2024-01-08,603056,德邦股份
2024-01-10,zz500,2024-01-08,603077,和邦生物
2024-01-10,zz500,2024-01-08,603127,昭衍新药
2024-01-10,zz500,2024-01-08,603156,养元饮品
2024-01-10,zz500,2024-01-08,603160,汇顶科技
2024-01-10,zz500,2024-01-08,603185,弘元绿能
2024-01-10,zz500,2024-01-08,603218,日月股份
2024-01-10,zz500,2024-01-08,603225,新凤鸣
2024-01-10,zz500,2024-01-08,603228,景旺电子
2024-01-10,zz500,2024-01-08,603233,大参林
2024-01-10,zz500,2024-01-08,603267,鸿远电子
2024-01-10,zz500,2024-01-08,603305,旭升集团
2024-01-10,zz500,2024-01-08,603317,天味食品
2024-01-10,zz500,2024-01-08,603338,浙江鼎力
2024-01-10,zz500,2024-01-08,603355,莱克电气
2024-01-10,zz500,2024-01-08,603379,三美股份
2024-01-10,zz500,2024-01-08,603444,吉比特
2024-01-10,zz500,2024-01-08,603456,九洲药业
2024-01-10,zz500,2024-01-08,603517,绝味食品
2024-01-10,zz500,2024-01-08,603529,爱玛科技
2024-01-10,zz500,2024-01-08,603568,伟明环保
2024-01-10,zz500,2024-01-08,603589,口子窖
2024-01-10,zz500,2024-01-08,603596,伯特利
2024-01-10,zz500,2024-01-08,603606,东方电缆
2024-01-10,zz500,2024-01-08,603650,彤程新材
2024-01-10,zz500,2024-01-08,603658,安图生物
2024-01-10,zz500,2024-01-08,603688,石英股份
2024-01-10,zz500,2024-01-08,603707,健友股份
2024-01-10,zz500,2024-01-08,603712,七一二
2024-01-10,zz500,2024-01-08,603737,三棵树
2024-01-10,zz500,2024-01-08,603786,科博达
2024-01-10,zz500,2024-01-08,603816,顾家家居
2024-01-10,zz500,2024-01-08,603826,坤彩科技
2024-01-10,zz500,2024-01-08,603858,步长制药
2024-01-10,zz500,2024-01-08,603866,桃李面包
2024-01-10,zz500,2024-01-08,603868,飞科电器
2024-01-10,zz500,2024-01-08,603882,金域医学
2024-01-10,zz500,2024-01-08,603883,老百姓
2024-01-10,zz500,2024-01-08,603885,吉祥航空
2024-01-10,zz500,2024-01-08,603893,瑞芯微
2024-01-10,zz500,2024-01-08,603927,中科软
2024-01-10,zz500,2024-01-08,603939,益丰药房
2024-01-10,zz500,2024-01-08,605358,立昂微
2024-01-10,zz500,2024-01-08,688002,睿创微纳
2024-01-10,zz500,2024-01-08,688005,容百科技
2024-01-10,zz500,2024-01-08,688006,杭可科技
2024-01-10,zz500,2024-01-08,688029,南微医学
2024-01-10,zz500,2024-01-08,688032,禾迈股份
2024-01-10,zz500,2024-01-08,688052,纳芯微
2024-01-10,zz500,2024-01-08,688063,派能科技
2024-01-10,zz500,2024-01-08,688072,拓荆科技
2024-01-10,zz500,2024-01-08,688082,盛美上海
2024-01-10,zz500,2024-01-08,688099,晶晨股份
2024-01-10,zz500,2024-01-08,688105,诺唯赞
2024-01-10,zz500,2024-01-08,688107,安路科技
2024-01-10,zz500,2024-01-08,688114,华大智造
2024-01-10,zz500,2024-01-08,688120,华海清科
2024-01-10,zz500,2024-01-08,688122,西部超导
2024-01-10,zz500,2024-01-08,688153,唯捷创芯
2024-01-10,zz500,2024-01-08,688169,石头科技
2024-01-10,zz500,2024-01-08,688180,君实生物
2024-01-10,zz500,2024-01-08,688188,柏楚电子
2024-01-10,zz500,2024-01-08,688200,华峰测控
2024-01-10,zz500,2024-01-08,688208,道通科技
2024-01-10,zz500,2024-01-08,688220,翱捷科技
2024-01-10,zz500,2024-01-08,688234,天岳先进
2024-01-10,zz500,2024-01-08,688248,南网科技
2024-01-10,zz500,2024-01-08,688276,百克生物
2024-01-10,zz500,2024-01-08,688281,华秦科技
2024-01-10,zz500,2024-01-08,688295,中复神鹰
2024-01-10,zz500,2024-01-08,688297,中无人机
2024-01-10,zz500,2024-01-08,688301,奕瑞科技
2024-01-10,zz500,2024-01-08,688331,荣昌生物
2024-01-10,zz500,2024-01-08,688348,昱能科技
2024-01-10,zz500,2024-01-08,688349,三一重能
2024-01-10,zz500,2024-01-08,688375,国博电子
2024-01-10,zz500,2024-01-08,688385,复旦微电
2024-01-10,zz500,2024-01-08,688387,信科移动
2024-01-10,zz500,2024-01-08,688390,固德威
2024-01-10,zz500,2024-01-08,688425,铁建重工
2024-01-10,zz500,2024-01-08,688516,奥特维
2024-01-10,zz500,2024-01-08,688520,神州细胞
2024-01-10,zz500,2024-01-08,688521,芯原股份
2024-01-10,zz500,2024-01-08,688536,思瑞浦
2024-01-10,zz500,2024-01-08,688538,和辉光电
2024-01-10,zz500,2024-01-08,688567,孚能科技
2024-01-10,zz500,2024-01-08,688690,纳微科技
2024-01-10,zz500,2024-01-08,688728,格科微
2024-01-10,zz500,2024-01-08,688772,珠海冠宇
2024-01-10,zz500,2024-01-08,688778,厦钨新能
2024-01-10,zz500,2024-01-08,688779,长远锂科
2024-01-10,zz500,2024-01-08,688819,天能股份
2024-01-10,zz500,2024-01-08,689009,九号公司
2024-01-10,zz500,2024-01-08,000009,中国宝安
2024-01-10,zz500,2024-01-08,000021,深科技
2024-01-10,zz500,2024-01-08,000027,深圳能源
2024-01-10,zz500,2024-01-08,000031,大悦城
2024-01-10,zz500,2024-01-08,000039,中集集团
2024-01-10,zz500,2024-01-08,000050,深天马A
2024-01-10,zz500,2024-01-08,000060,中金岭南
2024-01-10,zz500,2024-01-08,000066,中国长城
2024-01-10,zz500,2024-01-08,000089,深圳机场
2024-01-10,zz500,2024-01-08,000155,川能动力
2024-01-10,zz500,2024-01-08,000156,华数传媒
2024-01-10,zz500,2024-01-08,000400,许继电气
2024-01-10,zz500,2024-01-08,000401,冀东水泥
2024-01-10,zz500,2024-01-08,000402,金融街
2024-01-10,zz500,2024-01-08,000423,东阿阿胶
2024-01-10,zz500,2024-01-08,000513,丽珠集团
2024-01-10,zz500,2024-01-08,000519,中兵红箭
2024-01-10,zz500,2024-01-08,000537,中绿电
2024-01-10,zz500,2024-01-08,000539,粤电力A
2024-01-10,zz500,2024-01-08,000547,航天发展
2024-01-10,zz500,2024-01-08,000553,安道麦A
2024-01-10,zz500,2024-01-08,000559,万向钱潮
2024-01-10,zz500,2024-01-08,000563,陕国投A
2024-01-10,zz500,2024-01-08,000581,威孚高科
2024-01-10,zz500,2024-01-08,000591,太阳能
2024-01-10,zz500,2024-01-08,000598,兴蓉环境
2024-01-10,zz500,2024-01-08,000623,吉林敖东
2024-01-10,zz500,2024-01-08,000629,钒钛股份
2024-01-10,zz500,2024-01-08,000630,铜陵有色
2024-01-10,zz500,2024-01-08,000636,风华高科
2024-01-10,zz500,2024-01-08,000683,远兴能源
2024-01-10,zz500,2024-01-08,000703,恒逸石化
2024-01-10,zz500,2024-01-08,000709,河钢股份
2024-01-10,zz500,2024-01-08,000723,美锦能源
2024-01-10,zz500,2024-01-08,000728,国元证券
2024-01-10,zz500,2024-01-08,000729,燕京啤酒
2024-01-10,zz500,2024-01-08,000738,航发控制
2024-01-10,zz500,2024-01-08,000739,普洛药业
2024-01-10,zz500,2024-01-08,000750,国海证券
2024-01-10,zz500,2024-01-08,000778,新兴铸管
2024-01-10,zz500,2024-01-08,000783,长江证券
2024-01-10,zz500,2024-01-08,000785,居然之家
2024-01-10,zz500,2024-01-08,000825,太钢不锈
2024-01-10,zz500,2024-01-08,000830,鲁西化工
2024-01-10,zz500,2024-01-08,000831,中国稀土
2024-01-10,zz500,2024-01-08,000878,云南铜业
2024-01-10,zz500,2024-01-08,000883,湖北能源
2024-01-10,zz500,2024-01-08,000887,中鼎股份
2024-01-10,zz500,2024-01-08,000893,亚钾国际
2024-01-10,zz500,2024-01-08,000898,鞍钢股份
2024-01-10,zz500,2024-01-08,000930,中粮科技
2024-01-10,zz500,2024-01-08,000932,华菱钢铁
2024-01-10,zz500,2024-01-08,000933,神火股份
2024-01-10,zz500,2024-01-08,000937,冀中能源
2024-01-10,zz500,2024-01-08,000958,电投产融
2024-01-10,zz500,2024-01-08,000959,首钢股份
2024-01-10,zz500,2024-01-08,000960,锡业股份
2024-01-10,zz500,2024-01-08,000967,盈峰环境
2024-01-10,zz500,2024-01-08,000970,中科三环
2024-01-10,zz500,2024-01-08,000975,银泰黄金
2024-01-10,zz500,2024-01-08,000987,越秀资本
2024-01-10,zz500,2024-01-08,000988,华工科技
2024-01-10,zz500,2024-01-08,000997,新大陆
2024-01-10,zz500,2024-01-08,000998,隆平高科
2024-01-10,zz500,2024-01-08,001203,大中矿业
2024-01-10,zz500,2024-01-08,001227,兰州银行
2024-01-10,zz500,2024-01-08,001286,陕西能源
2024-01-10,zz500,2024-01-08,001872,招商港口
2024-01-10,zz500,2024-01-08,001914,招商积余
2024-01-10,zz500,2024-01-08,002008,大族激光
2024-01-10,zz500,2024-01-08,002010,传化智联
2024-01-10,zz500,2024-01-08,002019,亿帆医药
2024-01-10,zz500,2024-01-08,002025,航天电器
2024-01-10,zz500,2024-01-08,002028,思源电气
2024-01-10,zz500,2024-01-08,002030,达安基因
2024-01-10,zz500,2024-01-08,002032,苏泊尔
2024-01-10,zz500,2024-01-08,002044,美年健康
2024-01-10,zz500,2024-01-08,002056,横店东磁
2024-01-10,zz500,2024-01-08,002064,华峰化学
2024-01-10,zz500,2024-01-08,002065,东华软件
2024-01-10,zz500,2024-01-08,002078,太阳纸业
2024-01-10,zz500,2024-01-08,002080,中材科技
2024-01-10,zz500,2024-01-08,002092,中泰化学
2024-01-10,zz500,2024-01-08,002120,韵达股份
2024-01-10,zz500,2024-01-08,002128,电投能源
2024-01-10,zz500,2024-01-08,002131,利欧股份
2024-01-10,zz500,2024-01-08,002138,顺络电子
2024-01-10,zz500,2024-01-08,002152,广电运通
2024-01-10,zz500,2024-01-08,002153,石基信息
2024-01-10,zz500,2024-01-08,002155,湖南黄金
2024-01-10,zz500,2024-01-08,002156,通富微电
2024-01-10,zz500,2024-01-08,002185,华天科技
2024-01-10,zz500,2024-01-08,002192,融捷股份
2024-01-10,zz500,2024-01-08,002195,岩山科技
2024-01-10,zz500,2024-01-08,002203,海亮股份
2024-01-10,zz500,2024-01-08,002223,鱼跃医疗
2024-01-10,zz500,2024-01-08,002240,盛新锂能
2024-01-10,zz500,2024-01-08,002244,滨江集团
2024-01-10,zz500,2024-01-08,002262,恩华药业
2024-01-10,zz500,2024-01-08,002266,浙富控股
2024-01-10,zz500,2024-01-08,002268,电科网安
2024-01-10,zz500,2024-01-08,002273,水晶光电
2024-01-10,zz500,2024-01-08,002281,光迅科技
2024-01-10,zz500,2024-01-08,002294,信立泰
2024-01-10,zz500,2024-01-08,002299,圣农发展
2024-01-10,zz500,2024-01-08,002326,永太科技
2024-01-10,zz500,2024-01-08,002340,格林美
2024-01-10,zz500,2024-01-08,002353,杰瑞股份
2024-01-10,zz500,2024-01-08,002368,太极股份
2024-01-10,zz500,2024-01-08,002372,伟星新材
2024-01-10,zz500,2024-01-08,002373,千方科技
2024-01-10,zz500,2024-01-08,002384,东山精密
2024-01-10,zz500,2024-01-08,002385,大北农
2024-01-10,zz500,2024-01-08,002399,海普瑞
2024-01-10,zz500,2024-01-08,002407,多氟多
2024-01-10,zz500,2024-01-08,002408,齐翔腾达
2024-01-10,zz500,2024-01-08,002409,雅克科技
2024-01-10,zz500,2024-01-08,002414,高德红外
2024-01-10,zz500,2024-01-08,002422,科伦药业
2024-01-10,zz500,2024-01-08,002423,中粮资本
2024-01-10,zz500,2024-01-08,002429,兆驰股份
2024-01-10,zz500,2024-01-08,002430,杭氧股份
2024-01-10,zz500,2024-01-08,002432,九安医疗
2024-01-10,zz500,2024-01-08,002439,启明星辰
2024-01-10,zz500,2024-01-08,002444,巨星科技
2024-01-10,zz500,2024-01-08,002463,沪电股份
2024-01-10,zz500,2024-01-08,002465,海格通信
2024-01-10,zz500,2024-01-08,002468,申通快递
2024-01-10,zz500,2024-01-08,002472,双环传动
2024-01-10,zz500,2024-01-08,002487,大金重工
2024-01-10,zz500,2024-01-08,002497,雅化集团
2024-01-10,zz500,2024-01-08,002500,山西证券
2024-01-10,zz500,2024-01-08,002505,鹏都农牧
2024-01-10,zz500,2024-01-08,002506,协鑫集成
2024-01-10,zz500,2024-01-08,002507,涪陵榨菜
2024-01-10,zz500,2024-01-08,002508,老板电器
2024-01-10,zz500,2024-01-08,002511,中顺洁柔
2024-01-10,zz500,2024-01-08,002517,恺英网络
2024-01-10,zz500,2024-01-08,002518,科士达
2024-01-10,zz500,2024-01-08,002531,天顺风能
2024-01-10,zz500,2024-01-08,002532,天山铝业
2024-01-10,zz500,2024-01-08,002557,洽洽食品
2024-01-10,zz500,2024-01-08,002558,巨人网络
2024-01-10,zz500,2024-01-08,002563,森马服饰
2024-01-10,zz500,2024-01-08,002568,百润股份
2024-01-10,zz500,2024-01-08,002572,索菲亚
2024-01-10,zz500,2024-01-08,002595,豪迈科技
2024-01-10,zz500,2024-01-08,002600,领益智造
2024-01-10,zz500,2024-01-08,002607,中公教育
2024-01-10,zz500,2024-01-08,002608,江苏国信
2024-01-10,zz500,2024-01-08,002624,完美世界
2024-01-10,zz500,2024-01-08,002625,光启技术
2024-01-10,zz500,2024-01-08,002653,海思科
2024-01-10,zz500,2024-01-08,002670,国盛金控
2024-01-10,zz500,2024-01-08,002673,西部证券
2024-01-10,zz500,2024-01-08,002683,广东宏大
2024-01-10,zz500,2024-01-08,002690,美亚光电
2024-01-10,zz500,2024-01-08,002738,中矿资源
2024-01-10,zz500,2024-01-08,002739,万达电影
2024-01-10,zz500,2024-01-08,002756,永兴材料
2024-01-10,zz500,2024-01-08,002761,浙江建投
2024-01-10,zz500,2024-01-08,002791,坚朗五金
2024-01-10,zz500,2024-01-08,002797,第一创业
2024-01-10,zz500,2024-01-08,002831,裕同科技
2024-01-10,zz500,2024-01-08,002850,科达利
2024-01-10,zz500,2024-01-08,002865,钧达股份
2024-01-10,zz500,2024-01-08,002867,周大生
2024-01-10,zz500,2024-01-08,002925,盈趣科技
2024-01-10,zz500,2024-01-08,002926,华西证券
2024-01-10,zz500,2024-01-08,002936,郑州银行
2024-01-10,zz500,2024-01-08,002939,长城证券
2024-01-10,zz500,2024-01-08,002945,华林证券
2024-01-10,zz500,2024-01-08,002958,青农商行
2024-01-10,zz500,2024-01-08,002966,苏州银行
2024-01-10,zz500,2024-01-08,003022,联泓新科
2024-01-10,zz500,2024-01-08,003031,中瓷电子
2024-01-10,zz500,2024-01-08,003035,南网能源
2024-01-10,zz500,2024-01-08,300001,特锐德
2024-01-10,zz500,2024-01-08,300003,乐普医疗
2024-01-10,zz500,2024-01-08,300009,安科生物
2024-01-10,zz500,2024-01-08,300012,华测检测
2024-01-10,zz500,2024-01-08,300017,网宿科技
2024-01-10,zz500,2024-01-08,300024,机器人
2024-01-10,zz500,2024-01-08,300026,红日药业
2024-01-10,zz500,2024-01-08,300037,新宙邦
2024-01-10,zz500,2024-01-08,300058,蓝色光标
2024-01-10,zz500,2024-01-08,300070,碧水源
2024-01-10,zz500,2024-01-08,300073,当升科技
2024-01-10,zz500,2024-01-08,300088,长信科技
2024-01-10,zz500,2024-01-08,300114,中航电测
2024-01-10,zz500,2024-01-08,300118,东方日升
2024-01-10,zz500,2024-01-08,300136,信维通信
2024-01-10,zz500,2024-01-08,300144,宋城演艺
2024-01-10,zz500,2024-01-08,300146,汤臣倍健
2024-01-10,zz500,2024-01-08,300207,欣旺达
2024-01-10,zz500,2024-01-08,300212,易华录
2024-01-10,zz500,2024-01-08,300244,迪安诊断
2024-01-10,zz500,2024-01-08,300251,光线传媒
2024-01-10,zz500,2024-01-08,300253,卫宁健康
2024-01-10,zz500,2024-01-08,300257,开山股份
2024-01-10,zz500,2024-01-08,300285,国瓷材料
2024-01-10,zz500,2024-01-08,300296,利亚德
2024-01-10,zz500,2024-01-08,300357,我武生物
2024-01-10,zz500,2024-01-08,300363,博腾股份
2024-01-10,zz500,2024-01-08,300373,扬杰科技
2024-01-10,zz500,2024-01-08,300383,光环新网
2024-01-10,zz500,2024-01-08,300390,天华新能
2024-01-10,zz500,2024-01-08,300394,天孚通信
2024-01-10,zz500,2024-01-08,300395,菲利华
2024-01-10,zz500,2024-01-08,300418,昆仑万维
2024-01-10,zz500,2024-01-08,300438,鹏辉能源
2024-01-10,zz500,2024-01-08,300474,景嘉微
2024-01-10,zz500,2024-01-08,300487,蓝晓科技
2024-01-10,zz500,2024-01-08,300502,新易盛
2024-01-10,zz500,2024-01-08,300529,健帆生物
2024-01-10,zz500,2024-01-08,300558,贝达药业
2024-01-10,zz500,2024-01-08,300568,星源材质
2024-01-10,zz500,2024-01-08,300595,欧普康视
2024-01-10,zz500,2024-01-08,300601,康泰生物
2024-01-10,zz500,2024-01-08,300604,长川科技
2024-01-10,zz500,2024-01-08,300676,华大基因
2024-01-10,zz500,2024-01-08,300677,英科医疗
2024-01-10,zz500,2024-01-08,300682,朗新集团
2024-01-10,zz500,2024-01-08,300699,光威复材
2024-01-10,zz500,2024-01-08,300724,捷佳伟创
2024-01-10,zz500,2024-01-08,300748,金力永磁
2024-01-10,zz500,2024-01-08,300776,帝尔激光
2024-01-10,zz500,2024-01-08,300850,新强联
2024-01-10,zz500,2024-01-08,300861,美畅股份
2024-01-10,zz500,2024-01-08,300866,安克创新
2024-01-10,zz500,2024-01-08,300888,稳健医疗
2024-01-10,zz500,2024-01-08,301029,怡合达
2024-01-10,zz500,2024-01-08,301236,软通动力
2024-07-10,hs300,2024-07-08,600000,浦发银行
2024-07-10,hs300,2024-07-08,600009,上海机场
2024-07-10,hs300,2024-07-08,600010,包钢股份
2024-07-10,hs300,2024-07-08,600011,华能国际
2024-07-10,hs300,2024-07-08,600015,华夏银行
2024-07-10,hs300,2024-07-08,600016,民生银行
2024-07-10,hs300,2024-07-08,600018,上港集团
2024-07-10,hs300,2024-07-08,600019,宝钢股份
2024-07-10,hs300,2024-07-08,600023,浙能电力
2024-07-10,hs300,2024-07-08,600025,华能水电
2024-07-10,hs300,2024-07-08,600026,中远海能
2024-07-10,hs300,2024-07-08,600027,华电国际
2024-07-10,hs300,2024-07-08,600028,中国石化
2024-07-10,hs300,2024-07-08,600029,南方航空
2024-07-10,hs300,2024-07-08,600030,中信证券
2024-07-10,hs300,2024-07-08,600031,三一重工
2024-07-10,hs300,2024-07-08,600036,招商银行
2024-07-10,hs300,2024-07-08,600039,四川路桥
2024-07-10,hs300,2024-07-08,600048,保利发展
2024-07-10,hs300,2024-07-08,600050,中国联通
2024-07-10,hs300,2024-07-08,600061,国投资本
2024-07-10,hs300,2024-07-08,600085,同仁堂
2024-07-10,hs300,2024-07-08,600089,特变电工
2024-07-10,hs300,2024-07-08,600104,上汽集团
2024-07-10,hs300,2024-07-08,600111,北方稀土
2024-07-10,hs300,2024-07-08,600115,中国东航
2024-07-10,hs300,2024-07-08,600132,重庆啤酒
2024-07-10,hs300,2024-07-08,600150,中国船舶
2024-07-10,hs300,2024-07-08,600161,天坛生物
2024-07-10,hs300,2024-07-08,600176,中国巨石
2024-07-10,hs300,2024-07-08,600183,生益科技
2024-07-10,hs300,2024-07-08,600188,兖矿能源
2024-07-10,hs300,2024-07-08,600196,复星医药
2024-07-10,hs300,2024-07-08,600219,南山铝业
2024-07-10,hs300,2024-07-08,600233,圆通速递
2024-07-10,hs300,2024-07-08,600276,恒瑞医药
2024-07-10,hs300,2024-07-08,600309,万华化学
2024-07-10,hs300,2024-07-08,600332,白云山
2024-07-10,hs300,2024-07-08,600346,恒力石化
2024-07-10,hs300,2024-07-08,600362,江西铜业
2024-07-10,hs300,2024-07-08,600372,中航机载
2024-07-10,hs300,2024-07-08,600406,国电南瑞
2024-07-10,hs300,2024-07-08,600415,小商品城
2024-07-10,hs300,2024-07-08,600426,华鲁恒升
2024-07-10,hs300,2024-07-08,600436,片仔癀
2024-07-10,hs300,2024-07-08,600438,通威股份
2024-07-10,hs300,2024-07-08,600460,士兰微
2024-07-10,hs300,2024-07-08,600489,中金黄金
2024-07-10,hs300,2024-07-08,600515,海南机场
2024-07-10,hs300,2024-07-08,600519,贵州茅台
2024-07-10,hs300,2024-07-08,600547,山东黄金
2024-07-10,hs300,2024-07-08,600570,恒生电子
2024-07-10,hs300,2024-07-08,600584,长电科技
2024-07-10,hs300,2024-07-08,600585,海螺水泥
2024-07-10,hs300,2024-07-08,600588,用友网络
2024-07-10,hs300,2024-07-08,600600,青岛啤酒
2024-07-10,hs300,2024-07-08,600660,福耀玻璃
2024-07-10,hs300,2024-07-08,600674,川投能源
2024-07-10,hs300,2024-07-08,600690,海尔智家
2024-07-10,hs300,2024-07-08,600732,爱旭股份
2024-07-10,hs300,2024-07-08,600741,华域汽车
2024-07-10,hs300,2024-07-08,600745,闻泰科技
2024-07-10,hs300,2024-07-08,600760,中航沈飞
2024-07-10,hs300,2024-07-08,600795,国电电力
2024-07-10,hs300,2024-07-08,600803,新奥股份
2024-07-10,hs300,2024-07-08,600809,山西汾酒
2024-07-10,hs300,2024-07-08,600837,海通证券
2024-07-10,hs300,2024-07-08,600845,宝信软件
2024-07-10,hs300,2024-07-08,600875,东方电气
2024-07-10,hs300,2024-07-08,600886,国投电力
2024-07-10,hs300,2024-07-08,600887,伊利股份
2024-07-10,hs300,2024-07-08,600893,航发动力
2024-07-10,hs300,2024-07-08,600900,长江电力
2024-07-10,hs300,2024-07-08,600905,三峡能源
2024-07-10,hs300,2024-07-08,600918,中泰证券
2024-07-10,hs300,2024-07-08,600919,江苏银行
2024-07-10,hs300,2024-07-08,600926,杭州银行
2024-07-10,hs300,2024-07-08,600938,中国海油
2024-07-10,hs300,2024-07-08,600941,中国移动
2024-07-10,hs300,2024-07-08,600958,东方证券
2024-07-10,hs300,2024-07-08,600989,宝丰能源
2024-07-10,hs300,2024-07-08,600999,招商证券
2024-07-10,hs300,2024-07-08,601006,大秦铁路
2024-07-10,hs300,2024-07-08,601009,南京银行
2024-07-10,hs300,2024-07-08,601012,隆基绿能
2024-07-10,hs300,2024-07-08,601021,春秋航空
2024-07-10,hs300,2024-07-08,601059,信达证券
2024-07-10,hs300,2024-07-08,601066,中信建投
2024-07-10,hs300,2024-07-08,601088,中国神华
2024-07-10,hs300,2024-07-08,601100,恒立液压
2024-07-10,hs300,2024-07-08,601111,中国国航
2024-07-10,hs300,2024-07-08,601117,中国化学
2024-07-10,hs300,2024-07-08,601138,工业富联
2024-07-10,hs300,2024-07-08,601166,兴业银行
2024-07-10,hs300,2024-07-08,601169,北京银行
2024-07-10,hs300,2024-07-08,601186,中国铁建
2024-07-10,hs300,2024-07-08,601211,国泰君安
2024-07-10,hs300,2024-07-08,601225,陕西煤业
2024-07-10,hs300,2024-07-08,601229,上海银行
2024-07-10,hs300,2024-07-08,601236,红塔证券
2024-07-10,hs300,2024-07-08,601238,广汽集团
2024-07-10,hs300,2024-07-08,601288,农业银行
2024-07-10,hs300,2024-07-08,601318,中国平安
2024-07-10,hs300,2024-07-08,601319,中国人保
2024-07-10,hs300,2024-07-08,601328,交通银行
2024-07-10,hs300,2024-07-08,601336,新华保险
2024-07-10,hs300,2024-07-08,601360,三六零
2024-07-10,hs300,2024-07-08,601377,兴业证券
2024-07-10,hs300,2024-07-08,601390,中国中铁
2024-07-10,hs300,2024-07-08,601398,工商银行
2024-07-10,hs300,2024-07-08,601600,中国铝业
2024-07-10,hs300,2024-07-08,601601,中国太保
2024-07-10,hs300,2024-07-08,601607,上海医药
2024-07-10,hs300,2024-07-08,601618,中国中冶
2024-07-10,hs300,2024-07-08,601628,中国人寿
2024-07-10,hs300,2024-07-08,601633,长城汽车
2024-07-10,hs300,2024-07-08,601658,邮储银行
2024-07-10,hs300,2024-07-08,601668,中国建筑
2024-07-10,hs300,2024-07-08,601669,中国电建
2024-07-10,hs300,2024-07-08,601688,华泰证券
2024-07-10,hs300,2024-07-08,601689,拓普集团
2024-07-10,hs300,2024-07-08,601698,中国卫通
2024-07-10,hs300,2024-07-08,601699,潞安环能
2024-07-10,hs300,2024-07-08,601728,中国电信
2024-07-10,hs300,2024-07-08,601766,中国中车
2024-07-10,hs300,2024-07-08,601788,光大证券
2024-07-10,hs300,2024-07-08,601799,星宇股份
2024-07-10,hs300,2024-07-08,601800,中国交建
2024-07-10,hs300,2024-07-08,601808,中海油服
2024-07-10,hs300,2024-07-08,601816,京沪高铁
2024-07-10,hs300,2024-07-08,601818,光大银行
2024-07-10,hs300,2024-07-08,601838,成都银行
2024-07-10,hs300,2024-07-08,601857,中国石油
2024-07-10,hs300,2024-07-08,601865,福莱特
2024-07-10,hs300,2024-07-08,601868,中国能建
2024-07-10,hs300,2024-07-08,601872,招商轮船
2024-07-10,hs300,2024-07-08,601877,正泰电器
2024-07-10,hs300,2024-07-08,601878,浙商证券
2024-07-10,hs300,2024-07-08,601881,中国银河
2024-07-10,hs300,2024-07-08,601888,中国中免
2024-07-10,hs300,2024-07-08,601898,中煤能源
2024-07-10,hs300,2024-07-08,601899,紫金矿业
2024-07-10,hs300,2024-07-08,601901,方正证券
2024-07-10,hs300,2024-07-08,601916,浙商银行
2024-07-10,hs300,2024-07-08,601919,中远海控
2024-07-10,hs300,2024-07-08,601939,建设银行
2024-07-10,hs300,2024-07-08,601985,中国核电
2024-07-10,hs300,2024-07-08,601988,中国银行
2024-07-10,hs300,2024-07-08,601989,中国重工
2024-07-10,hs300,2024-07-08,601995,中金公司
2024-07-10,hs300,2024-07-08,601998,中信银行
2024-07-10,hs300,2024-07-08,603019,中科曙光
2024-07-10,hs300,2024-07-08,603195,公牛集团
2024-07-10,hs300,2024-07-08,603259,药明康德
2024-07-10,hs300,2024-07-08,603260,合盛硅业
2024-07-10,hs300,2024-07-08,603288,海天味业
2024-07-10,hs300,2024-07-08,603296,华勤技术
2024-07-10,hs300,2024-07-08,603369,今世缘
2024-07-10,hs300,2024-07-08,603392,万泰生物
2024-07-10,hs300,2024-07-08,603501,韦尔股份
2024-07-10,hs300,2024-07-08,603659,璞泰来
2024-07-10,hs300,2024-07-08,603799,华友钴业
2024-07-10,hs300,2024-07-08,603806,福斯特
2024-07-10,hs300,2024-07-08,603833,欧派家居
2024-07-10,hs300,2024-07-08,603899,晨光股份
2024-07-10,hs300,2024-07-08,603986,兆易创新
2024-07-10,hs300,2024-07-08,603993,洛阳钼业
2024-07-10,hs300,2024-07-08,605117,德业股份
2024-07-10,hs300,2024-07-08,605499,东鹏饮料
2024-07-10,hs300,2024-07-08,688008,澜起科技
2024-07-10,hs300,2024-07-08,688009,中国通号
2024-07-10,hs300,2024-07-08,688012,中微公司
2024-07-10,hs300,2024-07-08,688036,传音控股
2024-07-10,hs300,2024-07-08,688041,海光信息
2024-07-10,hs300,2024-07-08,688082,盛美上海
2024-07-10,hs300,2024-07-08,688111,金山办公
2024-07-10,hs300,2024-07-08,688126,沪硅产业
2024-07-10,hs300,2024-07-08,688187,时代电气
2024-07-10,hs300,2024-07-08,688223,晶科能源
2024-07-10,hs300,2024-07-08,688256,寒武纪
2024-07-10,hs300,2024-07-08,688271,联影医疗
2024-07-10,hs300,2024-07-08,688303,大全能源
2024-07-10,hs300,2024-07-08,688363,华熙生物
2024-07-10,hs300,2024-07-08,688396,华润微
2024-07-10,hs300,2024-07-08,688599,天合光能
2024-07-10,hs300,2024-07-08,688981,中芯国际
2024-07-10,hs300,2024-07-08,000001,平安银行
2024-07-10,hs300,2024-07-08,000002,万科A
2024-07-10,hs300,2024-07-08,000063,中兴通讯
2024-07-10,hs300,2024-07-08,000100,TCL科技
2024-07-10,hs300,2024-07-08,000157,中联重科
2024-07-10,hs300,2024-07-08,000166,申万宏源
2024-07-10,hs300,2024-07-08,000301,东方盛虹
2024-07-10,hs300,2024-07-08,000333,美的集团
2024-07-10,hs300,2024-07-08,000338,潍柴动力
2024-07-10,hs300,2024-07-08,000408,藏格矿业
2024-07-10,hs300,2024-07-08,000425,徐工机械
2024-07-10,hs300,2024-07-08,000538,云南白药
2024-07-10,hs300,2024-07-08,000568,泸州老窖
2024-07-10,hs300,2024-07-08,000596,古井贡酒
2024-07-10,hs300,2024-07-08,000617,中油资本
2024-07-10,hs300,2024-07-08,000625,长安汽车
2024-07-10,hs300,2024-07-08,000651,格力电器
2024-07-10,hs300,2024-07-08,000661,长春高新
2024-07-10,hs300,2024-07-08,000708,中信特钢
2024-07-10,hs300,2024-07-08,000725,京东方A
2024-07-10,hs300,2024-07-08,000733,振华科技
2024-07-10,hs300,2024-07-08,000768,中航西飞
2024-07-10,hs300,2024-07-08,000776,广发证券
2024-07-10,hs300,2024-07-08,000786,北新建材
2024-07-10,hs300,2024-07-08,000792,盐湖股份
2024-07-10,hs300,2024-07-08,000800,一汽解放
2024-07-10,hs300,2024-07-08,000807,云铝股份
2024-07-10,hs300,2024-07-08,000858,五粮液
2024-07-10,hs300,2024-07-08,000876,新希望
2024-07-10,hs300,2024-07-08,000895,双汇发展
2024-07-10,hs300,2024-07-08,000938,紫光股份
2024-07-10,hs300,2024-07-08,000963,华东医药
2024-07-10,hs300,2024-07-08,000977,浪潮信息
2024-07-10,hs300,2024-07-08,000983,山西焦煤
2024-07-10,hs300,2024-07-08,000999,华润三九
2024-07-10,hs300,2024-07-08,001289,龙源电力
2024-07-10,hs300,2024-07-08,001965,招商公路
2024-07-10,hs300,2024-07-08,001979,招商蛇口
2024-07-10,hs300,2024-07-08,002001,新和成
2024-07-10,hs300,2024-07-08,002007,华兰生物
2024-07-10,hs300,2024-07-08,002027,分众传媒
2024-07-10,hs300,2024-07-08,002049,紫光国微
2024-07-10,hs300,2024-07-08,002050,三花智控
2024-07-10,hs300,2024-07-08,002074,国轩高科
2024-07-10,hs300,2024-07-08,002129,TCL中环
2024-07-10,hs300,2024-07-08,002142,宁波银行
2024-07-10,hs300,2024-07-08,002179,中航光电
2024-07-10,hs300,2024-07-08,002180,纳思达
2024-07-10,hs300,2024-07-08,002230,科大讯飞
2024-07-10,hs300,2024-07-08,002236,大华股份
2024-07-10,hs300,2024-07-08,002241,歌尔股份
2024-07-10,hs300,2024-07-08,002252,上海莱士
2024-07-10,hs300,2024-07-08,002271,东方雨虹
2024-07-10,hs300,2024-07-08,002304,洋河股份
2024-07-10,hs300,2024-07-08,002311,海大集团
2024-07-10,hs300,2024-07-08,002352,顺丰控股
2024-07-10,hs300,2024-07-08,002371,北方华创
2024-07-10,hs300,2024-07-08,002410,广联达
2024-07-10,hs300,2024-07-08,002415,海康威视
2024-07-10,hs300,2024-07-08,002459,晶澳科技
2024-07-10,hs300,2024-07-08,002460,赣锋锂业
2024-07-10,hs300,2024-07-08,002466,天齐锂业
2024-07-10,hs300,2024-07-08,002475,立讯精密
2024-07-10,hs300,2024-07-08,002493,荣盛石化
2024-07-10,hs300,2024-07-08,002555,三七互娱
2024-07-10,hs300,2024-07-08,002594,比亚迪
2024-07-10,hs300,2024-07-08,002601,龙佰集团
2024-07-10,hs300,2024-07-08,002603,以岭药业
2024-07-10,hs300,2024-07-08,002648,卫星化学
2024-07-10,hs300,2024-07-08,002709,天赐材料
2024-07-10,hs300,2024-07-08,002714,牧原股份
2024-07-10,hs300,2024-07-08,002736,国信证券
2024-07-10,hs300,2024-07-08,002812,恩捷股份
2024-07-10,hs300,2024-07-08,002821,凯莱英
2024-07-10,hs300,2024-07-08,002841,视源股份
2024-07-10,hs300,2024-07-08,002916,深南电路
2024-07-10,hs300,2024-07-08,002920,德赛西威
2024-07-10,hs300,2024-07-08,002938,鹏鼎控股
2024-07-10,hs300,2024-07-08,003816,中国广核
2024-07-10,hs300,2024-07-08,300014,亿纬锂能
2024-07-10,hs300,2024-07-08,300015,爱尔眼科
2024-07-10,hs300,2024-07-08,300033,同花顺
2024-07-10,hs300,2024-07-08,300059,东方财富
2024-07-10,hs300,2024-07-08,300122,智飞生物
2024-07-10,hs300,2024-07-08,300124,汇川技术
2024-07-10,hs300,2024-07-08,300142,沃森生物
2024-07-10,hs300,2024-07-08,300223,北京君正
2024-07-10,hs300,2024-07-08,300274,阳光电源
2024-07-10,hs300,2024-07-08,300308,中际旭创
2024-07-10,hs300,2024-07-08,300316,晶盛机电
2024-07-10,hs300,2024-07-08,300347,泰格医药
2024-07-10,hs300,2024-07-08,300408,三环集团
2024-07-10,hs300,2024-07-08,300413,芒果超媒
2024-07-10,hs300,2024-07-08,300418,昆仑万维
2024-07-10,hs300,2024-07-08,300433,蓝思科技
2024-07-10,hs300,2024-07-08,300442,润泽科技
2024-07-10,hs300,2024-07-08,300450,先导智能
2024-07-10,hs300,2024-07-08,300454,深信服
2024-07-10,hs300,2024-07-08,300496,中科创达
2024-07-10,hs300,2024-07-08,300498,温氏股份
2024-07-10,hs300,2024-07-08,300628,亿联网络
2024-07-10,hs300,2024-07-08,300661,圣邦股份
2024-07-10,hs300,2024-07-08,300750,宁德时代
2024-07-10,hs300,2024-07-08,300751,迈为股份
2024-07-10,hs300,2024-07-08,300759,康龙化成
2024-07-10,hs300,2024-07-08,300760,迈瑞医疗
2024-07-10,hs300,2024-07-08,300782,卓胜微
2024-07-10,hs300,2024-07-08,300832,新产业
2024-07-10,hs300,2024-07-08,300896,爱美客
2024-07-10,hs300,2024-07-08,300919,中伟股份
2024-07-10,hs300,2024-07-08,300957,贝泰妮
2024-07-10,hs300,2024-07-08,300979,华利集团
2024-07-10,hs300,2024-07-08,300999,金龙鱼
2024-07-10,hs300,2024-07-08,301269,华大九天
2024-07-10,zz500,2024-07-08,600004,白云机场
2024-07-10,zz500,2024-07-08,600008,首创环保
2024-07-10,zz500,2024-07-08,600021,上海电力
2024-07-10,zz500,2024-07-08,600022,山东钢铁
2024-07-10,zz500,2024-07-08,600032,浙江新能
2024-07-10,zz500,2024-07-08,600038,中直股份
2024-07-10,zz500,2024-07-08,600056,中国医药
2024-07-10,zz500,2024-07-08,600060,海信视像
2024-07-10,zz500,2024-07-08,600062,华润双鹤
2024-07-10,zz500,2024-07-08,600066,宇通客车
2024-07-10,zz500,2024-07-08,600079,人福医药
2024-07-10,zz500,2024-07-08,600095,湘财股份
2024-07-10,zz500,2024-07-08,600096,云天化
2024-07-10,zz500,2024-07-08,600098,广州发展
2024-07-10,zz500,2024-07-08,600109,国金证券
2024-07-10,zz500,2024-07-08,600118,中国卫星
2024-07-10,zz500,2024-07-08,600126,杭钢股份
2024-07-10,zz500,2024-07-08,600129,太极集团
2024-07-10,zz500,2024-07-08,600131,国网信通
2024-07-10,zz500,2024-07-08,600141,兴发集团
2024-07-10,zz500,2024-07-08,600143,金发科技
2024-07-10,zz500,2024-07-08,600153,建发股份
2024-07-10,zz500,2024-07-08,600155,华创云信
2024-07-10,zz500,2024-07-08,600157,永泰能源
2024-07-10,zz500,2024-07-08,600166,福田汽车
2024-07-10,zz500,2024-07-08,600170,上海建工
2024-07-10,zz500,2024-07-08,600177,雅戈尔
2024-07-10,zz500,2024-07-08,600208,新湖中宝
2024-07-10,zz500,2024-07-08,600258,首旅酒店
2024-07-10,zz500,2024-07-08,600271,航天信息
2024-07-10,zz500,2024-07-08,600282,南钢股份
2024-07-10,zz500,2024-07-08,600298,安琪酵母
2024-07-10,zz500,2024-07-08,600299,安迪苏
2024-07-10,zz500,2024-07-08,600315,上海家化
2024-07-10,zz500,2024-07-08,600316,洪都航空
2024-07-10,zz500,2024-07-08,600325,华发股份
2024-07-10,zz500,2024-07-08,600329,达仁堂
2024-07-10,zz500,2024-07-08,600339,中油工程
2024-07-10,zz500,2024-07-08,600348,华阳股份
2024-07-10,zz500,2024-07-08,600350,山东高速
2024-07-10,zz500,2024-07-08,600352,浙江龙盛
2024-07-10,zz500,2024-07-08,600361,创新新材
2024-07-10,zz500,2024-07-08,600369,西南证券
2024-07-10,zz500,2024-07-08,600373,中文传媒
2024-07-10,zz500,2024-07-08,600377,宁沪高速
2024-07-10,zz500,2024-07-08,600378,昊华科技
2024-07-10,zz500,2024-07-08,600380,健康元
2024-07-10,zz500,2024-07-08,600390,五矿资本
2024-07-10,zz500,2024-07-08,600392,盛和资源
2024-07-10,zz500,2024-07-08,600398,海澜之家
2024-07-10,zz500,2024-07-08,600399,抚顺特钢
2024-07-10,zz500,2024-07-08,600416,湘电股份
2024-07-10,zz500,2024-07-08,600418,江淮汽车
2024-07-10,zz500,2024-07-08,600435,北方导航
2024-07-10,zz500,2024-07-08,600481,双良节能
2024-07-10,zz500,2024-07-08,600483,福能股份
2024-07-10,zz500,2024-07-08,600486,扬农化工
2024-07-10,zz500,2024-07-08,600497,驰宏锌锗
2024-07-10,zz500,2024-07-08,600498,烽火通信
2024-07-10,zz500,2024-07-08,600499,科达制造
2024-07-10,zz500,2024-07-08,600500,中化国际
2024-07-10,zz500,2024-07-08,600511,国药股份
2024-07-10,zz500,2024-07-08,600516,方大炭素
2024-07-10,zz500,2024-07-08,600517,国网英大
2024-07-10,zz500,2024-07-08,600521,华海药业
2024-07-10,zz500,2024-07-08,600528,中铁工业
2024-07-10,zz500,2024-07-08,600529,山东药玻
2024-07-10,zz500,2024-07-08,600535,天士力
2024-07-10,zz500,2024-07-08,600536,中国软件
2024-07-10,zz500,2024-07-08,600546,山煤国际
2024-07-10,zz500,2024-07-08,600549,厦门钨业
2024-07-10,zz500,2024-07-08,600563,法拉电子
2024-07-10,zz500,2024-07-08,600566,济川药业
2024-07-10,zz500,2024-07-08,600578,京能电力
2024-07-10,zz500,2024-07-08,600580,卧龙电驱
2024-07-10,zz500,2024-07-08,600582,天地科技
2024-07-10,zz500,2024-07-08,600583,海油工程
2024-07-10,zz500,2024-07-08,600598,北大荒
2024-07-10,zz500,2024-07-08,600612,老凤祥
2024-07-10,zz500,2024-07-08,600637,东方明珠
2024-07-10,zz500,2024-07-08,600642,申能股份
2024-07-10,zz500,2024-07-08,600655,豫园股份
2024-07-10,zz500,2024-07-08,600663,陆家嘴
2024-07-10,zz500,2024-07-08,600673,东阳光
2024-07-10,zz500,2024-07-08,600699,均胜电子
2024-07-10,zz500,2024-07-08,600704,物产中大
2024-07-10,zz500,2024-07-08,600707,彩虹股份
2024-07-10,zz500,2024-07-08,600737,中粮糖业
2024-07-10,zz500,2024-07-08,600739,辽宁成大
2024-07-10,zz500,2024-07-08,600754,锦江酒店
2024-07-10,zz500,2024-07-08,600755,厦门国贸
2024-07-10,zz500,2024-07-08,600763,通策医疗
2024-07-10,zz500,2024-07-08,600764,中国海防
2024-07-10,zz500,2024-07-08,600765,中航重机
2024-07-10,zz500,2024-07-08,600801,华新水泥
2024-07-10,zz500,2024-07-08,600808,马钢股份
2024-07-10,zz500,2024-07-08,600816,建元信托
2024-07-10,zz500,2024-07-08,600820,隧道股份
2024-07-10,zz500,2024-07-08,600827,百联股份
2024-07-10,zz500,2024-07-08,600839,四川长虹
2024-07-10,zz500,2024-07-08,600848,上海临港
2024-07-10,zz500,2024-07-08,600859,王府井
2024-07-10,zz500,2024-07-08,600862,中航高科
2024-07-10,zz500,2024-07-08,600863,内蒙华电
2024-07-10,zz500,2024-07-08,600867,通化东宝
2024-07-10,zz500,2024-07-08,600871,石化油服
2024-07-10,zz500,2024-07-08,600872,中炬高新
2024-07-10,zz500,2024-07-08,600873,梅花生物
2024-07-10,zz500,2024-07-08,600879,航天电子
2024-07-10,zz500,2024-07-08,600884,杉杉股份
2024-07-10,zz500,2024-07-08,600885,宏发股份
2024-07-10,zz500,2024-07-08,600895,张江高科
2024-07-10,zz500,2024-07-08,600901,江苏金租
2024-07-10,zz500,2024-07-08,600906,财达证券
2024-07-10,zz500,2024-07-08,600909,华安证券
2024-07-10,zz500,2024-07-08,600925,苏能股份
2024-07-10,zz500,2024-07-08,600927,永安期货
2024-07-10,zz500,2024-07-08,600928,西安银行
2024-07-10,zz500,2024-07-08,600956,新天绿能
2024-07-10,zz500,2024-07-08,600959,江苏有线
2024-07-10,zz500,2024-07-08,600967,内蒙一机
2024-07-10,zz500,2024-07-08,600968,海油发展
2024-07-10,zz500,2024-07-08,600970,中材国际
2024-07-10,zz500,2024-07-08,600977,中国电影
2024-07-10,zz500,2024-07-08,600985,淮北矿业
2024-07-10,zz500,2024-07-08,600988,赤峰黄金
2024-07-10,zz500,2024-07-08,600995,南网储能
2024-07-10,zz500,2024-07-08,600998,九州通
2024-07-10,zz500,2024-07-08,601000,唐山港
2024-07-10,zz500,2024-07-08,601016,节能风电
2024-07-10,zz500,2024-07-08,601019,山东出版
2024-07-10,zz500,2024-07-08,601058,赛轮轮胎
2024-07-10,zz500,2024-07-08,601077,渝农商行
2024-07-10,zz500,2024-07-08,601098,中南传媒
2024-07-10,zz500,2024-07-08,601106,中国一重
2024-07-10,zz500,2024-07-08,601108,财通证券
2024-07-10,zz500,2024-07-08,601118,海南橡胶
2024-07-10,zz500,2024-07-08,601128,常熟银行
2024-07-10,zz500,2024-07-08,601139,深圳燃气
2024-07-10,zz500,2024-07-08,601155,新城控股
2024-07-10,zz500,2024-07-08,601156,东航物流
2024-07-10,zz500,2024-07-08,601158,重庆水务
2024-07-10,zz500,2024-07-08,601162,天风证券
2024-07-10,zz500,2024-07-08,601168,西部矿业
2024-07-10,zz500,2024-07-08,601179,中国西电
2024-07-10,zz500,2024-07-08,601198,东兴证券
2024-07-10,zz500,2024-07-08,601212,白银有色
2024-07-10,zz500,2024-07-08,601216,君正集团
2024-07-10,zz500,2024-07-08,601228,广州港
2024-07-10,zz500,2024-07-08,601231,环旭电子
2024-07-10,zz500,2024-07-08,601233,桐昆股份
2024-07-10,zz500,2024-07-08,601298,青岛港
2024-07-10,zz500,2024-07-08,601399,国机重装
2024-07-10,zz500,2024-07-08,601456,国联证券
2024-07-10,zz500,2024-07-08,601555,东吴证券
2024-07-10,zz500,2024-07-08,601567,三星医疗
2024-07-10,zz500,2024-07-08,601568,北元集团
2024-07-10,zz500,2024-07-08,601577,长沙银行
2024-07-10,zz500,2024-07-08,601598,中国外运
2024-07-10,zz500,2024-07-08,601608,中信重工
2024-07-10,zz500,2024-07-08,601611,中国核建
2024-07-10,zz500,2024-07-08,601615,明阳智能
2024-07-10,zz500,2024-07-08,601636,旗滨集团
2024-07-10,zz500,2024-07-08,601665,齐鲁银行
2024-07-10,zz500,2024-07-08,601666,平煤股份
2024-07-10,zz500,2024-07-08,601696,中银证券
2024-07-10,zz500,2024-07-08,601717,郑煤机
2024-07-10,zz500,2024-07-08,601828,美凯龙
2024-07-10,zz500,2024-07-08,601858,中国科传
2024-07-10,zz500,2024-07-08,601866,中远海发
2024-07-10,zz500,2024-07-08,601880,辽港股份
2024-07-10,zz500,2024-07-08,601928,凤凰传媒
2024-07-10,zz500,2024-07-08,601933,永辉超市
2024-07-10,zz500,2024-07-08,601958,金钼股份
2024-07-10,zz500,2024-07-08,601965,中国汽研
2024-07-10,zz500,2024-07-08,601966,玲珑轮胎
2024-07-10,zz500,2024-07-08,601990,南京证券
2024-07-10,zz500,2024-07-08,601991,大唐发电
2024-07-10,zz500,2024-07-08,601992,金隅集团
2024-07-10,zz500,2024-07-08,601997,贵阳银行
2024-07-10,zz500,2024-07-08,603000,人民网
2024-07-10,zz500,2024-07-08,603056,德邦股份
2024-07-10,zz500,2024-07-08,603077,和邦生物
2024-07-10,zz500,2024-07-08,603087,甘李药业
2024-07-10,zz500,2024-07-08,603127,昭衍新药
2024-07-10,zz500,2024-07-08,603156,养元饮品
2024-07-10,zz500,2024-07-08,603160,汇顶科技
2024-07-10,zz500,2024-07-08,603179,新泉股份
2024-07-10,zz500,2024-07-08,603185,弘元绿能
2024-07-10,zz500,2024-07-08,603218,日月股份
2024-07-10,zz500,2024-07-08,603225,新凤鸣
2024-07-10,zz500,2024-07-08,603228,景旺电子
2024-07-10,zz500,2024-07-08,603233,大参林
2024-07-10,zz500,2024-07-08,603290,斯达半导
2024-07-10,zz500,2024-07-08,603298,杭叉集团
2024-07-10,zz500,2024-07-08,603305,旭升集团
2024-07-10,zz500,2024-07-08,603317,天味食品
2024-07-10,zz500,2024-07-08,603338,浙江鼎力
2024-07-10,zz500,2024-07-08,603345,安井食品
2024-07-10,zz500,2024-07-08,603379,三美股份
2024-07-10,zz500,2024-07-08,603444,吉比特
2024-07-10,zz500,2024-07-08,603456,九洲药业
2024-07-10,zz500,2024-07-08,603486,科沃斯
2024-07-10,zz500,2024-07-08,603517,绝味食品
2024-07-10,zz500,2024-07-08,603529,爱玛科技
2024-07-10,zz500,2024-07-08,603568,伟明环保
2024-07-10,zz500,2024-07-08,603589,口子窖
2024-07-10,zz500,2024-07-08,603596,伯特利
2024-07-10,zz500,2024-07-08,603606,东方电缆
2024-07-10,zz500,2024-07-08,603650,彤程新材
2024-07-10,zz500,2024-07-08,603658,安图生物
2024-07-10,zz500,2024-07-08,603688,石英股份
2024-07-10,zz500,2024-07-08,603707,健友股份
2024-07-10,zz500,2024-07-08,603712,七一二
2024-07-10,zz500,2024-07-08,603728,鸣志电器
2024-07-10,zz500,2024-07-08,603737,三棵树
2024-07-10,zz500,2024-07-08,603786,科博达
2024-07-10,zz500,2024-07-08,603816,顾家家居
2024-07-10,zz500,2024-07-08,603826,坤彩科技
2024-07-10,zz500,2024-07-08,603858,步长制药
2024-07-10,zz500,2024-07-08,603868,飞科电器
2024-07-10,zz500,2024-07-08,603882,金域医学
2024-07-10,zz500,2024-07-08,603883,老百姓
2024-07-10,zz500,2024-07-08,603885,吉祥航空
2024-07-10,zz500,2024-07-08,603893,瑞芯微
2024-07-10,zz500,2024-07-08,603927,中科软
2024-07-10,zz500,2024-07-08,603939,益丰药房
2024-07-10,zz500,2024-07-08,603979,金诚信
2024-07-10,zz500,2024-07-08,605358,立昂微
2024-07-10,zz500,2024-07-08,688002,睿创微纳
2024-07-10,zz500,2024-07-08,688005,容百科技
2024-07-10,zz500,2024-07-08,688006,杭可科技
2024-07-10,zz500,2024-07-08,688017,绿的谐波
2024-07-10,zz500,2024-07-08,688029,南微医学
2024-07-10,zz500,2024-07-08,688032,禾迈股份
2024-07-10,zz500,2024-07-08,688052,纳芯微
2024-07-10,zz500,2024-07-08,688063,派能科技
2024-07-10,zz500,2024-07-08,688065,凯赛生物
2024-07-10,zz500,2024-07-08,688099,晶晨股份
2024-07-10,zz500,2024-07-08,688107,安路科技
2024-07-10,zz500,2024-07-08,688114,华大智造
2024-07-10,zz500,2024-07-08,688120,华海清科
2024-07-10,zz500,2024-07-08,688122,西部超导
2024-07-10,zz500,2024-07-08,688153,唯捷创芯
2024-07-10,zz500,2024-07-08,688169,石头科技
2024-07-10,zz500,2024-07-08,688172,燕东微
2024-07-10,zz500,2024-07-08,688180,君实生物
2024-07-10,zz500,2024-07-08,688188,柏楚电子
2024-07-10,zz500,2024-07-08,688200,华峰测控
2024-07-10,zz500,2024-07-08,688213,思特威
2024-07-10,zz500,2024-07-08,688220,翱捷科技
2024-07-10,zz500,2024-07-08,688234,天岳先进
2024-07-10,zz500,2024-07-08,688248,南网科技
2024-07-10,zz500,2024-07-08,688276,百克生物
2024-07-10,zz500,2024-07-08,688281,华秦科技
2024-07-10,zz500,2024-07-08,688295,中复神鹰
2024-07-10,zz500,2024-07-08,688297,中无人机
2024-07-10,zz500,2024-07-08,688301,奕瑞科技
2024-07-10,zz500,2024-07-08,688331,荣昌生物
2024-07-10,zz500,2024-07-08,688348,昱能科技
2024-07-10,zz500,2024-07-08,688349,三一重能
2024-07-10,zz500,2024-07-08,688375,国博电子
2024-07-10,zz500,2024-07-08,688385,复旦微电
2024-07-10,zz500,2024-07-08,688387,信科移动
2024-07-10,zz500,2024-07-08,688390,固德威
2024-07-10,zz500,2024-07-08,688425,铁建重工
2024-07-10,zz500,2024-07-08,688475,萤石网络
2024-07-10,zz500,2024-07-08,688516,奥特维
2024-07-10,zz500,2024-07-08,688520,神州细胞
2024-07-10,zz500,2024-07-08,688521,芯原股份
2024-07-10,zz500,2024-07-08,688525,佰维存储
2024-07-10,zz500,2024-07-08,688536,思瑞浦
2024-07-10,zz500,2024-07-08,688538,和辉光电
2024-07-10,zz500,2024-07-08,688561,奇安信
2024-07-10,zz500,2024-07-08,688567,孚能科技
2024-07-10,zz500,2024-07-08,688617,惠泰医疗
2024-07-10,zz500,2024-07-08,688772,珠海冠宇
2024-07-10,zz500,2024-07-08,688777,中控技术
2024-07-10,zz500,2024-07-08,688778,厦钨新能
2024-07-10,zz500,2024-07-08,688779,长远锂科
2024-07-10,zz500,2024-07-08,688819,天能股份
2024-07-10,zz500,2024-07-08,689009,九号公司
2024-07-10,zz500,2024-07-08,000009,中国宝安
2024-07-10,zz500,2024-07-08,000021,深科技
2024-07-10,zz500,2024-07-08,000027,深圳能源
2024-07-10,zz500,2024-07-08,000031,大悦城
2024-07-10,zz500,2024-07-08,000032,深桑达A
2024-07-10,zz500,2024-07-08,000039,中集集团
2024-07-10,zz500,2024-07-08,000050,深天马A
2024-07-10,zz500,2024-07-08,000060,中金岭南
2024-07-10,zz500,2024-07-08,000066,中国长城
2024-07-10,zz500,2024-07-08,000155,川能动力
2024-07-10,zz500,2024-07-08,000156,华数传媒
2024-07-10,zz500,2024-07-08,000400,许继电气
2024-07-10,zz500,2024-07-08,000401,冀东水泥
2024-07-10,zz500,2024-07-08,000423,东阿阿胶
2024-07-10,zz500,2024-07-08,000513,丽珠集团
2024-07-10,zz500,2024-07-08,000519,中兵红箭
2024-07-10,zz500,2024-07-08,000537,中绿电
2024-07-10,zz500,2024-07-08,000539,粤电力A
2024-07-10,zz500,2024-07-08,000559,万向钱潮
2024-07-10,zz500,2024-07-08,000563,陕国投A
2024-07-10,zz500,2024-07-08,000591,太阳能
2024-07-10,zz500,2024-07-08,000598,兴蓉环境
2024-07-10,zz500,2024-07-08,000623,吉林敖东
2024-07-10,zz500,2024-07-08,000629,钒钛股份
2024-07-10,zz500,2024-07-08,000630,铜陵有色
2024-07-10,zz500,2024-07-08,000636,风华高科
2024-07-10,zz500,2024-07-08,000683,远兴能源
2024-07-10,zz500,2024-07-08,000703,恒逸石化
2024-07-10,zz500,2024-07-08,000709,河钢股份
2024-07-10,zz500,2024-07-08,000723,美锦能源
2024-07-10,zz500,2024-07-08,000728,国元证券
2024-07-10,zz500,2024-07-08,000729,燕京啤酒
2024-07-10,zz500,2024-07-08,000738,航发控制
2024-07-10,zz500,2024-07-08,000739,普洛药业
2024-07-10,zz500,2024-07-08,000750,国海证券
2024-07-10,zz500,2024-07-08,000778,新兴铸管
2024-07-10,zz500,2024-07-08,000783,长江证券
2024-07-10,zz500,2024-07-08,000785,居然之家
2024-07-10,zz500,2024-07-08,000818,航锦科技
2024-07-10,zz500,2024-07-08,000825,太钢不锈
2024-07-10,zz500,2024-07-08,000830,鲁西化工
2024-07-10,zz500,2024-07-08,000831,中国稀土
2024-07-10,zz500,2024-07-08,000878,云南铜业
2024-07-10,zz500,2024-07-08,000883,湖北能源
2024-07-10,zz500,2024-07-08,000887,中鼎股份
2024-07-10,zz500,2024-07-08,000893,亚钾国际
2024-07-10,zz500,2024-07-08,000898,鞍钢股份
2024-07-10,zz500,2024-07-08,000921,海信家电
2024-07-10,zz500,2024-07-08,000932,华菱钢铁
2024-07-10,zz500,2024-07-08,000933,神火股份
2024-07-10,zz500,2024-07-08,000937,冀中能源
2024-07-10,zz500,2024-07-08,000958,电投产融
2024-07-10,zz500,2024-07-08,000959,首钢股份
2024-07-10,zz500,2024-07-08,000960,锡业股份
2024-07-10,zz500,2024-07-08,000967,盈峰环境
2024-07-10,zz500,2024-07-08,000987,越秀资本
2024-07-10,zz500,2024-07-08,000988,华工科技
2024-07-10,zz500,2024-07-08,000997,新大陆
2024-07-10,zz500,2024-07-08,000998,隆平高科
2024-07-10,zz500,2024-07-08,001203,大中矿业
2024-07-10,zz500,2024-07-08,001227,兰州银行
2024-07-10,zz500,2024-07-08,001286,陕西能源
2024-07-10,zz500,2024-07-08,001872,招商港口
2024-07-10,zz500,2024-07-08,002008,大族激光
2024-07-10,zz500,2024-07-08,002019,亿帆医药
2024-07-10,zz500,2024-07-08,002025,航天电器
2024-07-10,zz500,2024-07-08,002028,思源电气
2024-07-10,zz500,2024-07-08,002044,美年健康
2024-07-10,zz500,2024-07-08,002056,横店东磁
2024-07-10,zz500,2024-07-08,002064,华峰化学
2024-07-10,zz500,2024-07-08,002065,东华软件
2024-07-10,zz500,2024-07-08,002078,太阳纸业
2024-07-10,zz500,2024-07-08,002080,中材科技
2024-07-10,zz500,2024-07-08,002120,韵达股份
2024-07-10,zz500,2024-07-08,002128,电投能源
2024-07-10,zz500,2024-07-08,002138,顺络电子
2024-07-10,zz500,2024-07-08,002152,广电运通
2024-07-10,zz500,2024-07-08,002153,石基信息
2024-07-10,zz500,2024-07-08,002155,湖南黄金
2024-07-10,zz500,2024-07-08,002156,通富微电
2024-07-10,zz500,2024-07-08,002185,华天科技
2024-07-10,zz500,2024-07-08,002195,岩山科技
2024-07-10,zz500,2024-07-08,002202,金风科技
2024-07-10,zz500,2024-07-08,002203,海亮股份
2024-07-10,zz500,2024-07-08,002223,鱼跃医疗
2024-07-10,zz500,2024-07-08,002240,盛新锂能
2024-07-10,zz500,2024-07-08,002244,滨江集团
2024-07-10,zz500,2024-07-08,002261,拓维信息
2024-07-10,zz500,2024-07-08,002262,恩华药业
2024-07-10,zz500,2024-07-08,002266,浙富控股
2024-07-10,zz500,2024-07-08,002268,电科网安
2024-07-10,zz500,2024-07-08,002273,水晶光电
2024-07-10,zz500,2024-07-08,002281,光迅科技
2024-07-10,zz500,2024-07-08,002294,信立泰
2024-07-10,zz500,2024-07-08,002299,圣农发展
2024-07-10,zz500,2024-07-08,002340,格林美
2024-07-10,zz500,2024-07-08,002353,杰瑞股份
2024-07-10,zz500,2024-07-08,002368,太极股份
2024-07-10,zz500,2024-07-08,002372,伟星新材
2024-07-10,zz500,2024-07-08,002373,千方科技
2024-07-10,zz500,2024-07-08,002384,东山精密
2024-07-10,zz500,2024-07-08,002385,大北农
2024-07-10,zz500,2024-07-08,002407,多氟多
2024-07-10,zz500,2024-07-08,002408,齐翔腾达
2024-07-10,zz500,2024-07-08,002409,雅克科技
2024-07-10,zz500,2024-07-08,002414,高德红外
2024-07-10,zz500,2024-07-08,002423,中粮资本
2024-07-10,zz500,2024-07-08,002429,兆驰股份
2024-07-10,zz500,2024-07-08,002430,杭氧股份
2024-07-10,zz500,2024-07-08,002432,九安医疗
2024-07-10,zz500,2024-07-08,002436,兴森科技
2024-07-10,zz500,2024-07-08,002439,启明星辰
2024-07-10,zz500,2024-07-08,002444,巨星科技
2024-07-10,zz500,2024-07-08,002465,海格通信
2024-07-10,zz500,2024-07-08,002472,双环传动
2024-07-10,zz500,2024-07-08,002487,大金重工
2024-07-10,zz500,2024-07-08,002497,雅化集团
2024-07-10,zz500,2024-07-08,002500,山西证券
2024-07-10,zz500,2024-07-08,002506,协鑫集成
2024-07-10,zz500,2024-07-08,002507,涪陵榨菜
2024-07-10,zz500,2024-07-08,002508,老板电器
2024-07-10,zz500,2024-07-08,002517,恺英网络
2024-07-10,zz500,2024-07-08,002518,科士达
2024-07-10,zz500,2024-07-08,002531,天顺风能
2024-07-10,zz500,2024-07-08,002532,天山铝业
2024-07-10,zz500,2024-07-08,002557,洽洽食品
2024-07-10,zz500,2024-07-08,002558,巨人网络
2024-07-10,zz500,2024-07-08,002563,森马服饰
2024-07-10,zz500,2024-07-08,002568,百润股份
2024-07-10,zz500,2024-07-08,002572,索菲亚
2024-07-10,zz500,2024-07-08,002595,豪迈科技
2024-07-10,zz500,2024-07-08,002607,中公教育
2024-07-10,zz500,2024-07-08,002608,江苏国信
2024-07-10,zz500,2024-07-08,002624,完美世界
2024-07-10,zz500,2024-07-08,002625,光启技术
2024-07-10,zz500,2024-07-08,002653,海思科
2024-07-10,zz500,2024-07-08,002670,国盛金控
2024-07-10,zz500,2024-07-08,002673,西部证券
2024-07-10,zz500,2024-07-08,002683,广东宏大
2024-07-10,zz500,2024-07-08,002690,美亚光电
2024-07-10,zz500,2024-07-08,002738,中矿资源
2024-07-10,zz500,2024-07-08,002739,万达电影
2024-07-10,zz500,2024-07-08,002756,永兴材料
2024-07-10,zz500,2024-07-08,002791,坚朗五金
2024-07-10,zz500,2024-07-08,002797,第一创业
2024-07-10,zz500,2024-07-08,002831,裕同科技
2024-07-10,zz500,2024-07-08,002850,科达利
2024-07-10,zz500,2024-07-08,002865,钧达股份
2024-07-10,zz500,2024-07-08,002867,周大生
2024-07-10,zz500,2024-07-08,002926,华西证券
2024-07-10,zz500,2024-07-08,002936,郑州银行
2024-07-10,zz500,2024-07-08,002939,长城证券
2024-07-10,zz500,2024-07-08,002945,华林证券
2024-07-10,zz500,2024-07-08,002958,青农商行
2024-07-10,zz500,2024-07-08,002966,苏州银行
2024-07-10,zz500,2024-07-08,002984,森麒麟
2024-07-10,zz500,2024-07-08,003022,联泓新科
2024-07-10,zz500,2024-07-08,003031,中瓷电子
2024-07-10,zz500,2024-07-08,003035,南网能源
2024-07-10,zz500,2024-07-08,300001,特锐德
2024-07-10,zz500,2024-07-08,300002,神州泰岳
2024-07-10,zz500,2024-07-08,300003,乐普医疗
2024-07-10,zz500,2024-07-08,300009,安科生物
2024-07-10,zz500,2024-07-08,300012,华测检测
2024-07-10,zz500,2024-07-08,300017,网宿科技
2024-07-10,zz500,2024-07-08,300024,机器人
2024-07-10,zz500,2024-07-08,300037,新宙邦
2024-07-10,zz500,2024-07-08,300054,鼎龙股份
2024-07-10,zz500,2024-07-08,300058,蓝色光标
2024-07-10,zz500,2024-07-08,300070,碧水源
2024-07-10,zz500,2024-07-08,300073,当升科技
2024-07-10,zz500,2024-07-08,300088,长信科技
2024-07-10,zz500,2024-07-08,300114,中航电测
2024-07-10,zz500,2024-07-08,300118,东方日升
2024-07-10,zz500,2024-07-08,300136,信维通信
2024-07-10,zz500,2024-07-08,300144,宋城演艺
2024-07-10,zz500,2024-07-08,300146,汤臣倍健
2024-07-10,zz500,2024-07-08,300207,欣旺达
2024-07-10,zz500,2024-07-08,300212,易华录
2024-07-10,zz500,2024-07-08,300251,光线传媒
2024-07-10,zz500,2024-07-08,300253,卫宁健康
2024-07-10,zz500,2024-07-08,300285,国瓷材料
2024-07-10,zz500,2024-07-08,300296,利亚德
2024-07-10,zz500,2024-07-08,300357,我武生物
2024-07-10,zz500,2024-07-08,300373,扬杰科技
2024-07-10,zz500,2024-07-08,300383,光环新网
2024-07-10,zz500,2024-07-08,300390,天华新能
2024-07-10,zz500,2024-07-08,300394,天孚通信
2024-07-10,zz500,2024-07-08,300395,菲利华
2024-07-10,zz500,2024-07-08,300438,鹏辉能源
2024-07-10,zz500,2024-07-08,300474,景嘉微
2024-07-10,zz500,2024-07-08,300487,蓝晓科技
2024-07-10,zz500,2024-07-08,300502,新易盛
2024-07-10,zz500,2024-07-08,300529,健帆生物
2024-07-10,zz500,2024-07-08,300558,贝达药业
2024-07-10,zz500,2024-07-08,300567,精测电子
2024-07-10,zz500,2024-07-08,300568,星源材质
2024-07-10,zz500,2024-07-08,300595,欧普康视
2024-07-10,zz500,2024-07-08,300601,康泰生物
2024-07-10,zz500,2024-07-08,300604,长川科技
2024-07-10,zz500,2024-07-08,300676,华大基因
2024-07-10,zz500,2024-07-08,300677,英科医疗
2024-07-10,zz500,2024-07-08,300682,朗新集团
2024-07-10,zz500,2024-07-08,300699,光威复材
2024-07-10,zz500,2024-07-08,300724,捷佳伟创
2024-07-10,zz500,2024-07-08,300748,金力永磁
2024-07-10,zz500,2024-07-08,300763,锦浪科技
2024-07-10,zz500,2024-07-08,300765,新诺威
2024-07-10,zz500,2024-07-08,300776,帝尔激光
2024-07-10,zz500,2024-07-08,300803,指南针
2024-07-10,zz500,2024-07-08,300861,美畅股份
2024-07-10,zz500,2024-07-08,300866,安克创新
2024-07-10,zz500,2024-07-08,300888,稳健医疗
2024-07-10,zz500,2024-07-08,301029,怡合达
2024-07-10,zz500,2024-07-08,301165,锐捷网络
2024-07-10,zz500,2024-07-08,301236,软通动力
2024-07-10,zz500,2024-07-08,301267,华厦眼科
2024-07-10,zz500,2024-07-08,301358,湖南裕能
2025-01-10,hs300,2025-01-06,600000,浦发银行
2025-01-10,hs300,2025-01-06,600009,上海机场
2025-01-10,hs300,2025-01-06,600010,包钢股份
2025-01-10,hs300,2025-01-06,600011,华能国际
2025-01-10,hs300,2025-01-06,600015,华夏银行
2025-01-10,hs300,2025-01-06,600016,民生银行
2025-01-10,hs300,2025-01-06,600018,上港集团
2025-01-10,hs300,2025-01-06,600019,宝钢股份
2025-01-10,hs300,2025-01-06,600023,浙能电力
2025-01-10,hs300,2025-01-06,600025,华能水电
2025-01-10,hs300,2025-01-06,600026,中远海能
2025-01-10,hs300,2025-01-06,600027,华电国际
2025-01-10,hs300,2025-01-06,600028,中国石化
2025-01-10,hs300,2025-01-06,600029,南方航空
2025-01-10,hs300,2025-01-06,600030,中信证券
2025-01-10,hs300,2025-01-06,600031,三一重工
2025-01-10,hs300,2025-01-06,600036,招商银行
2025-01-10,hs300,2025-01-06,600039,四川路桥
2025-01-10,hs300,2025-01-06,600048,保利发展
2025-01-10,hs300,2025-01-06,600050,中国联通
2025-01-10,hs300,2025-01-06,600061,国投资本
2025-01-10,hs300,2025-01-06,600066,宇通客车
2025-01-10,hs300,2025-01-06,600085,同仁堂
2025-01-10,hs300,2025-01-06,600089,特变电工
2025-01-10,hs300,2025-01-06,600104,上汽集团
2025-01-10,hs300,2025-01-06,600111,北方稀土
2025-01-10,hs300,2025-01-06,600115,中国东航
2025-01-10,hs300,2025-01-06,600150,中国船舶
2025-01-10,hs300,2025-01-06,600160,巨化股份
2025-01-10,hs300,2025-01-06,600161,天坛生物
2025-01-10,hs300,2025-01-06,600176,中国巨石
2025-01-10,hs300,2025-01-06,600183,生益科技
2025-01-10,hs300,2025-01-06,600188,兖矿能源
2025-01-10,hs300,2025-01-06,600196,复星医药
2025-01-10,hs300,2025-01-06,600219,南山铝业
2025-01-10,hs300,2025-01-06,600233,圆通速递
2025-01-10,hs300,2025-01-06,600276,恒瑞医药
2025-01-10,hs300,2025-01-06,600309,万华化学
2025-01-10,hs300,2025-01-06,600332,白云山
2025-01-10,hs300,2025-01-06,600346,恒力石化
2025-01-10,hs300,2025-01-06,600362,江西铜业
2025-01-10,hs300,2025-01-06,600372,中航机载
2025-01-10,hs300,2025-01-06,600377,宁沪高速
2025-01-10,hs300,2025-01-06,600406,国电南瑞
2025-01-10,hs300,2025-01-06,600415,小商品城
2025-01-10,hs300,2025-01-06,600426,华鲁恒升
2025-01-10,hs300,2025-01-06,600436,片仔癀
2025-01-10,hs300,2025-01-06,600438,通威股份
2025-01-10,hs300,2025-01-06,600460,士兰微
2025-01-10,hs300,2025-01-06,600482,中国动力
2025-01-10,hs300,2025-01-06,600489,中金黄金
2025-01-10,hs300,2025-01-06,600515,海南机场
2025-01-10,hs300,2025-01-06,600519,贵州茅台
2025-01-10,hs300,2025-01-06,600547,山东黄金
2025-01-10,hs300,2025-01-06,600570,恒生电子
2025-01-10,hs300,2025-01-06,600584,长电科技
2025-01-10,hs300,2025-01-06,600585,海螺水泥
2025-01-10,hs300,2025-01-06,600588,用友网络
2025-01-10,hs300,2025-01-06,600600,青岛啤酒
2025-01-10,hs300,2025-01-06,600660,福耀玻璃
2025-01-10,hs300,2025-01-06,600674,川投能源
2025-01-10,hs300,2025-01-06,600690,海尔智家
2025-01-10,hs300,2025-01-06,600741,华域汽车
2025-01-10,hs300,2025-01-06,600745,闻泰科技
2025-01-10,hs300,2025-01-06,600760,中航沈飞
2025-01-10,hs300,2025-01-06,600795,国电电力
2025-01-10,hs300,2025-01-06,600803,新奥股份
2025-01-10,hs300,2025-01-06,600809,山西汾酒
2025-01-10,hs300,2025-01-06,600837,海通证券
2025-01-10,hs300,2025-01-06,600845,宝信软件
2025-01-10,hs300,2025-01-06,600875,东方电气
2025-01-10,hs300,2025-01-06,600886,国投电力
2025-01-10,hs300,2025-01-06,600887,伊利股份
2025-01-10,hs300,2025-01-06,600893,航发动力
2025-01-10,hs300,2025-01-06,600900,长江电力
2025-01-10,hs300,2025-01-06,600905,三峡能源
2025-01-10,hs300,2025-01-06,600918,中泰证券
2025-01-10,hs300,2025-01-06,600919,江苏银行
2025-01-10,hs300,2025-01-06,600926,杭州银行
2025-01-10,hs300,2025-01-06,600938,中国海油
2025-01-10,hs300,2025-01-06,600941,中国移动
2025-01-10,hs300,2025-01-06,600958,东方证券
2025-01-10,hs300,2025-01-06,600989,宝丰能源
2025-01-10,hs300,2025-01-06,600999,招商证券
2025-01-10,hs300,2025-01-06,601006,大秦铁路
2025-01-10,hs300,2025-01-06,601009,南京银行
2025-01-10,hs300,2025-01-06,601012,隆基绿能
2025-01-10,hs300,2025-01-06,601021,春秋航空
2025-01-10,hs300,2025-01-06,601059,信达证券
2025-01-10,hs300,2025-01-06,601066,中信建投
2025-01-10,hs300,2025-01-06,601088,中国神华
2025-01-10,hs300,2025-01-06,601100,恒立液压
2025-01-10,hs300,2025-01-06,601111,中国国航
2025-01-10,hs300,2025-01-06,601117,中国化学
2025-01-10,hs300,2025-01-06,601127,赛力斯
2025-01-10,hs300,2025-01-06,601136,首创证券
2025-01-10,hs300,2025-01-06,601138,工业富联
2025-01-10,hs300,2025-01-06,601166,兴业银行
2025-01-10,hs300,2025-01-06,601169,北京银行
2025-01-10,hs300,2025-01-06,601186,中国铁建
2025-01-10,hs300,2025-01-06,601211,国泰君安
2025-01-10,hs300,2025-01-06,601225,陕西煤业
2025-01-10,hs300,2025-01-06,601229,上海银行
2025-01-10,hs300,2025-01-06,601236,红塔证券
2025-01-10,hs300,2025-01-06,601238,广汽集团
2025-01-10,hs300,2025-01-06,601288,农业银行
2025-01-10,hs300,2025-01-06,601318,中国平安
2025-01-10,hs300,2025-01-06,601319,中国人保
2025-01-10,hs300,2025-01-06,601328,交通银行
2025-01-10,hs300,2025-01-06,601336,新华保险
2025-01-10,hs300,2025-01-06,601360,三六零
2025-01-10,hs300,2025-01-06,601377,兴业证券
2025-01-10,hs300,2025-01-06,601390,中国中铁
2025-01-10,hs300,2025-01-06,601398,工商银行
2025-01-10,hs300,2025-01-06,601600,中国铝业
2025-01-10,hs300,2025-01-06,601601,中国太保
2025-01-10,hs300,2025-01-06,601607,上海医药
2025-01-10,hs300,2025-01-06,601618,中国中冶
2025-01-10,hs300,2025-01-06,601628,中国人寿
2025-01-10,hs300,2025-01-06,601633,长城汽车
2025-01-10,hs300,2025-01-06,601658,邮储银行
2025-01-10,hs300,2025-01-06,601668,中国建筑
2025-01-10,hs300,2025-01-06,601669,中国电建
2025-01-10,hs300,2025-01-06,601688,华泰证券
2025-01-10,hs300,2025-01-06,601689,拓普集团
2025-01-10,hs300,2025-01-06,601698,中国卫通
2025-01-10,hs300,2025-01-06,601699,潞安环能
2025-01-10,hs300,2025-01-06,601728,中国电信
2025-01-10,hs300,2025-01-06,601766,中国中车
2025-01-10,hs300,2025-01-06,601788,光大证券
2025-01-10,hs300,2025-01-06,601799,星宇股份
2025-01-10,hs300,2025-01-06,601800,中国交建
2025-01-10,hs300,2025-01-06,601808,中海油服
2025-01-10,hs300,2025-01-06,601816,京沪高铁
2025-01-10,hs300,2025-01-06,601818,光大银行
2025-01-10,hs300,2025-01-06,601838,成都银行
2025-01-10,hs300,2025-01-06,601857,中国石油
2025-01-10,hs300,2025-01-06,601865,福莱特
2025-01-10,hs300,2025-01-06,601868,中国能建
2025-01-10,hs300,2025-01-06,601872,招商轮船
2025-01-10,hs300,2025-01-06,601877,正泰电器
2025-01-10,hs300,2025-01-06,601878,浙商证券
2025-01-10,hs300,2025-01-06,601881,中国银河
2025-01-10,hs300,2025-01-06,601888,中国中免
2025-01-10,hs300,2025-01-06,601898,中煤能源
2025-01-10,hs300,2025-01-06,601899,紫金矿业
2025-01-10,hs300,2025-01-06,601901,方正证券
2025-01-10,hs300,2025-01-06,601916,浙商银行
2025-01-10,hs300,2025-01-06,601919,中远海控
2025-01-10,hs300,2025-01-06,601939,建设银行
2025-01-10,hs300,2025-01-06,601985,中国核电
2025-01-10,hs300,2025-01-06,601988,中国银行
2025-01-10,hs300,2025-01-06,601989,中国重工
2025-01-10,hs300,2025-01-06,601995,中金公司
2025-01-10,hs300,2025-01-06,601998,中信银行
2025-01-10,hs300,2025-01-06,603019,中科曙光
2025-01-10,hs300,2025-01-06,603195,公牛集团
2025-01-10,hs300,2025-01-06,603259,药明康德
2025-01-10,hs300,2025-01-06,603260,合盛硅业
2025-01-10,hs300,2025-01-06,603288,海天味业
2025-01-10,hs300,2025-01-06,603296,华勤技术
2025-01-10,hs300,2025-01-06,603369,今世缘
2025-01-10,hs300,2025-01-06,603392,万泰生物
2025-01-10,hs300,2025-01-06,603501,韦尔股份
2025-01-10,hs300,2025-01-06,603659,璞泰来
2025-01-10,hs300,2025-01-06,603799,华友钴业
2025-01-10,hs300,2025-01-06,603806,福斯特
2025-01-10,hs300,2025-01-06,603833,欧派家居
2025-01-10,hs300,2025-01-06,603986,兆易创新
2025-01-10,hs300,2025-01-06,603993,洛阳钼业
2025-01-10,hs300,2025-01-06,605117,德业股份
2025-01-10,hs300,2025-01-06,605499,东鹏饮料
2025-01-10,hs300,2025-01-06,688008,澜起科技
2025-01-10,hs300,2025-01-06,688009,中国通号
2025-01-10,hs300,2025-01-06,688012,中微公司
2025-01-10,hs300,2025-01-06,688036,传音控股
2025-01-10,hs300,2025-01-06,688041,海光信息
2025-01-10,hs300,2025-01-06,688082,盛美上海
2025-01-10,hs300,2025-01-06,688111,金山办公
2025-01-10,hs300,2025-01-06,688126,沪硅产业
2025-01-10,hs300,2025-01-06,688169,石头科技
2025-01-10,hs300,2025-01-06,688187,时代电气
2025-01-10,hs300,2025-01-06,688223,晶科能源
2025-01-10,hs300,2025-01-06,688256,寒武纪
2025-01-10,hs300,2025-01-06,688271,联影医疗
2025-01-10,hs300,2025-01-06,688303,大全能源
2025-01-10,hs300,2025-01-06,688396,华润微
2025-01-10,hs300,2025-01-06,688472,阿特斯
2025-01-10,hs300,2025-01-06,688506,百利天恒
2025-01-10,hs300,2025-01-06,688599,天合光能
2025-01-10,hs300,2025-01-06,688981,中芯国际
2025-01-10,hs300,2025-01-06,000001,平安银行
2025-01-10,hs300,2025-01-06,000002,万科A
2025-01-10,hs300,2025-01-06,000063,中兴通讯
2025-01-10,hs300,2025-01-06,000100,TCL科技
2025-01-10,hs300,2025-01-06,000157,中联重科
2025-01-10,hs300,2025-01-06,000166,申万宏源
2025-01-10,hs300,2025-01-06,000301,东方盛虹
2025-01-10,hs300,2025-01-06,000333,美的集团
2025-01-10,hs300,2025-01-06,000338,潍柴动力
2025-01-10,hs300,2025-01-06,000408,藏格矿业
2025-01-10,hs300,2025-01-06,000425,徐工机械
2025-01-10,hs300,2025-01-06,000538,云南白药
2025-01-10,hs300,2025-01-06,000568,泸州老窖
2025-01-10,hs300,2025-01-06,000596,古井贡酒
2025-01-10,hs300,2025-01-06,000617,中油资本
2025-01-10,hs300,2025-01-06,000625,长安汽车
2025-01-10,hs300,2025-01-06,000630,铜陵有色
2025-01-10,hs300,2025-01-06,000651,格力电器
2025-01-10,hs300,2025-01-06,000661,长春高新
2025-01-10,hs300,2025-01-06,000708,中信特钢
2025-01-10,hs300,2025-01-06,000725,京东方A
2025-01-10,hs300,2025-01-06,000768,中航西飞
2025-01-10,hs300,2025-01-06,000776,广发证券
2025-01-10,hs300,2025-01-06,000786,北新建材
2025-01-10,hs300,2025-01-06,000792,盐湖股份
2025-01-10,hs300,2025-01-06,000800,一汽解放
2025-01-10,hs300,2025-01-06,000807,云铝股份
2025-01-10,hs300,2025-01-06,000858,五粮液
2025-01-10,hs300,2025-01-06,000876,新希望
2025-01-10,hs300,2025-01-06,000895,双汇发展
2025-01-10,hs300,2025-01-06,000938,紫光股份
2025-01-10,hs300,2025-01-06,000963,华东医药
2025-01-10,hs300,2025-01-06,000975,山金国际
2025-01-10,hs300,2025-01-06,000977,浪潮信息
2025-01-10,hs300,2025-01-06,000983,山西焦煤
2025-01-10,hs300,2025-01-06,000999,华润三九
2025-01-10,hs300,2025-01-06,001289,龙源电力
2025-01-10,hs300,2025-01-06,001965,招商公路
2025-01-10,hs300,2025-01-06,001979,招商蛇口
2025-01-10,hs300,2025-01-06,002001,新和成
2025-01-10,hs300,2025-01-06,002007,华兰生物
2025-01-10,hs300,2025-01-06,002027,分众传媒
2025-01-10,hs300,2025-01-06,002028,思源电气
2025-01-10,hs300,2025-01-06,002049,紫光国微
2025-01-10,hs300,2025-01-06,002050,三花智控
2025-01-10,hs300,2025-01-06,002074,国轩高科
2025-01-10,hs300,2025-01-06,002129,TCL中环
2025-01-10,hs300,2025-01-06,002142,宁波银行
2025-01-10,hs300,2025-01-06,002179,中航光电
2025-01-10,hs300,2025-01-06,002180,纳思达
2025-01-10,hs300,2025-01-06,002230,科大讯飞
2025-01-10,hs300,2025-01-06,002236,大华股份
2025-01-10,hs300,2025-01-06,002241,歌尔股份
2025-01-10,hs300,2025-01-06,002252,上海莱士
2025-01-10,hs300,2025-01-06,002271,东方雨虹
2025-01-10,hs300,2025-01-06,002304,洋河股份
2025-01-10,hs300,2025-01-06,002311,海大集团
2025-01-10,hs300,2025-01-06,002352,顺丰控股
2025-01-10,hs300,2025-01-06,002371,北方华创
2025-01-10,hs300,2025-01-06,002415,海康威视
2025-01-10,hs300,2025-01-06,002422,科伦药业
2025-01-10,hs300,2025-01-06,002459,晶澳科技
2025-01-10,hs300,2025-01-06,002460,赣锋锂业
2025-01-10,hs300,2025-01-06,002463,沪电股份
2025-01-10,hs300,2025-01-06,002466,天齐锂业
2025-01-10,hs300,2025-01-06,002475,立讯精密
2025-01-10,hs300,2025-01-06,002493,荣盛石化
2025-01-10,hs300,2025-01-06,002555,三七互娱
2025-01-10,hs300,2025-01-06,002594,比亚迪
2025-01-10,hs300,2025-01-06,002601,龙佰集团
2025-01-10,hs300,2025-01-06,002648,卫星化学
2025-01-10,hs300,2025-01-06,002709,天赐材料
2025-01-10,hs300,2025-01-06,002714,牧原股份
2025-01-10,hs300,2025-01-06,002736,国信证券
2025-01-10,hs300,2025-01-06,002812,恩捷股份
2025-01-10,hs300,2025-01-06,002916,深南电路
2025-01-10,hs300,2025-01-06,002920,德赛西威
2025-01-10,hs300,2025-01-06,002938,鹏鼎控股
2025-01-10,hs300,2025-01-06,003816,中国广核
2025-01-10,hs300,2025-01-06,300014,亿纬锂能
2025-01-10,hs300,2025-01-06,300015,爱尔眼科
2025-01-10,hs300,2025-01-06,300033,同花顺
2025-01-10,hs300,2025-01-06,300059,东方财富
2025-01-10,hs300,2025-01-06,300122,智飞生物
2025-01-10,hs300,2025-01-06,300124,汇川技术
2025-01-10,hs300,2025-01-06,300274,阳光电源
2025-01-10,hs300,2025-01-06,300308,中际旭创
2025-01-10,hs300,2025-01-06,300316,晶盛机电
2025-01-10,hs300,2025-01-06,300347,泰格医药
2025-01-10,hs300,2025-01-06,300394,天孚通信
2025-01-10,hs300,2025-01-06,300408,三环集团
2025-01-10,hs300,2025-01-06,300413,芒果超媒
2025-01-10,hs300,2025-01-06,300418,昆仑万维
2025-01-10,hs300,2025-01-06,300433,蓝思科技
2025-01-10,hs300,2025-01-06,300442,润泽科技
2025-01-10,hs300,2025-01-06,300450,先导智能
2025-01-10,hs300,2025-01-06,300498,温氏股份
2025-01-10,hs300,2025-01-06,300502,新易盛
2025-01-10,hs300,2025-01-06,300628,亿联网络
2025-01-10,hs300,2025-01-06,300661,圣邦股份
2025-01-10,hs300,2025-01-06,300750,宁德时代
2025-01-10,hs300,2025-01-06,300759,康龙化成
2025-01-10,hs300,2025-01-06,300760,迈瑞医疗
2025-01-10,hs300,2025-01-06,300782,卓胜微
2025-01-10,hs300,2025-01-06,300832,新产业
2025-01-10,hs300,2025-01-06,300896,爱美客
2025-01-10,hs300,2025-01-06,300979,华利集团
2025-01-10,hs300,2025-01-06,300999,金龙鱼
2025-01-10,hs300,2025-01-06,301269,华大九天
2025-01-10,zz500,2025-01-06,600004,白云机场
2025-01-10,zz500,2025-01-06,600007,中国国贸
2025-01-10,zz500,2025-01-06,600008,首创环保
2025-01-10,zz500,2025-01-06,600021,上海电力
2025-01-10,zz500,2025-01-06,600032,浙江新能
2025-01-10,zz500,2025-01-06,600038,中直股份
2025-01-10,zz500,2025-01-06,600056,中国医药
2025-01-10,zz500,2025-01-06,600060,海信视像
2025-01-10,zz500,2025-01-06,600062,华润双鹤
2025-01-10,zz500,2025-01-06,600079,人福医药
2025-01-10,zz500,2025-01-06,600095,湘财股份
2025-01-10,zz500,2025-01-06,600096,云天化
2025-01-10,zz500,2025-01-06,600098,广州发展
2025-01-10,zz500,2025-01-06,600109,国金证券
2025-01-10,zz500,2025-01-06,600118,中国卫星
2025-01-10,zz500,2025-01-06,600126,杭钢股份
2025-01-10,zz500,2025-01-06,600129,太极集团
2025-01-10,zz500,2025-01-06,600131,国网信通
2025-01-10,zz500,2025-01-06,600132,重庆啤酒
2025-01-10,zz500,2025-01-06,600141,兴发集团
2025-01-10,zz500,2025-01-06,600143,金发科技
2025-01-10,zz500,2025-01-06,600153,建发股份
2025-01-10,zz500,2025-01-06,600155,华创云信
2025-01-10,zz500,2025-01-06,600157,永泰能源
2025-01-10,zz500,2025-01-06,600166,福田汽车
2025-01-10,zz500,2025-01-06,600170,上海建工
2025-01-10,zz500,2025-01-06,600177,雅戈尔
2025-01-10,zz500,2025-01-06,600208,衢州发展
2025-01-10,zz500,2025-01-06,600258,首旅酒店
2025-01-10,zz500,2025-01-06,600271,航天信息
2025-01-10,zz500,2025-01-06,600282,南钢股份
2025-01-10,zz500,2025-01-06,600295,鄂尔多斯
2025-01-10,zz500,2025-01-06,600298,安琪酵母
2025-01-10,zz500,2025-01-06,600299,安迪苏
2025-01-10,zz500,2025-01-06,600312,平高电气
2025-01-10,zz500,2025-01-06,600316,洪都航空
2025-01-10,zz500,2025-01-06,600325,华发股份
2025-01-10,zz500,2025-01-06,600329,达仁堂
2025-01-10,zz500,2025-01-06,600339,中油工程
2025-01-10,zz500,2025-01-06,600348,华阳股份
2025-01-10,zz500,2025-01-06,600350,山东高速
2025-01-10,zz500,2025-01-06,600352,浙江龙盛
2025-01-10,zz500,2025-01-06,600361,创新新材
2025-01-10,zz500,2025-01-06,600369,西南证券
2025-01-10,zz500,2025-01-06,600373,中文传媒
2025-01-10,zz500,2025-01-06,600378,昊华科技
2025-01-10,zz500,2025-01-06,600380,健康元
2025-01-10,zz500,2025-01-06,600390,五矿资本
2025-01-10,zz500,2025-01-06,600392,盛和资源
2025-01-10,zz500,2025-01-06,600398,海澜之家
2025-01-10,zz500,2025-01-06,600416,湘电股份
2025-01-10,zz500,2025-01-06,600418,江淮汽车
2025-01-10,zz500,2025-01-06,600435,北方导航
2025-01-10,zz500,2025-01-06,600483,福能股份
2025-01-10,zz500,2025-01-06,600486,扬农化工
2025-01-10,zz500,2025-01-06,600487,亨通光电
2025-01-10,zz500,2025-01-06,600497,驰宏锌锗
2025-01-10,zz500,2025-01-06,600498,烽火通信
2025-01-10,zz500,2025-01-06,600499,科达制造
2025-01-10,zz500,2025-01-06,600500,中化国际
2025-01-10,zz500,2025-01-06,600511,国药股份
2025-01-10,zz500,2025-01-06,600516,方大炭素
2025-01-10,zz500,2025-01-06,600517,国网英大
2025-01-10,zz500,2025-01-06,600521,华海药业
2025-01-10,zz500,2025-01-06,600528,中铁工业
2025-01-10,zz500,2025-01-06,600529,山东药玻
2025-01-10,zz500,2025-01-06,600535,天士力
2025-01-10,zz500,2025-01-06,600536,中国软件
2025-01-10,zz500,2025-01-06,600546,山煤国际
2025-01-10,zz500,2025-01-06,600549,厦门钨业
2025-01-10,zz500,2025-01-06,600563,法拉电子
2025-01-10,zz500,2025-01-06,600566,济川药业
2025-01-10,zz500,2025-01-06,600578,京能电力
2025-01-10,zz500,2025-01-06,600580,卧龙电驱
2025-01-10,zz500,2025-01-06,600582,天地科技
2025-01-10,zz500,2025-01-06,600583,海油工程
2025-01-10,zz500,2025-01-06,600598,北大荒
2025-01-10,zz500,2025-01-06,600606,绿地控股
2025-01-10,zz500,2025-01-06,600612,老凤祥
2025-01-10,zz500,2025-01-06,600637,东方明珠
2025-01-10,zz500,2025-01-06,600642,申能股份
2025-01-10,zz500,2025-01-06,600655,豫园股份
2025-01-10,zz500,2025-01-06,600663,陆家嘴
2025-01-10,zz500,2025-01-06,600673,东阳光
2025-01-10,zz500,2025-01-06,600685,中船防务
2025-01-10,zz500,2025-01-06,600688,上海石化
2025-01-10,zz500,2025-01-06,600699,均胜电子
2025-01-10,zz500,2025-01-06,600704,物产中大
2025-01-10,zz500,2025-01-06,600707,彩虹股份
2025-01-10,zz500,2025-01-06,600720,中交设计
2025-01-10,zz500,2025-01-06,600737,中粮糖业
2025-01-10,zz500,2025-01-06,600739,辽宁成大
2025-01-10,zz500,2025-01-06,600754,锦江酒店
2025-01-10,zz500,2025-01-06,600755,厦门国贸
2025-01-10,zz500,2025-01-06,600763,通策医疗
2025-01-10,zz500,2025-01-06,600764,中国海防
2025-01-10,zz500,2025-01-06,600765,中航重机
2025-01-10,zz500,2025-01-06,600801,华新水泥
2025-01-10,zz500,2025-01-06,600808,马钢股份
2025-01-10,zz500,2025-01-06,600816,建元信托
2025-01-10,zz500,2025-01-06,600820,隧道股份
2025-01-10,zz500,2025-01-06,600839,四川长虹
2025-01-10,zz500,2025-01-06,600848,上海临港
2025-01-10,zz500,2025-01-06,600859,王府井
2025-01-10,zz500,2025-01-06,600862,中航高科
2025-01-10,zz500,2025-01-06,600863,内蒙华电
2025-01-10,zz500,2025-01-06,600867,通化东宝
2025-01-10,zz500,2025-01-06,600871,石化油服
2025-01-10,zz500,2025-01-06,600872,中炬高新
2025-01-10,zz500,2025-01-06,600873,梅花生物
2025-01-10,zz500,2025-01-06,600879,航天电子
2025-01-10,zz500,2025-01-06,600884,杉杉股份
2025-01-10,zz500,2025-01-06,600885,宏发股份
2025-01-10,zz500,2025-01-06,600895,张江高科
2025-01-10,zz500,2025-01-06,600901,江苏金租
2025-01-10,zz500,2025-01-06,600906,财达证券
2025-01-10,zz500,2025-01-06,600909,华安证券
2025-01-10,zz500,2025-01-06,600925,苏能股份
2025-01-10,zz500,2025-01-06,600927,永安期货
2025-01-10,zz500,2025-01-06,600928,西安银行
2025-01-10,zz500,2025-01-06,600956,新天绿能
2025-01-10,zz500,2025-01-06,600959,江苏有线
2025-01-10,zz500,2025-01-06,600968,海油发展
2025-01-10,zz500,2025-01-06,600970,中材国际
2025-01-10,zz500,2025-01-06,600977,中国电影
2025-01-10,zz500,2025-01-06,600988,赤峰黄金
2025-01-10,zz500,2025-01-06,600995,南网储能
2025-01-10,zz500,2025-01-06,600998,九州通
2025-01-10,zz500,2025-01-06,601000,唐山港
2025-01-10,zz500,2025-01-06,601001,晋控煤业
2025-01-10,zz500,2025-01-06,601016,节能风电
2025-01-10,zz500,2025-01-06,601019,山东出版
2025-01-10,zz500,2025-01-06,601061,中信金属
2025-01-10,zz500,2025-01-06,601098,中南传媒
2025-01-10,zz500,2025-01-06,601099,太平洋
2025-01-10,zz500,2025-01-06,601106,中国一重
2025-01-10,zz500,2025-01-06,601108,财通证券
2025-01-10,zz500,2025-01-06,601118,海南橡胶
2025-01-10,zz500,2025-01-06,601128,常熟银行
2025-01-10,zz500,2025-01-06,601139,深圳燃气
2025-01-10,zz500,2025-01-06,601155,新城控股
2025-01-10,zz500,2025-01-06,601156,东航物流
2025-01-10,zz500,2025-01-06,601158,重庆水务
2025-01-10,zz500,2025-01-06,601162,天风证券
2025-01-10,zz500,2025-01-06,601168,西部矿业
2025-01-10,zz500,2025-01-06,601179,中国西电
2025-01-10,zz500,2025-01-06,601198,东兴证券
2025-01-10,zz500,2025-01-06,601212,白银有色
2025-01-10,zz500,2025-01-06,601216,君正集团
2025-01-10,zz500,2025-01-06,601228,广州港
2025-01-10,zz500,2025-01-06,601231,环旭电子
2025-01-10,zz500,2025-01-06,601233,桐昆股份
2025-01-10,zz500,2025-01-06,601399,国机重装
2025-01-10,zz500,2025-01-06,601456,国联证券
2025-01-10,zz500,2025-01-06,601555,东吴证券
2025-01-10,zz500,2025-01-06,601567,三星医疗
2025-01-10,zz500,2025-01-06,601568,北元集团
2025-01-10,zz500,2025-01-06,601577,长沙银行
2025-01-10,zz500,2025-01-06,601598,中国外运
2025-01-10,zz500,2025-01-06,601608,中信重工
2025-01-10,zz500,2025-01-06,601611,中国核建
2025-01-10,zz500,2025-01-06,601615,明阳智能
2025-01-10,zz500,2025-01-06,601636,旗滨集团
2025-01-10,zz500,2025-01-06,601665,齐鲁银行
2025-01-10,zz500,2025-01-06,601666,平煤股份
2025-01-10,zz500,2025-01-06,601696,中银证券
2025-01-10,zz500,2025-01-06,601717,郑煤机
2025-01-10,zz500,2025-01-06,601858,中国科传
2025-01-10,zz500,2025-01-06,601866,中远海发
2025-01-10,zz500,2025-01-06,601880,辽港股份
2025-01-10,zz500,2025-01-06,601918,新集能源
2025-01-10,zz500,2025-01-06,601928,凤凰传媒
2025-01-10,zz500,2025-01-06,601933,永辉超市
2025-01-10,zz500,2025-01-06,601958,金钼股份
2025-01-10,zz500,2025-01-06,601965,中国汽研
2025-01-10,zz500,2025-01-06,601966,玲珑轮胎
2025-01-10,zz500,2025-01-06,601990,南京证券
2025-01-10,zz500,2025-01-06,601991,大唐发电
2025-01-10,zz500,2025-01-06,601992,金隅集团
2025-01-10,zz500,2025-01-06,601997,贵阳银行
2025-01-10,zz500,2025-01-06,603000,人民网
2025-01-10,zz500,2025-01-06,603056,德邦股份
2025-01-10,zz500,2025-01-06,603077,和邦生物
2025-01-10,zz500,2025-01-06,603087,甘李药业
2025-01-10,zz500,2025-01-06,603129,春风动力
2025-01-10,zz500,2025-01-06,603156,养元饮品
2025-01-10,zz500,2025-01-06,603160,汇顶科技
2025-01-10,zz500,2025-01-06,603179,新泉股份
2025-01-10,zz500,2025-01-06,603185,弘元绿能
2025-01-10,zz500,2025-01-06,603225,新凤鸣
2025-01-10,zz500,2025-01-06,603228,景旺电子
2025-01-10,zz500,2025-01-06,603233,大参林
2025-01-10,zz500,2025-01-06,603290,斯达半导
2025-01-10,zz500,2025-01-06,603298,杭叉集团
2025-01-10,zz500,2025-01-06,603338,浙江鼎力
2025-01-10,zz500,2025-01-06,603341,龙旗科技
2025-01-10,zz500,2025-01-06,603345,安井食品
2025-01-10,zz500,2025-01-06,603379,三美股份
2025-01-10,zz500,2025-01-06,603444,吉比特
2025-01-10,zz500,2025-01-06,603456,九洲药业
2025-01-10,zz500,2025-01-06,603486,科沃斯
2025-01-10,zz500,2025-01-06,603529,爱玛科技
2025-01-10,zz500,2025-01-06,603556,海兴电力
2025-01-10,zz500,2025-01-06,603568,伟明环保
2025-01-10,zz500,2025-01-06,603589,口子窖
2025-01-10,zz500,2025-01-06,603596,伯特利
2025-01-10,zz500,2025-01-06,603605,珀莱雅
2025-01-10,zz500,2025-01-06,603606,东方电缆
2025-01-10,zz500,2025-01-06,603650,彤程新材
2025-01-10,zz500,2025-01-06,603658,安图生物
2025-01-10,zz500,2025-01-06,603688,石英股份
2025-01-10,zz500,2025-01-06,603707,健友股份
2025-01-10,zz500,2025-01-06,603712,七一二
2025-01-10,zz500,2025-01-06,603728,鸣志电器
2025-01-10,zz500,2025-01-06,603737,三棵树
2025-01-10,zz500,2025-01-06,603786,科博达
2025-01-10,zz500,2025-01-06,603816,顾家家居
2025-01-10,zz500,2025-01-06,603826,坤彩科技
2025-01-10,zz500,2025-01-06,603858,步长制药
2025-01-10,zz500,2025-01-06,603868,飞科电器
2025-01-10,zz500,2025-01-06,603882,金域医学
2025-01-10,zz500,2025-01-06,603883,老百姓
2025-01-10,zz500,2025-01-06,603885,吉祥航空
2025-01-10,zz500,2025-01-06,603893,瑞芯微
2025-01-10,zz500,2025-01-06,603899,晨光股份
2025-01-10,zz500,2025-01-06,603927,中科软
2025-01-10,zz500,2025-01-06,603939,益丰药房
2025-01-10,zz500,2025-01-06,603979,金诚信
2025-01-10,zz500,2025-01-06,605358,立昂微
2025-01-10,zz500,2025-01-06,688002,睿创微纳
2025-01-10,zz500,2025-01-06,688005,容百科技
2025-01-10,zz500,2025-01-06,688017,绿的谐波
2025-01-10,zz500,2025-01-06,688032,禾迈股份
2025-01-10,zz500,2025-01-06,688047,龙芯中科
2025-01-10,zz500,2025-01-06,688052,纳芯微
2025-01-10,zz500,2025-01-06,688065,凯赛生物
2025-01-10,zz500,2025-01-06,688072,拓荆科技
2025-01-10,zz500,2025-01-06,688099,晶晨股份
2025-01-10,zz500,2025-01-06,688114,华大智造
2025-01-10,zz500,2025-01-06,688120,华海清科
2025-01-10,zz500,2025-01-06,688122,西部超导
2025-01-10,zz500,2025-01-06,688153,唯捷创芯
2025-01-10,zz500,2025-01-06,688172,燕东微
2025-01-10,zz500,2025-01-06,688180,君实生物
2025-01-10,zz500,2025-01-06,688188,柏楚电子
2025-01-10,zz500,2025-01-06,688213,思特威
2025-01-10,zz500,2025-01-06,688220,翱捷科技
2025-01-10,zz500,2025-01-06,688234,天岳先进
2025-01-10,zz500,2025-01-06,688248,南网科技
2025-01-10,zz500,2025-01-06,688249,晶合集成
2025-01-10,zz500,2025-01-06,688276,百克生物
2025-01-10,zz500,2025-01-06,688278,特宝生物
2025-01-10,zz500,2025-01-06,688281,华秦科技
2025-01-10,zz500,2025-01-06,688295,中复神鹰
2025-01-10,zz500,2025-01-06,688297,中无人机
2025-01-10,zz500,2025-01-06,688301,奕瑞科技
2025-01-10,zz500,2025-01-06,688331,荣昌生物
2025-01-10,zz500,2025-01-06,688349,三一重能
2025-01-10,zz500,2025-01-06,688361,中科飞测
2025-01-10,zz500,2025-01-06,688363,华熙生物
2025-01-10,zz500,2025-01-06,688375,国博电子
2025-01-10,zz500,2025-01-06,688385,复旦微电
2025-01-10,zz500,2025-01-06,688387,信科移动
2025-01-10,zz500,2025-01-06,688390,固德威
2025-01-10,zz500,2025-01-06,688425,铁建重工
2025-01-10,zz500,2025-01-06,688469,芯联集成
2025-01-10,zz500,2025-01-06,688475,萤石网络
2025-01-10,zz500,2025-01-06,688516,奥特维
2025-01-10,zz500,2025-01-06,688520,神州细胞
2025-01-10,zz500,2025-01-06,688521,芯原股份
2025-01-10,zz500,2025-01-06,688525,佰维存储
2025-01-10,zz500,2025-01-06,688536,思瑞浦
2025-01-10,zz500,2025-01-06,688538,和辉光电
2025-01-10,zz500,2025-01-06,688561,奇安信
2025-01-10,zz500,2025-01-06,688563,航材股份
2025-01-10,zz500,2025-01-06,688567,孚能科技
2025-01-10,zz500,2025-01-06,688578,艾力斯
2025-01-10,zz500,2025-01-06,688617,惠泰医疗
2025-01-10,zz500,2025-01-06,688772,珠海冠宇
2025-01-10,zz500,2025-01-06,688777,中控技术
2025-01-10,zz500,2025-01-06,688778,厦钨新能
2025-01-10,zz500,2025-01-06,688819,天能股份
2025-01-10,zz500,2025-01-06,689009,九号公司
2025-01-10,zz500,2025-01-06,000009,中国宝安
2025-01-10,zz500,2025-01-06,000021,深科技
2025-01-10,zz500,2025-01-06,000027,深圳能源
2025-01-10,zz500,2025-01-06,000032,深桑达A
2025-01-10,zz500,2025-01-06,000034,神州数码
2025-01-10,zz500,2025-01-06,000039,中集集团
2025-01-10,zz500,2025-01-06,000050,深天马A
2025-01-10,zz500,2025-01-06,000060,中金岭南
2025-01-10,zz500,2025-01-06,000066,中国长城
2025-01-10,zz500,2025-01-06,000155,川能动力
2025-01-10,zz500,2025-01-06,000400,许继电气
2025-01-10,zz500,2025-01-06,000401,冀东水泥
2025-01-10,zz500,2025-01-06,000403,派林生物
2025-01-10,zz500,2025-01-06,000423,东阿阿胶
2025-01-10,zz500,2025-01-06,000426,兴业银锡
2025-01-10,zz500,2025-01-06,000513,丽珠集团
2025-01-10,zz500,2025-01-06,000519,中兵红箭
2025-01-10,zz500,2025-01-06,000537,中绿电
2025-01-10,zz500,2025-01-06,000539,粤电力A
2025-01-10,zz500,2025-01-06,000559,万向钱潮
2025-01-10,zz500,2025-01-06,000563,陕国投A
2025-01-10,zz500,2025-01-06,000591,太阳能
2025-01-10,zz500,2025-01-06,000598,兴蓉环境
2025-01-10,zz500,2025-01-06,000623,吉林敖东
2025-01-10,zz500,2025-01-06,000629,钒钛股份
2025-01-10,zz500,2025-01-06,000636,风华高科
2025-01-10,zz500,2025-01-06,000683,远兴能源
2025-01-10,zz500,2025-01-06,000703,恒逸石化
2025-01-10,zz500,2025-01-06,000709,河钢股份
2025-01-10,zz500,2025-01-06,000723,美锦能源
2025-01-10,zz500,2025-01-06,000728,国元证券
2025-01-10,zz500,2025-01-06,000729,燕京啤酒
2025-01-10,zz500,2025-01-06,000733,振华科技
2025-01-10,zz500,2025-01-06,000738,航发控制
2025-01-10,zz500,2025-01-06,000739,普洛药业
2025-01-10,zz500,2025-01-06,000750,国海证券
2025-01-10,zz500,2025-01-06,000778,新兴铸管
2025-01-10,zz500,2025-01-06,000783,长江证券
2025-01-10,zz500,2025-01-06,000785,居然智家
2025-01-10,zz500,2025-01-06,000818,航锦科技
2025-01-10,zz500,2025-01-06,000825,太钢不锈
2025-01-10,zz500,2025-01-06,000830,鲁西化工
2025-01-10,zz500,2025-01-06,000831,中国稀土
2025-01-10,zz500,2025-01-06,000878,云南铜业
2025-01-10,zz500,2025-01-06,000883,湖北能源
2025-01-10,zz500,2025-01-06,000887,中鼎股份
2025-01-10,zz500,2025-01-06,000893,亚钾国际
2025-01-10,zz500,2025-01-06,000898,鞍钢股份
2025-01-10,zz500,2025-01-06,000921,海信家电
2025-01-10,zz500,2025-01-06,000932,华菱钢铁
2025-01-10,zz500,2025-01-06,000937,冀中能源
2025-01-10,zz500,2025-01-06,000958,电投产融
2025-01-10,zz500,2025-01-06,000959,首钢股份
2025-01-10,zz500,2025-01-06,000960,锡业股份
2025-01-10,zz500,2025-01-06,000967,盈峰环境
2025-01-10,zz500,2025-01-06,000987,越秀资本
2025-01-10,zz500,2025-01-06,000988,华工科技
2025-01-10,zz500,2025-01-06,000997,新大陆
2025-01-10,zz500,2025-01-06,000998,隆平高科
2025-01-10,zz500,2025-01-06,001203,大中矿业
2025-01-10,zz500,2025-01-06,001227,兰州银行
2025-01-10,zz500,2025-01-06,001286,陕西能源
2025-01-10,zz500,2025-01-06,002008,大族激光
2025-01-10,zz500,2025-01-06,002019,亿帆医药
2025-01-10,zz500,2025-01-06,002025,航天电器
2025-01-10,zz500,2025-01-06,002044,美年健康
2025-01-10,zz500,2025-01-06,002056,横店东磁
2025-01-10,zz500,2025-01-06,002064,华峰化学
2025-01-10,zz500,2025-01-06,002065,东华软件
2025-01-10,zz500,2025-01-06,002078,太阳纸业
2025-01-10,zz500,2025-01-06,002080,中材科技
2025-01-10,zz500,2025-01-06,002085,万丰奥威
2025-01-10,zz500,2025-01-06,002120,韵达股份
2025-01-10,zz500,2025-01-06,002128,电投能源
2025-01-10,zz500,2025-01-06,002138,顺络电子
2025-01-10,zz500,2025-01-06,002152,广电运通
2025-01-10,zz500,2025-01-06,002153,石基信息
2025-01-10,zz500,2025-01-06,002155,湖南黄金
2025-01-10,zz500,2025-01-06,002156,通富微电
2025-01-10,zz500,2025-01-06,002185,华天科技
2025-01-10,zz500,2025-01-06,002195,岩山科技
2025-01-10,zz500,2025-01-06,002202,金风科技
2025-01-10,zz500,2025-01-06,002203,海亮股份
2025-01-10,zz500,2025-01-06,002223,鱼跃医疗
2025-01-10,zz500,2025-01-06,002240,盛新锂能
2025-01-10,zz500,2025-01-06,002244,滨江集团
2025-01-10,zz500,2025-01-06,002261,拓维信息
2025-01-10,zz500,2025-01-06,002262,恩华药业
2025-01-10,zz500,2025-01-06,002266,浙富控股
2025-01-10,zz500,2025-01-06,002268,电科网安
2025-01-10,zz500,2025-01-06,002273,水晶光电
2025-01-10,zz500,2025-01-06,002281,光迅科技
2025-01-10,zz500,2025-01-06,002294,信立泰
2025-01-10,zz500,2025-01-06,002299,圣农发展
2025-01-10,zz500,2025-01-06,002318,久立特材
2025-01-10,zz500,2025-01-06,002340,格林美
2025-01-10,zz500,2025-01-06,002353,杰瑞股份
2025-01-10,zz500,2025-01-06,002368,太极股份
2025-01-10,zz500,2025-01-06,002372,伟星新材
2025-01-10,zz500,2025-01-06,002373,千方科技
2025-01-10,zz500,2025-01-06,002384,东山精密
2025-01-10,zz500,2025-01-06,002385,大北农
2025-01-10,zz500,2025-01-06,002407,多氟多
2025-01-10,zz500,2025-01-06,002408,齐翔腾达
2025-01-10,zz500,2025-01-06,002409,雅克科技
2025-01-10,zz500,2025-01-06,002410,广联达
2025-01-10,zz500,2025-01-06,002414,高德红外
2025-01-10,zz500,2025-01-06,002423,中粮资本
2025-01-10,zz500,2025-01-06,002429,兆驰股份
2025-01-10,zz500,2025-01-06,002430,杭氧股份
2025-01-10,zz500,2025-01-06,002432,九安医疗
2025-01-10,zz500,2025-01-06,002436,兴森科技
2025-01-10,zz500,2025-01-06,002439,启明星辰
2025-01-10,zz500,2025-01-06,002444,巨星科技
2025-01-10,zz500,2025-01-06,002465,海格通信
2025-01-10,zz500,2025-01-06,002472,双环传动
2025-01-10,zz500,2025-01-06,002487,大金重工
2025-01-10,zz500,2025-01-06,002500,山西证券
2025-01-10,zz500,2025-01-06,002507,涪陵榨菜
2025-01-10,zz500,2025-01-06,002508,老板电器
2025-01-10,zz500,2025-01-06,002517,恺英网络
2025-01-10,zz500,2025-01-06,002531,天顺风能
2025-01-10,zz500,2025-01-06,002532,天山铝业
2025-01-10,zz500,2025-01-06,002557,洽洽食品
2025-01-10,zz500,2025-01-06,002558,巨人网络
2025-01-10,zz500,2025-01-06,002563,森马服饰
2025-01-10,zz500,2025-01-06,002568,百润股份
2025-01-10,zz500,2025-01-06,002572,索菲亚
2025-01-10,zz500,2025-01-06,002595,豪迈科技
2025-01-10,zz500,2025-01-06,002603,以岭药业
2025-01-10,zz500,2025-01-06,002607,中公教育
2025-01-10,zz500,2025-01-06,002608,江苏国信
2025-01-10,zz500,2025-01-06,002624,完美世界
2025-01-10,zz500,2025-01-06,002625,光启技术
2025-01-10,zz500,2025-01-06,002653,海思科
2025-01-10,zz500,2025-01-06,002670,国盛金控
2025-01-10,zz500,2025-01-06,002673,西部证券
2025-01-10,zz500,2025-01-06,002683,广东宏大
2025-01-10,zz500,2025-01-06,002690,美亚光电
2025-01-10,zz500,2025-01-06,002738,中矿资源
2025-01-10,zz500,2025-01-06,002739,万达电影
2025-01-10,zz500,2025-01-06,002756,永兴材料
2025-01-10,zz500,2025-01-06,002797,第一创业
2025-01-10,zz500,2025-01-06,002821,凯莱英
2025-01-10,zz500,2025-01-06,002831,裕同科技
2025-01-10,zz500,2025-01-06,002841,视源股份
2025-01-10,zz500,2025-01-06,002850,科达利
2025-01-10,zz500,2025-01-06,002867,周大生
2025-01-10,zz500,2025-01-06,002926,华西证券
2025-01-10,zz500,2025-01-06,002939,长城证券
2025-01-10,zz500,2025-01-06,002945,华林证券
2025-01-10,zz500,2025-01-06,002958,青农商行
2025-01-10,zz500,2025-01-06,002966,苏州银行
2025-01-10,zz500,2025-01-06,002984,森麒麟
2025-01-10,zz500,2025-01-06,003022,联泓新科
2025-01-10,zz500,2025-01-06,003031,中瓷电子
2025-01-10,zz500,2025-01-06,003035,南网能源
2025-01-10,zz500,2025-01-06,300001,特锐德
2025-01-10,zz500,2025-01-06,300002,神州泰岳
2025-01-10,zz500,2025-01-06,300003,乐普医疗
2025-01-10,zz500,2025-01-06,300009,安科生物
2025-01-10,zz500,2025-01-06,300012,华测检测
2025-01-10,zz500,2025-01-06,300017,网宿科技
2025-01-10,zz500,2025-01-06,300024,机器人
2025-01-10,zz500,2025-01-06,300037,新宙邦
2025-01-10,zz500,2025-01-06,300054,鼎龙股份
2025-01-10,zz500,2025-01-06,300058,蓝色光标
2025-01-10,zz500,2025-01-06,300070,碧水源
2025-01-10,zz500,2025-01-06,300073,当升科技
2025-01-10,zz500,2025-01-06,300114,中航电测
2025-01-10,zz500,2025-01-06,300118,东方日升
2025-01-10,zz500,2025-01-06,300136,信维通信
2025-01-10,zz500,2025-01-06,300140,节能环境
2025-01-10,zz500,2025-01-06,300142,沃森生物
2025-01-10,zz500,2025-01-06,300144,宋城演艺
2025-01-10,zz500,2025-01-06,300146,汤臣倍健
2025-01-10,zz500,2025-01-06,300207,欣旺达
2025-01-10,zz500,2025-01-06,300212,易华录
2025-01-10,zz500,2025-01-06,300223,北京君正
2025-01-10,zz500,2025-01-06,300251,光线传媒
2025-01-10,zz500,2025-01-06,300285,国瓷材料
2025-01-10,zz500,2025-01-06,300339,润和软件
2025-01-10,zz500,2025-01-06,300373,扬杰科技
2025-01-10,zz500,2025-01-06,300383,光环新网
2025-01-10,zz500,2025-01-06,300390,天华新能
2025-01-10,zz500,2025-01-06,300395,菲利华
2025-01-10,zz500,2025-01-06,300474,景嘉微
2025-01-10,zz500,2025-01-06,300476,胜宏科技
2025-01-10,zz500,2025-01-06,300487,蓝晓科技
2025-01-10,zz500,2025-01-06,300496,中科创达
2025-01-10,zz500,2025-01-06,300529,健帆生物
2025-01-10,zz500,2025-01-06,300558,贝达药业
2025-01-10,zz500,2025-01-06,300567,精测电子
2025-01-10,zz500,2025-01-06,300573,兴齐眼药
2025-01-10,zz500,2025-01-06,300595,欧普康视
2025-01-10,zz500,2025-01-06,300601,康泰生物
2025-01-10,zz500,2025-01-06,300604,长川科技
2025-01-10,zz500,2025-01-06,300676,华大基因
2025-01-10,zz500,2025-01-06,300677,英科医疗
2025-01-10,zz500,2025-01-06,300699,光威复材
2025-01-10,zz500,2025-01-06,300724,捷佳伟创
2025-01-10,zz500,2025-01-06,300748,金力永磁
2025-01-10,zz500,2025-01-06,300751,迈为股份
2025-01-10,zz500,2025-01-06,300763,锦浪科技
2025-01-10,zz500,2025-01-06,300765,新诺威
2025-01-10,zz500,2025-01-06,300803,指南针
2025-01-10,zz500,2025-01-06,300866,安克创新
2025-01-10,zz500,2025-01-06,300888,稳健医疗
2025-01-10,zz500,2025-01-06,300919,中伟股份
2025-01-10,zz500,2025-01-06,300957,贝泰妮
2025-01-10,zz500,2025-01-06,301165,锐捷网络
2025-01-10,zz500,2025-01-06,301236,软通动力
2025-01-10,zz500,2025-01-06,301267,华厦眼科
2025-01-10,zz500,2025-01-06,301301,川宁生物
2025-01-10,zz500,2025-01-06,301308,江波龙
2025-01-10,zz500,2025-01-06,301358,湖南裕能
2025-01-10,zz500,2025-01-06,301498,乖宝宠物
2025-07-10,hs300,2025-07-07,600000,浦发银行
2025-07-10,hs300,2025-07-07,600009,上海机场
2025-07-10,hs300,2025-07-07,600010,包钢股份
2025-07-10,hs300,2025-07-07,600011,华能国际
2025-07-10,hs300,2025-07-07,600015,华夏银行
2025-07-10,hs300,2025-07-07,600016,民生银行
2025-07-10,hs300,2025-07-07,600018,上港集团
2025-07-10,hs300,2025-07-07,600019,宝钢股份
2025-07-10,hs300,2025-07-07,600023,浙能电力
2025-07-10,hs300,2025-07-07,600025,华能水电
2025-07-10,hs300,2025-07-07,600026,中远海能
2025-07-10,hs300,2025-07-07,600027,华电国际
2025-07-10,hs300,2025-07-07,600028,中国石化
2025-07-10,hs300,2025-07-07,600029,南方航空
2025-07-10,hs300,2025-07-07,600030,中信证券
2025-07-10,hs300,2025-07-07,600031,三一重工
2025-07-10,hs300,2025-07-07,600036,招商银行
2025-07-10,hs300,2025-07-07,600039,四川路桥
2025-07-10,hs300,2025-07-07,600048,保利发展
2025-07-10,hs300,2025-07-07,600050,中国联通
2025-07-10,hs300,2025-07-07,600061,国投资本
2025-07-10,hs300,2025-07-07,600066,宇通客车
2025-07-10,hs300,2025-07-07,600085,同仁堂
2025-07-10,hs300,2025-07-07,600089,特变电工
2025-07-10,hs300,2025-07-07,600104,上汽集团
2025-07-10,hs300,2025-07-07,600111,北方稀土
2025-07-10,hs300,2025-07-07,600115,中国东航
2025-07-10,hs300,2025-07-07,600150,中国船舶
2025-07-10,hs300,2025-07-07,600160,巨化股份
2025-07-10,hs300,2025-07-07,600161,天坛生物
2025-07-10,hs300,2025-07-07,600176,中国巨石
2025-07-10,hs300,2025-07-07,600183,生益科技
2025-07-10,hs300,2025-07-07,600188,兖矿能源
2025-07-10,hs300,2025-07-07,600196,复星医药
2025-07-10,hs300,2025-07-07,600219,南山铝业
2025-07-10,hs300,2025-07-07,600233,圆通速递
2025-07-10,hs300,2025-07-07,600276,恒瑞医药
2025-07-10,hs300,2025-07-07,600309,万华化学
2025-07-10,hs300,2025-07-07,600332,白云山
2025-07-10,hs300,2025-07-07,600346,恒力石化
2025-07-10,hs300,2025-07-07,600362,江西铜业
2025-07-10,hs300,2025-07-07,600372,中航机载
2025-07-10,hs300,2025-07-07,600377,宁沪高速
2025-07-10,hs300,2025-07-07,600406,国电南瑞
2025-07-10,hs300,2025-07-07,600415,小商品城
2025-07-10,hs300,2025-07-07,600426,华鲁恒升
2025-07-10,hs300,2025-07-07,600436,片仔癀
2025-07-10,hs300,2025-07-07,600438,通威股份
2025-07-10,hs300,2025-07-07,600460,士兰微
2025-07-10,hs300,2025-07-07,600482,中国动力
2025-07-10,hs300,2025-07-07,600489,中金黄金
2025-07-10,hs300,2025-07-07,600515,海南机场
2025-07-10,hs300,2025-07-07,600519,贵州茅台
2025-07-10,hs300,2025-07-07,600547,山东黄金
2025-07-10,hs300,2025-07-07,600570,恒生电子
2025-07-10,hs300,2025-07-07,600584,长电科技
2025-07-10,hs300,2025-07-07,600585,海螺水泥
2025-07-10,hs300,2025-07-07,600588,用友网络
2025-07-10,hs300,2025-07-07,600600,青岛啤酒
2025-07-10,hs300,2025-07-07,600660,福耀玻璃
2025-07-10,hs300,2025-07-07,600674,川投能源
2025-07-10,hs300,2025-07-07,600690,海尔智家
2025-07-10,hs300,2025-07-07,600741,华域汽车
2025-07-10,hs300,2025-07-07,600760,中航沈飞
2025-07-10,hs300,2025-07-07,600795,国电电力
2025-07-10,hs300,2025-07-07,600803,新奥股份
2025-07-10,hs300,2025-07-07,600809,山西汾酒
2025-07-10,hs300,2025-07-07,600845,宝信软件
2025-07-10,hs300,2025-07-07,600875,东方电气
2025-07-10,hs300,2025-07-07,600886,国投电力
2025-07-10,hs300,2025-07-07,600887,伊利股份
2025-07-10,hs300,2025-07-07,600893,航发动力
2025-07-10,hs300,2025-07-07,600900,长江电力
2025-07-10,hs300,2025-07-07,600905,三峡能源
2025-07-10,hs300,2025-07-07,600918,中泰证券
2025-07-10,hs300,2025-07-07,600919,江苏银行
2025-07-10,hs300,2025-07-07,600926,杭州银行
2025-07-10,hs300,2025-07-07,600938,中国海油
2025-07-10,hs300,2025-07-07,600941,中国移动
2025-07-10,hs300,2025-07-07,600958,东方证券
2025-07-10,hs300,2025-07-07,600989,宝丰能源
2025-07-10,hs300,2025-07-07,600999,招商证券
2025-07-10,hs300,2025-07-07,601006,大秦铁路
2025-07-10,hs300,2025-07-07,601009,南京银行
2025-07-10,hs300,2025-07-07,601012,隆基绿能
2025-07-10,hs300,2025-07-07,601021,春秋航空
2025-07-10,hs300,2025-07-07,601058,赛轮轮胎
2025-07-10,hs300,2025-07-07,601059,信达证券
2025-07-10,hs300,2025-07-07,601066,中信建投
2025-07-10,hs300,2025-07-07,601077,渝农商行
2025-07-10,hs300,2025-07-07,601088,中国神华
2025-07-10,hs300,2025-07-07,601100,恒立液压
2025-07-10,hs300,2025-07-07,601111,中国国航
2025-07-10,hs300,2025-07-07,601117,中国化学
2025-07-10,hs300,2025-07-07,601127,赛力斯
2025-07-10,hs300,2025-07-07,601136,首创证券
2025-07-10,hs300,2025-07-07,601138,工业富联
2025-07-10,hs300,2025-07-07,601166,兴业银行
2025-07-10,hs300,2025-07-07,601169,北京银行
2025-07-10,hs300,2025-07-07,601186,中国铁建
2025-07-10,hs300,2025-07-07,601211,国泰海通
2025-07-10,hs300,2025-07-07,601225,陕西煤业
2025-07-10,hs300,2025-07-07,601229,上海银行
2025-07-10,hs300,2025-07-07,601236,红塔证券
2025-07-10,hs300,2025-07-07,601238,广汽集团
2025-07-10,hs300,2025-07-07,601288,农业银行
2025-07-10,hs300,2025-07-07,601318,中国平安
2025-07-10,hs300,2025-07-07,601319,中国人保
2025-07-10,hs300,2025-07-07,601328,交通银行
2025-07-10,hs300,2025-07-07,601336,新华保险
2025-07-10,hs300,2025-07-07,601360,三六零
2025-07-10,hs300,2025-07-07,601377,兴业证券
2025-07-10,hs300,2025-07-07,601390,中国中铁
2025-07-10,hs300,2025-07-07,601398,工商银行
2025-07-10,hs300,2025-07-07,601600,中国铝业
2025-07-10,hs300,2025-07-07,601601,中国太保
2025-07-10,hs300,2025-07-07,601607,上海医药
2025-07-10,hs300,2025-07-07,601618,中国中冶
2025-07-10,hs300,2025-07-07,601628,中国人寿
2025-07-10,hs300,2025-07-07,601633,长城汽车
2025-07-10,hs300,2025-07-07,601658,邮储银行
2025-07-10,hs300,2025-07-07,601668,中国建筑
2025-07-10,hs300,2025-07-07,601669,中国电建
2025-07-10,hs300,2025-07-07,601688,华泰证券
2025-07-10,hs300,2025-07-07,601689,拓普集团
2025-07-10,hs300,2025-07-07,601698,中国卫通
2025-07-10,hs300,2025-07-07,601699,潞安环能
2025-07-10,hs300,2025-07-07,601728,中国电信
2025-07-10,hs300,2025-07-07,601766,中国中车
2025-07-10,hs300,2025-07-07,601788,光大证券
2025-07-10,hs300,2025-07-07,601799,星宇股份
2025-07-10,hs300,2025-07-07,601800,中国交建
2025-07-10,hs300,2025-07-07,601808,中海油服
2025-07-10,hs300,2025-07-07,601816,京沪高铁
2025-07-10,hs300,2025-07-07,601818,光大银行
2025-07-10,hs300,2025-07-07,601825,沪农商行
2025-07-10,hs300,2025-07-07,601838,成都银行
2025-07-10,hs300,2025-07-07,601857,中国石油
2025-07-10,hs300,2025-07-07,601865,福莱特
2025-07-10,hs300,2025-07-07,601868,中国能建
2025-07-10,hs300,2025-07-07,601872,招商轮船
2025-07-10,hs300,2025-07-07,601877,正泰电器
2025-07-10,hs300,2025-07-07,601878,浙商证券
2025-07-10,hs300,2025-07-07,601881,中国银河
2025-07-10,hs300,2025-07-07,601888,中国中免
2025-07-10,hs300,2025-07-07,601898,中煤能源
2025-07-10,hs300,2025-07-07,601899,紫金矿业
2025-07-10,hs300,2025-07-07,601901,方正证券
2025-07-10,hs300,2025-07-07,601916,浙商银行
2025-07-10,hs300,2025-07-07,601919,中远海控
2025-07-10,hs300,2025-07-07,601939,建设银行
2025-07-10,hs300,2025-07-07,601985,中国核电
2025-07-10,hs300,2025-07-07,601988,中国银行
2025-07-10,hs300,2025-07-07,601989,中国重工
2025-07-10,hs300,2025-07-07,601995,中金公司
2025-07-10,hs300,2025-07-07,601998,中信银行
2025-07-10,hs300,2025-07-07,603019,中科曙光
2025-07-10,hs300,2025-07-07,603195,公牛集团
2025-07-10,hs300,2025-07-07,603259,药明康德
2025-07-10,hs300,2025-07-07,603260,合盛硅业
2025-07-10,hs300,2025-07-07,603288,海天味业
2025-07-10,hs300,2025-07-07,603296,华勤技术
2025-07-10,hs300,2025-07-07,603369,今世缘
2025-07-10,hs300,2025-07-07,603392,万泰生物
2025-07-10,hs300,2025-07-07,603501,豪威集团
2025-07-10,hs300,2025-07-07,603799,华友钴业
2025-07-10,hs300,2025-07-07,603806,福斯特
2025-07-10,hs300,2025-07-07,603833,欧派家居
2025-07-10,hs300,2025-07-07,603986,兆易创新
2025-07-10,hs300,2025-07-07,603993,洛阳钼业
2025-07-10,hs300,2025-07-07,605117,德业股份
2025-07-10,hs300,2025-07-07,605499,东鹏饮料
2025-07-10,hs300,2025-07-07,688008,澜起科技
2025-07-10,hs300,2025-07-07,688009,中国通号
2025-07-10,hs300,2025-07-07,688012,中微公司
2025-07-10,hs300,2025-07-07,688036,传音控股
2025-07-10,hs300,2025-07-07,688041,海光信息
2025-07-10,hs300,2025-07-07,688047,龙芯中科
2025-07-10,hs300,2025-07-07,688082,盛美上海
2025-07-10,hs300,2025-07-07,688111,金山办公
2025-07-10,hs300,2025-07-07,688126,沪硅产业
2025-07-10,hs300,2025-07-07,688169,石头科技
2025-07-10,hs300,2025-07-07,688187,时代电气
2025-07-10,hs300,2025-07-07,688223,晶科能源
2025-07-10,hs300,2025-07-07,688256,寒武纪
2025-07-10,hs300,2025-07-07,688271,联影医疗
2025-07-10,hs300,2025-07-07,688303,大全能源
2025-07-10,hs300,2025-07-07,688396,华润微
2025-07-10,hs300,2025-07-07,688472,阿特斯
2025-07-10,hs300,2025-07-07,688506,百利天恒
2025-07-10,hs300,2025-07-07,688599,天合光能
2025-07-10,hs300,2025-07-07,688981,中芯国际
2025-07-10,hs300,2025-07-07,000001,平安银行
2025-07-10,hs300,2025-07-07,000002,万科A
2025-07-10,hs300,2025-07-07,000063,中兴通讯
2025-07-10,hs300,2025-07-07,000100,TCL科技
2025-07-10,hs300,2025-07-07,000157,中联重科
2025-07-10,hs300,2025-07-07,000166,申万宏源
2025-07-10,hs300,2025-07-07,000301,东方盛虹
2025-07-10,hs300,2025-07-07,000333,美的集团
2025-07-10,hs300,2025-07-07,000338,潍柴动力
2025-07-10,hs300,2025-07-07,000408,藏格矿业
2025-07-10,hs300,2025-07-07,000425,徐工机械
2025-07-10,hs300,2025-07-07,000538,云南白药
2025-07-10,hs300,2025-07-07,000568,泸州老窖
2025-07-10,hs300,2025-07-07,000596,古井贡酒
2025-07-10,hs300,2025-07-07,000617,中油资本
2025-07-10,hs300,2025-07-07,000625,长安汽车
2025-07-10,hs300,2025-07-07,000630,铜陵有色
2025-07-10,hs300,2025-07-07,000651,格力电器
2025-07-10,hs300,2025-07-07,000661,长春高新
2025-07-10,hs300,2025-07-07,000708,中信特钢
2025-07-10,hs300,2025-07-07,000725,京东方A
2025-07-10,hs300,2025-07-07,000768,中航西飞
2025-07-10,hs300,2025-07-07,000776,广发证券
2025-07-10,hs300,2025-07-07,000786,北新建材
2025-07-10,hs300,2025-07-07,000792,盐湖股份
2025-07-10,hs300,2025-07-07,000800,一汽解放
2025-07-10,hs300,2025-07-07,000807,云铝股份
2025-07-10,hs300,2025-07-07,000858,五粮液
2025-07-10,hs300,2025-07-07,000876,新希望
2025-07-10,hs300,2025-07-07,000895,双汇发展
2025-07-10,hs300,2025-07-07,000938,紫光股份
2025-07-10,hs300,2025-07-07,000963,华东医药
2025-07-10,hs300,2025-07-07,000975,山金国际
2025-07-10,hs300,2025-07-07,000977,浪潮信息
2025-07-10,hs300,2025-07-07,000983,山西焦煤
2025-07-10,hs300,2025-07-07,000999,华润三九
2025-07-10,hs300,2025-07-07,001289,龙源电力
2025-07-10,hs300,2025-07-07,001391,国货航
2025-07-10,hs300,2025-07-07,001965,招商公路
2025-07-10,hs300,2025-07-07,001979,招商蛇口
2025-07-10,hs300,2025-07-07,002001,新和成
2025-07-10,hs300,2025-07-07,002027,分众传媒
2025-07-10,hs300,2025-07-07,002028,思源电气
2025-07-10,hs300,2025-07-07,002049,紫光国微
2025-07-10,hs300,2025-07-07,002050,三花智控
2025-07-10,hs300,2025-07-07,002074,国轩高科
2025-07-10,hs300,2025-07-07,002129,TCL中环
2025-07-10,hs300,2025-07-07,002142,宁波银行
2025-07-10,hs300,2025-07-07,002179,中航光电
2025-07-10,hs300,2025-07-07,002180,纳思达
2025-07-10,hs300,2025-07-07,002230,科大讯飞
2025-07-10,hs300,2025-07-07,002236,大华股份
2025-07-10,hs300,2025-07-07,002241,歌尔股份
2025-07-10,hs300,2025-07-07,002252,上海莱士
2025-07-10,hs300,2025-07-07,002304,洋河股份
2025-07-10,hs300,2025-07-07,002311,海大集团
2025-07-10,hs300,2025-07-07,002352,顺丰控股
2025-07-10,hs300,2025-07-07,002371,北方华创
2025-07-10,hs300,2025-07-07,002415,海康威视
2025-07-10,hs300,2025-07-07,002422,科伦药业
2025-07-10,hs300,2025-07-07,002459,晶澳科技
2025-07-10,hs300,2025-07-07,002460,赣锋锂业
2025-07-10,hs300,2025-07-07,002463,沪电股份
2025-07-10,hs300,2025-07-07,002466,天齐锂业
2025-07-10,hs300,2025-07-07,002475,立讯精密
2025-07-10,hs300,2025-07-07,002493,荣盛石化
2025-07-10,hs300,2025-07-07,002594,比亚迪
2025-07-10,hs300,2025-07-07,002600,领益智造
2025-07-10,hs300,2025-07-07,002601,龙佰集团
2025-07-10,hs300,2025-07-07,002648,卫星化学
2025-07-10,hs300,2025-07-07,002709,天赐材料
2025-07-10,hs300,2025-07-07,002714,牧原股份
2025-07-10,hs300,2025-07-07,002736,国信证券
2025-07-10,hs300,2025-07-07,002916,深南电路
2025-07-10,hs300,2025-07-07,002920,德赛西威
2025-07-10,hs300,2025-07-07,002938,鹏鼎控股
2025-07-10,hs300,2025-07-07,003816,中国广核
2025-07-10,hs300,2025-07-07,300014,亿纬锂能
2025-07-10,hs300,2025-07-07,300015,爱尔眼科
2025-07-10,hs300,2025-07-07,300033,同花顺
2025-07-10,hs300,2025-07-07,300059,东方财富
2025-07-10,hs300,2025-07-07,300122,智飞生物
2025-07-10,hs300,2025-07-07,300124,汇川技术
2025-07-10,hs300,2025-07-07,300274,阳光电源
2025-07-10,hs300,2025-07-07,300308,中际旭创
2025-07-10,hs300,2025-07-07,300316,晶盛机电
2025-07-10,hs300,2025-07-07,300347,泰格医药
2025-07-10,hs300,2025-07-07,300394,天孚通信
2025-07-10,hs300,2025-07-07,300408,三环集团
2025-07-10,hs300,2025-07-07,300413,芒果超媒
2025-07-10,hs300,2025-07-07,300418,昆仑万维
2025-07-10,hs300,2025-07-07,300433,蓝思科技
2025-07-10,hs300,2025-07-07,300442,润泽科技
2025-07-10,hs300,2025-07-07,300498,温氏股份
2025-07-10,hs300,2025-07-07,300502,新易盛
2025-07-10,hs300,2025-07-07,300628,亿联网络
2025-07-10,hs300,2025-07-07,300661,圣邦股份
2025-07-10,hs300,2025-07-07,300750,宁德时代
2025-07-10,hs300,2025-07-07,300759,康龙化成
2025-07-10,hs300,2025-07-07,300760,迈瑞医疗
2025-07-10,hs300,2025-07-07,300782,卓胜微
2025-07-10,hs300,2025-07-07,300832,新产业
2025-07-10,hs300,2025-07-07,300896,爱美客
2025-07-10,hs300,2025-07-07,300979,华利集团
2025-07-10,hs300,2025-07-07,300999,金龙鱼
2025-07-10,hs300,2025-07-07,301236,软通动力
2025-07-10,hs300,2025-07-07,301269,华大九天
2025-07-10,hs300,2025-07-07,302132,中航成飞
2025-07-10,zz500,2025-07-07,600004,白云机场
2025-07-10,zz500,2025-07-07,600007,中国国贸
2025-07-10,zz500,2025-07-07,600008,首创环保
2025-07-10,zz500,2025-07-07,600021,上海电力
2025-07-10,zz500,2025-07-07,600032,浙江新能
2025-07-10,zz500,2025-07-07,600038,中直股份
2025-07-10,zz500,2025-07-07,600056,中国医药
2025-07-10,zz500,2025-07-07,600060,海信视像
2025-07-10,zz500,2025-07-07,600062,华润双鹤
2025-07-10,zz500,2025-07-07,600079,人福医药
2025-07-10,zz500,2025-07-07,600095,湘财股份
2025-07-10,zz500,2025-07-07,600096,云天化
2025-07-10,zz500,2025-07-07,600098,广州发展
2025-07-10,zz500,2025-07-07,600109,国金证券
2025-07-10,zz500,2025-07-07,600118,中国卫星
2025-07-10,zz500,2025-07-07,600126,杭钢股份
2025-07-10,zz500,2025-07-07,600131,国网信通
2025-07-10,zz500,2025-07-07,600132,重庆啤酒
2025-07-10,zz500,2025-07-07,600141,兴发集团
2025-07-10,zz500,2025-07-07,600143,金发科技
2025-07-10,zz500,2025-07-07,600153,建发股份
2025-07-10,zz500,2025-07-07,600155,华创云信
2025-07-10,zz500,2025-07-07,600157,永泰能源
2025-07-10,zz500,2025-07-07,600166,福田汽车
2025-07-10,zz500,2025-07-07,600170,上海建工
2025-07-10,zz500,2025-07-07,600171,上海贝岭
2025-07-10,zz500,2025-07-07,600177,雅戈尔
2025-07-10,zz500,2025-07-07,600208,衢州发展
2025-07-10,zz500,2025-07-07,600258,首旅酒店
2025-07-10,zz500,2025-07-07,600271,航天信息
2025-07-10,zz500,2025-07-07,600282,南钢股份
2025-07-10,zz500,2025-07-07,600295,鄂尔多斯
2025-07-10,zz500,2025-07-07,600298,安琪酵母
2025-07-10,zz500,2025-07-07,600299,安迪苏
2025-07-10,zz500,2025-07-07,600312,平高电气
2025-07-10,zz500,2025-07-07,600316,洪都航空
2025-07-10,zz500,2025-07-07,600325,华发股份
2025-07-10,zz500,2025-07-07,600329,达仁堂
2025-07-10,zz500,2025-07-07,600339,中油工程
2025-07-10,zz500,2025-07-07,600348,华阳股份
2025-07-10,zz500,2025-07-07,600352,浙江龙盛
2025-07-10,zz500,2025-07-07,600361,创新新材
2025-07-10,zz500,2025-07-07,600363,联创光电
2025-07-10,zz500,2025-07-07,600369,西南证券
2025-07-10,zz500,2025-07-07,600373,中文传媒
2025-07-10,zz500,2025-07-07,600378,昊华科技
2025-07-10,zz500,2025-07-07,600380,健康元
2025-07-10,zz500,2025-07-07,600390,五矿资本
2025-07-10,zz500,2025-07-07,600392,盛和资源
2025-07-10,zz500,2025-07-07,600398,海澜之家
2025-07-10,zz500,2025-07-07,600435,北方导航
2025-07-10,zz500,2025-07-07,600483,福能股份
2025-07-10,zz500,2025-07-07,600486,扬农化工
2025-07-10,zz500,2025-07-07,600487,亨通光电
2025-07-10,zz500,2025-07-07,600497,驰宏锌锗
2025-07-10,zz500,2025-07-07,600498,烽火通信
2025-07-10,zz500,2025-07-07,600499,科达制造
2025-07-10,zz500,2025-07-07,600511,国药股份
2025-07-10,zz500,2025-07-07,600516,方大炭素
2025-07-10,zz500,2025-07-07,600517,国网英大
2025-07-10,zz500,2025-07-07,600521,华海药业
2025-07-10,zz500,2025-07-07,600528,中铁工业
2025-07-10,zz500,2025-07-07,600529,山东药玻
2025-07-10,zz500,2025-07-07,600535,天士力
2025-07-10,zz500,2025-07-07,600536,中国软件
2025-07-10,zz500,2025-07-07,600546,山煤国际
2025-07-10,zz500,2025-07-07,600549,厦门钨业
2025-07-10,zz500,2025-07-07,600562,国睿科技
2025-07-10,zz500,2025-07-07,600563,法拉电子
2025-07-10,zz500,2025-07-07,600566,济川药业
2025-07-10,zz500,2025-07-07,600578,京能电力
2025-07-10,zz500,2025-07-07,600580,卧龙电驱
2025-07-10,zz500,2025-07-07,600582,天地科技
2025-07-10,zz500,2025-07-07,600583,海油工程
2025-07-10,zz500,2025-07-07,600598,北大荒
2025-07-10,zz500,2025-07-07,600606,绿地控股
2025-07-10,zz500,2025-07-07,600612,老凤祥
2025-07-10,zz500,2025-07-07,600637,东方明珠
2025-07-10,zz500,2025-07-07,600655,豫园股份
2025-07-10,zz500,2025-07-07,600663,陆家嘴
2025-07-10,zz500,2025-07-07,600673,东阳光
2025-07-10,zz500,2025-07-07,600685,中船防务
2025-07-10,zz500,2025-07-07,600688,上海石化
2025-07-10,zz500,2025-07-07,600699,均胜电子
2025-07-10,zz500,2025-07-07,600704,物产中大
2025-07-10,zz500,2025-07-07,600707,彩虹股份
2025-07-10,zz500,2025-07-07,600720,中交设计
2025-07-10,zz500,2025-07-07,600737,中粮糖业
2025-07-10,zz500,2025-07-07,600739,辽宁成大
2025-07-10,zz500,2025-07-07,600754,锦江酒店
2025-07-10,zz500,2025-07-07,600763,通策医疗
2025-07-10,zz500,2025-07-07,600764,中国海防
2025-07-10,zz500,2025-07-07,600765,中航重机
2025-07-10,zz500,2025-07-07,600801,华新水泥
2025-07-10,zz500,2025-07-07,600808,马钢股份
2025-07-10,zz500,2025-07-07,600816,建元信托
2025-07-10,zz500,2025-07-07,600820,隧道股份
2025-07-10,zz500,2025-07-07,600839,四川长虹
2025-07-10,zz500,2025-07-07,600848,上海临港
2025-07-10,zz500,2025-07-07,600859,王府井
2025-07-10,zz500,2025-07-07,600862,中航高科
2025-07-10,zz500,2025-07-07,600863,内蒙华电
2025-07-10,zz500,2025-07-07,600867,通化东宝
2025-07-10,zz500,2025-07-07,600871,石化油服
2025-07-10,zz500,2025-07-07,600872,中炬高新
2025-07-10,zz500,2025-07-07,600873,梅花生物
2025-07-10,zz500,2025-07-07,600879,航天电子
2025-07-10,zz500,2025-07-07,600884,杉杉股份
2025-07-10,zz500,2025-07-07,600885,宏发股份
2025-07-10,zz500,2025-07-07,600895,张江高科
2025-07-10,zz500,2025-07-07,600901,江苏金租
2025-07-10,zz500,2025-07-07,600906,财达证券
2025-07-10,zz500,2025-07-07,600909,华安证券
2025-07-10,zz500,2025-07-07,600925,苏能股份
2025-07-10,zz500,2025-07-07,600927,永安期货
2025-07-10,zz500,2025-07-07,600928,西安银行
2025-07-10,zz500,2025-07-07,600956,新天绿能
2025-07-10,zz500,2025-07-07,600959,江苏有线
2025-07-10,zz500,2025-07-07,600968,海油发展
2025-07-10,zz500,2025-07-07,600970,中材国际
2025-07-10,zz500,2025-07-07,600977,中国电影
2025-07-10,zz500,2025-07-07,600985,淮北矿业
2025-07-10,zz500,2025-07-07,600988,赤峰黄金
2025-07-10,zz500,2025-07-07,600995,南网储能
2025-07-10,zz500,2025-07-07,600998,九州通
2025-07-10,zz500,2025-07-07,601000,唐山港
2025-07-10,zz500,2025-07-07,601001,晋控煤业
2025-07-10,zz500,2025-07-07,601016,节能风电
2025-07-10,zz500,2025-07-07,601019,山东出版
2025-07-10,zz500,2025-07-07,601061,中信金属
2025-07-10,zz500,2025-07-07,601098,中南传媒
2025-07-10,zz500,2025-07-07,601099,太平洋
2025-07-10,zz500,2025-07-07,601106,中国一重
2025-07-10,zz500,2025-07-07,601108,财通证券
2025-07-10,zz500,2025-07-07,601118,海南橡胶
2025-07-10,zz500,2025-07-07,601128,常熟银行
2025-07-10,zz500,2025-07-07,601139,深圳燃气
2025-07-10,zz500,2025-07-07,601155,新城控股
2025-07-10,zz500,2025-07-07,601156,东航物流
2025-07-10,zz500,2025-07-07,601158,重庆水务
2025-07-10,zz500,2025-07-07,601162,天风证券
2025-07-10,zz500,2025-07-07,601168,西部矿业
2025-07-10,zz500,2025-07-07,601179,中国西电
2025-07-10,zz500,2025-07-07,601198,东兴证券
2025-07-10,zz500,2025-07-07,601212,白银有色
2025-07-10,zz500,2025-07-07,601216,君正集团
2025-07-10,zz500,2025-07-07,601228,广州港
2025-07-10,zz500,2025-07-07,601231,环旭电子
2025-07-10,zz500,2025-07-07,601233,桐昆股份
2025-07-10,zz500,2025-07-07,601333,广深铁路
2025-07-10,zz500,2025-07-07,601399,国机重装
2025-07-10,zz500,2025-07-07,601456,国联民生
2025-07-10,zz500,2025-07-07,601555,东吴证券
2025-07-10,zz500,2025-07-07,601568,北元集团
2025-07-10,zz500,2025-07-07,601577,长沙银行
2025-07-10,zz500,2025-07-07,601598,中国外运
2025-07-10,zz500,2025-07-07,601608,中信重工
2025-07-10,zz500,2025-07-07,601611,中国核建
2025-07-10,zz500,2025-07-07,601615,明阳智能
2025-07-10,zz500,2025-07-07,601636,旗滨集团
2025-07-10,zz500,2025-07-07,601665,齐鲁银行
2025-07-10,zz500,2025-07-07,601666,平煤股份
2025-07-10,zz500,2025-07-07,601696,中银证券
2025-07-10,zz500,2025-07-07,601717,郑煤机
2025-07-10,zz500,2025-07-07,601858,中国科传
2025-07-10,zz500,2025-07-07,601866,中远海发
2025-07-10,zz500,2025-07-07,601880,辽港股份
2025-07-10,zz500,2025-07-07,601918,新集能源
2025-07-10,zz500,2025-07-07,601921,浙版传媒
2025-07-10,zz500,2025-07-07,601928,凤凰传媒
2025-07-10,zz500,2025-07-07,601933,永辉超市
2025-07-10,zz500,2025-07-07,601958,金钼股份
2025-07-10,zz500,2025-07-07,601965,中国汽研
2025-07-10,zz500,2025-07-07,601966,玲珑轮胎
2025-07-10,zz500,2025-07-07,601990,南京证券
2025-07-10,zz500,2025-07-07,601991,大唐发电
2025-07-10,zz500,2025-07-07,601997,贵阳银行
2025-07-10,zz500,2025-07-07,603000,人民网
2025-07-10,zz500,2025-07-07,603077,和邦生物
2025-07-10,zz500,2025-07-07,603087,甘李药业
2025-07-10,zz500,2025-07-07,603129,春风动力
2025-07-10,zz500,2025-07-07,603156,养元饮品
2025-07-10,zz500,2025-07-07,603160,汇顶科技
2025-07-10,zz500,2025-07-07,603179,新泉股份
2025-07-10,zz500,2025-07-07,603225,新凤鸣
2025-07-10,zz500,2025-07-07,603228,景旺电子
2025-07-10,zz500,2025-07-07,603233,大参林
2025-07-10,zz500,2025-07-07,603290,斯达半导
2025-07-10,zz500,2025-07-07,603298,杭叉集团
2025-07-10,zz500,2025-07-07,603338,浙江鼎力
2025-07-10,zz500,2025-07-07,603341,龙旗科技
2025-07-10,zz500,2025-07-07,603345,安井食品
2025-07-10,zz500,2025-07-07,603379,三美股份
2025-07-10,zz500,2025-07-07,603486,科沃斯
2025-07-10,zz500,2025-07-07,603529,爱玛科技
2025-07-10,zz500,2025-07-07,603556,海兴电力
2025-07-10,zz500,2025-07-07,603565,中谷物流
2025-07-10,zz500,2025-07-07,603568,伟明环保
2025-07-10,zz500,2025-07-07,603589,口子窖
2025-07-10,zz500,2025-07-07,603596,伯特利
2025-07-10,zz500,2025-07-07,603605,珀莱雅
2025-07-10,zz500,2025-07-07,603606,东方电缆
2025-07-10,zz500,2025-07-07,603650,彤程新材
2025-07-10,zz500,2025-07-07,603658,安图生物
2025-07-10,zz500,2025-07-07,603659,璞泰来
2025-07-10,zz500,2025-07-07,603688,石英股份
2025-07-10,zz500,2025-07-07,603707,健友股份
2025-07-10,zz500,2025-07-07,603728,鸣志电器
2025-07-10,zz500,2025-07-07,603737,三棵树
2025-07-10,zz500,2025-07-07,603786,科博达
2025-07-10,zz500,2025-07-07,603816,顾家家居
2025-07-10,zz500,2025-07-07,603826,坤彩科技
2025-07-10,zz500,2025-07-07,603858,步长制药
2025-07-10,zz500,2025-07-07,603868,飞科电器
2025-07-10,zz500,2025-07-07,603885,吉祥航空
2025-07-10,zz500,2025-07-07,603893,瑞芯微
2025-07-10,zz500,2025-07-07,603899,晨光股份
2025-07-10,zz500,2025-07-07,603927,中科软
2025-07-10,zz500,2025-07-07,603939,益丰药房
2025-07-10,zz500,2025-07-07,603979,金诚信
2025-07-10,zz500,2025-07-07,605358,立昂微
2025-07-10,zz500,2025-07-07,605589,圣泉集团
2025-07-10,zz500,2025-07-07,688002,睿创微纳
2025-07-10,zz500,2025-07-07,688017,绿的谐波
2025-07-10,zz500,2025-07-07,688027,国盾量子
2025-07-10,zz500,2025-07-07,688032,禾迈股份
2025-07-10,zz500,2025-07-07,688052,纳芯微
2025-07-10,zz500,2025-07-07,688065,凯赛生物
2025-07-10,zz500,2025-07-07,688072,拓荆科技
2025-07-10,zz500,2025-07-07,688099,晶晨股份
2025-07-10,zz500,2025-07-07,688100,威胜信息
2025-07-10,zz500,2025-07-07,688114,华大智造
2025-07-10,zz500,2025-07-07,688120,华海清科
2025-07-10,zz500,2025-07-07,688122,西部超导
2025-07-10,zz500,2025-07-07,688153,唯捷创芯
2025-07-10,zz500,2025-07-07,688172,燕东微
2025-07-10,zz500,2025-07-07,688180,君实生物
2025-07-10,zz500,2025-07-07,688183,生益电子
2025-07-10,zz500,2025-07-07,688188,柏楚电子
2025-07-10,zz500,2025-07-07,688213,思特威
2025-07-10,zz500,2025-07-07,688220,翱捷科技
2025-07-10,zz500,2025-07-07,688234,天岳先进
2025-07-10,zz500,2025-07-07,688235,百济神州
2025-07-10,zz500,2025-07-07,688248,南网科技
2025-07-10,zz500,2025-07-07,688249,晶合集成
2025-07-10,zz500,2025-07-07,688278,特宝生物
2025-07-10,zz500,2025-07-07,688281,华秦科技
2025-07-10,zz500,2025-07-07,688295,中复神鹰
2025-07-10,zz500,2025-07-07,688297,中无人机
2025-07-10,zz500,2025-07-07,688301,奕瑞科技
2025-07-10,zz500,2025-07-07,688318,财富趋势
2025-07-10,zz500,2025-07-07,688349,三一重能
2025-07-10,zz500,2025-07-07,688361,中科飞测
2025-07-10,zz500,2025-07-07,688363,华熙生物
2025-07-10,zz500,2025-07-07,688375,国博电子
2025-07-10,zz500,2025-07-07,688385,复旦微电
2025-07-10,zz500,2025-07-07,688387,信科移动
2025-07-10,zz500,2025-07-07,688425,铁建重工
2025-07-10,zz500,2025-07-07,688469,芯联集成
2025-07-10,zz500,2025-07-07,688475,萤石网络
2025-07-10,zz500,2025-07-07,688520,神州细胞
2025-07-10,zz500,2025-07-07,688521,芯原股份
2025-07-10,zz500,2025-07-07,688525,佰维存储
2025-07-10,zz500,2025-07-07,688538,和辉光电
2025-07-10,zz500,2025-07-07,688561,奇安信
2025-07-10,zz500,2025-07-07,688563,航材股份
2025-07-10,zz500,2025-07-07,688568,中科星图
2025-07-10,zz500,2025-07-07,688578,艾力斯
2025-07-10,zz500,2025-07-07,688582,芯动联科
2025-07-10,zz500,2025-07-07,688608,恒玄科技
2025-07-10,zz500,2025-07-07,688617,惠泰医疗
2025-07-10,zz500,2025-07-07,688676,金盘科技
2025-07-10,zz500,2025-07-07,688702,盛科通信
2025-07-10,zz500,2025-07-07,688728,格科微
2025-07-10,zz500,2025-07-07,688772,珠海冠宇
2025-07-10,zz500,2025-07-07,688777,中控技术
2025-07-10,zz500,2025-07-07,688778,厦钨新能
2025-07-10,zz500,2025-07-07,688819,天能股份
2025-07-10,zz500,2025-07-07,689009,九号公司
2025-07-10,zz500,2025-07-07,000009,中国宝安
2025-07-10,zz500,2025-07-07,000021,深科技
2025-07-10,zz500,2025-07-07,000027,深圳能源
2025-07-10,zz500,2025-07-07,000032,深桑达A
2025-07-10,zz500,2025-07-07,000034,神州数码
2025-07-10,zz500,2025-07-07,000039,中集集团
2025-07-10,zz500,2025-07-07,000050,深天马A
2025-07-10,zz500,2025-07-07,000060,中金岭南
2025-07-10,zz500,2025-07-07,000062,深圳华强
2025-07-10,zz500,2025-07-07,000066,中国长城
2025-07-10,zz500,2025-07-07,000155,川能动力
2025-07-10,zz500,2025-07-07,000400,许继电气
2025-07-10,zz500,2025-07-07,000403,派林生物
2025-07-10,zz500,2025-07-07,000415,渤海租赁
2025-07-10,zz500,2025-07-07,000423,东阿阿胶
2025-07-10,zz500,2025-07-07,000426,兴业银锡
2025-07-10,zz500,2025-07-07,000429,粤高速A
2025-07-10,zz500,2025-07-07,000513,丽珠集团
2025-07-10,zz500,2025-07-07,000519,中兵红箭
2025-07-10,zz500,2025-07-07,000528,柳工
2025-07-10,zz500,2025-07-07,000537,中绿电
2025-07-10,zz500,2025-07-07,000539,粤电力A
2025-07-10,zz500,2025-07-07,000543,皖能电力
2025-07-10,zz500,2025-07-07,000559,万向钱潮
2025-07-10,zz500,2025-07-07,000563,陕国投A
2025-07-10,zz500,2025-07-07,000582,北部湾港
2025-07-10,zz500,2025-07-07,000591,太阳能
2025-07-10,zz500,2025-07-07,000598,兴蓉环境
2025-07-10,zz500,2025-07-07,000623,吉林敖东
2025-07-10,zz500,2025-07-07,000629,钒钛股份
2025-07-10,zz500,2025-07-07,000636,风华高科
2025-07-10,zz500,2025-07-07,000683,博源化工
2025-07-10,zz500,2025-07-07,000703,恒逸石化
2025-07-10,zz500,2025-07-07,000709,河钢股份
2025-07-10,zz500,2025-07-07,000723,美锦能源
2025-07-10,zz500,2025-07-07,000728,国元证券
2025-07-10,zz500,2025-07-07,000729,燕京啤酒
2025-07-10,zz500,2025-07-07,000733,振华科技
2025-07-10,zz500,2025-07-07,000738,航发控制
2025-07-10,zz500,2025-07-07,000739,普洛药业
2025-07-10,zz500,2025-07-07,000750,国海证券
2025-07-10,zz500,2025-07-07,000783,长江证券
2025-07-10,zz500,2025-07-07,000785,居然智家
2025-07-10,zz500,2025-07-07,000825,太钢不锈
2025-07-10,zz500,2025-07-07,000830,鲁西化工
2025-07-10,zz500,2025-07-07,000831,中国稀土
2025-07-10,zz500,2025-07-07,000878,云南铜业
2025-07-10,zz500,2025-07-07,000883,湖北能源
2025-07-10,zz500,2025-07-07,000887,中鼎股份
2025-07-10,zz500,2025-07-07,000893,亚钾国际
2025-07-10,zz500,2025-07-07,000898,鞍钢股份
2025-07-10,zz500,2025-07-07,000921,海信家电
2025-07-10,zz500,2025-07-07,000932,华菱钢铁
2025-07-10,zz500,2025-07-07,000933,神火股份
2025-07-10,zz500,2025-07-07,000937,冀中能源
2025-07-10,zz500,2025-07-07,000951,中国重汽
2025-07-10,zz500,2025-07-07,000958,电投产融
2025-07-10,zz500,2025-07-07,000959,首钢股份
2025-07-10,zz500,2025-07-07,000960,锡业股份
2025-07-10,zz500,2025-07-07,000967,盈峰环境
2025-07-10,zz500,2025-07-07,000987,越秀资本
2025-07-10,zz500,2025-07-07,000988,华工科技
2025-07-10,zz500,2025-07-07,000997,新大陆
2025-07-10,zz500,2025-07-07,001213,中铁特货
2025-07-10,zz500,2025-07-07,001286,陕西能源
2025-07-10,zz500,2025-07-07,001389,广合科技
2025-07-10,zz500,2025-07-07,001696,宗申动力
2025-07-10,zz500,2025-07-07,002007,华兰生物
2025-07-10,zz500,2025-07-07,002008,大族激光
2025-07-10,zz500,2025-07-07,002025,航天电器
2025-07-10,zz500,2025-07-07,002044,美年健康
2025-07-10,zz500,2025-07-07,002056,横店东磁
2025-07-10,zz500,2025-07-07,002064,华峰化学
2025-07-10,zz500,2025-07-07,002065,东华软件
2025-07-10,zz500,2025-07-07,002078,太阳纸业
2025-07-10,zz500,2025-07-07,002080,中材科技
2025-07-10,zz500,2025-07-07,002085,万丰奥威
2025-07-10,zz500,2025-07-07,002120,韵达股份
2025-07-10,zz500,2025-07-07,002130,沃尔核材
2025-07-10,zz500,2025-07-07,002138,顺络电子
2025-07-10,zz500,2025-07-07,002152,广电运通
2025-07-10,zz500,2025-07-07,002153,石基信息
2025-07-10,zz500,2025-07-07,002155,湖南黄金
2025-07-10,zz500,2025-07-07,002156,通富微电
2025-07-10,zz500,2025-07-07,002185,华天科技
2025-07-10,zz500,2025-07-07,002195,岩山科技
2025-07-10,zz500,2025-07-07,002202,金风科技
2025-07-10,zz500,2025-07-07,002203,海亮股份
2025-07-10,zz500,2025-07-07,002223,鱼跃医疗
2025-07-10,zz500,2025-07-07,002244,滨江集团
2025-07-10,zz500,2025-07-07,002261,拓维信息
2025-07-10,zz500,2025-07-07,002262,恩华药业
2025-07-10,zz500,2025-07-07,002266,浙富控股
2025-07-10,zz500,2025-07-07,002273,水晶光电
2025-07-10,zz500,2025-07-07,002281,光迅科技
2025-07-10,zz500,2025-07-07,002294,信立泰
2025-07-10,zz500,2025-07-07,002299,圣农发展
2025-07-10,zz500,2025-07-07,002312,川发龙蟒
2025-07-10,zz500,2025-07-07,002318,久立特材
2025-07-10,zz500,2025-07-07,002340,格林美
2025-07-10,zz500,2025-07-07,002353,杰瑞股份
2025-07-10,zz500,2025-07-07,002372,伟星新材
2025-07-10,zz500,2025-07-07,002385,大北农
2025-07-10,zz500,2025-07-07,002409,雅克科技
2025-07-10,zz500,2025-07-07,002410,广联达
2025-07-10,zz500,2025-07-07,002414,高德红外
2025-07-10,zz500,2025-07-07,002423,中粮资本
2025-07-10,zz500,2025-07-07,002429,兆驰股份
2025-07-10,zz500,2025-07-07,002430,杭氧股份
2025-07-10,zz500,2025-07-07,002432,九安医疗
2025-07-10,zz500,2025-07-07,002436,兴森科技
2025-07-10,zz500,2025-07-07,002439,启明星辰
2025-07-10,zz500,2025-07-07,002444,巨星科技
2025-07-10,zz500,2025-07-07,002461,珠江啤酒
2025-07-10,zz500,2025-07-07,002465,海格通信
2025-07-10,zz500,2025-07-07,002472,双环传动
2025-07-10,zz500,2025-07-07,002500,山西证券
2025-07-10,zz500,2025-07-07,002507,涪陵榨菜
2025-07-10,zz500,2025-07-07,002508,老板电器
2025-07-10,zz500,2025-07-07,002517,恺英网络
2025-07-10,zz500,2025-07-07,002532,天山铝业
2025-07-10,zz500,2025-07-07,002558,巨人网络
2025-07-10,zz500,2025-07-07,002563,森马服饰
2025-07-10,zz500,2025-07-07,002568,百润股份
2025-07-10,zz500,2025-07-07,002572,索菲亚
2025-07-10,zz500,2025-07-07,002595,豪迈科技
2025-07-10,zz500,2025-07-07,002603,以岭药业
2025-07-10,zz500,2025-07-07,002607,中公教育
2025-07-10,zz500,2025-07-07,002608,江苏国信
2025-07-10,zz500,2025-07-07,002624,完美世界
2025-07-10,zz500,2025-07-07,002653,海思科
2025-07-10,zz500,2025-07-07,002670,国盛金控
2025-07-10,zz500,2025-07-07,002673,西部证券
2025-07-10,zz500,2025-07-07,002683,广东宏大
2025-07-10,zz500,2025-07-07,002738,中矿资源
2025-07-10,zz500,2025-07-07,002739,万达电影
2025-07-10,zz500,2025-07-07,002756,永兴材料
2025-07-10,zz500,2025-07-07,002773,康弘药业
2025-07-10,zz500,2025-07-07,002797,第一创业
2025-07-10,zz500,2025-07-07,002821,凯莱英
2025-07-10,zz500,2025-07-07,002831,裕同科技
2025-07-10,zz500,2025-07-07,002837,英维克
2025-07-10,zz500,2025-07-07,002841,视源股份
2025-07-10,zz500,2025-07-07,002850,科达利
2025-07-10,zz500,2025-07-07,002851,麦格米特
2025-07-10,zz500,2025-07-07,002926,华西证券
2025-07-10,zz500,2025-07-07,002939,长城证券
2025-07-10,zz500,2025-07-07,002945,华林证券
2025-07-10,zz500,2025-07-07,002958,青农商行
2025-07-10,zz500,2025-07-07,002966,苏州银行
2025-07-10,zz500,2025-07-07,002984,森麒麟
2025-07-10,zz500,2025-07-07,003022,联泓新科
2025-07-10,zz500,2025-07-07,003031,中瓷电子
2025-07-10,zz500,2025-07-07,003035,南网能源
2025-07-10,zz500,2025-07-07,300001,特锐德
2025-07-10,zz500,2025-07-07,300002,神州泰岳
2025-07-10,zz500,2025-07-07,300003,乐普医疗
2025-07-10,zz500,2025-07-07,300012,华测检测
2025-07-10,zz500,2025-07-07,300017,网宿科技
2025-07-10,zz500,2025-07-07,300024,机器人
2025-07-10,zz500,2025-07-07,300037,新宙邦
2025-07-10,zz500,2025-07-07,300054,鼎龙股份
2025-07-10,zz500,2025-07-07,300058,蓝色光标
2025-07-10,zz500,2025-07-07,300070,碧水源
2025-07-10,zz500,2025-07-07,300073,当升科技
2025-07-10,zz500,2025-07-07,300115,长盈精密
2025-07-10,zz500,2025-07-07,300136,信维通信
2025-07-10,zz500,2025-07-07,300140,节能环境
2025-07-10,zz500,2025-07-07,300142,沃森生物
2025-07-10,zz500,2025-07-07,300144,宋城演艺
2025-07-10,zz500,2025-07-07,300146,汤臣倍健
2025-07-10,zz500,2025-07-07,300207,欣旺达
2025-07-10,zz500,2025-07-07,300212,易华录
2025-07-10,zz500,2025-07-07,300223,北京君正
2025-07-10,zz500,2025-07-07,300251,光线传媒
2025-07-10,zz500,2025-07-07,300285,国瓷材料
2025-07-10,zz500,2025-07-07,300339,润和软件
2025-07-10,zz500,2025-07-07,300346,南大光电
2025-07-10,zz500,2025-07-07,300373,扬杰科技
2025-07-10,zz500,2025-07-07,300383,光环新网
2025-07-10,zz500,2025-07-07,300390,天华新能
2025-07-10,zz500,2025-07-07,300395,菲利华
2025-07-10,zz500,2025-07-07,300450,先导智能
2025-07-10,zz500,2025-07-07,300454,深信服
2025-07-10,zz500,2025-07-07,300458,全志科技
2025-07-10,zz500,2025-07-07,300474,景嘉微
2025-07-10,zz500,2025-07-07,300476,胜宏科技
2025-07-10,zz500,2025-07-07,300487,蓝晓科技
2025-07-10,zz500,2025-07-07,300496,中科创达
2025-07-10,zz500,2025-07-07,300529,健帆生物
2025-07-10,zz500,2025-07-07,300558,贝达药业
2025-07-10,zz500,2025-07-07,300567,精测电子
2025-07-10,zz500,2025-07-07,300573,兴齐眼药
2025-07-10,zz500,2025-07-07,300595,欧普康视
2025-07-10,zz500,2025-07-07,300601,康泰生物
2025-07-10,zz500,2025-07-07,300604,长川科技
2025-07-10,zz500,2025-07-07,300623,捷捷微电
2025-07-10,zz500,2025-07-07,300627,华测导航
2025-07-10,zz500,2025-07-07,300676,华大基因
2025-07-10,zz500,2025-07-07,300677,英科医疗
2025-07-10,zz500,2025-07-07,300679,电连技术
2025-07-10,zz500,2025-07-07,300699,光威复材
2025-07-10,zz500,2025-07-07,300724,捷佳伟创
2025-07-10,zz500,2025-07-07,300735,光弘科技
2025-07-10,zz500,2025-07-07,300748,金力永磁
2025-07-10,zz500,2025-07-07,300751,迈为股份
2025-07-10,zz500,2025-07-07,300757,罗博特科
2025-07-10,zz500,2025-07-07,300763,锦浪科技
2025-07-10,zz500,2025-07-07,300765,新诺威
2025-07-10,zz500,2025-07-07,300803,指南针
2025-07-10,zz500,2025-07-07,300857,协创数据
2025-07-10,zz500,2025-07-07,300888,稳健医疗
2025-07-10,zz500,2025-07-07,300919,中伟股份
2025-07-10,zz500,2025-07-07,300957,贝泰妮
2025-07-10,zz500,2025-07-07,301165,锐捷网络
2025-07-10,zz500,2025-07-07,301267,华厦眼科
2025-07-10,zz500,2025-07-07,301301,川宁生物
2025-07-10,zz500,2025-07-07,301308,江波龙
2025-07-10,zz500,2025-07-07,301358,湖南裕能
2025-07-10,zz500,2025-07-07,301498,乖宝宠物
2025-07-10,zz500,2025-07-07,301536,星宸科技
2026-01-10,hs300,2026-01-05,600000,浦发银行
2026-01-10,hs300,2026-01-05,600009,上海机场
2026-01-10,hs300,2026-01-05,600010,包钢股份
2026-01-10,hs300,2026-01-05,600011,华能国际
2026-01-10,hs300,2026-01-05,600015,华夏银行
2026-01-10,hs300,2026-01-05,600016,民生银行
2026-01-10,hs300,2026-01-05,600018,上港集团
2026-01-10,hs300,2026-01-05,600019,宝钢股份
2026-01-10,hs300,2026-01-05,600023,浙能电力
2026-01-10,hs300,2026-01-05,600025,华能水电
2026-01-10,hs300,2026-01-05,600026,中远海能
2026-01-10,hs300,2026-01-05,600027,华电国际
2026-01-10,hs300,2026-01-05,600028,中国石化
2026-01-10,hs300,2026-01-05,600029,南方航空
2026-01-10,hs300,2026-01-05,600030,中信证券
2026-01-10,hs300,2026-01-05,600031,三一重工
2026-01-10,hs300,2026-01-05,600036,招商银行
2026-01-10,hs300,2026-01-05,600039,四川路桥
2026-01-10,hs300,2026-01-05,600048,保利发展
2026-01-10,hs300,2026-01-05,600050,中国联通
2026-01-10,hs300,2026-01-05,600061,国投资本
2026-01-10,hs300,2026-01-05,600066,宇通客车
2026-01-10,hs300,2026-01-05,600085,同仁堂
2026-01-10,hs300,2026-01-05,600089,特变电工
2026-01-10,hs300,2026-01-05,600104,上汽集团
2026-01-10,hs300,2026-01-05,600111,北方稀土
2026-01-10,hs300,2026-01-05,600115,中国东航
2026-01-10,hs300,2026-01-05,600150,中国船舶
2026-01-10,hs300,2026-01-05,600160,巨化股份
2026-01-10,hs300,2026-01-05,600161,天坛生物
2026-01-10,hs300,2026-01-05,600176,中国巨石
2026-01-10,hs300,2026-01-05,600183,生益科技
2026-01-10,hs300,2026-01-05,600188,兖矿能源
2026-01-10,hs300,2026-01-05,600196,复星医药
2026-01-10,hs300,2026-01-05,600219,南山铝业
2026-01-10,hs300,2026-01-05,600233,圆通速递
2026-01-10,hs300,2026-01-05,600276,恒瑞医药
2026-01-10,hs300,2026-01-05,600309,万华化学
2026-01-10,hs300,2026-01-05,600346,恒力石化
2026-01-10,hs300,2026-01-05,600362,江西铜业
2026-01-10,hs300,2026-01-05,600372,中航机载
2026-01-10,hs300,2026-01-05,600377,宁沪高速
2026-01-10,hs300,2026-01-05,600406,国电南瑞
2026-01-10,hs300,2026-01-05,600415,小商品城
2026-01-10,hs300,2026-01-05,600426,华鲁恒升
2026-01-10,hs300,2026-01-05,600436,片仔癀
2026-01-10,hs300,2026-01-05,600438,通威股份
2026-01-10,hs300,2026-01-05,600460,士兰微
2026-01-10,hs300,2026-01-05,600482,中国动力
2026-01-10,hs300,2026-01-05,600489,中金黄金
2026-01-10,hs300,2026-01-05,600515,海南机场
2026-01-10,hs300,2026-01-05,600519,贵州茅台
2026-01-10,hs300,2026-01-05,600522,中天科技
2026-01-10,hs300,2026-01-05,600547,山东黄金
2026-01-10,hs300,2026-01-05,600570,恒生电子
2026-01-10,hs300,2026-01-05,600584,长电科技
2026-01-10,hs300,2026-01-05,600585,海螺水泥
2026-01-10,hs300,2026-01-05,600588,用友网络
2026-01-10,hs300,2026-01-05,600600,青岛啤酒
2026-01-10,hs300,2026-01-05,600660,福耀玻璃
2026-01-10,hs300,2026-01-05,600674,川投能源
2026-01-10,hs300,2026-01-05,600690,海尔智家
2026-01-10,hs300,2026-01-05,600741,华域汽车
2026-01-10,hs300,2026-01-05,600760,中航沈飞
2026-01-10,hs300,2026-01-05,600795,国电电力
2026-01-10,hs300,2026-01-05,600803,新奥股份
2026-01-10,hs300,2026-01-05,600809,山西汾酒
2026-01-10,hs300,2026-01-05,600845,宝信软件
2026-01-10,hs300,2026-01-05,600875,东方电气
2026-01-10,hs300,2026-01-05,600886,国投电力
2026-01-10,hs300,2026-01-05,600887,伊利股份
2026-01-10,hs300,2026-01-05,600893,航发动力
2026-01-10,hs300,2026-01-05,600900,长江电力
2026-01-10,hs300,2026-01-05,600905,三峡能源
2026-01-10,hs300,2026-01-05,600918,中泰证券
2026-01-10,hs300,2026-01-05,600919,江苏银行
2026-01-10,hs300,2026-01-05,600926,杭州银行
2026-01-10,hs300,2026-01-05,600930,华电新能
2026-01-10,hs300,2026-01-05,600938,中国海油
2026-01-10,hs300,2026-01-05,600941,中国移动
2026-01-10,hs300,2026-01-05,600958,东方证券
2026-01-10,hs300,2026-01-05,600989,宝丰能源
2026-01-10,hs300,2026-01-05,600999,招商证券
2026-01-10,hs300,2026-01-05,601006,大秦铁路
2026-01-10,hs300,2026-01-05,601009,南京银行
2026-01-10,hs300,2026-01-05,601012,隆基绿能
2026-01-10,hs300,2026-01-05,601018,宁波港
2026-01-10,hs300,2026-01-05,601021,春秋航空
2026-01-10,hs300,2026-01-05,601058,赛轮轮胎
2026-01-10,hs300,2026-01-05,601059,信达证券
2026-01-10,hs300,2026-01-05,601066,中信建投
2026-01-10,hs300,2026-01-05,601077,渝农商行
2026-01-10,hs300,2026-01-05,601088,中国神华
2026-01-10,hs300,2026-01-05,601100,恒立液压
2026-01-10,hs300,2026-01-05,601111,中国国航
2026-01-10,hs300,2026-01-05,601117,中国化学
2026-01-10,hs300,2026-01-05,601127,赛力斯
2026-01-10,hs300,2026-01-05,601136,首创证券
2026-01-10,hs300,2026-01-05,601138,工业富联
2026-01-10,hs300,2026-01-05,601166,兴业银行
2026-01-10,hs300,2026-01-05,601169,北京银行
2026-01-10,hs300,2026-01-05,601186,中国铁建
2026-01-10,hs300,2026-01-05,601211,国泰海通
2026-01-10,hs300,2026-01-05,601225,陕西煤业
2026-01-10,hs300,2026-01-05,601229,上海银行
2026-01-10,hs300,2026-01-05,601236,红塔证券
2026-01-10,hs300,2026-01-05,601238,广汽集团
2026-01-10,hs300,2026-01-05,601288,农业银行
2026-01-10,hs300,2026-01-05,601298,青岛港
2026-01-10,hs300,2026-01-05,601318,中国平安
2026-01-10,hs300,2026-01-05,601319,中国人保
2026-01-10,hs300,2026-01-05,601328,交通银行
2026-01-10,hs300,2026-01-05,601336,新华保险
2026-01-10,hs300,2026-01-05,601360,三六零
2026-01-10,hs300,2026-01-05,601377,兴业证券
2026-01-10,hs300,2026-01-05,601390,中国中铁
2026-01-10,hs300,2026-01-05,601398,工商银行
2026-01-10,hs300,2026-01-05,601456,国联民生
2026-01-10,hs300,2026-01-05,601600,中国铝业
2026-01-10,hs300,2026-01-05,601601,中国太保
2026-01-10,hs300,2026-01-05,601607,上海医药
2026-01-10,hs300,2026-01-05,601618,中国中冶
2026-01-10,hs300,2026-01-05,601628,中国人寿
2026-01-10,hs300,2026-01-05,601633,长城汽车
2026-01-10,hs300,2026-01-05,601658,邮储银行
2026-01-10,hs300,2026-01-05,601668,中国建筑
2026-01-10,hs300,2026-01-05,601669,中国电建
2026-01-10,hs300,2026-01-05,601688,华泰证券
2026-01-10,hs300,2026-01-05,601689,拓普集团
2026-01-10,hs300,2026-01-05,601698,中国卫通
2026-01-10,hs300,2026-01-05,601728,中国电信
2026-01-10,hs300,2026-01-05,601766,中国中车
2026-01-10,hs300,2026-01-05,601788,光大证券
2026-01-10,hs300,2026-01-05,601800,中国交建
2026-01-10,hs300,2026-01-05,601808,中海油服
2026-01-10,hs300,2026-01-05,601816,京沪高铁
2026-01-10,hs300,2026-01-05,601818,光大银行
2026-01-10,hs300,2026-01-05,601825,沪农商行
2026-01-10,hs300,2026-01-05,601838,成都银行
2026-01-10,hs300,2026-01-05,601857,中国石油
2026-01-10,hs300,2026-01-05,601868,中国能建
2026-01-10,hs300,2026-01-05,601872,招商轮船
2026-01-10,hs300,2026-01-05,601877,正泰电器
2026-01-10,hs300,2026-01-05,601878,浙商证券
2026-01-10,hs300,2026-01-05,601881,中国银河
2026-01-10,hs300,2026-01-05,601888,中国中免
2026-01-10,hs300,2026-01-05,601898,中煤能源
2026-01-10,hs300,2026-01-05,601899,紫金矿业
2026-01-10,hs300,2026-01-05,601901,方正证券
2026-01-10,hs300,2026-01-05,601916,浙商银行
2026-01-10,hs300,2026-01-05,601919,中远海控
2026-01-10,hs300,2026-01-05,601939,建设银行
2026-01-10,hs300,2026-01-05,601985,中国核电
2026-01-10,hs300,2026-01-05,601988,中国银行
2026-01-10,hs300,2026-01-05,601995,中金公司
2026-01-10,hs300,2026-01-05,601998,中信银行
2026-01-10,hs300,2026-01-05,603019,中科曙光
2026-01-10,hs300,2026-01-05,603195,公牛集团
2026-01-10,hs300,2026-01-05,603259,药明康德
2026-01-10,hs300,2026-01-05,603260,合盛硅业
2026-01-10,hs300,2026-01-05,603288,海天味业
2026-01-10,hs300,2026-01-05,603296,华勤技术
2026-01-10,hs300,2026-01-05,603369,今世缘
2026-01-10,hs300,2026-01-05,603392,万泰生物
2026-01-10,hs300,2026-01-05,603501,豪威集团
2026-01-10,hs300,2026-01-05,603799,华友钴业
2026-01-10,hs300,2026-01-05,603893,瑞芯微
2026-01-10,hs300,2026-01-05,603986,兆易创新
2026-01-10,hs300,2026-01-05,603993,洛阳钼业
2026-01-10,hs300,2026-01-05,605117,德业股份
2026-01-10,hs300,2026-01-05,605499,东鹏饮料
2026-01-10,hs300,2026-01-05,688008,澜起科技
2026-01-10,hs300,2026-01-05,688009,中国通号
2026-01-10,hs300,2026-01-05,688012,中微公司
2026-01-10,hs300,2026-01-05,688036,传音控股
2026-01-10,hs300,2026-01-05,688041,海光信息
2026-01-10,hs300,2026-01-05,688047,龙芯中科
2026-01-10,hs300,2026-01-05,688082,盛美上海
2026-01-10,hs300,2026-01-05,688111,金山办公
2026-01-10,hs300,2026-01-05,688126,沪硅产业
2026-01-10,hs300,2026-01-05,688169,石头科技
2026-01-10,hs300,2026-01-05,688187,时代电气
2026-01-10,hs300,2026-01-05,688223,晶科能源
2026-01-10,hs300,2026-01-05,688256,寒武纪
2026-01-10,hs300,2026-01-05,688271,联影医疗
2026-01-10,hs300,2026-01-05,688303,大全能源
2026-01-10,hs300,2026-01-05,688396,华润微
2026-01-10,hs300,2026-01-05,688472,阿特斯
2026-01-10,hs300,2026-01-05,688506,百利天恒
2026-01-10,hs300,2026-01-05,688981,中芯国际
2026-01-10,hs300,2026-01-05,000001,平安银行
2026-01-10,hs300,2026-01-05,000002,万科A
2026-01-10,hs300,2026-01-05,000063,中兴通讯
2026-01-10,hs300,2026-01-05,000100,TCL科技
2026-01-10,hs300,2026-01-05,000157,中联重科
2026-01-10,hs300,2026-01-05,000166,申万宏源
2026-01-10,hs300,2026-01-05,000301,东方盛虹
2026-01-10,hs300,2026-01-05,000333,美的集团
2026-01-10,hs300,2026-01-05,000338,潍柴动力
2026-01-10,hs300,2026-01-05,000408,藏格矿业
2026-01-10,hs300,2026-01-05,000425,徐工机械
2026-01-10,hs300,2026-01-05,000538,云南白药
2026-01-10,hs300,2026-01-05,000568,泸州老窖
2026-01-10,hs300,2026-01-05,000596,古井贡酒
2026-01-10,hs300,2026-01-05,000617,中油资本
2026-01-10,hs300,2026-01-05,000625,长安汽车
2026-01-10,hs300,2026-01-05,000630,铜陵有色
2026-01-10,hs300,2026-01-05,000651,格力电器
2026-01-10,hs300,2026-01-05,000661,长春高新
2026-01-10,hs300,2026-01-05,000708,中信特钢
2026-01-10,hs300,2026-01-05,000725,京东方A
2026-01-10,hs300,2026-01-05,000768,中航西飞
2026-01-10,hs300,2026-01-05,000776,广发证券
2026-01-10,hs300,2026-01-05,000786,北新建材
2026-01-10,hs300,2026-01-05,000792,盐湖股份
2026-01-10,hs300,2026-01-05,000807,云铝股份
2026-01-10,hs300,2026-01-05,000858,五粮液
2026-01-10,hs300,2026-01-05,000876,新希望
2026-01-10,hs300,2026-01-05,000895,双汇发展
2026-01-10,hs300,2026-01-05,000938,紫光股份
2026-01-10,hs300,2026-01-05,000963,华东医药
2026-01-10,hs300,2026-01-05,000975,山金国际
2026-01-10,hs300,2026-01-05,000977,浪潮信息
2026-01-10,hs300,2026-01-05,000983,山西焦煤
2026-01-10,hs300,2026-01-05,000999,华润三九
2026-01-10,hs300,2026-01-05,001391,国货航
2026-01-10,hs300,2026-01-05,001965,招商公路
2026-01-10,hs300,2026-01-05,001979,招商蛇口
2026-01-10,hs300,2026-01-05,002001,新和成
2026-01-10,hs300,2026-01-05,002027,分众传媒
2026-01-10,hs300,2026-01-05,002028,思源电气
2026-01-10,hs300,2026-01-05,002049,紫光国微
2026-01-10,hs300,2026-01-05,002050,三花智控
2026-01-10,hs300,2026-01-05,002074,国轩高科
2026-01-10,hs300,2026-01-05,002142,宁波银行
2026-01-10,hs300,2026-01-05,002179,中航光电
2026-01-10,hs300,2026-01-05,002230,科大讯飞
2026-01-10,hs300,2026-01-05,002236,大华股份
2026-01-10,hs300,2026-01-05,002241,歌尔股份
2026-01-10,hs300,2026-01-05,002252,上海莱士
2026-01-10,hs300,2026-01-05,002304,洋河股份
2026-01-10,hs300,2026-01-05,002311,海大集团
2026-01-10,hs300,2026-01-05,002352,顺丰控股
2026-01-10,hs300,2026-01-05,002371,北方华创
2026-01-10,hs300,2026-01-05,002384,东山精密
2026-01-10,hs300,2026-01-05,002415,海康威视
2026-01-10,hs300,2026-01-05,002422,科伦药业
2026-01-10,hs300,2026-01-05,002459,晶澳科技
2026-01-10,hs300,2026-01-05,002460,赣锋锂业
2026-01-10,hs300,2026-01-05,002463,沪电股份
2026-01-10,hs300,2026-01-05,002466,天齐锂业
2026-01-10,hs300,2026-01-05,002475,立讯精密
2026-01-10,hs300,2026-01-05,002493,荣盛石化
2026-01-10,hs300,2026-01-05,002594,比亚迪
2026-01-10,hs300,2026-01-05,002600,领益智造
2026-01-10,hs300,2026-01-05,002601,龙佰集团
2026-01-10,hs300,2026-01-05,002625,光启技术
2026-01-10,hs300,2026-01-05,002648,卫星化学
2026-01-10,hs300,2026-01-05,002709,天赐材料
2026-01-10,hs300,2026-01-05,002714,牧原股份
2026-01-10,hs300,2026-01-05,002736,国信证券
2026-01-10,hs300,2026-01-05,002916,深南电路
2026-01-10,hs300,2026-01-05,002920,德赛西威
2026-01-10,hs300,2026-01-05,002938,鹏鼎控股
2026-01-10,hs300,2026-01-05,003816,中国广核
2026-01-10,hs300,2026-01-05,300014,亿纬锂能
2026-01-10,hs300,2026-01-05,300015,爱尔眼科
2026-01-10,hs300,2026-01-05,300033,同花顺
2026-01-10,hs300,2026-01-05,300059,东方财富
2026-01-10,hs300,2026-01-05,300122,智飞生物
2026-01-10,hs300,2026-01-05,300124,汇川技术
2026-01-10,hs300,2026-01-05,300251,光线传媒
2026-01-10,hs300,2026-01-05,300274,阳光电源
2026-01-10,hs300,2026-01-05,300308,中际旭创
2026-01-10,hs300,2026-01-05,300316,晶盛机电
2026-01-10,hs300,2026-01-05,300347,泰格医药
2026-01-10,hs300,2026-01-05,300394,天孚通信
2026-01-10,hs300,2026-01-05,300408,三环集团
2026-01-10,hs300,2026-01-05,300413,芒果超媒
2026-01-10,hs300,2026-01-05,300418,昆仑万维
2026-01-10,hs300,2026-01-05,300433,蓝思科技
2026-01-10,hs300,2026-01-05,300442,润泽科技
2026-01-10,hs300,2026-01-05,300476,胜宏科技
2026-01-10,hs300,2026-01-05,300498,温氏股份
2026-01-10,hs300,2026-01-05,300502,新易盛
2026-01-10,hs300,2026-01-05,300628,亿联网络
2026-01-10,hs300,2026-01-05,300661,圣邦股份
2026-01-10,hs300,2026-01-05,300750,宁德时代
2026-01-10,hs300,2026-01-05,300759,康龙化成
2026-01-10,hs300,2026-01-05,300760,迈瑞医疗
2026-01-10,hs300,2026-01-05,300782,卓胜微
2026-01-10,hs300,2026-01-05,300803,指南针
2026-01-10,hs300,2026-01-05,300832,新产业
2026-01-10,hs300,2026-01-05,300866,安克创新
2026-01-10,hs300,2026-01-05,300896,爱美客
2026-01-10,hs300,2026-01-05,300979,华利集团
2026-01-10,hs300,2026-01-05,300999,金龙鱼
2026-01-10,hs300,2026-01-05,301236,软通动力
2026-01-10,hs300,2026-01-05,301269,华大九天
2026-01-10,hs300,2026-01-05,302132,中航成飞
2026-01-10,zz500,2026-01-05,600004,白云机场
2026-01-10,zz500,2026-01-05,600007,中国国贸
2026-01-10,zz500,2026-01-05,600008,首创环保
2026-01-10,zz500,2026-01-05,600021,上海电力
2026-01-10,zz500,2026-01-05,600032,浙江新能
2026-01-10,zz500,2026-01-05,600038,中直股份
2026-01-10,zz500,2026-01-05,600060,海信视像
2026-01-10,zz500,2026-01-05,600062,华润双鹤
2026-01-10,zz500,2026-01-05,600079,ST人福
2026-01-10,zz500,2026-01-05,600095,湘财股份
2026-01-10,zz500,2026-01-05,600096,云天化
2026-01-10,zz500,2026-01-05,600098,广州发展
2026-01-10,zz500,2026-01-05,600109,国金证券
2026-01-10,zz500,2026-01-05,600118,中国卫星
2026-01-10,zz500,2026-01-05,600126,杭钢股份
2026-01-10,zz500,2026-01-05,600131,国网信通
2026-01-10,zz500,2026-01-05,600132,重庆啤酒
2026-01-10,zz500,2026-01-05,600141,兴发集团
2026-01-10,zz500,2026-01-05,600143,金发科技
2026-01-10,zz500,2026-01-05,600153,建发股份
2026-01-10,zz500,2026-01-05,600157,永泰能源
2026-01-10,zz500,2026-01-05,600166,福田汽车
2026-01-10,zz500,2026-01-05,600170,上海建工
2026-01-10,zz500,2026-01-05,600171,上海贝岭
2026-01-10,zz500,2026-01-05,600177,雅戈尔
2026-01-10,zz500,2026-01-05,600208,衢州发展
2026-01-10,zz500,2026-01-05,600282,南钢股份
2026-01-10,zz500,2026-01-05,600295,鄂尔多斯
2026-01-10,zz500,2026-01-05,600298,安琪酵母
2026-01-10,zz500,2026-01-05,600299,安迪苏
2026-01-10,zz500,2026-01-05,600312,平高电气
2026-01-10,zz500,2026-01-05,600316,洪都航空
2026-01-10,zz500,2026-01-05,600329,达仁堂
2026-01-10,zz500,2026-01-05,600332,白云山
2026-01-10,zz500,2026-01-05,600339,中油工程
2026-01-10,zz500,2026-01-05,600348,华阳股份
2026-01-10,zz500,2026-01-05,600352,浙江龙盛
2026-01-10,zz500,2026-01-05,600363,联创光电
2026-01-10,zz500,2026-01-05,600369,西南证券
2026-01-10,zz500,2026-01-05,600378,昊华科技
2026-01-10,zz500,2026-01-05,600380,健康元
2026-01-10,zz500,2026-01-05,600390,五矿资本
2026-01-10,zz500,2026-01-05,600392,盛和资源
2026-01-10,zz500,2026-01-05,600398,海澜之家
2026-01-10,zz500,2026-01-05,600435,北方导航
2026-01-10,zz500,2026-01-05,600483,福能股份
2026-01-10,zz500,2026-01-05,600486,扬农化工
2026-01-10,zz500,2026-01-05,600487,亨通光电
2026-01-10,zz500,2026-01-05,600497,驰宏锌锗
2026-01-10,zz500,2026-01-05,600498,烽火通信
2026-01-10,zz500,2026-01-05,600499,科达制造
2026-01-10,zz500,2026-01-05,600511,国药股份
2026-01-10,zz500,2026-01-05,600516,方大炭素
2026-01-10,zz500,2026-01-05,600517,国网英大
2026-01-10,zz500,2026-01-05,600521,华海药业
2026-01-10,zz500,2026-01-05,600528,中铁工业
2026-01-10,zz500,2026-01-05,600535,天士力
2026-01-10,zz500,2026-01-05,600536,中国软件
2026-01-10,zz500,2026-01-05,600546,山煤国际
2026-01-10,zz500,2026-01-05,600549,厦门钨业
2026-01-10,zz500,2026-01-05,600562,国睿科技
2026-01-10,zz500,2026-01-05,600563,法拉电子
2026-01-10,zz500,2026-01-05,600566,济川药业
2026-01-10,zz500,2026-01-05,600578,京能电力
2026-01-10,zz500,2026-01-05,600580,卧龙电驱
2026-01-10,zz500,2026-01-05,600582,天地科技
2026-01-10,zz500,2026-01-05,600583,海油工程
2026-01-10,zz500,2026-01-05,600598,北大荒
2026-01-10,zz500,2026-01-05,600601,方正科技
2026-01-10,zz500,2026-01-05,600602,云赛智联
2026-01-10,zz500,2026-01-05,600606,绿地控股
2026-01-10,zz500,2026-01-05,600637,东方明珠
2026-01-10,zz500,2026-01-05,600642,申能股份
2026-01-10,zz500,2026-01-05,600655,豫园股份
2026-01-10,zz500,2026-01-05,600663,陆家嘴
2026-01-10,zz500,2026-01-05,600673,东阳光
2026-01-10,zz500,2026-01-05,600685,中船防务
2026-01-10,zz500,2026-01-05,600688,上海石化
2026-01-10,zz500,2026-01-05,600699,均胜电子
2026-01-10,zz500,2026-01-05,600704,物产中大
2026-01-10,zz500,2026-01-05,600707,彩虹股份
2026-01-10,zz500,2026-01-05,600720,中交设计
2026-01-10,zz500,2026-01-05,600737,中粮糖业
2026-01-10,zz500,2026-01-05,600739,辽宁成大
2026-01-10,zz500,2026-01-05,600754,锦江酒店
2026-01-10,zz500,2026-01-05,600763,通策医疗
2026-01-10,zz500,2026-01-05,600764,中国海防
2026-01-10,zz500,2026-01-05,600765,中航重机
2026-01-10,zz500,2026-01-05,600801,华新建材
2026-01-10,zz500,2026-01-05,600808,马钢股份
2026-01-10,zz500,2026-01-05,600816,建元信托
2026-01-10,zz500,2026-01-05,600820,隧道股份
2026-01-10,zz500,2026-01-05,600848,上海临港
2026-01-10,zz500,2026-01-05,600862,中航高科
2026-01-10,zz500,2026-01-05,600863,内蒙华电
2026-01-10,zz500,2026-01-05,600871,石化油服
2026-01-10,zz500,2026-01-05,600873,梅花生物
2026-01-10,zz500,2026-01-05,600879,航天电子
2026-01-10,zz500,2026-01-05,600884,杉杉股份
2026-01-10,zz500,2026-01-05,600885,宏发股份
2026-01-10,zz500,2026-01-05,600901,江苏金租
2026-01-10,zz500,2026-01-05,600906,财达证券
2026-01-10,zz500,2026-01-05,600909,华安证券
2026-01-10,zz500,2026-01-05,600927,永安期货
2026-01-10,zz500,2026-01-05,600959,江苏有线
2026-01-10,zz500,2026-01-05,600967,内蒙一机
2026-01-10,zz500,2026-01-05,600968,海油发展
2026-01-10,zz500,2026-01-05,600970,中材国际
2026-01-10,zz500,2026-01-05,600977,中国电影
2026-01-10,zz500,2026-01-05,600985,淮北矿业
2026-01-10,zz500,2026-01-05,600988,赤峰黄金
2026-01-10,zz500,2026-01-05,600995,南网储能
2026-01-10,zz500,2026-01-05,600998,九州通
2026-01-10,zz500,2026-01-05,601000,唐山港
2026-01-10,zz500,2026-01-05,601001,晋控煤业
2026-01-10,zz500,2026-01-05,601016,节能风电
2026-01-10,zz500,2026-01-05,601019,山东出版
2026-01-10,zz500,2026-01-05,601061,中信金属
2026-01-10,zz500,2026-01-05,601098,中南传媒
2026-01-10,zz500,2026-01-05,601099,太平洋
2026-01-10,zz500,2026-01-05,601106,中国一重
2026-01-10,zz500,2026-01-05,601108,财通证券
2026-01-10,zz500,2026-01-05,601118,海南橡胶
2026-01-10,zz500,2026-01-05,601128,常熟银行
2026-01-10,zz500,2026-01-05,601139,深圳燃气
2026-01-10,zz500,2026-01-05,601155,新城控股
2026-01-10,zz500,2026-01-05,601156,东航物流
2026-01-10,zz500,2026-01-05,601162,天风证券
2026-01-10,zz500,2026-01-05,601168,西部矿业
2026-01-10,zz500,2026-01-05,601179,中国西电
2026-01-10,zz500,2026-01-05,601198,东兴证券
2026-01-10,zz500,2026-01-05,601212,白银有色
2026-01-10,zz500,2026-01-05,601216,君正集团
2026-01-10,zz500,2026-01-05,601228,广州港
2026-01-10,zz500,2026-01-05,601231,环旭电子
2026-01-10,zz500,2026-01-05,601233,桐昆股份
2026-01-10,zz500,2026-01-05,601333,广深铁路
2026-01-10,zz500,2026-01-05,601399,国机重装
2026-01-10,zz500,2026-01-05,601555,东吴证券
2026-01-10,zz500,2026-01-05,601567,三星医疗
2026-01-10,zz500,2026-01-05,601577,长沙银行
2026-01-10,zz500,2026-01-05,601598,中国外运
2026-01-10,zz500,2026-01-05,601608,中信重工
2026-01-10,zz500,2026-01-05,601611,中国核建
2026-01-10,zz500,2026-01-05,601615,明阳智能
2026-01-10,zz500,2026-01-05,601665,齐鲁银行
2026-01-10,zz500,2026-01-05,601666,平煤股份
2026-01-10,zz500,2026-01-05,601696,中银证券
2026-01-10,zz500,2026-01-05,601699,潞安环能
2026-01-10,zz500,2026-01-05,601717,中创智领
2026-01-10,zz500,2026-01-05,601799,星宇股份
2026-01-10,zz500,2026-01-05,601865,福莱特
2026-01-10,zz500,2026-01-05,601866,中远海发
2026-01-10,zz500,2026-01-05,601880,辽港股份
2026-01-10,zz500,2026-01-05,601918,新集能源
2026-01-10,zz500,2026-01-05,601921,浙版传媒
2026-01-10,zz500,2026-01-05,601928,凤凰传媒
2026-01-10,zz500,2026-01-05,601958,金钼股份
2026-01-10,zz500,2026-01-05,601965,中国汽研
2026-01-10,zz500,2026-01-05,601966,玲珑轮胎
2026-01-10,zz500,2026-01-05,601990,南京证券
2026-01-10,zz500,2026-01-05,601991,大唐发电
2026-01-10,zz500,2026-01-05,601997,贵阳银行
2026-01-10,zz500,2026-01-05,603000,人民网
2026-01-10,zz500,2026-01-05,603049,中策橡胶
2026-01-10,zz500,2026-01-05,603077,和邦生物
2026-01-10,zz500,2026-01-05,603087,甘李药业
2026-01-10,zz500,2026-01-05,603129,春风动力
2026-01-10,zz500,2026-01-05,603156,养元饮品
2026-01-10,zz500,2026-01-05,603160,汇顶科技
2026-01-10,zz500,2026-01-05,603179,新泉股份
2026-01-10,zz500,2026-01-05,603225,新凤鸣
2026-01-10,zz500,2026-01-05,603228,景旺电子
2026-01-10,zz500,2026-01-05,603233,大参林
2026-01-10,zz500,2026-01-05,603290,斯达半导
2026-01-10,zz500,2026-01-05,603298,杭叉集团
2026-01-10,zz500,2026-01-05,603338,浙江鼎力
2026-01-10,zz500,2026-01-05,603341,龙旗科技
2026-01-10,zz500,2026-01-05,603345,安井食品
2026-01-10,zz500,2026-01-05,603379,三美股份
2026-01-10,zz500,2026-01-05,603444,吉比特
2026-01-10,zz500,2026-01-05,603486,科沃斯
2026-01-10,zz500,2026-01-05,603529,爱玛科技
2026-01-10,zz500,2026-01-05,603565,中谷物流
2026-01-10,zz500,2026-01-05,603568,伟明环保
2026-01-10,zz500,2026-01-05,603589,口子窖
2026-01-10,zz500,2026-01-05,603596,伯特利
2026-01-10,zz500,2026-01-05,603605,珀莱雅
2026-01-10,zz500,2026-01-05,603606,东方电缆
2026-01-10,zz500,2026-01-05,603650,彤程新材
2026-01-10,zz500,2026-01-05,603658,安图生物
2026-01-10,zz500,2026-01-05,603659,璞泰来
2026-01-10,zz500,2026-01-05,603688,石英股份
2026-01-10,zz500,2026-01-05,603699,纽威股份
2026-01-10,zz500,2026-01-05,603707,健友股份
2026-01-10,zz500,2026-01-05,603728,鸣志电器
2026-01-10,zz500,2026-01-05,603737,三棵树
2026-01-10,zz500,2026-01-05,603766,隆鑫通用
2026-01-10,zz500,2026-01-05,603786,科博达
2026-01-10,zz500,2026-01-05,603806,福斯特
2026-01-10,zz500,2026-01-05,603816,顾家家居
2026-01-10,zz500,2026-01-05,603833,欧派家居
2026-01-10,zz500,2026-01-05,603858,步长制药
2026-01-10,zz500,2026-01-05,603885,吉祥航空
2026-01-10,zz500,2026-01-05,603899,晨光股份
2026-01-10,zz500,2026-01-05,603920,世运电路
2026-01-10,zz500,2026-01-05,603927,中科软
2026-01-10,zz500,2026-01-05,603939,益丰药房
2026-01-10,zz500,2026-01-05,603979,金诚信
2026-01-10,zz500,2026-01-05,605358,立昂微
2026-01-10,zz500,2026-01-05,605589,圣泉集团
2026-01-10,zz500,2026-01-05,688002,睿创微纳
2026-01-10,zz500,2026-01-05,688017,绿的谐波
2026-01-10,zz500,2026-01-05,688018,乐鑫科技
2026-01-10,zz500,2026-01-05,688019,安集科技
2026-01-10,zz500,2026-01-05,688027,国盾量子
2026-01-10,zz500,2026-01-05,688052,纳芯微
2026-01-10,zz500,2026-01-05,688065,凯赛生物
2026-01-10,zz500,2026-01-05,688099,晶晨股份
2026-01-10,zz500,2026-01-05,688100,威胜信息
2026-01-10,zz500,2026-01-05,688114,华大智造
2026-01-10,zz500,2026-01-05,688120,华海清科
2026-01-10,zz500,2026-01-05,688122,西部超导
2026-01-10,zz500,2026-01-05,688166,博瑞医药
2026-01-10,zz500,2026-01-05,688172,燕东微
2026-01-10,zz500,2026-01-05,688180,君实生物
2026-01-10,zz500,2026-01-05,688183,生益电子
2026-01-10,zz500,2026-01-05,688188,柏楚电子
2026-01-10,zz500,2026-01-05,688192,迪哲医药
2026-01-10,zz500,2026-01-05,688213,思特威
2026-01-10,zz500,2026-01-05,688220,翱捷科技
2026-01-10,zz500,2026-01-05,688234,天岳先进
2026-01-10,zz500,2026-01-05,688235,百济神州
2026-01-10,zz500,2026-01-05,688248,南网科技
2026-01-10,zz500,2026-01-05,688266,泽璟制药
2026-01-10,zz500,2026-01-05,688278,特宝生物
2026-01-10,zz500,2026-01-05,688281,华秦科技
2026-01-10,zz500,2026-01-05,688295,中复神鹰
2026-01-10,zz500,2026-01-05,688297,中无人机
2026-01-10,zz500,2026-01-05,688301,奕瑞科技
2026-01-10,zz500,2026-01-05,688318,财富趋势
2026-01-10,zz500,2026-01-05,688322,奥比中光
2026-01-10,zz500,2026-01-05,688336,三生国健
2026-01-10,zz500,2026-01-05,688347,华虹公司
2026-01-10,zz500,2026-01-05,688349,三一重能
2026-01-10,zz500,2026-01-05,688361,中科飞测
2026-01-10,zz500,2026-01-05,688363,华熙生物
2026-01-10,zz500,2026-01-05,688375,国博电子
2026-01-10,zz500,2026-01-05,688385,复旦微电
2026-01-10,zz500,2026-01-05,688387,信科移动
2026-01-10,zz500,2026-01-05,688425,铁建重工
2026-01-10,zz500,2026-01-05,688469,芯联集成
2026-01-10,zz500,2026-01-05,688475,萤石网络
2026-01-10,zz500,2026-01-05,688520,神州细胞
2026-01-10,zz500,2026-01-05,688525,佰维存储
2026-01-10,zz500,2026-01-05,688538,和辉光电
2026-01-10,zz500,2026-01-05,688561,奇安信
2026-01-10,zz500,2026-01-05,688563,航材股份
2026-01-10,zz500,2026-01-05,688568,中科星图
2026-01-10,zz500,2026-01-05,688578,艾力斯
2026-01-10,zz500,2026-01-05,688582,芯动联科
2026-01-10,zz500,2026-01-05,688599,天合光能
2026-01-10,zz500,2026-01-05,688608,恒玄科技
2026-01-10,zz500,2026-01-05,688615,合合信息
2026-01-10,zz500,2026-01-05,688617,惠泰医疗
2026-01-10,zz500,2026-01-05,688629,华丰科技
2026-01-10,zz500,2026-01-05,688676,金盘科技
2026-01-10,zz500,2026-01-05,688692,达梦数据
2026-01-10,zz500,2026-01-05,688702,盛科通信
2026-01-10,zz500,2026-01-05,688709,成都华微
2026-01-10,zz500,2026-01-05,688728,格科微
2026-01-10,zz500,2026-01-05,688772,珠海冠宇
2026-01-10,zz500,2026-01-05,688777,中控技术
2026-01-10,zz500,2026-01-05,688778,厦钨新能
2026-01-10,zz500,2026-01-05,688819,天能股份
2026-01-10,zz500,2026-01-05,689009,九号公司
2026-01-10,zz500,2026-01-05,000009,中国宝安
2026-01-10,zz500,2026-01-05,000021,深科技
2026-01-10,zz500,2026-01-05,000027,深圳能源
2026-01-10,zz500,2026-01-05,000032,深桑达A
2026-01-10,zz500,2026-01-05,000034,神州数码
2026-01-10,zz500,2026-01-05,000039,中集集团
2026-01-10,zz500,2026-01-05,000050,深天马A
2026-01-10,zz500,2026-01-05,000060,中金岭南
2026-01-10,zz500,2026-01-05,000062,深圳华强
2026-01-10,zz500,2026-01-05,000088,盐田港
2026-01-10,zz500,2026-01-05,000155,川能动力
2026-01-10,zz500,2026-01-05,000400,许继电气
2026-01-10,zz500,2026-01-05,000415,渤海租赁
2026-01-10,zz500,2026-01-05,000423,东阿阿胶
2026-01-10,zz500,2026-01-05,000426,兴业银锡
2026-01-10,zz500,2026-01-05,000429,粤高速A
2026-01-10,zz500,2026-01-05,000513,丽珠集团
2026-01-10,zz500,2026-01-05,000519,中兵红箭
2026-01-10,zz500,2026-01-05,000528,柳工
2026-01-10,zz500,2026-01-05,000537,绿发电力
2026-01-10,zz500,2026-01-05,000539,粤电力A
2026-01-10,zz500,2026-01-05,000559,万向钱潮
2026-01-10,zz500,2026-01-05,000563,陕国投A
2026-01-10,zz500,2026-01-05,000582,北部湾港
2026-01-10,zz500,2026-01-05,000591,太阳能
2026-01-10,zz500,2026-01-05,000598,兴蓉环境
2026-01-10,zz500,2026-01-05,000623,吉林敖东
2026-01-10,zz500,2026-01-05,000629,钒钛股份
2026-01-10,zz500,2026-01-05,000657,中钨高新
2026-01-10,zz500,2026-01-05,000683,博源化工
2026-01-10,zz500,2026-01-05,000703,恒逸石化
2026-01-10,zz500,2026-01-05,000709,河钢股份
2026-01-10,zz500,2026-01-05,000723,美锦能源
2026-01-10,zz500,2026-01-05,000728,国元证券
2026-01-10,zz500,2026-01-05,000729,燕京啤酒
2026-01-10,zz500,2026-01-05,000733,振华科技
2026-01-10,zz500,2026-01-05,000738,航发控制
2026-01-10,zz500,2026-01-05,000739,普洛药业
2026-01-10,zz500,2026-01-05,000750,国海证券
2026-01-10,zz500,2026-01-05,000783,长江证券
2026-01-10,zz500,2026-01-05,000785,居然智家
2026-01-10,zz500,2026-01-05,000825,太钢不锈
2026-01-10,zz500,2026-01-05,000830,鲁西化工
2026-01-10,zz500,2026-01-05,000831,中国稀土
2026-01-10,zz500,2026-01-05,000878,云南铜业
2026-01-10,zz500,2026-01-05,000883,湖北能源
2026-01-10,zz500,2026-01-05,000887,中鼎股份
2026-01-10,zz500,2026-01-05,000893,亚钾国际
2026-01-10,zz500,2026-01-05,000898,鞍钢股份
2026-01-10,zz500,2026-01-05,000921,海信家电
2026-01-10,zz500,2026-01-05,000932,华菱钢铁
2026-01-10,zz500,2026-01-05,000933,神火股份
2026-01-10,zz500,2026-01-05,000937,冀中能源
2026-01-10,zz500,2026-01-05,000951,中国重汽
2026-01-10,zz500,2026-01-05,000958,电投产融
2026-01-10,zz500,2026-01-05,000959,首钢股份
2026-01-10,zz500,2026-01-05,000960,锡业股份
2026-01-10,zz500,2026-01-05,000967,盈峰环境
2026-01-10,zz500,2026-01-05,000987,越秀资本
2026-01-10,zz500,2026-01-05,000997,新大陆
2026-01-10,zz500,2026-01-05,001213,中铁特货
2026-01-10,zz500,2026-01-05,001221,悍高集团
2026-01-10,zz500,2026-01-05,001286,陕西能源
2026-01-10,zz500,2026-01-05,001389,广合科技
2026-01-10,zz500,2026-01-05,001696,宗申动力
2026-01-10,zz500,2026-01-05,002007,华兰生物
2026-01-10,zz500,2026-01-05,002008,大族激光
2026-01-10,zz500,2026-01-05,002025,航天电器
2026-01-10,zz500,2026-01-05,002032,苏泊尔
2026-01-10,zz500,2026-01-05,002044,美年健康
2026-01-10,zz500,2026-01-05,002056,横店东磁
2026-01-10,zz500,2026-01-05,002064,华峰化学
2026-01-10,zz500,2026-01-05,002065,东华软件
2026-01-10,zz500,2026-01-05,002078,太阳纸业
2026-01-10,zz500,2026-01-05,002080,中材科技
2026-01-10,zz500,2026-01-05,002085,万丰奥威
2026-01-10,zz500,2026-01-05,002120,韵达股份
2026-01-10,zz500,2026-01-05,002126,银轮股份
2026-01-10,zz500,2026-01-05,002128,电投能源
2026-01-10,zz500,2026-01-05,002130,沃尔核材
2026-01-10,zz500,2026-01-05,002131,利欧股份
2026-01-10,zz500,2026-01-05,002138,顺络电子
2026-01-10,zz500,2026-01-05,002152,广电运通
2026-01-10,zz500,2026-01-05,002153,石基信息
2026-01-10,zz500,2026-01-05,002155,湖南黄金
2026-01-10,zz500,2026-01-05,002156,通富微电
2026-01-10,zz500,2026-01-05,002157,正邦科技
2026-01-10,zz500,2026-01-05,002185,华天科技
2026-01-10,zz500,2026-01-05,002195,岩山科技
2026-01-10,zz500,2026-01-05,002202,金风科技
2026-01-10,zz500,2026-01-05,002203,海亮股份
2026-01-10,zz500,2026-01-05,002223,鱼跃医疗
2026-01-10,zz500,2026-01-05,002244,滨江集团
2026-01-10,zz500,2026-01-05,002261,拓维信息
2026-01-10,zz500,2026-01-05,002262,恩华药业
2026-01-10,zz500,2026-01-05,002265,建设工业
2026-01-10,zz500,2026-01-05,002266,浙富控股
2026-01-10,zz500,2026-01-05,002271,东方雨虹
2026-01-10,zz500,2026-01-05,002273,水晶光电
2026-01-10,zz500,2026-01-05,002281,光迅科技
2026-01-10,zz500,2026-01-05,002294,信立泰
2026-01-10,zz500,2026-01-05,002299,圣农发展
2026-01-10,zz500,2026-01-05,002312,川发龙蟒
2026-01-10,zz500,2026-01-05,002318,久立特材
2026-01-10,zz500,2026-01-05,002335,科华数据
2026-01-10,zz500,2026-01-05,002340,格林美
2026-01-10,zz500,2026-01-05,002353,杰瑞股份
2026-01-10,zz500,2026-01-05,002372,伟星新材
2026-01-10,zz500,2026-01-05,002385,大北农
2026-01-10,zz500,2026-01-05,002402,和而泰
2026-01-10,zz500,2026-01-05,002409,雅克科技
2026-01-10,zz500,2026-01-05,002410,广联达
2026-01-10,zz500,2026-01-05,002414,高德红外
2026-01-10,zz500,2026-01-05,002423,中粮资本
2026-01-10,zz500,2026-01-05,002429,兆驰股份
2026-01-10,zz500,2026-01-05,002430,杭氧股份
2026-01-10,zz500,2026-01-05,002432,九安医疗
2026-01-10,zz500,2026-01-05,002436,兴森科技
2026-01-10,zz500,2026-01-05,002439,启明星辰
2026-01-10,zz500,2026-01-05,002444,巨星科技
2026-01-10,zz500,2026-01-05,002461,珠江啤酒
2026-01-10,zz500,2026-01-05,002465,海格通信
2026-01-10,zz500,2026-01-05,002472,双环传动
2026-01-10,zz500,2026-01-05,002500,山西证券
2026-01-10,zz500,2026-01-05,002508,老板电器
2026-01-10,zz500,2026-01-05,002517,恺英网络
2026-01-10,zz500,2026-01-05,002532,天山铝业
2026-01-10,zz500,2026-01-05,002558,巨人网络
2026-01-10,zz500,2026-01-05,002568,百润股份
2026-01-10,zz500,2026-01-05,002583,海能达
2026-01-10,zz500,2026-01-05,002595,豪迈科技
2026-01-10,zz500,2026-01-05,002603,以岭药业
2026-01-10,zz500,2026-01-05,002607,中公教育
2026-01-10,zz500,2026-01-05,002608,江苏国信
2026-01-10,zz500,2026-01-05,002624,完美世界
2026-01-10,zz500,2026-01-05,002670,国盛证券
2026-01-10,zz500,2026-01-05,002673,西部证券
2026-01-10,zz500,2026-01-05,002683,广东宏大
2026-01-10,zz500,2026-01-05,002738,中矿资源
2026-01-10,zz500,2026-01-05,002739,万达电影
2026-01-10,zz500,2026-01-05,002756,永兴材料
2026-01-10,zz500,2026-01-05,002773,康弘药业
2026-01-10,zz500,2026-01-05,002797,第一创业
2026-01-10,zz500,2026-01-05,002821,凯莱英
2026-01-10,zz500,2026-01-05,002831,裕同科技
2026-01-10,zz500,2026-01-05,002837,英维克
2026-01-10,zz500,2026-01-05,002841,视源股份
2026-01-10,zz500,2026-01-05,002850,科达利
2026-01-10,zz500,2026-01-05,002851,麦格米特
2026-01-10,zz500,2026-01-05,002926,华西证券
2026-01-10,zz500,2026-01-05,002939,长城证券
2026-01-10,zz500,2026-01-05,002945,华林证券
2026-01-10,zz500,2026-01-05,002958,青农商行
2026-01-10,zz500,2026-01-05,002966,苏州银行
2026-01-10,zz500,2026-01-05,002984,森麒麟
2026-01-10,zz500,2026-01-05,003021,兆威机电
2026-01-10,zz500,2026-01-05,003022,联泓新科
2026-01-10,zz500,2026-01-05,003031,中瓷电子
2026-01-10,zz500,2026-01-05,003035,南网能源
2026-01-10,zz500,2026-01-05,300001,特锐德
2026-01-10,zz500,2026-01-05,300002,神州泰岳
2026-01-10,zz500,2026-01-05,300003,乐普医疗
2026-01-10,zz500,2026-01-05,300012,华测检测
2026-01-10,zz500,2026-01-05,300017,网宿科技
2026-01-10,zz500,2026-01-05,300024,机器人
2026-01-10,zz500,2026-01-05,300037,新宙邦
2026-01-10,zz500,2026-01-05,300054,鼎龙股份
2026-01-10,zz500,2026-01-05,300058,蓝色光标
2026-01-10,zz500,2026-01-05,300070,碧水源
2026-01-10,zz500,2026-01-05,300073,当升科技
2026-01-10,zz500,2026-01-05,300100,双林股份
2026-01-10,zz500,2026-01-05,300115,长盈精密
2026-01-10,zz500,2026-01-05,300136,信维通信
2026-01-10,zz500,2026-01-05,300140,节能环境
2026-01-10,zz500,2026-01-05,300142,沃森生物
2026-01-10,zz500,2026-01-05,300144,宋城演艺
2026-01-10,zz500,2026-01-05,300146,汤臣倍健
2026-01-10,zz500,2026-01-05,300207,欣旺达
2026-01-10,zz500,2026-01-05,300223,北京君正
2026-01-10,zz500,2026-01-05,300285,国瓷材料
2026-01-10,zz500,2026-01-05,300339,润和软件
2026-01-10,zz500,2026-01-05,300346,南大光电
2026-01-10,zz500,2026-01-05,300373,扬杰科技
2026-01-10,zz500,2026-01-05,300383,光环新网
2026-01-10,zz500,2026-01-05,300390,天华新能
2026-01-10,zz500,2026-01-05,300395,菲利华
2026-01-10,zz500,2026-01-05,300432,富临精工
2026-01-10,zz500,2026-01-05,300450,先导智能
2026-01-10,zz500,2026-01-05,300454,深信服
2026-01-10,zz500,2026-01-05,300458,全志科技
2026-01-10,zz500,2026-01-05,300474,景嘉微
2026-01-10,zz500,2026-01-05,300487,蓝晓科技
2026-01-10,zz500,2026-01-05,300496,中科创达
2026-01-10,zz500,2026-01-05,300529,健帆生物
2026-01-10,zz500,2026-01-05,300558,贝达药业
2026-01-10,zz500,2026-01-05,300567,精测电子
2026-01-10,zz500,2026-01-05,300570,太辰光
2026-01-10,zz500,2026-01-05,300601,康泰生物
2026-01-10,zz500,2026-01-05,300604,长川科技
2026-01-10,zz500,2026-01-05,300623,捷捷微电
2026-01-10,zz500,2026-01-05,300627,华测导航
2026-01-10,zz500,2026-01-05,300676,华大基因
2026-01-10,zz500,2026-01-05,300677,英科医疗
2026-01-10,zz500,2026-01-05,300679,电连技术
2026-01-10,zz500,2026-01-05,300699,光威复材
2026-01-10,zz500,2026-01-05,300718,长盛轴承
2026-01-10,zz500,2026-01-05,300724,捷佳伟创
2026-01-10,zz500,2026-01-05,300735,光弘科技
2026-01-10,zz500,2026-01-05,300748,金力永磁
2026-01-10,zz500,2026-01-05,300751,迈为股份
2026-01-10,zz500,2026-01-05,300757,罗博特科
2026-01-10,zz500,2026-01-05,300763,锦浪科技
2026-01-10,zz500,2026-01-05,300857,协创数据
2026-01-10,zz500,2026-01-05,300888,稳健医疗
2026-01-10,zz500,2026-01-05,300919,中伟股份
2026-01-10,zz500,2026-01-05,300957,贝泰妮
2026-01-10,zz500,2026-01-05,300972,万辰集团
2026-01-10,zz500,2026-01-05,301200,大族数控
2026-01-10,zz500,2026-01-05,301301,川宁生物
2026-01-10,zz500,2026-01-05,301308,江波龙
2026-01-10,zz500,2026-01-05,301358,湖南裕能
2026-01-10,zz500,2026-01-05,301498,乖宝宠物
2026-01-10,zz500,2026-01-05,301536,星宸科技
2026-01-10,zz500,2026-01-05,301611,珂玛科技
2026-07-10,hs300,2026-07-06,600000,浦发银行
2026-07-10,hs300,2026-07-06,600009,上海机场
2026-07-10,hs300,2026-07-06,600010,包钢股份
2026-07-10,hs300,2026-07-06,600011,华能国际
2026-07-10,hs300,2026-07-06,600015,华夏银行
2026-07-10,hs300,2026-07-06,600016,民生银行
2026-07-10,hs300,2026-07-06,600018,上港集团
2026-07-10,hs300,2026-07-06,600019,宝钢股份
2026-07-10,hs300,2026-07-06,600023,浙能电力
2026-07-10,hs300,2026-07-06,600025,华能水电
2026-07-10,hs300,2026-07-06,600026,中远海能
2026-07-10,hs300,2026-07-06,600027,华电国际
2026-07-10,hs300,2026-07-06,600028,中国石化
2026-07-10,hs300,2026-07-06,600029,南方航空
2026-07-10,hs300,2026-07-06,600030,中信证券
2026-07-10,hs300,2026-07-06,600031,三一重工
2026-07-10,hs300,2026-07-06,600036,招商银行
2026-07-10,hs300,2026-07-06,600039,四川路桥
2026-07-10,hs300,2026-07-06,600048,保利发展
2026-07-10,hs300,2026-07-06,600050,中国联通
2026-07-10,hs300,2026-07-06,600061,国投资本
2026-07-10,hs300,2026-07-06,600066,宇通客车
2026-07-10,hs300,2026-07-06,600085,同仁堂
2026-07-10,hs300,2026-07-06,600089,特变电工
2026-07-10,hs300,2026-07-06,600104,上汽集团
2026-07-10,hs300,2026-07-06,600111,北方稀土
2026-07-10,hs300,2026-07-06,600115,中国东航
2026-07-10,hs300,2026-07-06,600118,中国卫星
2026-07-10,hs300,2026-07-06,600150,中国船舶
2026-07-10,hs300,2026-07-06,600160,巨化股份
2026-07-10,hs300,2026-07-06,600176,中国巨石
2026-07-10,hs300,2026-07-06,600183,生益科技
2026-07-10,hs300,2026-07-06,600188,兖矿能源
2026-07-10,hs300,2026-07-06,600196,复星医药
2026-07-10,hs300,2026-07-06,600219,南山铝业
2026-07-10,hs300,2026-07-06,600221,海航控股
2026-07-10,hs300,2026-07-06,600233,圆通速递
2026-07-10,hs300,2026-07-06,600276,恒瑞医药
2026-07-10,hs300,2026-07-06,600309,万华化学
2026-07-10,hs300,2026-07-06,600346,恒力石化
2026-07-10,hs300,2026-07-06,600362,江西铜业
2026-07-10,hs300,2026-07-06,600372,中航机载
2026-07-10,hs300,2026-07-06,600406,国电南瑞
2026-07-10,hs300,2026-07-06,600415,小商品城
2026-07-10,hs300,2026-07-06,600426,华鲁恒升
2026-07-10,hs300,2026-07-06,600436,片仔癀
2026-07-10,hs300,2026-07-06,600438,通威股份
2026-07-10,hs300,2026-07-06,600460,士兰微
2026-07-10,hs300,2026-07-06,600482,中国动力
2026-07-10,hs300,2026-07-06,600489,中金黄金
2026-07-10,hs300,2026-07-06,600515,海南机场
2026-07-10,hs300,2026-07-06,600519,贵州茅台
2026-07-10,hs300,2026-07-06,600522,中天科技
2026-07-10,hs300,2026-07-06,600547,山东黄金
2026-07-10,hs300,2026-07-06,600549,厦门钨业
2026-07-10,hs300,2026-07-06,600570,恒生电子
2026-07-10,hs300,2026-07-06,600584,长电科技
2026-07-10,hs300,2026-07-06,600585,海螺水泥
2026-07-10,hs300,2026-07-06,600588,用友网络
2026-07-10,hs300,2026-07-06,600600,青岛啤酒
2026-07-10,hs300,2026-07-06,600660,福耀玻璃
2026-07-10,hs300,2026-07-06,600674,川投能源
2026-07-10,hs300,2026-07-06,600690,海尔智家
2026-07-10,hs300,2026-07-06,600741,华域汽车
2026-07-10,hs300,2026-07-06,600760,中航沈飞
2026-07-10,hs300,2026-07-06,600795,国电电力
2026-07-10,hs300,2026-07-06,600803,新奥股份
2026-07-10,hs300,2026-07-06,600809,山西汾酒
2026-07-10,hs300,2026-07-06,600845,宝信软件
2026-07-10,hs300,2026-07-06,600875,东方电气
2026-07-10,hs300,2026-07-06,600886,国投电力
2026-07-10,hs300,2026-07-06,600887,伊利股份
2026-07-10,hs300,2026-07-06,600893,航发动力
2026-07-10,hs300,2026-07-06,600900,长江电力
2026-07-10,hs300,2026-07-06,600905,三峡能源
2026-07-10,hs300,2026-07-06,600918,中泰证券
2026-07-10,hs300,2026-07-06,600919,江苏银行
2026-07-10,hs300,2026-07-06,600926,杭州银行
2026-07-10,hs300,2026-07-06,600930,华电新能
2026-07-10,hs300,2026-07-06,600938,中国海油
2026-07-10,hs300,2026-07-06,600941,中国移动
2026-07-10,hs300,2026-07-06,600958,东方证券
2026-07-10,hs300,2026-07-06,600989,宝丰能源
2026-07-10,hs300,2026-07-06,600999,招商证券
2026-07-10,hs300,2026-07-06,601006,大秦铁路
2026-07-10,hs300,2026-07-06,601009,南京银行
2026-07-10,hs300,2026-07-06,601012,隆基绿能
2026-07-10,hs300,2026-07-06,601018,宁波港
2026-07-10,hs300,2026-07-06,601021,春秋航空
2026-07-10,hs300,2026-07-06,601058,赛轮轮胎
2026-07-10,hs300,2026-07-06,601059,信达证券
2026-07-10,hs300,2026-07-06,601066,中信建投
2026-07-10,hs300,2026-07-06,601077,渝农商行
2026-07-10,hs300,2026-07-06,601088,中国神华
2026-07-10,hs300,2026-07-06,601100,恒立液压
2026-07-10,hs300,2026-07-06,601111,中国国航
2026-07-10,hs300,2026-07-06,601117,中国化学
2026-07-10,hs300,2026-07-06,601127,赛力斯
2026-07-10,hs300,2026-07-06,601136,首创证券
2026-07-10,hs300,2026-07-06,601138,工业富联
2026-07-10,hs300,2026-07-06,601166,兴业银行
2026-07-10,hs300,2026-07-06,601169,北京银行
2026-07-10,hs300,2026-07-06,601186,中国铁建
2026-07-10,hs300,2026-07-06,601211,国泰海通
2026-07-10,hs300,2026-07-06,601225,陕西煤业
2026-07-10,hs300,2026-07-06,601229,上海银行
2026-07-10,hs300,2026-07-06,601238,广汽集团
2026-07-10,hs300,2026-07-06,601288,农业银行
2026-07-10,hs300,2026-07-06,601318,中国平安
2026-07-10,hs300,2026-07-06,601319,中国人保
2026-07-10,hs300,2026-07-06,601328,交通银行
2026-07-10,hs300,2026-07-06,601336,新华保险
2026-07-10,hs300,2026-07-06,601360,三六零
2026-07-10,hs300,2026-07-06,601377,兴业证券
2026-07-10,hs300,2026-07-06,601390,中国中铁
2026-07-10,hs300,2026-07-06,601398,工商银行
2026-07-10,hs300,2026-07-06,601456,国联民生
2026-07-10,hs300,2026-07-06,601600,中国铝业
2026-07-10,hs300,2026-07-06,601601,中国太保
2026-07-10,hs300,2026-07-06,601607,上海医药
2026-07-10,hs300,2026-07-06,601618,中国中冶
2026-07-10,hs300,2026-07-06,601628,中国人寿
2026-07-10,hs300,2026-07-06,601633,长城汽车
2026-07-10,hs300,2026-07-06,601658,邮储银行
2026-07-10,hs300,2026-07-06,601668,中国建筑
2026-07-10,hs300,2026-07-06,601669,中国电建
2026-07-10,hs300,2026-07-06,601688,华泰证券
2026-07-10,hs300,2026-07-06,601689,拓普集团
2026-07-10,hs300,2026-07-06,601698,中国卫通
2026-07-10,hs300,2026-07-06,601727,上海电气
2026-07-10,hs300,2026-07-06,601728,中国电信
2026-07-10,hs300,2026-07-06,601766,中国中车
2026-07-10,hs300,2026-07-06,601788,光大证券
2026-07-10,hs300,2026-07-06,601800,中国交建
2026-07-10,hs300,2026-07-06,601816,京沪高铁
2026-07-10,hs300,2026-07-06,601818,光大银行
2026-07-10,hs300,2026-07-06,601825,沪农商行
2026-07-10,hs300,2026-07-06,601838,成都银行
2026-07-10,hs300,2026-07-06,601857,中国石油
2026-07-10,hs300,2026-07-06,601868,中国能建
2026-07-10,hs300,2026-07-06,601872,招商轮船
2026-07-10,hs300,2026-07-06,601877,正泰电器
2026-07-10,hs300,2026-07-06,601878,浙商证券
2026-07-10,hs300,2026-07-06,601881,中国银河
2026-07-10,hs300,2026-07-06,601888,中国中免
2026-07-10,hs300,2026-07-06,601898,中煤能源
2026-07-10,hs300,2026-07-06,601899,紫金矿业
2026-07-10,hs300,2026-07-06,601901,方正证券
2026-07-10,hs300,2026-07-06,601916,浙商银行
2026-07-10,hs300,2026-07-06,601919,中远海控
2026-07-10,hs300,2026-07-06,601939,建设银行
2026-07-10,hs300,2026-07-06,601985,中国核电
2026-07-10,hs300,2026-07-06,601988,中国银行
2026-07-10,hs300,2026-07-06,601995,中金公司
2026-07-10,hs300,2026-07-06,601998,中信银行
2026-07-10,hs300,2026-07-06,603019,中科曙光
2026-07-10,hs300,2026-07-06,603259,药明康德
2026-07-10,hs300,2026-07-06,603260,合盛硅业
2026-07-10,hs300,2026-07-06,603288,海天味业
2026-07-10,hs300,2026-07-06,603296,华勤技术
2026-07-10,hs300,2026-07-06,603369,今世缘
2026-07-10,hs300,2026-07-06,603392,万泰生物
2026-07-10,hs300,2026-07-06,603501,豪威集团
2026-07-10,hs300,2026-07-06,603799,华友钴业
2026-07-10,hs300,2026-07-06,603893,瑞芯微
2026-07-10,hs300,2026-07-06,603986,兆易创新
2026-07-10,hs300,2026-07-06,603993,洛阳钼业
2026-07-10,hs300,2026-07-06,605117,德业股份
2026-07-10,hs300,2026-07-06,605499,东鹏饮料
2026-07-10,hs300,2026-07-06,688008,澜起科技
2026-07-10,hs300,2026-07-06,688009,中国通号
2026-07-10,hs300,2026-07-06,688012,中微公司
2026-07-10,hs300,2026-07-06,688036,传音控股
2026-07-10,hs300,2026-07-06,688041,海光信息
2026-07-10,hs300,2026-07-06,688047,龙芯中科
2026-07-10,hs300,2026-07-06,688072,拓荆科技
2026-07-10,hs300,2026-07-06,688082,盛美上海
2026-07-10,hs300,2026-07-06,688111,金山办公
2026-07-10,hs300,2026-07-06,688126,沪硅产业
2026-07-10,hs300,2026-07-06,688183,生益电子
2026-07-10,hs300,2026-07-06,688223,晶科能源
2026-07-10,hs300,2026-07-06,688256,寒武纪
2026-07-10,hs300,2026-07-06,688271,联影医疗
2026-07-10,hs300,2026-07-06,688303,大全能源
2026-07-10,hs300,2026-07-06,688396,华润微
2026-07-10,hs300,2026-07-06,688472,阿特斯
2026-07-10,hs300,2026-07-06,688506,百利天恒
2026-07-10,hs300,2026-07-06,688521,芯原股份
2026-07-10,hs300,2026-07-06,688981,中芯国际
2026-07-10,hs300,2026-07-06,000001,平安银行
2026-07-10,hs300,2026-07-06,000002,万科A
2026-07-10,hs300,2026-07-06,000063,中兴通讯
2026-07-10,hs300,2026-07-06,000100,TCL科技
2026-07-10,hs300,2026-07-06,000157,中联重科
2026-07-10,hs300,2026-07-06,000166,申万宏源
2026-07-10,hs300,2026-07-06,000301,东方盛虹
2026-07-10,hs300,2026-07-06,000333,美的集团
2026-07-10,hs300,2026-07-06,000338,潍柴动力
2026-07-10,hs300,2026-07-06,000408,藏格矿业
2026-07-10,hs300,2026-07-06,000425,徐工机械
2026-07-10,hs300,2026-07-06,000538,云南白药
2026-07-10,hs300,2026-07-06,000568,泸州老窖
2026-07-10,hs300,2026-07-06,000596,古井贡酒
2026-07-10,hs300,2026-07-06,000617,中油资本
2026-07-10,hs300,2026-07-06,000625,长安汽车
2026-07-10,hs300,2026-07-06,000630,铜陵有色
2026-07-10,hs300,2026-07-06,000651,格力电器
2026-07-10,hs300,2026-07-06,000657,中钨高新
2026-07-10,hs300,2026-07-06,000708,中信特钢
2026-07-10,hs300,2026-07-06,000725,京东方A
2026-07-10,hs300,2026-07-06,000768,中航西飞
2026-07-10,hs300,2026-07-06,000776,广发证券
2026-07-10,hs300,2026-07-06,000792,盐湖股份
2026-07-10,hs300,2026-07-06,000807,云铝股份
2026-07-10,hs300,2026-07-06,000858,五粮液
2026-07-10,hs300,2026-07-06,000895,双汇发展
2026-07-10,hs300,2026-07-06,000938,紫光股份
2026-07-10,hs300,2026-07-06,000963,华东医药
2026-07-10,hs300,2026-07-06,000975,山金国际
2026-07-10,hs300,2026-07-06,000977,浪潮信息
2026-07-10,hs300,2026-07-06,000988,华工科技
2026-07-10,hs300,2026-07-06,000999,华润三九
2026-07-10,hs300,2026-07-06,001280,中国铀业
2026-07-10,hs300,2026-07-06,001391,国货航
2026-07-10,hs300,2026-07-06,001965,招商公路
2026-07-10,hs300,2026-07-06,001979,招商蛇口
2026-07-10,hs300,2026-07-06,002001,新和成
2026-07-10,hs300,2026-07-06,002027,分众传媒
2026-07-10,hs300,2026-07-06,002028,思源电气
2026-07-10,hs300,2026-07-06,002049,紫光国微
2026-07-10,hs300,2026-07-06,002050,三花智控
2026-07-10,hs300,2026-07-06,002074,国轩高科
2026-07-10,hs300,2026-07-06,002142,宁波银行
2026-07-10,hs300,2026-07-06,002179,中航光电
2026-07-10,hs300,2026-07-06,002202,金风科技
2026-07-10,hs300,2026-07-06,002230,科大讯飞
2026-07-10,hs300,2026-07-06,002236,大华股份
2026-07-10,hs300,2026-07-06,002241,歌尔股份
2026-07-10,hs300,2026-07-06,002304,洋河股份
2026-07-10,hs300,2026-07-06,002311,海大集团
2026-07-10,hs300,2026-07-06,002352,顺丰控股
2026-07-10,hs300,2026-07-06,002353,杰瑞股份
2026-07-10,hs300,2026-07-06,002371,北方华创
2026-07-10,hs300,2026-07-06,002384,东山精密
2026-07-10,hs300,2026-07-06,002415,海康威视
2026-07-10,hs300,2026-07-06,002422,科伦药业
2026-07-10,hs300,2026-07-06,002460,赣锋锂业
2026-07-10,hs300,2026-07-06,002463,沪电股份
2026-07-10,hs300,2026-07-06,002466,天齐锂业
2026-07-10,hs300,2026-07-06,002475,立讯精密
2026-07-10,hs300,2026-07-06,002493,荣盛石化
2026-07-10,hs300,2026-07-06,002532,天山铝业
2026-07-10,hs300,2026-07-06,002558,巨人网络
2026-07-10,hs300,2026-07-06,002594,比亚迪
2026-07-10,hs300,2026-07-06,002600,领益智造
2026-07-10,hs300,2026-07-06,002602,世纪华通
2026-07-10,hs300,2026-07-06,002625,光启技术
2026-07-10,hs300,2026-07-06,002648,卫星化学
2026-07-10,hs300,2026-07-06,002709,天赐材料
2026-07-10,hs300,2026-07-06,002714,牧原股份
2026-07-10,hs300,2026-07-06,002736,国信证券
2026-07-10,hs300,2026-07-06,002837,英维克
2026-07-10,hs300,2026-07-06,002916,深南电路
2026-07-10,hs300,2026-07-06,002920,德赛西威
2026-07-10,hs300,2026-07-06,002938,鹏鼎控股
2026-07-10,hs300,2026-07-06,003816,中国广核
2026-07-10,hs300,2026-07-06,300014,亿纬锂能
2026-07-10,hs300,2026-07-06,300015,爱尔眼科
2026-07-10,hs300,2026-07-06,300033,同花顺
2026-07-10,hs300,2026-07-06,300059,东方财富
2026-07-10,hs300,2026-07-06,300122,智飞生物
2026-07-10,hs300,2026-07-06,300124,汇川技术
2026-07-10,hs300,2026-07-06,300251,光线传媒
2026-07-10,hs300,2026-07-06,300274,阳光电源
2026-07-10,hs300,2026-07-06,300308,中际旭创
2026-07-10,hs300,2026-07-06,300316,晶盛机电
2026-07-10,hs300,2026-07-06,300394,天孚通信
2026-07-10,hs300,2026-07-06,300408,三环集团
2026-07-10,hs300,2026-07-06,300413,芒果超媒
2026-07-10,hs300,2026-07-06,300418,昆仑万维
2026-07-10,hs300,2026-07-06,300433,蓝思科技
2026-07-10,hs300,2026-07-06,300442,润泽科技
2026-07-10,hs300,2026-07-06,300450,先导智能
2026-07-10,hs300,2026-07-06,300476,胜宏科技
2026-07-10,hs300,2026-07-06,300498,温氏股份
2026-07-10,hs300,2026-07-06,300502,新易盛
2026-07-10,hs300,2026-07-06,300628,亿联网络
2026-07-10,hs300,2026-07-06,300661,圣邦股份
2026-07-10,hs300,2026-07-06,300750,宁德时代
2026-07-10,hs300,2026-07-06,300760,迈瑞医疗
2026-07-10,hs300,2026-07-06,300803,指南针
2026-07-10,hs300,2026-07-06,300832,新产业
2026-07-10,hs300,2026-07-06,300866,安克创新
2026-07-10,hs300,2026-07-06,300896,爱美客
2026-07-10,hs300,2026-07-06,300999,金龙鱼
2026-07-10,hs300,2026-07-06,301165,锐捷网络
2026-07-10,hs300,2026-07-06,301236,软通动力
2026-07-10,hs300,2026-07-06,301269,华大九天
2026-07-10,hs300,2026-07-06,301308,江波龙
2026-07-10,hs300,2026-07-06,302132,中航成飞
2026-07-10,zz500,2026-07-06,600004,白云机场
2026-07-10,zz500,2026-07-06,600008,首创环保
2026-07-10,zz500,2026-07-06,600021,上海电力
2026-07-10,zz500,2026-07-06,600032,浙江新能
2026-07-10,zz500,2026-07-06,600038,中直股份
2026-07-10,zz500,2026-07-06,600060,海信视像
2026-07-10,zz500,2026-07-06,600062,华润双鹤
2026-07-10,zz500,2026-07-06,600095,湘财股份
2026-07-10,zz500,2026-07-06,600098,广州发展
2026-07-10,zz500,2026-07-06,600100,同方股份
2026-07-10,zz500,2026-07-06,600105,永鼎股份
2026-07-10,zz500,2026-07-06,600109,国金证券
2026-07-10,zz500,2026-07-06,600126,杭钢股份
2026-07-10,zz500,2026-07-06,600131,国网信通
2026-07-10,zz500,2026-07-06,600132,重庆啤酒
2026-07-10,zz500,2026-07-06,600141,兴发集团
2026-07-10,zz500,2026-07-06,600143,金发科技
2026-07-10,zz500,2026-07-06,600153,建发股份
2026-07-10,zz500,2026-07-06,600157,永泰能源
2026-07-10,zz500,2026-07-06,600161,天坛生物
2026-07-10,zz500,2026-07-06,600166,福田汽车
2026-07-10,zz500,2026-07-06,600170,上海建工
2026-07-10,zz500,2026-07-06,600171,上海贝岭
2026-07-10,zz500,2026-07-06,600177,雅戈尔
2026-07-10,zz500,2026-07-06,600208,衢州发展
2026-07-10,zz500,2026-07-06,600256,广汇能源
2026-07-10,zz500,2026-07-06,600282,南钢股份
2026-07-10,zz500,2026-07-06,600292,电投水电
2026-07-10,zz500,2026-07-06,600295,鄂尔多斯
2026-07-10,zz500,2026-07-06,600298,安琪酵母
2026-07-10,zz500,2026-07-06,600299,安迪苏
2026-07-10,zz500,2026-07-06,600312,平高电气
2026-07-10,zz500,2026-07-06,600316,洪都航空
2026-07-10,zz500,2026-07-06,600329,达仁堂
2026-07-10,zz500,2026-07-06,600332,白云山
2026-07-10,zz500,2026-07-06,600339,中油工程
2026-07-10,zz500,2026-07-06,600348,华阳股份
2026-07-10,zz500,2026-07-06,600350,山东高速
2026-07-10,zz500,2026-07-06,600352,浙江龙盛
2026-07-10,zz500,2026-07-06,600363,联创光电
2026-07-10,zz500,2026-07-06,600369,西南证券
2026-07-10,zz500,2026-07-06,600377,宁沪高速
2026-07-10,zz500,2026-07-06,600378,昊华科技
2026-07-10,zz500,2026-07-06,600380,健康元
2026-07-10,zz500,2026-07-06,600390,五矿资本
2026-07-10,zz500,2026-07-06,600392,盛和资源
2026-07-10,zz500,2026-07-06,600398,海澜之家
2026-07-10,zz500,2026-07-06,600435,北方导航
2026-07-10,zz500,2026-07-06,600483,福能股份
2026-07-10,zz500,2026-07-06,600486,扬农化工
2026-07-10,zz500,2026-07-06,600497,驰宏锌锗
2026-07-10,zz500,2026-07-06,600498,烽火通信
2026-07-10,zz500,2026-07-06,600499,科达制造
2026-07-10,zz500,2026-07-06,600511,国药股份
2026-07-10,zz500,2026-07-06,600516,方大炭素
2026-07-10,zz500,2026-07-06,600517,国网英大
2026-07-10,zz500,2026-07-06,600521,华海药业
2026-07-10,zz500,2026-07-06,600535,天士力
2026-07-10,zz500,2026-07-06,600536,中国软件
2026-07-10,zz500,2026-07-06,600546,山煤国际
2026-07-10,zz500,2026-07-06,600562,国睿科技
2026-07-10,zz500,2026-07-06,600563,法拉电子
2026-07-10,zz500,2026-07-06,600566,济川药业
2026-07-10,zz500,2026-07-06,600578,京能电力
2026-07-10,zz500,2026-07-06,600582,天地科技
2026-07-10,zz500,2026-07-06,600583,海油工程
2026-07-10,zz500,2026-07-06,600595,中孚实业
2026-07-10,zz500,2026-07-06,600598,北大荒
2026-07-10,zz500,2026-07-06,600601,方正科技
2026-07-10,zz500,2026-07-06,600602,云赛智联
2026-07-10,zz500,2026-07-06,600606,绿地控股
2026-07-10,zz500,2026-07-06,600637,东方明珠
2026-07-10,zz500,2026-07-06,600642,申能股份
2026-07-10,zz500,2026-07-06,600655,豫园股份
2026-07-10,zz500,2026-07-06,600663,陆家嘴
2026-07-10,zz500,2026-07-06,600685,中船防务
2026-07-10,zz500,2026-07-06,600688,上海石化
2026-07-10,zz500,2026-07-06,600699,均胜电子
2026-07-10,zz500,2026-07-06,600704,物产中大
2026-07-10,zz500,2026-07-06,600707,彩虹股份
2026-07-10,zz500,2026-07-06,600711,盛屯矿业
2026-07-10,zz500,2026-07-06,600737,中粮糖业
2026-07-10,zz500,2026-07-06,600754,锦江酒店
2026-07-10,zz500,2026-07-06,600763,通策医疗
2026-07-10,zz500,2026-07-06,600764,中国海防
2026-07-10,zz500,2026-07-06,600765,中航重机
2026-07-10,zz500,2026-07-06,600801,华新建材
2026-07-10,zz500,2026-07-06,600808,马钢股份
2026-07-10,zz500,2026-07-06,600816,建元信托
2026-07-10,zz500,2026-07-06,600820,隧道股份
2026-07-10,zz500,2026-07-06,600848,上海临港
2026-07-10,zz500,2026-07-06,600862,中航高科
2026-07-10,zz500,2026-07-06,600863,华能蒙电
2026-07-10,zz500,2026-07-06,600871,石化油服
2026-07-10,zz500,2026-07-06,600873,梅花生物
2026-07-10,zz500,2026-07-06,600879,航天电子
2026-07-10,zz500,2026-07-06,600884,杉杉股份
2026-07-10,zz500,2026-07-06,600885,宏发股份
2026-07-10,zz500,2026-07-06,600901,江苏金租
2026-07-10,zz500,2026-07-06,600906,财达证券
2026-07-10,zz500,2026-07-06,600909,华安证券
2026-07-10,zz500,2026-07-06,600927,永安期货
2026-07-10,zz500,2026-07-06,600967,内蒙一机
2026-07-10,zz500,2026-07-06,600968,海油发展
2026-07-10,zz500,2026-07-06,600970,中材国际
2026-07-10,zz500,2026-07-06,600977,中国电影
2026-07-10,zz500,2026-07-06,600985,淮北矿业
2026-07-10,zz500,2026-07-06,600988,赤峰黄金
2026-07-10,zz500,2026-07-06,600995,南网储能
2026-07-10,zz500,2026-07-06,600998,九州通
2026-07-10,zz500,2026-07-06,601000,唐山港
2026-07-10,zz500,2026-07-06,601001,晋控煤业
2026-07-10,zz500,2026-07-06,601016,节能风电
2026-07-10,zz500,2026-07-06,601019,山东出版
2026-07-10,zz500,2026-07-06,601098,中南传媒
2026-07-10,zz500,2026-07-06,601099,太平洋
2026-07-10,zz500,2026-07-06,601106,中国一重
2026-07-10,zz500,2026-07-06,601108,财通证券
2026-07-10,zz500,2026-07-06,601112,振石股份
2026-07-10,zz500,2026-07-06,601118,海南橡胶
2026-07-10,zz500,2026-07-06,601128,常熟银行
2026-07-10,zz500,2026-07-06,601139,深圳燃气
2026-07-10,zz500,2026-07-06,601155,新城控股
2026-07-10,zz500,2026-07-06,601156,东航物流
2026-07-10,zz500,2026-07-06,601162,天风证券
2026-07-10,zz500,2026-07-06,601179,中国西电
2026-07-10,zz500,2026-07-06,601198,东兴证券
2026-07-10,zz500,2026-07-06,601212,白银有色
2026-07-10,zz500,2026-07-06,601216,君正集团
2026-07-10,zz500,2026-07-06,601228,广州港
2026-07-10,zz500,2026-07-06,601233,桐昆股份
2026-07-10,zz500,2026-07-06,601236,红塔证券
2026-07-10,zz500,2026-07-06,601298,青岛港
2026-07-10,zz500,2026-07-06,601399,国机重装
2026-07-10,zz500,2026-07-06,601555,东吴证券
2026-07-10,zz500,2026-07-06,601567,三星电气
2026-07-10,zz500,2026-07-06,601577,长沙银行
2026-07-10,zz500,2026-07-06,601598,中国外运
2026-07-10,zz500,2026-07-06,601608,中信重工
2026-07-10,zz500,2026-07-06,601611,中国核建
2026-07-10,zz500,2026-07-06,601615,明阳智能
2026-07-10,zz500,2026-07-06,601665,齐鲁银行
2026-07-10,zz500,2026-07-06,601666,平煤股份
2026-07-10,zz500,2026-07-06,601696,中银证券
2026-07-10,zz500,2026-07-06,601699,潞安环能
2026-07-10,zz500,2026-07-06,601717,中创智领
2026-07-10,zz500,2026-07-06,601799,星宇股份
2026-07-10,zz500,2026-07-06,601808,中海油服
2026-07-10,zz500,2026-07-06,601865,福莱特
2026-07-10,zz500,2026-07-06,601866,中远海发
2026-07-10,zz500,2026-07-06,601869,长飞光纤
2026-07-10,zz500,2026-07-06,601880,辽港股份
2026-07-10,zz500,2026-07-06,601928,凤凰传媒
2026-07-10,zz500,2026-07-06,601958,金钼股份
2026-07-10,zz500,2026-07-06,601966,玲珑轮胎
2026-07-10,zz500,2026-07-06,601990,南京证券
2026-07-10,zz500,2026-07-06,601991,大唐发电
2026-07-10,zz500,2026-07-06,601997,贵阳银行
2026-07-10,zz500,2026-07-06,603000,人民网
2026-07-10,zz500,2026-07-06,603049,中策橡胶
2026-07-10,zz500,2026-07-06,603077,和邦生物
2026-07-10,zz500,2026-07-06,603087,甘李药业
2026-07-10,zz500,2026-07-06,603092,德力佳
2026-07-10,zz500,2026-07-06,603119,浙江荣泰
2026-07-10,zz500,2026-07-06,603129,春风动力
2026-07-10,zz500,2026-07-06,603156,养元饮品
2026-07-10,zz500,2026-07-06,603160,汇顶科技
2026-07-10,zz500,2026-07-06,603175,超颖电子
2026-07-10,zz500,2026-07-06,603179,新泉股份
2026-07-10,zz500,2026-07-06,603225,新凤鸣
2026-07-10,zz500,2026-07-06,603233,大参林
2026-07-10,zz500,2026-07-06,603256,宏和科技
2026-07-10,zz500,2026-07-06,603290,斯达半导
2026-07-10,zz500,2026-07-06,603298,杭叉集团
2026-07-10,zz500,2026-07-06,603308,应流股份
2026-07-10,zz500,2026-07-06,603338,浙江鼎力
2026-07-10,zz500,2026-07-06,603341,龙旗科技
2026-07-10,zz500,2026-07-06,603345,安井食品
2026-07-10,zz500,2026-07-06,603379,三美股份
2026-07-10,zz500,2026-07-06,603444,吉比特
2026-07-10,zz500,2026-07-06,603486,科沃斯
2026-07-10,zz500,2026-07-06,603529,爱玛科技
2026-07-10,zz500,2026-07-06,603565,中谷物流
2026-07-10,zz500,2026-07-06,603568,伟明环保
2026-07-10,zz500,2026-07-06,603589,口子窖
2026-07-10,zz500,2026-07-06,603596,伯特利
2026-07-10,zz500,2026-07-06,603605,珀莱雅
2026-07-10,zz500,2026-07-06,603606,东方电缆
2026-07-10,zz500,2026-07-06,603650,彤程新材
2026-07-10,zz500,2026-07-06,603658,安图生物
2026-07-10,zz500,2026-07-06,603659,璞泰来
2026-07-10,zz500,2026-07-06,603688,石英股份
2026-07-10,zz500,2026-07-06,603699,纽威股份
2026-07-10,zz500,2026-07-06,603728,鸣志电器
2026-07-10,zz500,2026-07-06,603737,三棵树
2026-07-10,zz500,2026-07-06,603766,隆鑫通用
2026-07-10,zz500,2026-07-06,603786,科博达
2026-07-10,zz500,2026-07-06,603806,福斯特
2026-07-10,zz500,2026-07-06,603816,顾家家居
2026-07-10,zz500,2026-07-06,603833,欧派家居
2026-07-10,zz500,2026-07-06,603858,步长制药
2026-07-10,zz500,2026-07-06,603885,吉祥航空
2026-07-10,zz500,2026-07-06,603899,晨光股份
2026-07-10,zz500,2026-07-06,603920,世运电路
2026-07-10,zz500,2026-07-06,603939,益丰药房
2026-07-10,zz500,2026-07-06,603979,金诚信
2026-07-10,zz500,2026-07-06,605358,立昂微
2026-07-10,zz500,2026-07-06,605589,圣泉集团
2026-07-10,zz500,2026-07-06,688002,睿创微纳
2026-07-10,zz500,2026-07-06,688017,绿的谐波
2026-07-10,zz500,2026-07-06,688018,乐鑫科技
2026-07-10,zz500,2026-07-06,688019,安集科技
2026-07-10,zz500,2026-07-06,688027,国盾量子
2026-07-10,zz500,2026-07-06,688037,芯源微
2026-07-10,zz500,2026-07-06,688052,纳芯微
2026-07-10,zz500,2026-07-06,688065,凯赛生物
2026-07-10,zz500,2026-07-06,688099,晶晨股份
2026-07-10,zz500,2026-07-06,688114,华大智造
2026-07-10,zz500,2026-07-06,688120,华海清科
2026-07-10,zz500,2026-07-06,688122,西部超导
2026-07-10,zz500,2026-07-06,688166,博瑞医药
2026-07-10,zz500,2026-07-06,688169,石头科技
2026-07-10,zz500,2026-07-06,688172,燕东微
2026-07-10,zz500,2026-07-06,688180,君实生物
2026-07-10,zz500,2026-07-06,688187,时代电气
2026-07-10,zz500,2026-07-06,688188,柏楚电子
2026-07-10,zz500,2026-07-06,688192,迪哲医药
2026-07-10,zz500,2026-07-06,688200,华峰测控
2026-07-10,zz500,2026-07-06,688213,思特威
2026-07-10,zz500,2026-07-06,688220,翱捷科技
2026-07-10,zz500,2026-07-06,688234,天岳先进
2026-07-10,zz500,2026-07-06,688235,百济神州
2026-07-10,zz500,2026-07-06,688248,南网科技
2026-07-10,zz500,2026-07-06,688266,泽璟制药
2026-07-10,zz500,2026-07-06,688278,特宝生物
2026-07-10,zz500,2026-07-06,688281,华秦科技
2026-07-10,zz500,2026-07-06,688295,中复神鹰
2026-07-10,zz500,2026-07-06,688297,中无人机
2026-07-10,zz500,2026-07-06,688301,奕瑞科技
2026-07-10,zz500,2026-07-06,688313,仕佳光子
2026-07-10,zz500,2026-07-06,688318,财富趋势
2026-07-10,zz500,2026-07-06,688322,奥比中光
2026-07-10,zz500,2026-07-06,688331,荣昌生物
2026-07-10,zz500,2026-07-06,688336,三生国健
2026-07-10,zz500,2026-07-06,688343,云天励飞
2026-07-10,zz500,2026-07-06,688347,华虹宏力
2026-07-10,zz500,2026-07-06,688349,三一重能
2026-07-10,zz500,2026-07-06,688361,中科飞测
2026-07-10,zz500,2026-07-06,688363,华熙生物
2026-07-10,zz500,2026-07-06,688375,国博电子
2026-07-10,zz500,2026-07-06,688385,复旦微电
2026-07-10,zz500,2026-07-06,688387,信科移动
2026-07-10,zz500,2026-07-06,688411,海博思创
2026-07-10,zz500,2026-07-06,688425,铁建重工
2026-07-10,zz500,2026-07-06,688469,芯联集成
2026-07-10,zz500,2026-07-06,688475,萤石网络
2026-07-10,zz500,2026-07-06,688498,源杰科技
2026-07-10,zz500,2026-07-06,688520,神州细胞
2026-07-10,zz500,2026-07-06,688538,和辉光电
2026-07-10,zz500,2026-07-06,688561,奇安信
2026-07-10,zz500,2026-07-06,688563,航材股份
2026-07-10,zz500,2026-07-06,688568,中科星图
2026-07-10,zz500,2026-07-06,688578,艾力斯
2026-07-10,zz500,2026-07-06,688582,芯动联科
2026-07-10,zz500,2026-07-06,688599,天合光能
2026-07-10,zz500,2026-07-06,688608,恒玄科技
2026-07-10,zz500,2026-07-06,688615,合合信息
2026-07-10,zz500,2026-07-06,688617,惠泰医疗
2026-07-10,zz500,2026-07-06,688629,华丰科技
2026-07-10,zz500,2026-07-06,688676,金盘科技
2026-07-10,zz500,2026-07-06,688692,达梦数据
2026-07-10,zz500,2026-07-06,688702,盛科通信
2026-07-10,zz500,2026-07-06,688708,佳驰科技
2026-07-10,zz500,2026-07-06,688709,成都华微
2026-07-10,zz500,2026-07-06,688728,格科微
2026-07-10,zz500,2026-07-06,688772,珠海冠宇
2026-07-10,zz500,2026-07-06,688777,中控技术
2026-07-10,zz500,2026-07-06,688778,厦钨新能
2026-07-10,zz500,2026-07-06,688819,天能股份
2026-07-10,zz500,2026-07-06,689009,九号公司
2026-07-10,zz500,2026-07-06,000009,中国宝安
2026-07-10,zz500,2026-07-06,000021,深科技
2026-07-10,zz500,2026-07-06,000027,深圳能源
2026-07-10,zz500,2026-07-06,000032,深桑达A
2026-07-10,zz500,2026-07-06,000034,神州数码
2026-07-10,zz500,2026-07-06,000039,中集集团
2026-07-10,zz500,2026-07-06,000050,深天马A
2026-07-10,zz500,2026-07-06,000060,中金岭南
2026-07-10,zz500,2026-07-06,000062,深圳华强
2026-07-10,zz500,2026-07-06,000088,盐田港
2026-07-10,zz500,2026-07-06,000155,川能动力
2026-07-10,zz500,2026-07-06,000400,许继电气
2026-07-10,zz500,2026-07-06,000415,渤海租赁
2026-07-10,zz500,2026-07-06,000423,东阿阿胶
2026-07-10,zz500,2026-07-06,000429,粤高速A
2026-07-10,zz500,2026-07-06,000513,丽珠集团
2026-07-10,zz500,2026-07-06,000519,中兵红箭
2026-07-10,zz500,2026-07-06,000528,柳工
2026-07-10,zz500,2026-07-06,000537,绿发电力
2026-07-10,zz500,2026-07-06,000539,粤电力A
2026-07-10,zz500,2026-07-06,000559,万向钱潮
2026-07-10,zz500,2026-07-06,000582,北部湾港
2026-07-10,zz500,2026-07-06,000591,太阳能
2026-07-10,zz500,2026-07-06,000598,兴蓉环境
2026-07-10,zz500,2026-07-06,000623,吉林敖东
2026-07-10,zz500,2026-07-06,000629,钒钛股份
2026-07-10,zz500,2026-07-06,000661,长春高新
2026-07-10,zz500,2026-07-06,000683,博源化工
2026-07-10,zz500,2026-07-06,000703,恒逸石化
2026-07-10,zz500,2026-07-06,000709,河钢股份
2026-07-10,zz500,2026-07-06,000723,美锦能源
2026-07-10,zz500,2026-07-06,000728,国元证券
2026-07-10,zz500,2026-07-06,000729,燕京啤酒
2026-07-10,zz500,2026-07-06,000733,振华科技
2026-07-10,zz500,2026-07-06,000737,北方铜业
2026-07-10,zz500,2026-07-06,000738,航发控制
2026-07-10,zz500,2026-07-06,000739,普洛药业
2026-07-10,zz500,2026-07-06,000750,国海证券
2026-07-10,zz500,2026-07-06,000783,长江证券
2026-07-10,zz500,2026-07-06,000785,居然智家
2026-07-10,zz500,2026-07-06,000786,北新建材
2026-07-10,zz500,2026-07-06,000800,一汽解放
2026-07-10,zz500,2026-07-06,000825,太钢不锈
2026-07-10,zz500,2026-07-06,000830,鲁西化工
2026-07-10,zz500,2026-07-06,000831,中国稀土
2026-07-10,zz500,2026-07-06,000878,云南铜业
2026-07-10,zz500,2026-07-06,000883,湖北能源
2026-07-10,zz500,2026-07-06,000887,中鼎股份
2026-07-10,zz500,2026-07-06,000893,亚钾国际
2026-07-10,zz500,2026-07-06,000898,鞍钢股份
2026-07-10,zz500,2026-07-06,000921,海信家电
2026-07-10,zz500,2026-07-06,000932,华菱钢铁
2026-07-10,zz500,2026-07-06,000937,冀中能源
2026-07-10,zz500,2026-07-06,000951,中国重汽
2026-07-10,zz500,2026-07-06,000959,首钢股份
2026-07-10,zz500,2026-07-06,000960,锡业股份
2026-07-10,zz500,2026-07-06,000967,盈峰环境
2026-07-10,zz500,2026-07-06,000983,山西焦煤
2026-07-10,zz500,2026-07-06,000987,越秀资本
2026-07-10,zz500,2026-07-06,000997,新大陆
2026-07-10,zz500,2026-07-06,001203,大中矿业
2026-07-10,zz500,2026-07-06,001221,悍高集团
2026-07-10,zz500,2026-07-06,001286,陕西能源
2026-07-10,zz500,2026-07-06,001309,德明利
2026-07-10,zz500,2026-07-06,001386,马可波罗
2026-07-10,zz500,2026-07-06,001389,广合科技
2026-07-10,zz500,2026-07-06,001696,宗申动力
2026-07-10,zz500,2026-07-06,002007,华兰生物
2026-07-10,zz500,2026-07-06,002008,大族激光
2026-07-10,zz500,2026-07-06,002025,航天电器
2026-07-10,zz500,2026-07-06,002032,苏泊尔
2026-07-10,zz500,2026-07-06,002044,美年健康
2026-07-10,zz500,2026-07-06,002056,横店东磁
2026-07-10,zz500,2026-07-06,002064,华峰化学
2026-07-10,zz500,2026-07-06,002065,东华软件
2026-07-10,zz500,2026-07-06,002078,太阳纸业
2026-07-10,zz500,2026-07-06,002085,万丰奥威
2026-07-10,zz500,2026-07-06,002120,韵达股份
2026-07-10,zz500,2026-07-06,002126,银轮股份
2026-07-10,zz500,2026-07-06,002130,沃尔核材
2026-07-10,zz500,2026-07-06,002131,利欧股份
2026-07-10,zz500,2026-07-06,002138,顺络电子
2026-07-10,zz500,2026-07-06,002152,广电运通
2026-07-10,zz500,2026-07-06,002153,石基信息
2026-07-10,zz500,2026-07-06,002155,湖南黄金
2026-07-10,zz500,2026-07-06,002157,正邦科技
2026-07-10,zz500,2026-07-06,002185,华天科技
2026-07-10,zz500,2026-07-06,002195,岩山科技
2026-07-10,zz500,2026-07-06,002203,海亮股份
2026-07-10,zz500,2026-07-06,002223,鱼跃医疗
2026-07-10,zz500,2026-07-06,002244,滨江集团
2026-07-10,zz500,2026-07-06,002252,上海莱士
2026-07-10,zz500,2026-07-06,002261,拓维信息
2026-07-10,zz500,2026-07-06,002262,恩华药业
2026-07-10,zz500,2026-07-06,002265,建设工业
2026-07-10,zz500,2026-07-06,002266,浙富控股
2026-07-10,zz500,2026-07-06,002271,东方雨虹
2026-07-10,zz500,2026-07-06,002273,水晶光电
2026-07-10,zz500,2026-07-06,002281,光迅科技
2026-07-10,zz500,2026-07-06,002299,圣农发展
2026-07-10,zz500,2026-07-06,002312,川发龙蟒
2026-07-10,zz500,2026-07-06,002318,久立特材
2026-07-10,zz500,2026-07-06,002335,科华数据
2026-07-10,zz500,2026-07-06,002340,格林美
2026-07-10,zz500,2026-07-06,002402,和而泰
2026-07-10,zz500,2026-07-06,002407,多氟多
2026-07-10,zz500,2026-07-06,002409,雅克科技
2026-07-10,zz500,2026-07-06,002410,广联达
2026-07-10,zz500,2026-07-06,002414,高德红外
2026-07-10,zz500,2026-07-06,002423,中粮资本
2026-07-10,zz500,2026-07-06,002429,兆驰股份
2026-07-10,zz500,2026-07-06,002430,杭氧股份
2026-07-10,zz500,2026-07-06,002432,九安医疗
2026-07-10,zz500,2026-07-06,002436,兴森科技
2026-07-10,zz500,2026-07-06,002444,巨星科技
2026-07-10,zz500,2026-07-06,002461,珠江啤酒
2026-07-10,zz500,2026-07-06,002465,海格通信
2026-07-10,zz500,2026-07-06,002472,双环传动
2026-07-10,zz500,2026-07-06,002487,大金重工
2026-07-10,zz500,2026-07-06,002500,山西证券
2026-07-10,zz500,2026-07-06,002508,老板电器
2026-07-10,zz500,2026-07-06,002517,恺英网络
2026-07-10,zz500,2026-07-06,002568,百润股份
2026-07-10,zz500,2026-07-06,002583,海能达
2026-07-10,zz500,2026-07-06,002601,龙佰集团
2026-07-10,zz500,2026-07-06,002603,以岭药业
2026-07-10,zz500,2026-07-06,002608,江苏国信
2026-07-10,zz500,2026-07-06,002624,完美世界
2026-07-10,zz500,2026-07-06,002670,国盛证券
2026-07-10,zz500,2026-07-06,002673,西部证券
2026-07-10,zz500,2026-07-06,002683,广东宏大
2026-07-10,zz500,2026-07-06,002738,中矿资源
2026-07-10,zz500,2026-07-06,002739,儒意电影
2026-07-10,zz500,2026-07-06,002756,永兴材料
2026-07-10,zz500,2026-07-06,002773,康弘药业
2026-07-10,zz500,2026-07-06,002797,第一创业
2026-07-10,zz500,2026-07-06,002812,恩捷股份
2026-07-10,zz500,2026-07-06,002821,凯莱英
2026-07-10,zz500,2026-07-06,002831,裕同科技
2026-07-10,zz500,2026-07-06,002841,视源股份
2026-07-10,zz500,2026-07-06,002850,科达利
2026-07-10,zz500,2026-07-06,002851,麦格米特
2026-07-10,zz500,2026-07-06,002926,华西证券
2026-07-10,zz500,2026-07-06,002939,长城证券
2026-07-10,zz500,2026-07-06,002945,华林证券
2026-07-10,zz500,2026-07-06,002966,苏州银行
2026-07-10,zz500,2026-07-06,002984,森麒麟
2026-07-10,zz500,2026-07-06,003021,兆威机电
2026-07-10,zz500,2026-07-06,003022,联泓新科
2026-07-10,zz500,2026-07-06,003031,中瓷电子
2026-07-10,zz500,2026-07-06,003035,南网能源
2026-07-10,zz500,2026-07-06,300001,特锐德
2026-07-10,zz500,2026-07-06,300002,神州泰岳
2026-07-10,zz500,2026-07-06,300003,乐普医疗
2026-07-10,zz500,2026-07-06,300012,华测检测
2026-07-10,zz500,2026-07-06,300017,网宿科技
2026-07-10,zz500,2026-07-06,300024,机器人
2026-07-10,zz500,2026-07-06,300037,新宙邦
2026-07-10,zz500,2026-07-06,300054,鼎龙股份
2026-07-10,zz500,2026-07-06,300058,蓝色光标
2026-07-10,zz500,2026-07-06,300073,当升科技
2026-07-10,zz500,2026-07-06,300100,双林股份
2026-07-10,zz500,2026-07-06,300115,长盈精密
2026-07-10,zz500,2026-07-06,300136,信维通信
2026-07-10,zz500,2026-07-06,300140,节能环境
2026-07-10,zz500,2026-07-06,300142,沃森生物
2026-07-10,zz500,2026-07-06,300144,宋城演艺
2026-07-10,zz500,2026-07-06,300146,汤臣倍健
2026-07-10,zz500,2026-07-06,300207,欣旺达
2026-07-10,zz500,2026-07-06,300223,北京君正
2026-07-10,zz500,2026-07-06,300285,国瓷材料
2026-07-10,zz500,2026-07-06,300339,润和软件
2026-07-10,zz500,2026-07-06,300346,南大光电
2026-07-10,zz500,2026-07-06,300373,扬杰科技
2026-07-10,zz500,2026-07-06,300383,光环新网
2026-07-10,zz500,2026-07-06,300390,天华新能
2026-07-10,zz500,2026-07-06,300395,菲利华
2026-07-10,zz500,2026-07-06,300432,富临精工
2026-07-10,zz500,2026-07-06,300454,深信服
2026-07-10,zz500,2026-07-06,300458,全志科技
2026-07-10,zz500,2026-07-06,300474,景嘉微
2026-07-10,zz500,2026-07-06,300475,香农芯创
2026-07-10,zz500,2026-07-06,300487,蓝晓科技
2026-07-10,zz500,2026-07-06,300496,中科创达
2026-07-10,zz500,2026-07-06,300548,长芯博创
2026-07-10,zz500,2026-07-06,300558,贝达药业
2026-07-10,zz500,2026-07-06,300567,精测电子
2026-07-10,zz500,2026-07-06,300570,太辰光
2026-07-10,zz500,2026-07-06,300604,长川科技
2026-07-10,zz500,2026-07-06,300620,光库科技
2026-07-10,zz500,2026-07-06,300623,捷捷微电
2026-07-10,zz500,2026-07-06,300627,华测导航
2026-07-10,zz500,2026-07-06,300666,江丰电子
2026-07-10,zz500,2026-07-06,300676,华大基因
2026-07-10,zz500,2026-07-06,300677,英科医疗
2026-07-10,zz500,2026-07-06,300679,电连技术
2026-07-10,zz500,2026-07-06,300699,光威复材
2026-07-10,zz500,2026-07-06,300718,长盛轴承
2026-07-10,zz500,2026-07-06,300724,捷佳伟创
2026-07-10,zz500,2026-07-06,300735,光弘科技
2026-07-10,zz500,2026-07-06,300748,金力永磁
2026-07-10,zz500,2026-07-06,300751,迈为股份
2026-07-10,zz500,2026-07-06,300757,罗博特科
2026-07-10,zz500,2026-07-06,300759,康龙化成
2026-07-10,zz500,2026-07-06,300763,锦浪科技
2026-07-10,zz500,2026-07-06,300857,协创数据
2026-07-10,zz500,2026-07-06,300888,稳健医疗
2026-07-10,zz500,2026-07-06,300919,中伟新材
2026-07-10,zz500,2026-07-06,300953,震裕科技
2026-07-10,zz500,2026-07-06,300957,贝泰妮
2026-07-10,zz500,2026-07-06,300972,万辰集团
2026-07-10,zz500,2026-07-06,301200,大族数控
2026-07-10,zz500,2026-07-06,301301,川宁生物
2026-07-10,zz500,2026-07-06,301358,湖南裕能
2026-07-10,zz500,2026-07-06,301377,鼎泰高科
2026-07-10,zz500,2026-07-06,301498,乖宝宠物
2026-07-10,zz500,2026-07-06,301526,国际复材
2026-07-10,zz500,2026-07-06,301536,星宸科技
2026-07-10,zz500,2026-07-06,301606,绿联科技
2026-07-10,zz500,2026-07-06,301611,珂玛科技
2026-09-18,hs300,2026-09-14,600000,浦发银行
2026-09-18,hs300,2026-09-14,600009,上海机场
2026-09-18,hs300,2026-09-14,600010,包钢股份
2026-09-18,hs300,2026-09-14,600011,华能国际
2026-09-18,hs300,2026-09-14,600015,华夏银行
2026-09-18,hs300,2026-09-14,600016,民生银行
2026-09-18,hs300,2026-09-14,600018,上港集团
2026-09-18,hs300,2026-09-14,600019,宝钢股份
2026-09-18,hs300,2026-09-14,600023,浙能电力
2026-09-18,hs300,2026-09-14,600025,华能水电
2026-09-18,hs300,2026-09-14,600026,中远海能
2026-09-18,hs300,2026-09-14,600027,华电国际
2026-09-18,hs300,2026-09-14,600028,中国石化
2026-09-18,hs300,2026-09-14,600029,南方航空
2026-09-18,hs300,2026-09-14,600030,中信证券
2026-09-18,hs300,2026-09-14,600031,三一重工
2026-09-18,hs300,2026-09-14,600036,招商银行
2026-09-18,hs300,2026-09-14,600039,四川路桥
2026-09-18,hs300,2026-09-14,600048,保利发展
2026-09-18,hs300,2026-09-14,600050,中国联通
2026-09-18,hs300,2026-09-14,600061,国投资本
2026-09-18,hs300,2026-09-14,600066,宇通客车
2026-09-18,hs300,2026-09-14,600085,同仁堂
2026-09-18,hs300,2026-09-14,600089,特变电工
2026-09-18,hs300,2026-09-14,600104,上汽集团
2026-09-18,hs300,2026-09-14,600111,北方稀土
2026-09-18,hs300,2026-09-14,600115,中国东航
2026-09-18,hs300,2026-09-14,600118,中国卫星
2026-09-18,hs300,2026-09-14,600150,中国船舶
2026-09-18,hs300,2026-09-14,600160,巨化股份
2026-09-18,hs300,2026-09-14,600176,中国巨石
2026-09-18,hs300,2026-09-14,600183,生益科技
2026-09-18,hs300,2026-09-14,600188,兖矿能源
2026-09-18,hs300,2026-09-14,600196,复星医药
2026-09-18,hs300,2026-09-14,600219,南山铝业
2026-09-18,hs300,2026-09-14,600221,海航控股
2026-09-18,hs300,2026-09-14,600233,圆通速递
2026-09-18,hs300,2026-09-14,600276,恒瑞医药
2026-09-18,hs300,2026-09-14,600309,万华化学
2026-09-18,hs300,2026-09-14,600346,恒力石化
2026-09-18,hs300,2026-09-14,600362,江西铜业
2026-09-18,hs300,2026-09-14,600372,中航机载
2026-09-18,hs300,2026-09-14,600406,国电南瑞
2026-09-18,hs300,2026-09-14,600415,小商品城
2026-09-18,hs300,2026-09-14,600426,华鲁恒升
2026-09-18,hs300,2026-09-14,600436,片仔癀
2026-09-18,hs300,2026-09-14,600438,通威股份
2026-09-18,hs300,2026-09-14,600460,士兰微
2026-09-18,hs300,2026-09-14,600482,中国动力
2026-09-18,hs300,2026-09-14,600489,中金黄金
2026-09-18,hs300,2026-09-14,600515,海南机场
2026-09-18,hs300,2026-09-14,600519,贵州茅台
2026-09-18,hs300,2026-09-14,600522,中天科技
2026-09-18,hs300,2026-09-14,600547,山东黄金
2026-09-18,hs300,2026-09-14,600549,厦门钨业
2026-09-18,hs300,2026-09-14,600570,恒生电子
2026-09-18,hs300,2026-09-14,600584,长电科技
2026-09-18,hs300,2026-09-14,600585,海螺水泥
2026-09-18,hs300,2026-09-14,600588,用友网络
2026-09-18,hs300,2026-09-14,600600,青岛啤酒
2026-09-18,hs300,2026-09-14,600660,福耀玻璃
2026-09-18,hs300,2026-09-14,600674,川投能源
2026-09-18,hs300,2026-09-14,600690,海尔智家
2026-09-18,hs300,2026-09-14,600741,华域汽车
2026-09-18,hs300,2026-09-14,600760,中航沈飞
2026-09-18,hs300,2026-09-14,600795,国电电力
2026-09-18,hs300,2026-09-14,600803,新奥股份
2026-09-18,hs300,2026-09-14,600809,山西汾酒
2026-09-18,hs300,2026-09-14,600845,宝信软件
2026-09-18,hs300,2026-09-14,600875,东方电气
2026-09-18,hs300,2026-09-14,600886,国投电力
2026-09-18,hs300,2026-09-14,600887,伊利股份
2026-09-18,hs300,2026-09-14,600893,航发动力
2026-09-18,hs300,2026-09-14,600900,长江电力
2026-09-18,hs300,2026-09-14,600905,三峡能源
2026-09-18,hs300,2026-09-14,600918,中泰证券
2026-09-18,hs300,2026-09-14,600919,江苏银行
2026-09-18,hs300,2026-09-14,600926,杭州银行
2026-09-18,hs300,2026-09-14,600930,华电新能
2026-09-18,hs300,2026-09-14,600938,中国海油
2026-09-18,hs300,2026-09-14,600941,中国移动
2026-09-18,hs300,2026-09-14,600958,东方证券
2026-09-18,hs300,2026-09-14,600989,宝丰能源
2026-09-18,hs300,2026-09-14,600999,招商证券
2026-09-18,hs300,2026-09-14,601006,大秦铁路
2026-09-18,hs300,2026-09-14,601009,南京银行
2026-09-18,hs300,2026-09-14,601012,隆基绿能
2026-09-18,hs300,2026-09-14,601018,宁波港
2026-09-18,hs300,2026-09-14,601021,春秋航空
2026-09-18,hs300,2026-09-14,601058,赛轮轮胎
2026-09-18,hs300,2026-09-14,601059,信达证券
2026-09-18,hs300,2026-09-14,601066,中信建投
2026-09-18,hs300,2026-09-14,601077,渝农商行
2026-09-18,hs300,2026-09-14,601088,中国神华
2026-09-18,hs300,2026-09-14,601100,恒立液压
2026-09-18,hs300,2026-09-14,601111,中国国航
2026-09-18,hs300,2026-09-14,601117,中国化学
2026-09-18,hs300,2026-09-14,601127,赛力斯
2026-09-18,hs300,2026-09-14,601136,首创证券
2026-09-18,hs300,2026-09-14,601138,工业富联
2026-09-18,hs300,2026-09-14,601166,兴业银行
2026-09-18,hs300,2026-09-14,601169,北京银行
2026-09-18,hs300,2026-09-14,601186,中国铁建
2026-09-18,hs300,2026-09-14,601211,国泰海通
2026-09-18,hs300,2026-09-14,601225,陕西煤业
2026-09-18,hs300,2026-09-14,601229,上海银行
2026-09-18,hs300,2026-09-14,601238,广汽集团
2026-09-18,hs300,2026-09-14,601288,农业银行
2026-09-18,hs300,2026-09-14,601318,中国平安
2026-09-18,hs300,2026-09-14,601319,中国人保
2026-09-18,hs300,2026-09-14,601328,交通银行
2026-09-18,hs300,2026-09-14,601336,新华保险
2026-09-18,hs300,2026-09-14,601360,三六零
2026-09-18,hs300,2026-09-14,601377,兴业证券
2026-09-18,hs300,2026-09-14,601390,中国中铁
2026-09-18,hs300,2026-09-14,601398,工商银行
2026-09-18,hs300,2026-09-14,601456,国联民生
2026-09-18,hs300,2026-09-14,601600,中国铝业
2026-09-18,hs300,2026-09-14,601601,中国太保
2026-09-18,hs300,2026-09-14,601607,上海医药
2026-09-18,hs300,2026-09-14,601618,中国中冶
2026-09-18,hs300,2026-09-14,601628,中国人寿
2026-09-18,hs300,2026-09-14,601633,长城汽车
2026-09-18,hs300,2026-09-14,601658,邮储银行
2026-09-18,hs300,2026-09-14,601668,中国建筑
2026-09-18,hs300,2026-09-14,601669,中国电建
2026-09-18,hs300,2026-09-14,601688,华泰证券
2026-09-18,hs300,2026-09-14,601689,拓普集团
2026-09-18,hs300,2026-09-14,601698,中国卫通
2026-09-18,hs300,2026-09-14,601727,上海电气
2026-09-18,hs300,2026-09-14,601728,中国电信
2026-09-18,hs300,2026-09-14,601766,中国中车
2026-09-18,hs300,2026-09-14,601788,光大证券
2026-09-18,hs300,2026-09-14,601800,中国交建
2026-09-18,hs300,2026-09-14,601816,京沪高铁
2026-09-18,hs300,2026-09-14,601818,光大银行
2026-09-18,hs300,2026-09-14,601825,沪农商行
2026-09-18,hs300,2026-09-14,601838,成都银行
2026-09-18,hs300,2026-09-14,601857,中国石油
2026-09-18,hs300,2026-09-14,601868,中国能建
2026-09-18,hs300,2026-09-14,601872,招商轮船
2026-09-18,hs300,2026-09-14,601877,正泰电器
2026-09-18,hs300,2026-09-14,601878,浙商证券
2026-09-18,hs300,2026-09-14,601881,中国银河
2026-09-18,hs300,2026-09-14,601888,中国中免
2026-09-18,hs300,2026-09-14,601898,中煤能源
2026-09-18,hs300,2026-09-14,601899,紫金矿业
2026-09-18,hs300,2026-09-14,601901,方正证券
2026-09-18,hs300,2026-09-14,601916,浙商银行
2026-09-18,hs300,2026-09-14,601919,中远海控
2026-09-18,hs300,2026-09-14,601939,建设银行
2026-09-18,hs300,2026-09-14,601985,中国核电
2026-09-18,hs300,2026-09-14,601988,中国银行
2026-09-18,hs300,2026-09-14,601995,中金公司
2026-09-18,hs300,2026-09-14,601998,中信银行
2026-09-18,hs300,2026-09-14,603019,中科曙光
2026-09-18,hs300,2026-09-14,603259,药明康德
2026-09-18,hs300,2026-09-14,603260,合盛硅业
2026-09-18,hs300,2026-09-14,603288,海天味业
2026-09-18,hs300,2026-09-14,603296,华勤技术
2026-09-18,hs300,2026-09-14,603369,今世缘
2026-09-18,hs300,2026-09-14,603392,万泰生物
2026-09-18,hs300,2026-09-14,603501,豪威集团
2026-09-18,hs300,2026-09-14,603799,华友钴业
2026-09-18,hs300,2026-09-14,603893,瑞芯微
2026-09-18,hs300,2026-09-14,603986,兆易创新
2026-09-18,hs300,2026-09-14,603993,洛阳钼业
2026-09-18,hs300,2026-09-14,605117,德业股份
2026-09-18,hs300,2026-09-14,605499,东鹏饮料
2026-09-18,hs300,2026-09-14,688008,澜起科技
2026-09-18,hs300,2026-09-14,688009,中国通号
2026-09-18,hs300,2026-09-14,688012,中微公司
2026-09-18,hs300,2026-09-14,688036,传音控股
2026-09-18,hs300,2026-09-14,688041,海光信息
2026-09-18,hs300,2026-09-14,688047,龙芯中科
2026-09-18,hs300,2026-09-14,688072,拓荆科技
2026-09-18,hs300,2026-09-14,688082,盛美上海
2026-09-18,hs300,2026-09-14,688111,金山办公
2026-09-18,hs300,2026-09-14,688126,沪硅产业
2026-09-18,hs300,2026-09-14,688183,生益电子
2026-09-18,hs300,2026-09-14,688223,晶科能源
2026-09-18,hs300,2026-09-14,688256,寒武纪
2026-09-18,hs300,2026-09-14,688271,联影医疗
2026-09-18,hs300,2026-09-14,688303,大全能源
2026-09-18,hs300,2026-09-14,688396,华润微
2026-09-18,hs300,2026-09-14,688472,阿特斯
2026-09-18,hs300,2026-09-14,688506,百利天恒
2026-09-18,hs300,2026-09-14,688521,芯原股份
2026-09-18,hs300,2026-09-14,688981,中芯国际
2026-09-18,hs300,2026-09-14,000001,平安银行
2026-09-18,hs300,2026-09-14,000002,万科A
2026-09-18,hs300,2026-09-14,000063,中兴通讯
2026-09-18,hs300,2026-09-14,000100,TCL科技
2026-09-18,hs300,2026-09-14,000157,中联重科
2026-09-18,hs300,2026-09-14,000166,申万宏源
2026-09-18,hs300,2026-09-14,000301,东方盛虹
2026-09-18,hs300,2026-09-14,000333,美的集团
2026-09-18,hs300,2026-09-14,000338,潍柴动力
2026-09-18,hs300,2026-09-14,000408,藏格矿业
2026-09-18,hs300,2026-09-14,000425,徐工机械
2026-09-18,hs300,2026-09-14,000538,云南白药
2026-09-18,hs300,2026-09-14,000568,泸州老窖
2026-09-18,hs300,2026-09-14,000596,古井贡酒
2026-09-18,hs300,2026-09-14,000617,中油资本
2026-09-18,hs300,2026-09-14,000625,长安汽车
2026-09-18,hs300,2026-09-14,000630,铜陵有色
2026-09-18,hs300,2026-09-14,000651,格力电器
2026-09-18,hs300,2026-09-14,000657,中钨高新
2026-09-18,hs300,2026-09-14,000708,中信特钢
2026-09-18,hs300,2026-09-14,000725,京东方A
2026-09-18,hs300,2026-09-14,000768,中航西飞
2026-09-18,hs300,2026-09-14,000776,广发证券
2026-09-18,hs300,2026-09-14,000792,盐湖股份
2026-09-18,hs300,2026-09-14,000807,云铝股份
2026-09-18,hs300,2026-09-14,000858,五粮液
2026-09-18,hs300,2026-09-14,000895,双汇发展
2026-09-18,hs300,2026-09-14,000938,紫光股份
2026-09-18,hs300,2026-09-14,000963,华东医药
2026-09-18,hs300,2026-09-14,000975,山金国际
2026-09-18,hs300,2026-09-14,000977,浪潮信息
2026-09-18,hs300,2026-09-14,000988,华工科技
2026-09-18,hs300,2026-09-14,000999,华润三九
2026-09-18,hs300,2026-09-14,001280,中国铀业
2026-09-18,hs300,2026-09-14,001391,国货航
2026-09-18,hs300,2026-09-14,001965,招商公路
2026-09-18,hs300,2026-09-14,001979,招商蛇口
2026-09-18,hs300,2026-09-14,002001,新和成
2026-09-18,hs300,2026-09-14,002027,分众传媒
2026-09-18,hs300,2026-09-14,002028,思源电气
2026-09-18,hs300,2026-09-14,002049,紫光国微
2026-09-18,hs300,2026-09-14,002050,三花智控
2026-09-18,hs300,2026-09-14,002074,国轩高科
2026-09-18,hs300,2026-09-14,002142,宁波银行
2026-09-18,hs300,2026-09-14,002179,中航光电
2026-09-18,hs300,2026-09-14,002202,金风科技
2026-09-18,hs300,2026-09-14,002230,科大讯飞
2026-09-18,hs300,2026-09-14,002236,大华股份
2026-09-18,hs300,2026-09-14,002241,歌尔股份
2026-09-18,hs300,2026-09-14,002304,洋河股份
2026-09-18,hs300,2026-09-14,002311,海大集团
2026-09-18,hs300,2026-09-14,002352,顺丰控股
2026-09-18,hs300,2026-09-14,002353,杰瑞股份
2026-09-18,hs300,2026-09-14,002371,北方华创
2026-09-18,hs300,2026-09-14,002384,东山精密
2026-09-18,hs300,2026-09-14,002415,海康威视
2026-09-18,hs300,2026-09-14,002422,科伦药业
2026-09-18,hs300,2026-09-14,002460,赣锋锂业
2026-09-18,hs300,2026-09-14,002463,沪电股份
2026-09-18,hs300,2026-09-14,002466,天齐锂业
2026-09-18,hs300,2026-09-14,002475,立讯精密
2026-09-18,hs300,2026-09-14,002493,荣盛石化
2026-09-18,hs300,2026-09-14,002532,天山铝业
2026-09-18,hs300,2026-09-14,002558,巨人网络
2026-09-18,hs300,2026-09-14,002594,比亚迪
2026-09-18,hs300,2026-09-14,002600,领益智造
2026-09-18,hs300,2026-09-14,002602,世纪华通
2026-09-18,hs300,2026-09-14,002625,光启技术
2026-09-18,hs300,2026-09-14,002648,卫星化学
2026-09-18,hs300,2026-09-14,002709,天赐材料
2026-09-18,hs300,2026-09-14,002714,牧原股份
2026-09-18,hs300,2026-09-14,002736,国信证券
2026-09-18,hs300,2026-09-14,002837,英维克
2026-09-18,hs300,2026-09-14,002916,深南电路
2026-09-18,hs300,2026-09-14,002920,德赛西威
2026-09-18,hs300,2026-09-14,002938,鹏鼎控股
2026-09-18,hs300,2026-09-14,003816,中国广核
2026-09-18,hs300,2026-09-14,300014,亿纬锂能
2026-09-18,hs300,2026-09-14,300015,爱尔眼科
2026-09-18,hs300,2026-09-14,300033,同花顺
2026-09-18,hs300,2026-09-14,300059,东方财富
2026-09-18,hs300,2026-09-14,300122,智飞生物
2026-09-18,hs300,2026-09-14,300124,汇川技术
2026-09-18,hs300,2026-09-14,300251,光线传媒
2026-09-18,hs300,2026-09-14,300274,阳光电源
2026-09-18,hs300,2026-09-14,300308,中际旭创
2026-09-18,hs300,2026-09-14,300316,晶盛机电
2026-09-18,hs300,2026-09-14,300394,天孚通信
2026-09-18,hs300,2026-09-14,300408,三环集团
2026-09-18,hs300,2026-09-14,300413,芒果超媒
2026-09-18,hs300,2026-09-14,300418,昆仑万维
2026-09-18,hs300,2026-09-14,300433,蓝思科技
2026-09-18,hs300,2026-09-14,300442,润泽科技
2026-09-18,hs300,2026-09-14,300450,先导智能
2026-09-18,hs300,2026-09-14,300476,胜宏科技
2026-09-18,hs300,2026-09-14,300498,温氏股份
2026-09-18,hs300,2026-09-14,300502,新易盛
2026-09-18,hs300,2026-09-14,300628,亿联网络
2026-09-18,hs300,2026-09-14,300661,圣邦股份
2026-09-18,hs300,2026-09-14,300750,宁德时代
2026-09-18,hs300,2026-09-14,300760,迈瑞医疗
2026-09-18,hs300,2026-09-14,300803,指南针
2026-09-18,hs300,2026-09-14,300832,新产业
2026-09-18,hs300,2026-09-14,300866,安克创新
2026-09-18,hs300,2026-09-14,300896,爱美客
2026-09-18,hs300,2026-09-14,300999,金龙鱼
2026-09-18,hs300,2026-09-14,301165,锐捷网络
2026-09-18,hs300,2026-09-14,301236,软通动力
2026-09-18,hs300,2026-09-14,301269,华大九天
2026-09-18,hs300,2026-09-14,301308,江波龙
2026-09-18,hs300,2026-09-14,302132,中航成飞
2026-09-18,zz500,2026-09-14,600004,白云机场
2026-09-18,zz500,2026-09-14,600008,首创环保
2026-09-18,zz500,2026-09-14,600021,上海电力
2026-09-18,zz500,2026-09-14,600032,浙江新能
2026-09-18,zz500,2026-09-14,600038,中直股份
2026-09-18,zz500,2026-09-14,600060,海信视像
2026-09-18,zz500,2026-09-14,600062,华润双鹤
2026-09-18,zz500,2026-09-14,600095,湘财股份
2026-09-18,zz500,2026-09-14,600098,广州发展
2026-09-18,zz500,2026-09-14,600100,同方股份
2026-09-18,zz500,2026-09-14,600105,永鼎股份
2026-09-18,zz500,2026-09-14,600109,国金证券
2026-09-18,zz500,2026-09-14,600126,杭钢股份
2026-09-18,zz500,2026-09-14,600131,国网信通
2026-09-18,zz500,2026-09-14,600132,重庆啤酒
2026-09-18,zz500,2026-09-14,600141,兴发集团
2026-09-18,zz500,2026-09-14,600143,金发科技
2026-09-18,zz500,2026-09-14,600153,建发股份
2026-09-18,zz500,2026-09-14,600157,永泰能源
2026-09-18,zz500,2026-09-14,600161,天坛生物
2026-09-18,zz500,2026-09-14,600166,福田汽车
2026-09-18,zz500,2026-09-14,600170,上海建工
2026-09-18,zz500,2026-09-14,600171,上海贝岭
2026-09-18,zz500,2026-09-14,600177,雅戈尔
2026-09-18,zz500,2026-09-14,600208,衢州发展
2026-09-18,zz500,2026-09-14,600256,广汇能源
2026-09-18,zz500,2026-09-14,600282,南钢股份
2026-09-18,zz500,2026-09-14,600292,电投水电
2026-09-18,zz500,2026-09-14,600295,鄂尔多斯
2026-09-18,zz500,2026-09-14,600298,安琪酵母
2026-09-18,zz500,2026-09-14,600299,安迪苏
2026-09-18,zz500,2026-09-14,600312,平高电气
2026-09-18,zz500,2026-09-14,600316,洪都航空
2026-09-18,zz500,2026-09-14,600329,达仁堂
2026-09-18,zz500,2026-09-14,600332,白云山
2026-09-18,zz500,2026-09-14,600339,中油工程
2026-09-18,zz500,2026-09-14,600348,华阳股份
2026-09-18,zz500,2026-09-14,600350,山东高速
2026-09-18,zz500,2026-09-14,600352,浙江龙盛
2026-09-18,zz500,2026-09-14,600363,联创光电
2026-09-18,zz500,2026-09-14,600369,西南证券
2026-09-18,zz500,2026-09-14,600377,宁沪高速
2026-09-18,zz500,2026-09-14,600378,昊华科技
2026-09-18,zz500,2026-09-14,600380,健康元
2026-09-18,zz500,2026-09-14,600390,五矿资本
2026-09-18,zz500,2026-09-14,600392,盛和资源
2026-09-18,zz500,2026-09-14,600398,海澜之家
2026-09-18,zz500,2026-09-14,600435,北方导航
2026-09-18,zz500,2026-09-14,600483,福能股份
2026-09-18,zz500,2026-09-14,600486,扬农化工
2026-09-18,zz500,2026-09-14,600497,驰宏锌锗
2026-09-18,zz500,2026-09-14,600498,烽火通信
2026-09-18,zz500,2026-09-14,600499,科达制造
2026-09-18,zz500,2026-09-14,600511,国药股份
2026-09-18,zz500,2026-09-14,600516,方大炭素
2026-09-18,zz500,2026-09-14,600517,国网英大
2026-09-18,zz500,2026-09-14,600521,华海药业
2026-09-18,zz500,2026-09-14,600535,天士力
2026-09-18,zz500,2026-09-14,600536,中国软件
2026-09-18,zz500,2026-09-14,600546,山煤国际
2026-09-18,zz500,2026-09-14,600562,国睿科技
2026-09-18,zz500,2026-09-14,600563,法拉电子
2026-09-18,zz500,2026-09-14,600566,济川药业
2026-09-18,zz500,2026-09-14,600578,京能电力
2026-09-18,zz500,2026-09-14,600582,天地科技
2026-09-18,zz500,2026-09-14,600583,海油工程
2026-09-18,zz500,2026-09-14,600595,中孚实业
2026-09-18,zz500,2026-09-14,600598,北大荒
2026-09-18,zz500,2026-09-14,600601,方正科技
2026-09-18,zz500,2026-09-14,600602,云赛智联
2026-09-18,zz500,2026-09-14,600606,绿地控股
2026-09-18,zz500,2026-09-14,600637,东方明珠
2026-09-18,zz500,2026-09-14,600642,申能股份
2026-09-18,zz500,2026-09-14,600655,豫园股份
2026-09-18,zz500,2026-09-14,600663,陆家嘴
2026-09-18,zz500,2026-09-14,600685,中船防务
2026-09-18,zz500,2026-09-14,600688,上海石化
2026-09-18,zz500,2026-09-14,600699,均胜电子
2026-09-18,zz500,2026-09-14,600704,物产中大
2026-09-18,zz500,2026-09-14,600707,彩虹股份
2026-09-18,zz500,2026-09-14,600711,盛屯矿业
2026-09-18,zz500,2026-09-14,600737,中粮糖业
2026-09-18,zz500,2026-09-14,600754,锦江酒店
2026-09-18,zz500,2026-09-14,600763,通策医疗
2026-09-18,zz500,2026-09-14,600764,中国海防
2026-09-18,zz500,2026-09-14,600765,中航重机
2026-09-18,zz500,2026-09-14,600801,华新建材
2026-09-18,zz500,2026-09-14,600808,马钢股份
2026-09-18,zz500,2026-09-14,600816,建元信托
2026-09-18,zz500,2026-09-14,600820,隧道股份
2026-09-18,zz500,2026-09-14,600848,上海临港
2026-09-18,zz500,2026-09-14,600862,中航高科
2026-09-18,zz500,2026-09-14,600863,华能蒙电
2026-09-18,zz500,2026-09-14,600871,石化油服
2026-09-18,zz500,2026-09-14,600873,梅花生物
2026-09-18,zz500,2026-09-14,600879,航天电子
2026-09-18,zz500,2026-09-14,600884,杉杉股份
2026-09-18,zz500,2026-09-14,600885,宏发股份
2026-09-18,zz500,2026-09-14,600901,江苏金租
2026-09-18,zz500,2026-09-14,600906,财达证券
2026-09-18,zz500,2026-09-14,600909,华安证券
2026-09-18,zz500,2026-09-14,600927,永安期货
2026-09-18,zz500,2026-09-14,600967,内蒙一机
2026-09-18,zz500,2026-09-14,600968,海油发展
2026-09-18,zz500,2026-09-14,600970,中材国际
2026-09-18,zz500,2026-09-14,600977,中国电影
2026-09-18,zz500,2026-09-14,600985,淮北矿业
2026-09-18,zz500,2026-09-14,600988,赤峰黄金
2026-09-18,zz500,2026-09-14,600995,南网储能
2026-09-18,zz500,2026-09-14,600998,九州通
2026-09-18,zz500,2026-09-14,601000,唐山港
2026-09-18,zz500,2026-09-14,601001,晋控煤业
2026-09-18,zz500,2026-09-14,601016,节能风电
2026-09-18,zz500,2026-09-14,601019,山东出版
2026-09-18,zz500,2026-09-14,601098,中南传媒
2026-09-18,zz500,2026-09-14,601099,太平洋
2026-09-18,zz500,2026-09-14,601106,中国一重
2026-09-18,zz500,2026-09-14,601108,财通证券
2026-09-18,zz500,2026-09-14,601112,振石股份
2026-09-18,zz500,2026-09-14,601118,海南橡胶
2026-09-18,zz500,2026-09-14,601128,常熟银行
2026-09-18,zz500,2026-09-14,601139,深圳燃气
2026-09-18,zz500,2026-09-14,601155,新城控股
2026-09-18,zz500,2026-09-14,601156,东航物流
2026-09-18,zz500,2026-09-14,601162,天风证券
2026-09-18,zz500,2026-09-14,601179,中国西电
2026-09-18,zz500,2026-09-14,601198,东兴证券
2026-09-18,zz500,2026-09-14,601212,白银有色
2026-09-18,zz500,2026-09-14,601216,君正集团
2026-09-18,zz500,2026-09-14,601228,广州港
2026-09-18,zz500,2026-09-14,601233,桐昆股份
2026-09-18,zz500,2026-09-14,601236,红塔证券
2026-09-18,zz500,2026-09-14,601298,青岛港
2026-09-18,zz500,2026-09-14,601399,国机重装
2026-09-18,zz500,2026-09-14,601555,东吴证券
2026-09-18,zz500,2026-09-14,601567,三星电气
2026-09-18,zz500,2026-09-14,601577,长沙银行
2026-09-18,zz500,2026-09-14,601598,中国外运
2026-09-18,zz500,2026-09-14,601608,中信重工
2026-09-18,zz500,2026-09-14,601611,中国核建
2026-09-18,zz500,2026-09-14,601615,明阳智能
2026-09-18,zz500,2026-09-14,601665,齐鲁银行
2026-09-18,zz500,2026-09-14,601666,平煤股份
2026-09-18,zz500,2026-09-14,601696,中银证券
2026-09-18,zz500,2026-09-14,601699,潞安环能
2026-09-18,zz500,2026-09-14,601717,中创智领
2026-09-18,zz500,2026-09-14,601799,星宇股份
2026-09-18,zz500,2026-09-14,601808,中海油服
2026-09-18,zz500,2026-09-14,601865,福莱特
2026-09-18,zz500,2026-09-14,601866,中远海发
2026-09-18,zz500,2026-09-14,601869,长飞光纤
2026-09-18,zz500,2026-09-14,601880,辽港股份
2026-09-18,zz500,2026-09-14,601928,凤凰传媒
2026-09-18,zz500,2026-09-14,601958,金钼股份
2026-09-18,zz500,2026-09-14,601966,玲珑轮胎
2026-09-18,zz500,2026-09-14,601990,南京证券
2026-09-18,zz500,2026-09-14,601991,大唐发电
2026-09-18,zz500,2026-09-14,601997,贵阳银行
2026-09-18,zz500,2026-09-14,603000,人民网
2026-09-18,zz500,2026-09-14,603049,中策橡胶
2026-09-18,zz500,2026-09-14,603077,和邦生物
2026-09-18,zz500,2026-09-14,603087,甘李药业
2026-09-18,zz500,2026-09-14,603092,德力佳
2026-09-18,zz500,2026-09-14,603119,浙江荣泰
2026-09-18,zz500,2026-09-14,603129,春风动力
2026-09-18,zz500,2026-09-14,603156,养元饮品
2026-09-18,zz500,2026-09-14,603160,汇顶科技
2026-09-18,zz500,2026-09-14,603175,超颖电子
2026-09-18,zz500,2026-09-14,603179,新泉股份
2026-09-18,zz500,2026-09-14,603225,新凤鸣
2026-09-18,zz500,2026-09-14,603233,大参林
2026-09-18,zz500,2026-09-14,603256,宏和科技
2026-09-18,zz500,2026-09-14,603290,斯达半导
2026-09-18,zz500,2026-09-14,603298,杭叉集团
2026-09-18,zz500,2026-09-14,603308,应流股份
2026-09-18,zz500,2026-09-14,603338,浙江鼎力
2026-09-18,zz500,2026-09-14,603341,龙旗科技
2026-09-18,zz500,2026-09-14,603345,安井食品
2026-09-18,zz500,2026-09-14,603379,三美股份
2026-09-18,zz500,2026-09-14,603444,吉比特
2026-09-18,zz500,2026-09-14,603486,科沃斯
2026-09-18,zz500,2026-09-14,603529,爱玛科技
2026-09-18,zz500,2026-09-14,603565,中谷物流
2026-09-18,zz500,2026-09-14,603568,伟明环保
2026-09-18,zz500,2026-09-14,603589,口子窖
2026-09-18,zz500,2026-09-14,603596,伯特利
2026-09-18,zz500,2026-09-14,603605,珀莱雅
2026-09-18,zz500,2026-09-14,603606,东方电缆
2026-09-18,zz500,2026-09-14,603650,彤程新材
2026-09-18,zz500,2026-09-14,603658,安图生物
2026-09-18,zz500,2026-09-14,603659,璞泰来
2026-09-18,zz500,2026-09-14,603688,石英股份
2026-09-18,zz500,2026-09-14,603699,纽威股份
2026-09-18,zz500,2026-09-14,603728,鸣志电器
2026-09-18,zz500,2026-09-14,603737,三棵树
2026-09-18,zz500,2026-09-14,603766,隆鑫通用
2026-09-18,zz500,2026-09-14,603786,科博达
2026-09-18,zz500,2026-09-14,603806,福斯特
2026-09-18,zz500,2026-09-14,603816,顾家家居
2026-09-18,zz500,2026-09-14,603833,欧派家居
2026-09-18,zz500,2026-09-14,603858,步长制药
2026-09-18,zz500,2026-09-14,603885,吉祥航空
2026-09-18,zz500,2026-09-14,603899,晨光股份
2026-09-18,zz500,2026-09-14,603920,世运电路
2026-09-18,zz500,2026-09-14,603939,益丰药房
2026-09-18,zz500,2026-09-14,603979,金诚信
2026-09-18,zz500,2026-09-14,605358,立昂微
2026-09-18,zz500,2026-09-14,605589,圣泉集团
2026-09-18,zz500,2026-09-14,688002,睿创微纳
2026-09-18,zz500,2026-09-14,688017,绿的谐波
2026-09-18,zz500,2026-09-14,688018,乐鑫科技
2026-09-18,zz500,2026-09-14,688019,安集科技
2026-09-18,zz500,2026-09-14,688027,国盾量子
2026-09-18,zz500,2026-09-14,688037,芯源微
2026-09-18,zz500,2026-09-14,688052,纳芯微
2026-09-18,zz500,2026-09-14,688065,凯赛生物
2026-09-18,zz500,2026-09-14,688099,晶晨股份
2026-09-18,zz500,2026-09-14,688114,华大智造
2026-09-18,zz500,2026-09-14,688120,华海清科
2026-09-18,zz500,2026-09-14,688122,西部超导
2026-09-18,zz500,2026-09-14,688166,博瑞医药
2026-09-18,zz500,2026-09-14,688169,石头科技
2026-09-18,zz500,2026-09-14,688172,燕东微
2026-09-18,zz500,2026-09-14,688180,君实生物
2026-09-18,zz500,2026-09-14,688187,时代电气
2026-09-18,zz500,2026-09-14,688188,柏楚电子
2026-09-18,zz500,2026-09-14,688192,迪哲医药
2026-09-18,zz500,2026-09-14,688200,华峰测控
2026-09-18,zz500,2026-09-14,688213,思特威
2026-09-18,zz500,2026-09-14,688220,翱捷科技
2026-09-18,zz500,2026-09-14,688234,天岳先进
2026-09-18,zz500,2026-09-14,688235,百济神州
2026-09-18,zz500,2026-09-14,688248,南网科技
2026-09-18,zz500,2026-09-14,688266,泽璟制药
2026-09-18,zz500,2026-09-14,688278,特宝生物
2026-09-18,zz500,2026-09-14,688281,华秦科技
2026-09-18,zz500,2026-09-14,688295,中复神鹰
2026-09-18,zz500,2026-09-14,688297,中无人机
2026-09-18,zz500,2026-09-14,688301,奕瑞科技
2026-09-18,zz500,2026-09-14,688313,仕佳光子
2026-09-18,zz500,2026-09-14,688318,财富趋势
2026-09-18,zz500,2026-09-14,688322,奥比中光
2026-09-18,zz500,2026-09-14,688331,荣昌生物
2026-09-18,zz500,2026-09-14,688336,三生国健
2026-09-18,zz500,2026-09-14,688343,云天励飞
2026-09-18,zz500,2026-09-14,688347,华虹宏力
2026-09-18,zz500,2026-09-14,688349,三一重能
2026-09-18,zz500,2026-09-14,688361,中科飞测
2026-09-18,zz500,2026-09-14,688363,华熙生物
2026-09-18,zz500,2026-09-14,688375,国博电子
2026-09-18,zz500,2026-09-14,688385,复旦微电
2026-09-18,zz500,2026-09-14,688387,信科移动
2026-09-18,zz500,2026-09-14,688411,海博思创
2026-09-18,zz500,2026-09-14,688425,铁建重工
2026-09-18,zz500,2026-09-14,688469,芯联集成
2026-09-18,zz500,2026-09-14,688475,萤石网络
2026-09-18,zz500,2026-09-14,688498,源杰科技
2026-09-18,zz500,2026-09-14,688520,神州细胞
2026-09-18,zz500,2026-09-14,688538,和辉光电
2026-09-18,zz500,2026-09-14,688561,奇安信
2026-09-18,zz500,2026-09-14,688563,航材股份
2026-09-18,zz500,2026-09-14,688568,中科星图
2026-09-18,zz500,2026-09-14,688578,艾力斯
2026-09-18,zz500,2026-09-14,688582,芯动联科
2026-09-18,zz500,2026-09-14,688599,天合光能
2026-09-18,zz500,2026-09-14,688608,恒玄科技
2026-09-18,zz500,2026-09-14,688615,合合信息
2026-09-18,zz500,2026-09-14,688617,惠泰医疗
2026-09-18,zz500,2026-09-14,688629,华丰科技
2026-09-18,zz500,2026-09-14,688676,金盘科技
2026-09-18,zz500,2026-09-14,688692,达梦数据
2026-09-18,zz500,2026-09-14,688702,盛科通信
2026-09-18,zz500,2026-09-14,688708,佳驰科技
2026-09-18,zz500,2026-09-14,688709,成都华微
2026-09-18,zz500,2026-09-14,688728,格科微
2026-09-18,zz500,2026-09-14,688772,珠海冠宇
2026-09-18,zz500,2026-09-14,688777,中控技术
2026-09-18,zz500,2026-09-14,688778,厦钨新能
2026-09-18,zz500,2026-09-14,688819,天能股份
2026-09-18,zz500,2026-09-14,689009,九号公司
2026-09-18,zz500,2026-09-14,000009,中国宝安
2026-09-18,zz500,2026-09-14,000021,深科技
2026-09-18,zz500,2026-09-14,000027,深圳能源
2026-09-18,zz500,2026-09-14,000032,深桑达A
2026-09-18,zz500,2026-09-14,000034,神州数码
2026-09-18,zz500,2026-09-14,000039,中集集团
2026-09-18,zz500,2026-09-14,000050,深天马A
2026-09-18,zz500,2026-09-14,000060,中金岭南
2026-09-18,zz500,2026-09-14,000062,深圳华强
2026-09-18,zz500,2026-09-14,000088,盐田港
2026-09-18,zz500,2026-09-14,000155,川能动力
2026-09-18,zz500,2026-09-14,000400,许继电气
2026-09-18,zz500,2026-09-14,000415,渤海租赁
2026-09-18,zz500,2026-09-14,000423,东阿阿胶
2026-09-18,zz500,2026-09-14,000429,粤高速A
2026-09-18,zz500,2026-09-14,000513,丽珠集团
2026-09-18,zz500,2026-09-14,000519,中兵红箭
2026-09-18,zz500,2026-09-14,000528,柳工
2026-09-18,zz500,2026-09-14,000537,绿发电力
2026-09-18,zz500,2026-09-14,000539,粤电力A
2026-09-18,zz500,2026-09-14,000559,万向钱潮
2026-09-18,zz500,2026-09-14,000582,北部湾港
2026-09-18,zz500,2026-09-14,000591,太阳能
2026-09-18,zz500,2026-09-14,000598,兴蓉环境
2026-09-18,zz500,2026-09-14,000623,吉林敖东
2026-09-18,zz500,2026-09-14,000629,钒钛股份
2026-09-18,zz500,2026-09-14,000661,长春高新
2026-09-18,zz500,2026-09-14,000683,博源化工
2026-09-18,zz500,2026-09-14,000703,恒逸石化
2026-09-18,zz500,2026-09-14,000709,河钢股份
2026-09-18,zz500,2026-09-14,000723,美锦能源
2026-09-18,zz500,2026-09-14,000728,国元证券
2026-09-18,zz500,2026-09-14,000729,燕京啤酒
2026-09-18,zz500,2026-09-14,000733,振华科技
2026-09-18,zz500,2026-09-14,000737,北方铜业
2026-09-18,zz500,2026-09-14,000738,航发控制
2026-09-18,zz500,2026-09-14,000739,普洛药业
2026-09-18,zz500,2026-09-14,000750,国海证券
2026-09-18,zz500,2026-09-14,000783,长江证券
2026-09-18,zz500,2026-09-14,000785,居然智家
2026-09-18,zz500,2026-09-14,000786,北新建材
2026-09-18,zz500,2026-09-14,000800,一汽解放
2026-09-18,zz500,2026-09-14,000825,太钢不锈
2026-09-18,zz500,2026-09-14,000830,鲁西化工
2026-09-18,zz500,2026-09-14,000831,中国稀土
2026-09-18,zz500,2026-09-14,000878,云南铜业
2026-09-18,zz500,2026-09-14,000883,湖北能源
2026-09-18,zz500,2026-09-14,000887,中鼎股份
2026-09-18,zz500,2026-09-14,000893,亚钾国际
2026-09-18,zz500,2026-09-14,000898,鞍钢股份
2026-09-18,zz500,2026-09-14,000921,海信家电
2026-09-18,zz500,2026-09-14,000932,华菱钢铁
2026-09-18,zz500,2026-09-14,000937,冀中能源
2026-09-18,zz500,2026-09-14,000951,中国重汽
2026-09-18,zz500,2026-09-14,000959,首钢股份
2026-09-18,zz500,2026-09-14,000960,锡业股份
2026-09-18,zz500,2026-09-14,000967,盈峰环境
2026-09-18,zz500,2026-09-14,000983,山西焦煤
2026-09-18,zz500,2026-09-14,000987,越秀资本
2026-09-18,zz500,2026-09-14,000997,新大陆
2026-09-18,zz500,2026-09-14,001203,大中矿业
2026-09-18,zz500,2026-09-14,001221,悍高集团
2026-09-18,zz500,2026-09-14,001286,陕西能源
2026-09-18,zz500,2026-09-14,001309,德明利
2026-09-18,zz500,2026-09-14,001386,马可波罗
2026-09-18,zz500,2026-09-14,001389,广合科技
2026-09-18,zz500,2026-09-14,001696,宗申动力
2026-09-18,zz500,2026-09-14,002007,华兰生物
2026-09-18,zz500,2026-09-14,002008,大族激光
2026-09-18,zz500,2026-09-14,002025,航天电器
2026-09-18,zz500,2026-09-14,002032,苏泊尔
2026-09-18,zz500,2026-09-14,002044,美年健康
2026-09-18,zz500,2026-09-14,002056,横店东磁
2026-09-18,zz500,2026-09-14,002064,华峰化学
2026-09-18,zz500,2026-09-14,002065,东华软件
2026-09-18,zz500,2026-09-14,002078,太阳纸业
2026-09-18,zz500,2026-09-14,002085,万丰奥威
2026-09-18,zz500,2026-09-14,002120,韵达股份
2026-09-18,zz500,2026-09-14,002126,银轮股份
2026-09-18,zz500,2026-09-14,002130,沃尔核材
2026-09-18,zz500,2026-09-14,002131,利欧股份
2026-09-18,zz500,2026-09-14,002138,顺络电子
2026-09-18,zz500,2026-09-14,002152,广电运通
2026-09-18,zz500,2026-09-14,002153,石基信息
2026-09-18,zz500,2026-09-14,002155,湖南黄金
2026-09-18,zz500,2026-09-14,002157,正邦科技
2026-09-18,zz500,2026-09-14,002185,华天科技
2026-09-18,zz500,2026-09-14,002195,岩山科技
2026-09-18,zz500,2026-09-14,002203,海亮股份
2026-09-18,zz500,2026-09-14,002223,鱼跃医疗
2026-09-18,zz500,2026-09-14,002244,滨江集团
2026-09-18,zz500,2026-09-14,002252,上海莱士
2026-09-18,zz500,2026-09-14,002261,拓维信息
2026-09-18,zz500,2026-09-14,002262,恩华药业
2026-09-18,zz500,2026-09-14,002265,建设工业
2026-09-18,zz500,2026-09-14,002266,浙富控股
2026-09-18,zz500,2026-09-14,002271,东方雨虹
2026-09-18,zz500,2026-09-14,002273,水晶光电
2026-09-18,zz500,2026-09-14,002281,光迅科技
2026-09-18,zz500,2026-09-14,002299,圣农发展
2026-09-18,zz500,2026-09-14,002312,川发龙蟒
2026-09-18,zz500,2026-09-14,002318,久立特材
2026-09-18,zz500,2026-09-14,002335,科华数据
2026-09-18,zz500,2026-09-14,002340,格林美
2026-09-18,zz500,2026-09-14,002402,和而泰
2026-09-18,zz500,2026-09-14,002407,多氟多
2026-09-18,zz500,2026-09-14,002409,雅克科技
2026-09-18,zz500,2026-09-14,002410,广联达
2026-09-18,zz500,2026-09-14,002414,高德红外
2026-09-18,zz500,2026-09-14,002423,中粮资本
2026-09-18,zz500,2026-09-14,002429,兆驰股份
2026-09-18,zz500,2026-09-14,002430,杭氧股份
2026-09-18,zz500,2026-09-14,002432,九安医疗
2026-09-18,zz500,2026-09-14,002436,兴森科技
2026-09-18,zz500,2026-09-14,002444,巨星科技
2026-09-18,zz500,2026-09-14,002461,珠江啤酒
2026-09-18,zz500,2026-09-14,002465,海格通信
2026-09-18,zz500,2026-09-14,002472,双环传动
2026-09-18,zz500,2026-09-14,002487,大金重工
2026-09-18,zz500,2026-09-14,002500,山西证券
2026-09-18,zz500,2026-09-14,002508,老板电器
2026-09-18,zz500,2026-09-14,002517,恺英网络
2026-09-18,zz500,2026-09-14,002568,百润股份
2026-09-18,zz500,2026-09-14,002583,海能达
2026-09-18,zz500,2026-09-14,002601,龙佰集团
2026-09-18,zz500,2026-09-14,002603,以岭药业
2026-09-18,zz500,2026-09-14,002608,江苏国信
2026-09-18,zz500,2026-09-14,002624,完美世界
2026-09-18,zz500,2026-09-14,002670,国盛证券
2026-09-18,zz500,2026-09-14,002673,西部证券
2026-09-18,zz500,2026-09-14,002683,广东宏大
2026-09-18,zz500,2026-09-14,002738,中矿资源
2026-09-18,zz500,2026-09-14,002739,儒意电影
2026-09-18,zz500,2026-09-14,002756,永兴材料
2026-09-18,zz500,2026-09-14,002773,康弘药业
2026-09-18,zz500,2026-09-14,002797,第一创业
2026-09-18,zz500,2026-09-14,002812,恩捷股份
2026-09-18,zz500,2026-09-14,002821,凯莱英
2026-09-18,zz500,2026-09-14,002831,裕同科技
2026-09-18,zz500,2026-09-14,002841,视源股份
2026-09-18,zz500,2026-09-14,002850,科达利
2026-09-18,zz500,2026-09-14,002851,麦格米特
2026-09-18,zz500,2026-09-14,002926,华西证券
2026-09-18,zz500,2026-09-14,002939,长城证券
2026-09-18,zz500,2026-09-14,002945,华林证券
2026-09-18,zz500,2026-09-14,002966,苏州银行
2026-09-18,zz500,2026-09-14,002984,森麒麟
2026-09-18,zz500,2026-09-14,003021,兆威机电
2026-09-18,zz500,2026-09-14,003022,联泓新科
2026-09-18,zz500,2026-09-14,003031,中瓷电子
2026-09-18,zz500,2026-09-14,003035,南网能源
2026-09-18,zz500,2026-09-14,300001,特锐德
2026-09-18,zz500,2026-09-14,300002,神州泰岳
2026-09-18,zz500,2026-09-14,300003,乐普医疗
2026-09-18,zz500,2026-09-14,300012,华测检测
2026-09-18,zz500,2026-09-14,300017,网宿科技
2026-09-18,zz500,2026-09-14,300024,机器人
2026-09-18,zz500,2026-09-14,300037,新宙邦
2026-09-18,zz500,2026-09-14,300054,鼎龙股份
2026-09-18,zz500,2026-09-14,300058,蓝色光标
2026-09-18,zz500,2026-09-14,300073,当升科技
2026-09-18,zz500,2026-09-14,300100,双林股份
2026-09-18,zz500,2026-09-14,300115,长盈精密
2026-09-18,zz500,2026-09-14,300136,信维通信
2026-09-18,zz500,2026-09-14,300140,节能环境
2026-09-18,zz500,2026-09-14,300142,沃森生物
2026-09-18,zz500,2026-09-14,300144,宋城演艺
2026-09-18,zz500,2026-09-14,300146,汤臣倍健
2026-09-18,zz500,2026-09-14,300207,欣旺达
2026-09-18,zz500,2026-09-14,300223,君正股份
2026-09-18,zz500,2026-09-14,300285,国瓷材料
2026-09-18,zz500,2026-09-14,300339,润和软件
2026-09-18,zz500,2026-09-14,300346,南大光电
2026-09-18,zz500,2026-09-14,300373,扬杰科技
2026-09-18,zz500,2026-09-14,300383,光环新网
2026-09-18,zz500,2026-09-14,300390,天华新能
2026-09-18,zz500,2026-09-14,300395,菲利华
2026-09-18,zz500,2026-09-14,300432,富临精工
2026-09-18,zz500,2026-09-14,300454,深信服
2026-09-18,zz500,2026-09-14,300458,全志科技
2026-09-18,zz500,2026-09-14,300474,景嘉微
2026-09-18,zz500,2026-09-14,300475,香农芯创
2026-09-18,zz500,2026-09-14,300487,蓝晓科技
2026-09-18,zz500,2026-09-14,300496,中科创达
2026-09-18,zz500,2026-09-14,300548,长芯博创
2026-09-18,zz500,2026-09-14,300558,贝达药业
2026-09-18,zz500,2026-09-14,300567,精测电子
2026-09-18,zz500,2026-09-14,300570,太辰光
2026-09-18,zz500,2026-09-14,300604,长川科技
2026-09-18,zz500,2026-09-14,300620,光库科技
2026-09-18,zz500,2026-09-14,300623,捷捷微电
2026-09-18,zz500,2026-09-14,300627,华测导航
2026-09-18,zz500,2026-09-14,300666,江丰电子
2026-09-18,zz500,2026-09-14,300676,华大基因
2026-09-18,zz500,2026-09-14,300677,英科医疗
2026-09-18,zz500,2026-09-14,300679,电连技术
2026-09-18,zz500,2026-09-14,300699,光威复材
2026-09-18,zz500,2026-09-14,300718,长盛轴承
2026-09-18,zz500,2026-09-14,300724,捷佳伟创
2026-09-18,zz500,2026-09-14,300735,光弘科技
2026-09-18,zz500,2026-09-14,300748,金力永磁
2026-09-18,zz500,2026-09-14,300751,迈为股份
2026-09-18,zz500,2026-09-14,300757,罗博特科
2026-09-18,zz500,2026-09-14,300759,康龙化成
2026-09-18,zz500,2026-09-14,300763,锦浪科技
2026-09-18,zz500,2026-09-14,300857,协创数据
2026-09-18,zz500,2026-09-14,300888,稳健医疗
2026-09-18,zz500,2026-09-14,300919,中伟新材
2026-09-18,zz500,2026-09-14,300953,震裕科技
2026-09-18,zz500,2026-09-14,300957,贝泰妮
2026-09-18,zz500,2026-09-14,300972,万辰集团
2026-09-18,zz500,2026-09-14,301200,大族数控
2026-09-18,zz500,2026-09-14,301301,川宁生物
2026-09-18,zz500,2026-09-14,301358,湖南裕能
2026-09-18,zz500,2026-09-14,301377,鼎泰高科
2026-09-18,zz500,2026-09-14,301498,乖宝宠物
2026-09-18,zz500,2026-09-14,301526,国际复材
2026-09-18,zz500,2026-09-14,301536,星宸科技
2026-09-18,zz500,2026-09-14,301606,绿联科技
2026-09-18,zz500,2026-09-14,301611,珂玛科技
