event,label,hint,regime,horizon,n_events,n_dates,mean_fwd,mean_cost,mean_net,win_net,mean_excess,median_excess,win_excess,net_excess,t_full,is_mean,t_is,oos_mean,t_oos,n_oos_events,year_consistency,n_years
ma5_x_ma20_up,MA5 上穿 MA20（金叉）,buy,any,1,3794,1627,0.00089429907,0.0023733524,-0.0014790536590267344,0.4269899841855561,3.867732067404656e-05,-0.0016813355614431202,0.4504480759093305,-0.0023346750933230073,-0.37701799164853705,-0.0012200027779647982,-2.190299560914737,0.0011743158705958068,1.7713083724179834,1689,0.6666666666666666,12
ma5_x_ma20_up,MA5 上穿 MA20（金叉）,buy,any,3,3793,1626,0.0012489712,0.0023731822,-0.0011242109316922275,0.4329027155286053,-0.00022025371844810736,-0.00337449973449111,0.44687582388610597,-0.0025934359332446507,-0.6989331590159269,-0.002186476958988846,-2.235100970023218,0.0015418850635827834,1.2640946577327903,1688,0.75,12
ma5_x_ma20_up,MA5 上穿 MA20（金叉）,buy,any,5,3790,1624,0.0021408969,0.0023734616,-0.00023256485359030615,0.4493403693931398,0.0006087045487287358,-0.004005806520581245,0.4488126649076517,-0.0017647570628401919,-0.38197250952866785,-0.0014843105409334746,-1.0862473829275814,0.0010477500602043873,0.7948763043416138,1685,0.5833333333333334,12
ma5_x_ma20_up,MA5 上穿 MA20（金叉）,buy,any,10,3780,1621,0.0053835227,0.0023743836,0.003009139167773322,0.4917989417989418,0.0010547030257449868,-0.006116276606917381,0.4433862433862434,-0.0013196805951728103,0.08366076520949807,-0.0016924216616901568,-0.9415312547496864,0.0024069454195602513,1.2570969956101306,1675,0.5,12
ma5_x_ma20_up,MA5 上穿 MA20（金叉）,buy,any,20,3758,1612,0.010875587,0.0023749415,0.008500645702918287,0.5010643959552954,0.0018189464898471694,-0.008242813870310783,0.4457158062799361,-0.0005559949932928223,0.3307681474712399,-0.0008282806296544667,-0.31510690153331167,0.0023786868211889455,1.1875002317313603,1653,0.5833333333333334,12
ma5_x_ma20_up,MA5 上穿 MA20（金叉）,buy,bull,1,2087,872,0.0018242596,0.0023763105,-0.0005520509593162824,0.4269286056540489,0.00013310335980585246,-0.0020814193412661552,0.4345951126018208,-0.002243207167518824,0.6574152027334212,-0.0008281905706178568,-1.157147040770658,0.0024024278786248126,2.1727451837242246,808,0.5,12
ma5_x_ma20_up,MA5 上穿 MA20（金叉）,buy,bull,3,2087,872,0.00476546,0.0023763105,0.002389149180811258,0.4475323430761859,0.0005482615992046668,-0.003374132327735424,0.44896981312889317,-0.0018280489281200098,0.7909807405837647,-0.0009349566441979756,-0.7717949721783106,0.003739841021442166,1.8959127426431543,808,0.4166666666666667,12
ma5_x_ma20_up,MA5 上穿 MA20（金叉）,buy,bull,5,2087,872,0.0048531247,0.0023763105,0.0024768139759976586,0.45280306660277914,0.0014530717849221158,-0.004360463470220566,0.4432199329180642,-0.0009232387424025607,0.8266307313529425,0.00010041924699590602,0.057817773586022,0.0027323774105661564,1.331331212361971,808,0.5,12
ma5_x_ma20_up,MA5 上穿 MA20（金叉）,buy,bull,10,2087,872,0.009332885,0.0023763105,0.0069565748374147305,0.4964063248682319,0.0030703077591736384,-0.006039663217961788,0.4494489698131289,0.0006939972318489619,1.3915331021618287,-0.00015748352781509744,-0.06878478230683437,0.006933392564118874,2.4320891023,808,0.6666666666666666,12
ma5_x_ma20_up,MA5 上穿 MA20（金叉）,buy,bull,20,2087,872,0.011286378,0.0023736754,0.008912702340129084,0.49448969813128896,0.00435529751404156,-0.008251845836639404,0.44896981312889317,0.0019816221639417583,1.547987744754945,0.0021947076971795027,0.5936861573518586,0.007181179171947461,2.134592193219431,808,0.5833333333333334,12
ma5_x_ma20_up,MA5 上穿 MA20（金叉）,buy,bear,1,1707,755,-0.00024268265,0.0023697366,-0.002612418998391534,0.4270650263620387,-7.676916067807934e-05,-0.0010604553390294313,0.46983011130638547,-0.002446505714779189,-1.4001638090895083,-0.0017923246743333661,-2.0518070343229398,0.00011483064087130132,0.14854483937975246,881,0.6666666666666666,12
ma5_x_ma20_up,MA5 上穿 MA20（金叉）,buy,bear,3,1706,754,-0.0030528523,0.0023693552,-0.005422207739895495,0.41500586166471276,-0.001160401120523922,-0.0033767938148230314,0.44431418522860494,-0.003529756298030726,-1.9310881445781574,-0.004014578448615617,-2.4070777922668047,-0.00035920411555273455,-0.24663858371933162,880,0.5833333333333334,12
ma5_x_ma20_up,MA5 上穿 MA20（金叉）,buy,bear,5,1703,752,-0.0011828956,0.0023699703,-0.003552866449215722,0.44509688784497947,-0.00042605436021758486,-0.0034125703386962414,0.4556664709336465,-0.002796024676284923,-1.5202189282938736,-0.0037991326430850633,-1.8204715030443694,-0.0004169520485957933,-0.23820966995805237,877,0.75,12
ma5_x_ma20_up,MA5 上穿 MA20（金叉）,buy,bear,10,1693,749,0.0005150529,0.0023720083,-0.001856955482280795,0.4861193148257531,-0.0014299792416298486,-0.006271167658269405,0.43591258121677495,-0.003801987524321089,-1.3957303580021292,-0.003934512865372156,-1.311135148585124,-0.0015596516834345416,-0.6245136662833042,867,0.5,12
ma5_x_ma20_up,MA5 上穿 MA20（金叉）,buy,bear,20,1671,740,0.010362529,0.002376523,0.007986006443876436,0.509275882704967,-0.0013488360281023774,-0.008221201598644257,0.44165170556552963,-0.0037253591298047097,-1.4603713627398975,-0.005243973605707339,-1.3010610335076476,-0.0019319060435080515,-0.7019649078831004,845,0.6666666666666666,12
ma5_x_ma20_dn,MA5 下穿 MA20（死叉）,sell,any,1,3822,1674,0.00012909438,0.0023748244,-0.0022457303430967377,0.4479330193615908,0.00012778023961521607,-0.0006909356452524662,0.4764521193092622,-0.0022470441297110177,0.3577288154970639,-0.0002524335668766587,-0.472747715756901,0.0006234840705927326,1.1404517995083565,1706,0.5,12
ma5_x_ma20_dn,MA5 下穿 MA20（死叉）,sell,any,3,3812,1672,4.199413e-05,0.002375472,-0.0023334780344224284,0.4556663168940189,9.491156089867944e-05,-0.0031250002793967724,0.4404512067156348,-0.0022805605432781994,0.3298010056477261,0.0006735518276772943,0.6628468334727772,-0.00032842925058995334,-0.3708169529867783,1696,0.5833333333333334,12
ma5_x_ma20_dn,MA5 下穿 MA20（死叉）,sell,any,5,3805,1670,0.00039751027,0.0023754586,-0.001977948239008142,0.46544021024967147,-0.0006139343760271419,-0.004440288990736008,0.43442838370565046,-0.0029893929760266887,-0.9087386649689999,-0.0007027149931654923,-0.5001868842959226,-0.0010667926001379485,-0.893345766633877,1689,0.5833333333333334,12
ma5_x_ma20_dn,MA5 下穿 MA20（死叉）,sell,any,10,3798,1666,0.0029494537,0.002373723,0.0005757307827442126,0.4710373880989995,-0.0004931095526353075,-0.0068987528793513775,0.432596103212217,-0.0028668326330170586,-0.8727852972907458,-0.0007887738414055822,-0.4744026883814552,-0.0014788133224756868,-0.7782355636714803,1682,0.5,12
ma5_x_ma20_dn,MA5 下穿 MA20（死叉）,sell,any,20,3775,1659,0.006171551,0.002374265,0.003797286142127138,0.4633112582781457,-0.00030746282278775974,-0.010828731581568718,0.43072847682119203,-0.002681727932907937,0.29069844068493395,0.003515358505716603,1.468465348080595,-0.0032606231884137185,-1.197996542578602,1659,0.6666666666666666,12
ma5_x_ma20_dn,MA5 下穿 MA20（死叉）,sell,bull,1,2011,893,9.266857e-05,0.0023736153,-0.002280946558309024,0.43460964694181997,0.00018076391756689257,-0.0005969852209091187,0.47886623570363,-0.0021928513622268466,-0.41210420633950523,-0.0006978160541989762,-1.1441871388851035,0.0005785979651424024,0.7271252929205251,807,0.4166666666666667,12
ma5_x_ma20_dn,MA5 下穿 MA20（死叉）,sell,bull,3,2011,893,0.000928006,0.0023736153,-0.0014456091504166002,0.4594728990551964,0.00038745061372321565,-0.0036515872925519943,0.4326205867727499,-0.0019861646660705237,-0.174635348991957,-0.00047775108952485357,-0.4457156458713215,0.00036567506272866247,0.26821774861665776,807,0.6666666666666666,12
ma5_x_ma20_dn,MA5 下穿 MA20（死叉）,sell,bull,5,2011,893,0.0006686422,0.0023736153,-0.0017049729210714874,0.45847836897066135,-0.0003125343460744848,-0.004621192812919617,0.42715067130780704,-0.002686149625868224,-0.9441080758192802,-0.002521807540433131,-1.714506861574808,0.0011478105631368269,0.6480553303547727,807,0.6666666666666666,12
ma5_x_ma20_dn,MA5 下穿 MA20（死叉）,sell,bull,10,2011,893,0.0036612696,0.0023736153,0.0012876541979480033,0.4714072600696171,0.0008132933028373907,-0.007483545690774918,0.4221780208851318,-0.0015603219769563486,-0.020402201900567355,-0.0010234267413776214,-0.5236014391483136,0.0015250409214216934,0.6947801584432132,807,0.5833333333333334,12
ma5_x_ma20_dn,MA5 下穿 MA20（死叉）,sell,bull,20,2011,893,0.010220948,0.0023706313,0.007850315936042835,0.47190452511188463,0.002308284433017666,-0.010795490816235542,0.4311287916459473,-6.234688924700547e-05,1.5792574884242048,0.005055448938632696,1.9305099173166358,0.001208969173157993,0.30335666696692065,807,0.75,12
ma5_x_ma20_dn,MA5 下穿 MA20（死叉）,sell,bear,1,1811,781,0.00016954292,0.0023761678,-0.002206624982085193,0.4627277747101049,6.894524438560733e-05,-0.0008988818153738976,0.47377139701822196,-0.0023072225577545095,0.8698664039433933,0.00037968480705735994,0.39609558019648006,0.0006628300773854654,0.8992900125391472,899,0.5833333333333334,12
ma5_x_ma20_dn,MA5 下穿 MA20（死叉）,sell,bear,3,1801,779,-0.0009473282,0.002377546,-0.003324874106457809,0.45141588006662964,-0.00023173809775214917,-0.0026945467106997967,0.4491948917268184,-0.002609284024472053,0.5798256024507977,0.0023075624783938844,1.21912686928949,-0.0009399439367542023,-0.7412695480960855,889,0.6666666666666666,12
ma5_x_ma20_dn,MA5 下穿 MA20（死叉）,sell,bear,5,1794,777,9.358298e-05,0.002377525,-0.0022839423105636674,0.47324414715719065,-0.0009517913772728462,-0.004247147589921951,0.44258639910813824,-0.0033293163492348213,-0.37834719533886213,0.0018790700023055059,0.7189001884725782,-0.0030278152485339327,-1.6904554724636065,882,0.5833333333333334,12
ma5_x_ma20_dn,MA5 下穿 MA20（死叉）,sell,bear,10,1787,773,0.0021484122,0.0023738442,-0.0002254320532797508,0.4706211527700056,-0.001963269677064852,-0.006179969757795334,0.4443200895355344,-0.004337113829381303,-1.0347884182470244,-0.00045573782451818285,-0.1357558685565504,-0.004166065962260491,-1.4065420708630256,875,0.6666666666666666,12
ma5_x_ma20_dn,MA5 下穿 MA20（死叉）,sell,bear,20,1764,766,0.0015551472,0.002378407,-0.0008232597283742606,0.45351473922902497,-0.0032894740084026754,-0.010944037698209286,0.4302721088435374,-0.005667880942842811,-1.0060849887552445,0.0013295530735830874,0.2887835607163385,-0.007332398428798422,-2.1218989474207315,852,0.5833333333333334,12
close_x_ma60_up,收盘站上 MA60,buy,any,1,3754,1713,0.0012061292,0.0023712467,-0.0011651173917732098,0.4179541822056473,0.00020475487275646735,-0.0014448071597144008,0.45098561534363346,-0.002166491820899381,0.04201416208312967,-0.0002316492858572748,-0.36620766491003337,0.00033878808586061806,0.4643684386904119,1727,0.4166666666666667,12
close_x_ma60_up,收盘站上 MA60,buy,any,3,3753,1712,0.0034884564,0.0023712069,0.0011172490816996645,0.46842525979216626,0.000631415122985823,-0.0026231026276946068,0.4606981081801226,-0.0017397917566299606,0.6522106847214512,0.0008794703135550462,0.8564090231562859,1.9004235095253367e-05,0.016514927943541115,1726,0.5833333333333334,12
close_x_ma60_up,收盘站上 MA60,buy,any,5,3751,1711,0.00257048,0.0023712583,0.00019922183915219532,0.4678752332711277,-0.00016245788526578846,-0.003239971585571766,0.45427885897094106,-0.00253371622045382,-0.4069371646102392,-1.7938671852287315e-06,-0.0013099523128073034,-0.000901813788270001,-0.6528067253683218,1724,0.3333333333333333,12
close_x_ma60_up,收盘站上 MA60,buy,any,10,3737,1708,0.005883003,0.0023717608,0.0035112425228979267,0.49157077869949156,0.0011428398784111753,-0.005628207698464394,0.451966818303452,-0.001228920905305861,-0.02512081031107338,-0.000150259041579351,-0.07554017540215589,0.00010484820828111484,0.04483204555514904,1710,0.5833333333333334,12
close_x_ma60_up,收盘站上 MA60,buy,any,20,3716,1699,0.010591475,0.002371978,0.00821949635129034,0.4771259418729817,0.0009158708137172837,-0.009720150846987963,0.4389128094725511,-0.0014561072009902816,-0.13061656859127777,-0.0009073792278955172,-0.2980537913472914,0.00044069398045759286,0.11133416615659777,1689,0.4166666666666667,12
close_x_ma60_up,收盘站上 MA60,buy,bull,1,2245,952,0.002296536,0.0023762404,-7.970444903447644e-05,0.42048997772828506,0.0007475490118936949,-0.0014120800187811255,0.45167037861915366,-0.0016286914334072418,1.2579470013135843,0.0003057374147467036,0.42297355824315613,0.001567583118884144,1.3469882134183777,908,0.6666666666666666,12
close_x_ma60_up,收盘站上 MA60,buy,bull,3,2245,952,0.005593736,0.0023762404,0.0032174953190041477,0.4717149220489978,0.000865491599667473,-0.0029946365393698215,0.45657015590200445,-0.0015107488456334636,0.8382442637735992,0.0011844274685921807,0.9620119405729589,0.0003873996387220712,0.2093425631244921,908,0.5833333333333334,12
close_x_ma60_up,收盘站上 MA60,buy,bull,5,2245,952,0.0042322394,0.0023762404,0.0018559988448733386,0.46815144766146993,-0.00010340171822365933,-0.003764354158192873,0.444543429844098,-0.002479642163524596,-0.14590155478328476,-0.0005079600246270434,-0.3561846324068384,0.00033022085731221297,0.1451745452684525,908,0.4166666666666667,12
close_x_ma60_up,收盘站上 MA60,buy,bull,10,2245,952,0.008702638,0.0023762404,0.006326397879946021,0.49755011135857463,0.0029533234855288718,-0.005274584516882896,0.4521158129175947,0.0005770830402279351,1.2281739721753397,0.0008165700981351221,0.4188551328218133,0.004569158376970245,1.2689856818745244,908,0.6666666666666666,12
close_x_ma60_up,收盘站上 MA60,buy,bull,20,2245,952,0.011798053,0.0023733452,0.009424707803339542,0.4717149220489978,0.0025178888545087427,-0.00998000055551529,0.4316258351893096,0.00014454365826164182,0.8402373653567757,0.001478131875047607,0.5215426141052847,0.004401759139917015,0.6709104370849299,908,0.6666666666666666,12
close_x_ma60_up,收盘站上 MA60,buy,bear,1,1509,761,-0.00041611277,0.002363817,-0.002779929887762909,0.414181577203446,-0.0006027818021030925,-0.0017348919063806534,0.44996686547382375,-0.002966598869919946,-1.3174281046806116,-0.001062026075886295,-0.9102055507601544,-0.0008453234914165979,-0.9809900099375435,819,0.75,12
close_x_ma60_up,收盘站上 MA60,buy,bear,3,1508,760,0.00035426984,0.0023637135,-0.0020094437583192777,0.4635278514588859,0.0002829392011354885,-0.002077387645840645,0.46684350132625996,-0.0020807742570449392,0.027853332575058648,0.00040824662452160145,0.2248847095554217,-0.00033691944913794773,-0.24276145861120935,818,0.6666666666666666,12
close_x_ma60_up,收盘站上 MA60,buy,bear,5,1506,759,9.3289265e-05,0.0023638313,-0.0022705420239580083,0.4674634794156706,-0.00025049314091623985,-0.0024495619582012296,0.46879150066401065,-0.002614324411402356,-0.4227446309616283,0.0007803405409894904,0.2852568828100198,-0.0020952468261577336,-1.2968110064540095,816,0.6666666666666666,12
close_x_ma60_up,收盘站上 MA60,buy,bear,10,1492,756,0.0016403216,0.0023650199,-0.0007246983461188098,0.48257372654155495,-0.0015813797583041256,-0.0061706723645329475,0.4517426273458445,-0.003946399629226095,-1.232864503146819,-0.0016442157707658096,-0.42931278673056744,-0.00425372829851801,-1.5000569133704285,802,0.6666666666666666,12
close_x_ma60_up,收盘站上 MA60,buy,bear,20,1471,747,0.008750027,0.0023698912,0.006380135569610901,0.48538409245411285,-0.0015290853396320195,-0.009277701377868652,0.45003399048266485,-0.003898976493280515,-1.172557351529091,-0.004593501437496461,-0.8430305734263892,-0.003520371179001831,-0.8411488504531109,781,0.5833333333333334,12
close_x_ma60_dn,收盘跌破 MA60,sell,any,1,3780,1613,0.00029722223,0.0023716246,-0.002074402170348558,0.441005291005291,-0.00027112486261305296,-0.001123619731515646,0.4605820105820106,-0.0026427494404035515,-1.0268219721159246,-6.208576273290765e-05,-0.1055773659172849,-0.000850297801577667,-1.53344705698118,1752,0.6666666666666666,12
close_x_ma60_dn,收盘跌破 MA60,sell,any,3,3775,1611,-0.00051788875,0.0023716872,-0.0028895763017195556,0.45059602649006625,-0.0006949390597824186,-0.003306310623884201,0.44026490066225166,-0.00306662626901606,-1.6058271468995495,0.00028963612618740977,0.30889889039305707,-0.0028333752219989604,-2.730912269706,1747,0.6666666666666666,12
close_x_ma60_dn,收盘跌破 MA60,sell,any,5,3765,1609,0.00017766286,0.002371684,-0.002194021138574623,0.4674634794156706,-0.0006456960574491877,-0.004138272255659103,0.450199203187251,-0.003017380007053818,-1.6631014463507927,6.965714618176384e-05,0.06547961471170688,-0.0031524395821993356,-2.420504452359794,1737,0.75,12
close_x_ma60_dn,收盘跌破 MA60,sell,any,10,3754,1604,0.0028079725,0.002370173,0.00043779936793175494,0.4730953649440597,-0.0005102327947091007,-0.00687925610691309,0.43500266382525304,-0.0028804059062670613,-1.2603115340040658,1.823658196205768e-05,0.009321745093270824,-0.004160416222931911,-1.8650143905272392,1726,0.6666666666666666,12
close_x_ma60_dn,收盘跌破 MA60,sell,any,20,3734,1595,0.0042554312,0.0023701552,0.0018852758366993553,0.46009641135511514,-0.0015736165349910472,-0.011512652039527893,0.4220674879485806,-0.003943771718589446,-1.577450170411264,-0.005090837953601896,-1.6946799578169125,-0.001973696089064478,-0.5375715275012375,1706,0.6666666666666666,12
close_x_ma60_dn,收盘跌破 MA60,sell,bull,1,1980,846,0.0005397372,0.002369101,-0.0018293638001385703,0.4287878787878788,-0.00010850559532756428,-0.0008908016607165337,0.4631313131313131,-0.0024776065217714987,-0.9675248129442949,-0.0002515483785903621,-0.3837438759936537,-0.0008792671126100889,-1.0386746925901398,819,0.6666666666666666,12
close_x_ma60_dn,收盘跌破 MA60,sell,bull,3,1980,846,0.0021962977,0.002369101,-0.0001728032719954787,0.46515151515151515,0.00032870983905564625,-0.0027236738242208958,0.4404040404040404,-0.0020403910873882884,0.3420636176922962,0.0003036363562395527,0.27696729647042295,0.0002960945723490319,0.20222437538800966,819,0.5833333333333334,12
close_x_ma60_dn,收盘跌破 MA60,sell,bull,5,1980,846,0.0031730446,0.002369101,0.0008039437695653319,0.4722222222222222,0.0002692453148557259,-0.004161043092608452,0.4484848484848485,-0.0020998556115882083,-0.6995418556087886,-0.0011998965555530137,-1.0174654604860736,6.656280520814847e-06,0.003596308785247745,819,0.5,12
close_x_ma60_dn,收盘跌破 MA60,sell,bull,10,1980,846,0.005687528,0.002369101,0.0033184269835137364,0.47373737373737373,0.0003661197327392533,-0.007022322155535221,0.42424242424242425,-0.0020029811937046812,-0.4004616630802213,-0.002154185040987403,-1.085840347138606,0.001566484589479085,0.5455765832893018,819,0.5833333333333334,12
close_x_ma60_dn,收盘跌破 MA60,sell,bull,20,1980,846,0.007418283,0.0023655656,0.0050527172226462755,0.4691919191919192,-0.00011228209066279985,-0.011347366496920586,0.4166666666666667,-0.002477847716613494,-0.4359741949547801,-0.0052029800639715644,-1.962392414651861,0.004060269947900348,0.5692987685967018,819,0.5833333333333334,12
close_x_ma60_dn,收盘跌破 MA60,sell,bear,1,1800,767,3.0455789e-05,0.0023744,-0.002343944377579545,0.45444444444444443,-0.0004500060566270905,-0.0014849449507892132,0.4577777777777778,-0.0028244059756899432,-0.511877167578318,0.00019525918073122757,0.18460653894375684,-0.0008253827198245917,-1.1177605739708762,933,0.5833333333333334,12
close_x_ma60_dn,收盘跌破 MA60,sell,bear,3,1795,765,-0.003511811,0.0023745403,-0.005886351008601824,0.43454038997214484,-0.0018240893771636823,-0.0037041669711470604,0.4401114206128134,-0.0041986296931046585,-2.4559198256286305,0.0002706197709294191,0.16357200343925082,-0.005538645785911035,-3.9711805325168292,928,0.75,12
close_x_ma60_dn,收盘跌破 MA60,sell,bear,5,1785,763,-0.003144946,0.0023745492,-0.005519494818192052,0.46218487394957986,-0.0016605890082411927,-0.004074305295944214,0.45210084033613446,-0.004035138171746628,-1.610815242310033,0.0017940776822279322,0.9591535377744727,-0.005897360923071857,-3.3857744689186724,918,0.6666666666666666,12
close_x_ma60_dn,收盘跌破 MA60,sell,bear,10,1774,758,-0.00040596165,0.0023713699,-0.0027773317926388895,0.47237880496054113,-0.0014883489189186504,-0.006317296531051397,0.44701240135287484,-0.003859718779984992,-1.3696892410734298,0.0029690124762356556,0.8881909975505934,-0.009201282042189507,-3.127132115211841,907,0.6666666666666666,12
close_x_ma60_dn,收盘跌破 MA60,sell,bear,20,1754,749,0.00068505126,0.0023753364,-0.0016902851348940895,0.44982896237172176,-0.003223241506353607,-0.011905749794095755,0.4281641961231471,-0.005598577870265235,-1.8559488301163942,-0.004938516584436678,-0.9484545949890941,-0.007412310810382109,-1.8096472926062963,887,0.75,12
ma_bull_align,均线多头排列形成（5>10>20>60）,buy,any,1,3087,1617,0.001268926,0.0023781923,-0.001109266418377427,0.42014901198574667,0.0010735091514656365,-0.0012336827348917723,0.4667962423064464,-0.0013046831131210506,1.7729819346928393,0.0012766938158333564,1.8168789329655226,0.00033721455856941843,0.49704137822949046,1342,0.5833333333333334,12
ma_bull_align,均线多头排列形成（5>10>20>60）,buy,any,3,3085,1616,0.0025401043,0.0023784244,0.00016167954399006675,0.4622366288492707,0.0018168767197429304,-0.003009071573615074,0.4567260940032415,-0.0005615476769954796,2.206517599480497,0.002369292498841513,2.065939706047795,0.0011587550871092745,0.9395536255216178,1340,0.6666666666666666,12
ma_bull_align,均线多头排列形成（5>10>20>60）,buy,any,5,3084,1615,0.0029677758,0.0023785408,0.0005892346028229701,0.4588197146562905,0.0019450162043046066,-0.0035762060433626175,0.45622568093385213,-0.00043352460775563035,0.9388175753394818,0.0008145948399323175,0.5459815844414093,0.0013966657450719703,0.811844166769241,1339,0.5,12
ma_bull_align,均线多头排列形成（5>10>20>60）,buy,any,10,3076,1610,0.0069083925,0.0023791417,0.004529251103390551,0.48439531859557866,0.002165460472278417,-0.005000706762075424,0.4606631989596879,-0.00021368127567309055,0.5399051590891744,0.0022773083585389225,1.1106714820363213,-0.0011841387186313306,-0.5125889589964543,1331,0.4166666666666667,12
ma_bull_align,均线多头排列形成（5>10>20>60）,buy,any,20,3061,1603,0.006231673,0.0023786114,0.003853061561227903,0.4652074485462267,0.0007836943996518884,-0.008953236043453217,0.4465860829794185,-0.0015949169600933755,0.3569242818642664,0.0033762863684471517,1.0826160678895538,-0.002760637333478066,-0.8147661182420682,1316,0.5,12
ma_bull_align,均线多头排列形成（5>10>20>60）,buy,bull,1,2279,1074,0.0018348673,0.002378473,-0.000543605782286469,0.42694164107064503,0.0013677111527804463,-0.0013689242769032717,0.46248354541465553,-0.0010107619055624874,2.177043296560549,0.0019085475198204584,2.3929996840046113,0.0003025070171564987,0.33771769389614076,908,0.6666666666666666,12
ma_bull_align,均线多头排列形成（5>10>20>60）,buy,bull,3,2279,1074,0.003757738,0.002378473,0.0013792649872873095,0.4778411584028083,0.0022720569899573268,-0.002949594520032406,0.45897323387450634,-0.00010641606838560688,2.5312745967453987,0.0025825339214682348,1.9936526067807552,0.002567598099507444,1.5602369886514775,908,0.75,12
ma_bull_align,均线多头排列形成（5>10>20>60）,buy,bull,5,2279,1074,0.0054143285,0.002378473,0.0030358548472165393,0.4708205353225099,0.0034138818028104662,-0.002919765654951334,0.45897323387450634,0.0010354087444675326,2.6831358008832393,0.0026493451888796077,1.6992404378135686,0.004977825972597344,2.1375359330219146,908,0.9166666666666666,12
ma_bull_align,均线多头排列形成（5>10>20>60）,buy,bull,10,2279,1074,0.0094828345,0.002378473,0.007104360957891721,0.48924967090829313,0.003682942921643118,-0.005447083152830601,0.451952610794208,0.0013044698633001843,2.0720459599837575,0.003496471360366006,1.6464942708767187,0.003527772309839781,1.258975622245654,908,0.8333333333333334,12
ma_bull_align,均线多头排列形成（5>10>20>60）,buy,bull,20,2279,1074,0.006207391,0.0023754016,0.0038319898743986755,0.46336112329969287,0.0009717489380741712,-0.011051618494093418,0.43659499780605526,-0.0014036526184176806,0.9908213932362352,0.003985779653893496,1.223248892671092,-0.0001017346787746602,-0.02699157803756663,908,0.5833333333333334,12
ma_bull_align,均线多头排列形成（5>10>20>60）,buy,bear,1,808,543,-0.0003273363,0.0023774009,-0.002704737445173582,0.400990099009901,0.00024369929874725618,-0.000730022497009486,0.47896039603960394,-0.0021337015744816515,0.03694229898663254,-0.00034498394154798936,-0.23785513423999843,0.00038667280508282887,0.38382451211117136,434,0.4166666666666667,12
ma_bull_align,均线多头排列形成（5>10>20>60）,buy,bear,3,806,542,-0.0009028085,0.0023782877,-0.0032810961697499036,0.41811414392059554,0.0005298347398190974,-0.003417281899601221,0.45037220843672454,-0.0018484529853314878,0.3029476909013343,0.001821999874229204,0.7820626470713521,-0.0008560419091160641,-0.4771987769164164,432,0.4166666666666667,12
ma_bull_align,均线多头排列形成（5>10>20>60）,buy,bear,5,805,541,-0.003958551,0.002378733,-0.006337284076646525,0.4248447204968944,-0.0022134244155647778,-0.005329243838787079,0.4484472049689441,-0.004592157312906029,-1.8184429153175665,-0.0038943651811301195,-1.1446745040294874,-0.0037432009124194836,-1.4886663252319463,431,0.75,12
ma_bull_align,均线多头排列形成（5>10>20>60）,buy,bear,10,797,536,-0.00045315176,0.002381054,-0.0028342060589785435,0.47051442910915936,-0.002173739655829681,-0.0017051342874765396,0.48557089084065247,-0.004554793641857518,-1.3778644496366268,-0.0008517221594583456,-0.17099769440288914,-0.008070777914089108,-1.9277051661653029,423,0.75,12
ma_bull_align,均线多头排列形成（5>10>20>60）,buy,bear,20,782,529,0.006302438,0.0023879667,0.003914471247012827,0.47058823529411764,0.0002356428739941105,-0.004997268319129944,0.47570332480818417,-0.0021523238538438097,-0.5454281401283143,0.0018119975179669886,0.2659073316433316,-0.006748991315533176,-1.1556934034255404,408,0.6666666666666666,12
ma_bear_align,均线空头排列形成（5<10<20<60）,sell,any,1,3211,1540,0.0001383196,0.0023738304,-0.002235510983075801,0.44316412332606664,-0.0003796539339940265,-0.0011125202290713787,0.4574898785425101,-0.002753484349302502,-1.6920906157029327,-0.0006713675533939841,-1.3629433173718282,-0.0005144416190072544,-1.0093986894049167,1473,0.6666666666666666,12
ma_bear_align,均线空头排列形成（5<10<20<60）,sell,any,3,3206,1539,0.0019384323,0.0023735713,-0.0004351392116832125,0.47317529631940114,-0.00035572671664806685,-0.0025672405026853085,0.44759825327510916,-0.002729297991450156,-1.2640986495378386,-0.0011813079621977526,-1.2059909523761976,-0.0005021898106886398,-0.5197286047764197,1468,0.5833333333333334,12
ma_bear_align,均线空头排列形成（5<10<20<60）,sell,any,5,3200,1537,0.004458001,0.002373903,0.0020840973305621445,0.4959375,0.00015184997386313625,-0.0031112004071474075,0.451875,-0.002222053084606159,-0.27060290965862727,-0.0003105787667393574,-0.24059323664154308,-0.00017907110893246994,-0.13430950626865867,1462,0.5833333333333334,12
ma_bear_align,均线空头排列形成（5<10<20<60）,sell,any,10,3191,1533,0.007659894,0.0023739391,0.0052859550482033365,0.5036038859291758,0.00020478324828330618,-0.004302847199141979,0.45502977123158883,-0.0021691558989357556,-0.002323443490946386,-0.00023068363258935902,-0.11934462546603537,0.00027788686346809133,0.1541850709461037,1453,0.5,12
ma_bear_align,均线空头排列形成（5<10<20<60）,sell,any,20,3173,1524,0.009439113,0.002374431,0.0070646814266274215,0.4951150330917113,-0.0012155143173001742,-0.009032159112393856,0.43649543019224707,-0.003589945202838633,-0.15378790534522543,0.0008951627951782203,0.24808881713452863,-0.0019497547332214453,-0.6584973655911511,1435,0.5833333333333334,12
ma_bear_align,均线空头排列形成（5<10<20<60）,sell,bull,1,1022,619,-0.0004475417,0.00235,-0.002797541642566852,0.3943248532289628,-0.0003747592252768474,-0.00176217220723629,0.4315068493150685,-0.0027247591913767055,-0.3772661150295749,0.0001788541372956682,0.2744667341689381,-0.000782054387005368,-0.811399116044526,435,0.5833333333333334,12
ma_bear_align,均线空头排列形成（5<10<20<60）,sell,bull,3,1022,619,-0.0016646385,0.00235,-0.004014638588389467,0.4197651663405088,-0.0019315995707747538,-0.00424403022043407,0.40313111545988256,-0.004281599536874612,-2.20309156946068,-0.0016957891668103746,-1.353408441926703,-0.003107645588176115,-1.7814515603303498,435,0.6666666666666666,12
ma_bear_align,均线空头排列形成（5<10<20<60）,sell,bull,5,1022,619,-0.0008565649,0.00235,-0.003206564933530906,0.4471624266144814,-0.0019556396155469592,-0.005541421473026276,0.4158512720156556,-0.0043056395816468175,-1.5184785151459894,-0.0009334353091596165,-0.4752150615245686,-0.004329028481040592,-1.8436035578116656,435,0.75,12
ma_bear_align,均线空头排列形成（5<10<20<60）,sell,bull,10,1022,619,-4.9252798e-05,0.00235,-0.0023992524969613876,0.4334637964774951,-0.0020589107781267724,-0.00817885110154748,0.4197651663405088,-0.00440891074422663,-0.7973477267106153,-0.00044535727515077094,-0.14443334235195301,-0.003618177024372952,-1.2929001182280009,435,0.6666666666666666,12
ma_bear_align,均线空头排列形成（5<10<20<60）,sell,bull,20,1022,619,0.00377114,0.002345597,0.0014255425408000715,0.45107632093933464,-0.0029211247966573766,-0.01071898266673088,0.4158512720156556,-0.005266721702455096,-0.14809523420247261,0.0037611089245190884,0.6910956198212571,-0.006957853881486914,-1.6487297478944118,435,0.5833333333333334,12
ma_bear_align,均线空头排列形成（5<10<20<60）,sell,bear,1,2189,921,0.00041184638,0.0023849565,-0.0019731101909333366,0.4659661946094107,-0.0003819391748843678,-0.0008319392800331116,0.46962083142987665,-0.002766895635330487,-1.8727754727601673,-0.0013308686551867961,-1.855010554498712,-0.0003643614856029072,-0.6434001646078621,1038,0.6666666666666666,12
ma_bear_align,均线空头排列形成（5<10<20<60）,sell,bear,3,2184,920,0.0036244846,0.0023846014,0.0012398829325447145,0.4981684981684982,0.0003817009650907034,-0.001482941210269928,0.4684065934065934,-0.0020029004286238436,0.06442398467009823,-0.0007822344911145874,-0.5530280233432656,0.0009622763035198965,0.8920335318751669,1033,0.5833333333333334,12
ma_bear_align,均线空头排列形成（5<10<20<60）,sell,bear,5,2178,918,0.0069517964,0.0023851192,0.0045666762258344575,0.5188246097337006,0.0011407638216028597,-0.0022482150234282017,0.4687786960514233,-0.0012443553874631737,0.9900757254359717,0.0001725594317836949,0.10446343584979192,0.002164102101169395,1.3870767872419492,1027,0.6666666666666666,12
ma_bear_align,均线空头排列形成（5<10<20<60）,sell,bear,10,2169,914,0.011292328,0.002385219,0.008907108626422952,0.5366528354080221,0.0012714016415479904,-0.0024443306028842926,0.47164591977869985,-0.0011138174518641704,0.6985216581371665,-6.416529349560113e-05,-0.025795746699465688,0.0024978408865171066,1.1694855592106899,1018,0.5,12
ma_bear_align,均线空头排列形成（5<10<20<60）,sell,bear,20,2151,905,0.012132124,0.002388131,0.009743993347276214,0.5160390516039052,-0.00040513128154793767,-0.008271247148513794,0.44630404463040446,-0.0027932623878202775,-0.08735543174151203,-0.0013278981437234998,-0.28885769498455605,0.0009638356591105664,0.33102635940133684,1000,0.5833333333333334,12
macd_golden,MACD 金叉,buy,any,1,4702,1816,0.00024683384,0.0023655212,-0.0021186871812462916,0.41365376435559337,-0.00012191954799969613,-0.001873866654932499,0.443428328370906,-0.0024874407032974524,-1.1541741136670214,-0.0006466443797164718,-1.1291089018120524,-0.0002593778538261231,-0.4388836040780433,2193,0.5833333333333334,12
macd_golden,MACD 金叉,buy,any,3,4699,1814,0.0017315127,0.002365635,-0.0006341225453612307,0.4475420302191956,-0.0003014427965187469,-0.003618934191763401,0.44137050436263037,-0.00266707780600125,-1.438040870808004,-0.0018632937373589088,-1.8014386153514872,7.831767946450668e-06,0.007917536918362016,2190,0.6666666666666666,12
macd_golden,MACD 金叉,buy,any,5,4698,1813,0.0022270663,0.0023654937,-0.00013842772563562398,0.4523201362281822,0.0001277305684016725,-0.004090465605258942,0.4493401447424436,-0.0022377631128801326,-1.6186838126917544,-0.002578529610854598,-2.0346117888262727,-9.616450448340374e-05,-0.07241172032867978,2189,0.6666666666666666,12
macd_golden,MACD 金叉,buy,any,10,4685,1809,0.0040267324,0.002366444,0.001660288686859357,0.47065101387406616,-9.825804579919532e-05,-0.0062297023832798,0.439701173959445,-0.0024647021417683957,-1.5857124242029688,-0.003336553913980963,-1.7595082567295626,-0.0006656280788728545,-0.340791883310886,2176,0.5,12
macd_golden,MACD 金叉,buy,any,20,4656,1799,0.007986062,0.0023672725,0.0056187899426700496,0.4847508591065292,-4.623354637094844e-05,-0.00954506453126669,0.4409364261168385,-0.002413506053770269,-0.8878662678326797,-0.0019402224500891596,-0.6499159042853326,-0.001620609672145755,-0.6188484086711518,2147,0.5,12
macd_golden,MACD 金叉,buy,bull,1,2492,976,0.00055562897,0.002367889,-0.0018122603531135414,0.3996789727126806,-0.00011064283697570474,-0.002477463334798813,0.42576243980738365,-0.0024785318799194207,-0.5648391354509736,0.00027265609135171306,0.3494283341623036,-0.00135632948231529,-1.4718112748901189,1024,0.6666666666666666,12
macd_golden,MACD 金叉,buy,bull,3,2492,976,0.002400444,0.002367889,3.25548116523768e-05,0.43459069020866775,-0.0005837130527850876,-0.004642670974135399,0.4189406099518459,-0.0029516020957288036,-1.210620708342798,-0.001021765851691939,-0.7284078267283384,-0.0017217907182474055,-1.0757407978215805,1024,0.6666666666666666,12
macd_golden,MACD 金叉,buy,bull,5,2492,976,0.0033341388,0.002367889,0.0009662496503556045,0.44863563402889245,0.000607823714432471,-0.005842549726366997,0.43298555377207065,-0.001760065328511245,-0.9408150516194675,-0.0015200745144425703,-0.902957589793619,-0.0006807625939786283,-0.35021149948002506,1024,0.6666666666666666,12
macd_golden,MACD 金叉,buy,bull,10,2492,976,0.0044554425,0.002367889,0.002087552874106557,0.45746388443017655,0.000444875381838188,-0.007667265832424164,0.4317817014446228,-0.001923013661105528,-0.7219539103956575,-0.0006072656124243165,-0.2351435637876817,-0.002623650572291159,-1.0017386439200437,1024,0.6666666666666666,12
macd_golden,MACD 金叉,buy,bull,20,2492,976,0.0024578758,0.0023654813,9.239457336299826e-05,0.4510433386837881,-0.0006448328192775581,-0.01267109252512455,0.42937399678972715,-0.0030103141605352496,-0.7044371360750985,-0.00012415184247077042,-0.03024765332099936,-0.0053207709121305844,-1.4094870384571265,1024,0.5833333333333334,12
macd_golden,MACD 金叉,buy,bear,1,2210,840,-0.000101363876,0.0023628504,-0.0024642146272674742,0.4294117647058823,-0.00013463518776068553,-0.0010951231233775616,0.4633484162895928,-0.0024974855427450883,-1.1623234542285132,-0.0020177282118719556,-2.534082319491213,0.0006721402344036566,0.9019860267761369,1169,0.5833333333333334,12
macd_golden,MACD 金叉,buy,bear,3,2207,838,0.0009761992,0.00236309,-0.0013868909974128437,0.4621658359764386,1.727830842720732e-05,-0.0022723099682480097,0.46669687358405076,-0.002345811629289515,-0.7719482077790746,-0.003118384226984463,-2.013862113370254,0.0014834537491747758,1.2345409784015717,1166,0.5,12
macd_golden,MACD 金叉,buy,bear,5,2206,837,0.00097646535,0.0023627877,-0.001386322567417193,0.45648232094288305,-0.0004146049347301271,-0.002645188942551613,0.46781504986400724,-0.002777392658271387,-1.3429779715417276,-0.004157154571273515,-2.0823641793022025,0.0004037488150382136,0.2227434712761368,1165,0.4166666666666667,12
macd_golden,MACD 金叉,buy,bear,10,2193,833,0.0035395718,0.0023648015,0.001174770057301663,0.4856361149110807,-0.0007154438650752369,-0.0051691168919205666,0.4487004103967168,-0.003080245340853459,-1.4947555230393024,-0.0074071305984542,-2.602034088874855,0.0010245517149740787,0.3531607670240054,1152,0.4166666666666667,12
macd_golden,MACD 金叉,buy,bear,20,2164,823,0.014352162,0.0023693345,0.01198282749364656,0.5235674676524954,0.000643096115405055,-0.0073288800194859505,0.4542513863216266,-0.0017262383401744643,-0.5311458571987245,-0.004648787414996781,-1.108858027489729,0.001650547366101703,0.463449683507882,1123,0.6666666666666666,12
macd_golden_below0,MACD 零轴下金叉,buy,any,1,2991,1338,-0.00016789502,0.0023629486,-0.0025308439467954464,0.4075560013373454,-0.0003312946989108414,-0.00154064130038023,0.4466733533935139,-0.002694243308426866,-1.3293362977915049,-0.0012775899677968366,-2.1458279041221324,0.00023346135451244966,0.3542142845495144,1438,0.75,12
macd_golden_below0,MACD 零轴下金叉,buy,any,3,2988,1336,0.0021304023,0.002363293,-0.0002328911373485877,0.4544846050870147,-0.0001899969372525484,-0.0029090354219079018,0.4467871485943775,-0.0025532899032905372,-1.0615566363916498,-0.001677295720620219,-1.6491541715173297,0.0002966197042751103,0.28196234021900374,1435,0.6666666666666666,12
macd_golden_below0,MACD 零轴下金叉,buy,any,5,2988,1336,0.0026147012,0.0023629551,0.0002517459306813645,0.45113788487282463,-9.755616588549192e-05,-0.0037670007441192865,0.45314591700133866,-0.002460511294659539,-0.9377113260988237,-0.002465819727077162,-1.7369654635577794,0.0009016891957677285,0.6653893615383821,1435,0.5833333333333334,12
macd_golden_below0,MACD 零轴下金叉,buy,any,10,2981,1332,0.0037231408,0.002363747,0.0013593938058001718,0.47802750754780277,-0.0004055674550987665,-0.0053846575319767,0.4424689701442469,-0.0027693144408918804,-1.1388060683774002,-0.004311247800875841,-2.0060554340736205,0.0011965366652698433,0.5164828660713493,1428,0.5833333333333334,12
macd_golden_below0,MACD 零轴下金叉,buy,any,20,2964,1323,0.011422443,0.0023648108,0.009057632107708297,0.507085020242915,0.0005518234536845448,-0.008334899321198463,0.44770580296896084,-0.0018129873353194235,-0.34350454780526685,-0.00205976364980701,-0.6291853567179947,0.000773670458841053,0.2483921200110983,1411,0.6666666666666666,12
macd_golden_below0,MACD 零轴下金叉,buy,bull,1,1194,603,-6.0899372e-05,0.0023673866,-0.002428286395885058,0.3785594639865997,-0.0007222340633840455,-0.002185957971960306,0.42629815745393634,-0.0030896206577987564,-0.7763259969104227,-0.00013877845355747634,-0.16521407111037154,-0.0012274486118382915,-0.9698067932042103,480,0.75,12
macd_golden_below0,MACD 零轴下金叉,buy,bull,3,1194,603,0.0030365726,0.0023673866,0.000669185603584453,0.4321608040201005,-0.0013795131545434308,-0.004570248769596219,0.39949748743718594,-0.0037468997489581417,-1.3174351714936992,-0.0007372280270514136,-0.486566331873873,-0.002948783054921239,-1.5314167314151574,480,0.6666666666666666,12
macd_golden_below0,MACD 零轴下金叉,buy,bull,5,1194,603,0.003195519,0.0023673866,0.0008281318907295642,0.4396984924623116,-0.0005168004334967434,-0.005671524442732334,0.42629815745393634,-0.0028841870279114543,-0.813074297933415,-0.0014416337807049296,-0.7553062102058924,-0.0008589323163809001,-0.35985131711073354,480,0.5833333333333334,12
macd_golden_below0,MACD 零轴下金叉,buy,bull,10,1194,603,0.0020471276,0.0023673866,-0.0003202593357471314,0.4639865996649916,-0.0014082958647424365,-0.0066421665251255035,0.4288107202680067,-0.0037756824591571475,-0.8676269595649015,-0.0019210180657287497,-0.6863860379051043,-0.001714775285053931,-0.5136031635075307,480,0.5833333333333334,12
macd_golden_below0,MACD 零轴下金叉,buy,bull,20,1194,603,0.004135032,0.002365293,0.0017697392053731718,0.4731993299832496,-0.001340513045168708,-0.011536947451531887,0.4321608040201005,-0.0037058060264356834,-0.5518103055414227,0.0020121016711647077,0.5378010217293446,-0.007589500683017177,-1.7181992879845431,480,0.5,12
macd_golden_below0,MACD 零轴下金叉,buy,bear,1,1797,735,-0.0002389874,0.00236,-0.0025989873612567733,0.4268224819143016,-7.153866041278592e-05,-0.001103753224015236,0.4602114635503617,-0.002431538702657578,-1.1171230137808608,-0.0024873755707423323,-2.917921769030378,0.0011054180883553,1.5822774756919322,958,0.75,12
macd_golden_below0,MACD 零轴下金叉,buy,bear,3,1794,733,0.0015272985,0.0023605688,-0.0008332699716150597,0.4693422519509476,0.0006016877692387078,-0.0011657975846901536,0.4782608695652174,-0.0017588810782685304,-0.13752819537841082,-0.002675951202456769,-1.9227898422112424,0.00224386135979292,1.9612725444879728,955,0.5833333333333334,12
macd_golden_below0,MACD 零轴下金叉,buy,bear,5,1794,733,0.0022281369,0.0023600059,-0.00013186880527044737,0.45875139353400224,0.00018147262760828412,-0.002475851448252797,0.47101449275362317,-0.002178533235402599,-0.5238174472806082,-0.0035538359590589967,-1.713219797016528,0.001958062103056906,1.1999692294712003,955,0.3333333333333333,12
macd_golden_below0,MACD 零轴下金叉,buy,bear,10,1787,729,0.0048429845,0.0023613148,0.0024816690441927178,0.48740906547285956,0.0002644144817308596,-0.0048082321882247925,0.4515948517067711,-0.0020969003551586456,-0.8059968961149483,-0.0068504436951539105,-2.2460587876376152,0.002961906677700218,0.9863039477668631,948,0.5,12
macd_golden_below0,MACD 零轴下金叉,buy,bear,20,1770,720,0.016338358,0.0023644858,0.01397387172657165,0.5299435028248588,0.0018283487529109764,-0.006814127787947655,0.4581920903954802,-0.000536137004514451,-0.028815129751614016,-0.006385399614012092,-1.3684089458698625,0.005969319015635812,1.734934271000359,931,0.6666666666666666,12
macd_golden_above0,MACD 零轴上金叉,buy,any,1,1711,1011,0.00097182184,0.0023700173,-0.0013981957225919829,0.4243132670952659,0.0002440892634411195,-0.002421298995614052,0.4377556984219754,-0.0021259280844162366,-0.057547294426309716,-4.8559630081689454e-05,-0.049623791255498526,-3.199787212543992e-05,-0.029947996148534127,755,0.4166666666666667,12
macd_golden_above0,MACD 零轴上金叉,buy,any,3,1711,1011,0.0010349135,0.0023697251,-0.0013348118774137014,0.4354178842781999,-0.000496065956943879,-0.00520672183483839,0.4319111630625365,-0.0028657911023434496,-0.9454915397331924,-0.001976938969735892,-1.1412152646036664,-7.904250845764627e-05,-0.04440304573823388,755,0.5833333333333334,12
macd_golden_above0,MACD 零轴上金叉,buy,any,5,1710,1010,0.0015497252,0.0023699298,-0.0008202048514105723,0.4543859649122807,0.0005213894935771387,-0.005541199818253517,0.4426900584795322,-0.0018485403099582035,-0.591575711828564,-0.0016439069449000329,-0.7563008386535433,5.016885277813241e-06,0.002077332359530506,754,0.5833333333333334,12
macd_golden_above0,MACD 零轴上金叉,buy,any,10,1704,1007,0.00455784,0.002371162,0.0021866781472099617,0.45774647887323944,0.00043935307457757797,-0.008007200434803963,0.43485915492957744,-0.0019318088687239805,-0.4817431852783141,0.00030876856705788715,0.099296533991216,-0.003121137561739055,-0.9197049915593073,748,0.5833333333333334,12
macd_golden_above0,MACD 零轴上金叉,buy,any,20,1692,1000,0.0019663032,0.0023715836,-0.00040528108402815576,0.44562647754137114,-0.001093893681219933,-0.012670213356614113,0.42907801418439717,-0.003465477280817149,-0.5712915447223141,0.0010367298722269024,0.2492367153115174,-0.006352699258856261,-1.0790255055946187,736,0.5833333333333334,12
macd_golden_above0,MACD 零轴上金叉,buy,bull,1,1298,694,0.001122759,0.0023683512,-0.0012455923291773393,0.41910631741140214,0.00045194570257095084,-0.002799685113132,0.4252696456086287,-0.001916405509200418,0.021475187160586186,0.0005393132725480132,0.48488331910598814,-0.0008409653649864645,-0.648577368273075,544,0.5833333333333334,12
macd_golden_above0,MACD 零轴上金叉,buy,bull,3,1298,694,0.0018152844,0.0023683512,-0.0005530670416349105,0.43682588597842836,0.00014832494528845772,-0.004784548655152321,0.43682588597842836,-0.002220026266482911,-0.44958841214353956,-0.0005258841346357123,-0.26603981873204063,-0.000883357435975219,-0.4145393377516365,544,0.4166666666666667,12
macd_golden_above0,MACD 零轴上金叉,buy,bull,5,1298,694,0.0034616527,0.0023683512,0.0010933009639099128,0.45685670261941447,0.001642339301972904,-0.0059312451630830765,0.4391371340523883,-0.000726011909798465,0.06588776062306821,0.00015619452391630817,0.05930351528685852,7.540068368374963e-05,0.029166012063194423,544,0.5,12
macd_golden_above0,MACD 零轴上金叉,buy,bull,10,1298,694,0.0066707944,0.0023683512,0.004302443304434218,0.4514637904468413,0.0021495644946403956,-0.008711996953934431,0.4345146379044684,-0.00021878671713097342,0.39428314082744065,0.0031381454195981645,0.850056556699441,-0.0022394360473628945,-0.5352772827131116,544,0.5833333333333334,12
macd_golden_above0,MACD 零轴上金叉,buy,bull,20,1298,694,0.000915099,0.0023656548,-0.0014505557275770228,0.4306625577812018,-4.892765568750114e-06,-0.013869323767721653,0.4268104776579353,-0.0023705475656559637,-0.02386809154913275,0.0017113259768875627,0.32510811821924285,-0.0030754800166322804,-0.5172375578330177,544,0.5,12
macd_golden_above0,MACD 零轴上金叉,buy,bear,1,413,317,0.000497448,0.0023752542,-0.0018778063876094347,0.4406779661016949,-0.0004091738309669218,-0.0010864930227398872,0.47699757869249393,-0.0027844280056613406,-0.12699312932499415,-0.0016559083258793571,-0.819589854119218,0.0013010177450417835,0.7195056775962932,211,0.4,10
macd_golden_above0,MACD 零轴上金叉,buy,bear,3,413,317,-0.0014176808,0.0023740435,-0.0037917242184327578,0.43099273607748184,-0.0025212945068169377,-0.006313216406852007,0.41646489104116224,-0.0048953379621643565,-0.9608516163780976,-0.005944380037857903,-1.6279376527967508,0.00124630661738892,0.3989662596971444,211,0.6,10
macd_golden_above0,MACD 零轴上金叉,buy,bear,5,412,316,-0.0044737738,0.0023749028,-0.006848677055988217,0.44660194174757284,-0.003010146553261947,-0.0034802909940481186,0.4538834951456311,-0.005385049386515092,-1.0388389792119161,-0.006565703365967496,-1.587345822444222,-0.00011169548929405665,-0.023027809828021793,210,0.7,10
macd_golden_above0,MACD 零轴上金叉,buy,bear,10,406,313,-0.0021973683,0.0023801476,-0.004577516862832118,0.47783251231527096,-0.005028268657544435,-0.006465116050094366,0.43596059113300495,-0.007408416233876528,-1.3364184928898306,-0.007427249156343378,-1.256556271818958,-0.004611497540878112,-0.6801733749742976,204,0.7,10
macd_golden_above0,MACD 零轴上金叉,buy,bear,20,394,306,0.0054294053,0.0023911167,0.003038288680759736,0.4949238578680203,-0.004681515987096165,-0.009478490799665451,0.4365482233502538,-0.007072632680712078,-0.9607315067028979,-0.0008077354265921181,-0.11590991155652834,-0.012154263052523035,-1.12269417154081,192,0.7,10
macd_dead,MACD 死叉,sell,any,1,4711,1830,0.00018917014,0.0023670387,-0.0021778687213412132,0.45170876671619614,-0.00022598737975917517,-0.0012229983694851398,0.4648694544682658,-0.002593026125192267,-0.7181969656141245,-0.0005694721312923731,-0.9661601653088111,8.12560678307261e-05,0.17143507255396473,2203,0.5833333333333334,12
macd_dead,MACD 死叉,sell,any,3,4708,1828,7.195569e-05,0.0023671323,-0.002295176884461834,0.45794392523364486,-0.00033727568147283324,-0.0028569644782692194,0.44286321155480035,-0.002704408024824674,-0.4911810063442639,-3.1740945994537924e-05,-0.030219243997654594,-0.0007442176404688893,-0.8243128594334278,2200,0.4166666666666667,12
macd_dead,MACD 死叉,sell,any,5,4698,1826,0.001104094,0.0023676266,-0.0012635327420680968,0.4633886760323542,0.00019516588831296617,-0.003922315780073404,0.449127288207748,-0.002172460754495352,-0.09662552639676653,0.00029906829676937117,0.22997500061459394,-0.000571189646143192,-0.4738709661172883,2190,0.5833333333333334,12
macd_dead,MACD 死叉,sell,any,10,4681,1821,0.0003770327,0.0023670625,-0.0019900301222207373,0.4533219397564623,-0.0013934381194468915,-0.007013183087110519,0.44029053621021147,-0.0037605006136056363,-1.3358141927354203,-0.0009763094593819016,-0.5662506369600669,-0.0024171228567501334,-1.4664645558287146,2173,0.5833333333333334,12
macd_dead,MACD 死叉,sell,any,20,4663,1813,0.0014201906,0.002366425,-0.0009462346498027006,0.4447780398884838,-0.0031126309182568927,-0.011616520583629608,0.42697834012438346,-0.005479055922113313,-1.824016224449837,-0.0023975221930079642,-1.0158464369527087,-0.0035055074226815184,-1.7802761269027407,2155,0.6666666666666666,12
macd_dead,MACD 死叉,sell,bull,1,2599,1032,0.00023541051,0.002368811,-0.0021334005806536364,0.44324740284724895,-0.0002458944318372129,-0.0014993399381637573,0.45671412081569834,-0.002614705484129798,-0.7762188896643275,-0.0009455097239600052,-1.3960303355850217,0.0005150863871863337,0.766341181788362,1072,0.6666666666666666,12
macd_dead,MACD 死叉,sell,bull,3,2599,1032,0.0008497509,0.002368811,-0.0015190603291218895,0.45671412081569834,-0.0003386490578125702,-0.00329438503831625,0.43285879184301657,-0.0027074601101051555,0.11376294422029555,0.0003556434712582172,0.29426649768640495,-0.00030108582077807976,-0.23039412213575403,1072,0.5833333333333334,12
macd_dead,MACD 死叉,sell,bull,5,2599,1032,0.0012558718,0.002368811,-0.0011129391021998678,0.4528664871104271,0.00032967812816260176,-0.0045869722962379456,0.4409388226240862,-0.0020391329241299834,0.508035391127895,0.001167594273836626,0.7535635643525169,-0.00029657788197810856,-0.16230139619051437,1072,0.5,12
macd_dead,MACD 死叉,sell,bull,10,2599,1032,-0.0023026692,0.002368811,-0.0046714802877583315,0.4278568680261639,-0.0018613189665451768,-0.009105296805500984,0.4170834936514044,-0.004230130018837762,-0.5957551582566346,-0.00026940781599845033,-0.1391806448646725,-0.001937714843547599,-0.7749555121244247,1072,0.4166666666666667,12
macd_dead,MACD 死叉,sell,bull,20,2599,1032,0.00093174184,0.0023653482,-0.0014336066061462359,0.44016929588303194,-0.0022996704122678242,-0.012768195942044258,0.42054636398614853,-0.004665018574397346,-0.21450338912638275,-0.0005669604866643622,-0.19130389286894656,-0.00030610857843115256,-0.09926521321115736,1072,0.5,12
macd_dead,MACD 死叉,sell,bear,1,2112,798,0.00013226739,0.0023648578,-0.0022325906425755943,0.4621212121212121,-0.00020149001785064297,-0.0007933708839118481,0.47490530303030304,-0.0025663478386446295,-0.23390514490154785,5.463214554343427e-05,0.049584923169027656,-0.0003338027473219952,-0.4996495171676118,1131,0.5833333333333334,12
macd_dead,MACD 死叉,sell,bear,3,2109,796,-0.00088655035,0.0023650639,-0.0032516144981785317,0.4594594594594595,-0.00033558321816938303,-0.0023343958891928196,0.45519203413940257,-0.002700647094083003,-0.8093399207877853,-0.0006746773871941367,-0.3379704467469388,-0.0011702235927320344,-0.9480985018612613,1128,0.5833333333333334,12
macd_dead,MACD 死叉,sell,bear,5,2099,794,0.00091616093,0.00236616,-0.0014499990927196102,0.47641734159123394,2.861166660300766e-05,-0.0031105130910873413,0.4592663172939495,-0.002337548375980935,-0.7040055980553083,-0.0011424119897768055,-0.4803554555996532,-0.000836469942593928,-0.5401947567096358,1118,0.6666666666666666,12
macd_dead,MACD 死叉,sell,bear,10,2082,789,0.0037221548,0.00236488,0.0013572748634815717,0.4851104707012488,-0.0008093736037848147,-0.003706446150317788,0.4692603266090298,-0.003174253543489948,-1.3467500486245576,-0.0021495441240549588,-0.6813854581968103,-0.0028859297099555585,-1.3849211021825674,1101,0.6666666666666666,12
macd_dead,MACD 死叉,sell,bear,20,2064,781,0.0020352476,0.002367781,-0.0003325332377208943,0.45058139534883723,-0.004136315198811926,-0.010050879791378975,0.43507751937984496,-0.0065040962083369866,-2.5812724881837337,-0.00543567957997614,-1.354706693209466,-0.006696887723462585,-2.6702661269886163,1083,0.8333333333333334,12
macd_dead_above0,MACD 零轴上死叉,sell,any,1,3007,1462,0.00063677615,0.002376475,-0.0017396988198909674,0.4552710342534087,-0.0001627631686328948,-0.0013137664645910263,0.46757565680079816,-0.002539238074391991,-0.2899786765533971,-0.00017432013905025026,-0.25724380323351875,-8.950241881248418e-05,-0.1391182562250568,1351,0.6666666666666666,12
macd_dead_above0,MACD 零轴上死叉,sell,any,3,3006,1461,0.0003857432,0.00237659,-0.0019908469522879452,0.4630738522954092,-5.49635481639112e-05,-0.0028309004846960306,0.4447771124417831,-0.0024315534722609724,0.2049759419352773,0.0008551074731492803,0.7238502891223256,-0.0007236420822322874,-0.6099606631222263,1350,0.5,12
macd_dead_above0,MACD 零轴上死叉,sell,any,5,2999,1459,-1.1709659e-06,0.0023772423,-0.0023784134555856857,0.4474824941647216,0.000288222473102773,-0.004400898702442646,0.4498166055351784,-0.0020890198424578063,0.14559158517508922,0.0014981898869978214,0.9906385752151818,-0.0015858751765747672,-0.8886312913727716,1343,0.6666666666666666,12
macd_dead_above0,MACD 零轴上死叉,sell,any,10,2987,1454,-0.0023661794,0.0023763308,-0.0047425102292803865,0.43890190826916636,-0.0018778985196610419,-0.007956776767969131,0.4305323066622029,-0.004254229303251716,-0.975370284277887,7.329247287734322e-05,0.03360845119024492,-0.003947377600449976,-1.4882661791479344,1331,0.5,12
macd_dead_above0,MACD 零轴上死叉,sell,any,20,2978,1447,-0.0003906765,0.0023745433,-0.0027652199186676087,0.43451981195433176,-0.0036852024045801856,-0.012867957819253206,0.4204163868368032,-0.006059745747319529,-1.5929625262042857,-0.0008933203785309171,-0.3020058535528428,-0.0074574723152605075,-2.0845597325896006,1322,0.5833333333333334,12
macd_dead_above0,MACD 零轴上死叉,sell,bull,1,2028,917,0.00044793353,0.002378787,-0.0019308534726820308,0.45710059171597633,-0.0005148565117144901,-0.0015706629492342472,0.45857988165680474,-0.002893643425765069,-1.3199235393826363,-0.0012085773893786586,-1.6780970308844967,0.00012566251834599126,0.1679104544559814,822,0.8333333333333334,12
macd_dead_above0,MACD 零轴上死叉,sell,bull,3,2028,917,0.00052575313,0.002378787,-0.0018530339005838228,0.46153846153846156,-0.0007739699276552685,-0.0031075458973646164,0.4358974358974359,-0.0031527568417058474,-0.4196866700332547,9.417359542888635e-05,0.07247014291716378,-0.0012356441395439863,-0.8323864839719216,822,0.4166666666666667,12
macd_dead_above0,MACD 零轴上死叉,sell,bull,5,2028,917,0.0009836335,0.002378787,-0.0013951534964020812,0.45069033530571995,0.0001746629918679775,-0.0045392317697405815,0.4462524654832347,-0.0022041239221826017,0.06058048731812843,0.0009344882689357295,0.5599995691088467,-0.0013073194731047409,-0.6333647710297708,822,0.5833333333333334,12
macd_dead_above0,MACD 零轴上死叉,sell,bull,10,2028,917,-0.002533677,0.002378787,-0.004912463543461075,0.4280078895463511,-0.0019386849229277297,-0.008934421464800835,0.4166666666666667,-0.0043174718369783085,-0.8218033407495537,-0.0008105687123096181,-0.34413468937722175,-0.002682497905108849,-0.8979944077790494,822,0.4166666666666667,12
macd_dead_above0,MACD 零轴上死叉,sell,bull,20,2028,917,0.001988237,0.0023745955,-0.0003863585995928495,0.44970414201183434,-0.0023834648566086673,-0.01222782488912344,0.42159763313609466,-0.00475806035341219,-1.0578656583137562,-0.0038369715208704503,-1.2541956854646095,-0.0005080424969946594,-0.13087886666332454,822,0.5833333333333334,12
macd_dead_above0,MACD 零轴上死叉,sell,bear,1,979,545,0.0010279637,0.0023716853,-0.001343721663751768,0.4514811031664964,0.0005665987310294905,-0.0005222242325544357,0.48621041879468846,-0.0018050866155590018,0.8809948845209647,0.002055428381619741,1.391105550501483,-0.00035655109968293214,-0.32302262778537627,529,0.75,12
macd_dead_above0,MACD 零轴上死叉,sell,bear,3,978,544,9.5416064e-05,0.0023720348,-0.002276618801833917,0.4662576687116564,0.001435982195812032,-0.0022948121186345816,0.46319018404907975,-0.0009360526295725848,0.7526181507087872,0.0024955999015426767,0.9906985262106377,-8.591709981558028e-05,-0.04697964572136358,528,0.5833333333333334,12
macd_dead_above0,MACD 零轴上死叉,sell,bear,5,971,542,-0.0020580026,0.0023740164,-0.004432019219977395,0.4407826982492276,0.0005253992269072685,-0.00436989963054657,0.4572605561277034,-0.0018486172200854864,0.15191362267771438,0.0027134705616792135,0.8779026151894649,-0.0019353178153364496,-0.683342006047043,521,0.3333333333333333,12
macd_dead_above0,MACD 零轴上死叉,sell,bear,10,959,537,-0.0020119727,0.0023711363,-0.004383109477290357,0.4619395203336809,-0.0017493533415329468,-0.005702824331820011,0.45985401459854014,-0.004120489673463703,-0.5984067738397941,0.0019788030888507543,0.43418023778932774,-0.005563099839024409,-1.3835107265813973,509,0.5,12
macd_dead_above0,MACD 零轴上死叉,sell,bear,20,950,530,-0.005469031,0.0023744314,-0.007843462818755621,0.40210526315789474,-0.006464069506986753,-0.013602294027805328,0.41789473684210526,-0.0088385008581865,-1.2565683541991575,0.005452878091836065,0.9045271439833787,-0.016567211777406752,-3.308169607713831,500,0.6666666666666666,12
kdj_golden_low,KDJ 低位金叉（K<25）,buy,any,1,2461,1028,0.0012132721,0.002349045,-0.0011357730332937407,0.43722064201544086,0.0007219527534817333,-0.0010412586852908134,0.46403900853311664,-0.0016270921413178568,1.6078635524958496,0.0006886619552963119,0.9548676707117111,0.0009621625113001963,1.3239693063153877,1301,0.5,12
kdj_golden_low,KDJ 低位金叉（K<25）,buy,any,3,2459,1027,0.003143309,0.0023482959,0.0007950130237268835,0.49084993899959334,0.001019060410187633,-0.0022878798190504313,0.4631964213094754,-0.0013292354684313226,1.9166567895078623,0.0004935961009273346,0.40234070502794933,0.002938286938218938,2.324123808345522,1299,0.6666666666666666,12
kdj_golden_low,KDJ 低位金叉（K<25）,buy,any,5,2458,1026,0.0037481613,0.002348222,0.0013999389135172196,0.49227013832384053,0.000932834909989214,-0.0032066358253359795,0.4576891781936534,-0.0014153871613157034,0.8980935958054412,-0.001131727333751151,-0.6238328638778207,0.0035559293652086973,1.9503468171943625,1298,0.5833333333333334,12
kdj_golden_low,KDJ 低位金叉（K<25）,buy,any,10,2454,1023,0.0047584423,0.0023464912,0.002411950626696127,0.4837000814995925,-0.0008588365674352451,-0.007278860779479146,0.4352078239608802,-0.0032053277757352395,-1.1980692302032288,-0.006496268411789734,-2.264216767699954,0.0022658020182802644,1.096978420280116,1294,0.6666666666666666,12
kdj_golden_low,KDJ 低位金叉（K<25）,buy,any,20,2435,1016,0.011981227,0.0023488214,0.009632406112758512,0.5080082135523614,-0.001572436012291336,-0.010652049444615841,0.43613963039014375,-0.003921257389673019,-1.7803510132764913,-0.010041638614833997,-2.3502861768763865,-0.00014324947524826457,-0.03872916389122406,1275,0.6666666666666666,12
kdj_golden_low,KDJ 低位金叉（K<25）,buy,bull,1,868,439,0.00064776995,0.0023379491,-0.0016901792762162645,0.4251152073732719,-0.00019428439437404216,-0.001339034817647189,0.4412442396313364,-0.0025322335120196633,-0.371072989608833,0.0005125655671404443,0.5256853370585433,-0.0012807235042006045,-1.3085932289160862,423,0.7272727272727273,11
kdj_golden_low,KDJ 低位金叉（K<25）,buy,bull,3,868,439,0.0036841407,0.0023379491,0.0013461914328419151,0.478110599078341,0.001419697924810011,-0.002584862057119608,0.4573732718894009,-0.0009182511928356102,1.4527110525692568,0.002966897912294904,1.651269304803562,0.0007642176202510431,0.3539929331580334,423,0.5454545454545454,11
kdj_golden_low,KDJ 低位金叉（K<25）,buy,bull,5,868,439,0.0044809715,0.0023379491,0.002143022330214424,0.4700460829493088,0.0021434737350423537,-0.004329974763095379,0.4423963133640553,-0.0001944753826032676,1.0315758833817235,0.0031680753496703016,1.1464986046302879,0.0009126324266482182,0.2752673223873586,423,0.6363636363636364,11
kdj_golden_low,KDJ 低位金叉（K<25）,buy,bull,10,868,439,0.0038003877,0.0023379491,0.0014624383582461042,0.4665898617511521,-0.001203939566643016,-0.009317431133240461,0.41589861751152074,-0.003541888684288637,-1.052190291738006,-0.004072870733403523,-1.1892070451311316,-0.00018965384496133953,-0.07036023478090259,423,0.5454545454545454,11
kdj_golden_low,KDJ 低位金叉（K<25）,buy,bull,20,868,439,0.0071630017,0.002337373,0.004825627662092318,0.4815668202764977,-0.0043664057984516835,-0.015000853687524796,0.4078341013824885,-0.006703778893084905,-1.4704534677509613,-0.004074725091793223,-0.902439651620441,-0.007551539657879009,-1.1834472449492186,423,0.8181818181818182,11
kdj_golden_low,KDJ 低位金叉（K<25）,buy,bear,1,1593,589,0.0015214051,0.002355091,-0.000833686015806766,0.4438166980539862,0.0012211955936190925,-0.0008438615477643907,0.4764595103578154,-0.0011338954473349013,2.2446482479934717,0.0008499223840104764,0.8017953154049475,0.0023036354762674474,2.3284080872639508,878,0.5,12
kdj_golden_low,KDJ 低位金叉（K<25）,buy,bear,3,1591,588,0.0028482482,0.0023539409,0.0004943072668998268,0.49780012570710247,0.0008004850722289756,-0.002216879278421402,0.4663733500942803,-0.0015534557853453682,1.2320332239193688,-0.001771332297760916,-1.0741933755200532,0.004242728528999675,2.65115563646871,876,0.5,12
kdj_golden_low,KDJ 低位金叉（K<25）,buy,bear,5,1590,587,0.003348111,0.00235383,0.0009942807967290605,0.5044025157232704,0.00027193270863944976,-0.0029449921566993,0.4660377358490566,-0.0020818973215485145,0.24287485803547548,-0.00506927557864259,-2.346864771989587,0.0051469584142148465,2.3377028990593205,875,0.4166666666666667,12
kdj_golden_low,KDJ 低位金叉（K<25）,buy,bear,10,1586,584,0.005282775,0.0023511664,0.002931608034649859,0.4930643127364439,-0.0006699655691298573,-0.006244471995159984,0.4457755359394704,-0.0030211320167544214,-0.8134888925130223,-0.008715497055000548,-2.175215285720565,0.003758024391761496,1.3397517568830235,871,0.4166666666666667,12
kdj_golden_low,KDJ 低位金叉（K<25）,buy,bear,20,1567,577,0.014650162,0.0023551625,0.01229499940897948,0.5226547543075941,-2.478714542012916e-05,-0.007964855059981346,0.4518187619655393,-0.0023799496653817247,-1.250712746618497,-0.015505845137765109,-2.679360883644499,0.0044625625132951935,1.1023044909743287,852,0.6666666666666666,12
kdj_dead_high,KDJ 高位死叉（K>75）,sell,any,1,1494,871,0.0028087026,0.0023864522,0.0004222502501502149,0.463855421686747,0.0010858522902387072,-0.00118935271166265,0.46987951807228917,-0.0013005998742622446,1.0377036871932661,0.0011987538008847852,1.1253507778866656,0.0003106838174662278,0.2668318667651345,628,0.6666666666666666,12
kdj_dead_high,KDJ 高位死叉（K>75）,sell,any,3,1494,871,0.0061615175,0.0023864522,0.003775064878929668,0.4899598393574297,0.0023385254682416977,-0.0019009988754987717,0.4738955823293173,-4.792669625925403e-05,0.8289735193518719,0.0019353968697511318,0.9974595911383219,-4.9020891881309185e-06,-0.0028700638200705336,628,0.5,12
kdj_dead_high,KDJ 高位死叉（K>75）,sell,any,5,1492,869,0.00807344,0.0023869437,0.005686496299129786,0.4865951742627346,0.0023029053607890346,-0.003562387079000473,0.4584450402144772,-8.403830920067053e-05,0.9405911850801864,0.003185284612693792,1.1006022812738923,-2.0012290749743757e-05,-0.008753688067275374,626,0.6666666666666666,12
kdj_dead_high,KDJ 高位死叉（K>75）,sell,any,10,1492,869,0.011374264,0.0023866016,0.00898766277846615,0.517426273458445,0.0028086784720591246,-0.004639338701963425,0.4745308310991957,0.0004220768302849471,1.195764134848238,0.008035757247968844,1.9891610437024483,-0.0028897109692831782,-0.8371796791806266,626,0.6666666666666666,12
kdj_dead_high,KDJ 高位死叉（K>75）,sell,any,20,1491,868,0.011862621,0.002383132,0.009479488621564709,0.5130784708249497,0.0008544980683866801,-0.008481677621603012,0.45875251509054327,-0.0015286339311357676,0.8244581858563301,0.011065273074741536,1.702568690128411,-0.00619186909019157,-1.2439373904166526,625,0.6666666666666666,12
kdj_dead_high,KDJ 高位死叉（K>75）,sell,bull,1,1082,582,0.0030020103,0.00239573,0.0006062803605814871,0.4676524953789279,0.001329955908070633,-0.0013517234474420547,0.46395563770794823,-0.001065774091918638,0.7174770420786464,0.0010664790425418855,0.890616892671579,5.40284904469225e-05,0.03438153898233638,405,0.75,12
kdj_dead_high,KDJ 高位死叉（K>75）,sell,bull,3,1082,582,0.007977473,0.00239573,0.005581742685612906,0.5009242144177449,0.0025861541498082307,-0.0016893441788852215,0.47597042513863214,0.00019042414981895956,0.4916791067941639,0.00145764942531166,0.6374751577881774,-0.00020956782888705762,-0.08844634318357532,405,0.6666666666666666,12
kdj_dead_high,KDJ 高位死叉（K>75）,sell,bull,5,1082,582,0.0097850915,0.00239573,0.007389361879762194,0.4907578558225508,0.0024767340598109326,-0.0036796804051846266,0.45471349353049906,8.100405982166149e-05,0.7024977718498228,0.0019080733071982269,0.5732276959320359,0.0013104117995736127,0.41173502079098845,405,0.75,12
kdj_dead_high,KDJ 高位死叉（K>75）,sell,bull,10,1082,582,0.013597309,0.00239573,0.011201578602583195,0.5240295748613678,0.002955936782087661,-0.006261421367526054,0.4611829944547135,0.0005602067820983897,1.2270885644677338,0.008126351533223336,1.6091938808176975,-0.0016273357576265524,-0.36470389531009356,405,0.5833333333333334,12
kdj_dead_high,KDJ 高位死叉（K>75）,sell,bull,20,1082,582,0.015363286,0.0023906468,0.012972639181721972,0.5268022181146026,0.0025829255228858724,-0.0073321182280778885,0.45933456561922364,0.00019227868150885254,1.118661354786828,0.012522326970868558,1.4816043344859577,-0.002991188485810364,-0.45742785029223315,405,0.75,12
kdj_dead_high,KDJ 高位死叉（K>75）,sell,bear,1,412,289,0.0023010352,0.0023620874,-6.105212724453418e-05,0.4538834951456311,0.00044478405117525185,-0.00044232234358787537,0.4854368932038835,-0.001917303317789897,0.7777355332511375,0.0015534461158487082,0.7252820196482136,0.0006773342846366638,0.371591291368766,223,0.4166666666666667,12
kdj_dead_high,KDJ 高位死叉（K>75）,sell,bear,3,412,289,0.0013924307,0.0023620874,-0.0009696569337675719,0.46116504854368934,0.001688199658884929,-0.002278570318594575,0.4684466019417476,-0.0006738877100802199,0.7383214091287263,0.003216467794840679,0.9049312854281386,0.00028747753895319247,0.1020866104328368,223,0.5,12
kdj_dead_high,KDJ 高位死叉（K>75）,sell,bear,5,410,287,0.0035563493,0.002363756,0.0011925924985340182,0.47560975609756095,0.0018441671843458785,-0.00315076089464128,0.4682926829268293,-0.0005195888818423377,0.5840972991982645,0.006610103076318938,1.1365093351626272,-0.0019456261056914447,-0.4721968631790922,221,0.4166666666666667,12
kdj_dead_high,KDJ 高位死叉（K>75）,sell,bear,10,410,287,0.0055075972,0.0023625123,0.003145084920674335,0.5,0.0024200602002277197,0.0003854625392705202,0.5097560975609756,5.75479153379025e-05,0.2706399404184211,0.007792830349730879,1.1561778102559588,-0.004716832986154609,-0.9325607963672361,221,0.4166666666666667,12
kdj_dead_high,KDJ 高位死叉（K>75）,sell,bear,20,409,286,0.0026016918,0.002363252,0.00023843995141762612,0.4767726161369193,-0.003718016615642968,-0.010159030556678772,0.4572127139364303,-0.006081268603487674,-0.36812156308444155,0.007158210034756487,0.7237076592018293,-0.010855112354852932,-1.6314686865103167,220,0.5,12
kdj_j_below0,KDJ 的 J 值跌破 0,buy,any,1,4502,1472,0.0005206019,0.002362732,-0.0018421301441407156,0.4731230564193692,0.00022262566672595754,-0.00015609059482812881,0.49577965348733893,-0.002140106410291469,1.269541280769953,0.0004702975926073004,0.8670933998482399,0.0005214337829402666,0.932067190002198,2212,0.6666666666666666,12
kdj_j_below0,KDJ 的 J 值跌破 0,buy,any,3,4493,1470,0.00013955783,0.0023619118,-0.0022223540261510537,0.4669485866904073,0.00013010323924846691,-0.0016563162207603455,0.4671711551302025,-0.002231808575411367,-0.2802695275539381,-4.964471385312835e-05,-0.052794606513885164,-0.00035795095209423505,-0.3476942369845765,2203,0.5833333333333334,12
kdj_j_below0,KDJ 的 J 值跌破 0,buy,any,5,4487,1468,0.001273054,0.0023606708,-0.0010876168824508086,0.477601961221306,3.8893667353989224e-05,-0.003435376100242138,0.4515266324938712,-0.0023217771599751695,-0.6145785367599738,-6.168485144288572e-05,-0.04771761804685035,-0.0011071401684575875,-0.8930572800530786,2197,0.5,12
kdj_j_below0,KDJ 的 J 值跌破 0,buy,any,10,4469,1463,0.004548246,0.0023585544,0.0021896914433119706,0.4837771313492951,0.0001303108162726086,-0.005490940064191818,0.4446184828820765,-0.0022282435805057363,-0.5919022791507724,-0.00017763624187930538,-0.07798407863402948,-0.00173081309071777,-0.8704115764280745,2179,0.6666666666666666,12
kdj_j_below0,KDJ 的 J 值跌破 0,buy,any,20,4448,1456,0.009418292,0.0023577583,0.007060532796975481,0.48089028776978415,0.0006209100532837413,-0.009092949330806732,0.44222122302158273,-0.0017368482955239513,-0.44902690869372747,-0.00039616547430242896,-0.12403364879219939,-0.0015727812402736097,-0.5972089123704513,2158,0.5833333333333334,12
kdj_j_below0,KDJ 的 J 值跌破 0,buy,bull,1,2089,751,0.00067142554,0.0023519483,-0.0016805228225545712,0.4614648157012925,0.0004931174662191994,-0.0003267750144004822,0.4906653901388224,-0.0018588308267067544,1.61822226311213,0.001027464643201614,1.5906696536983622,0.0005580793187860537,0.6588316148891827,918,0.6666666666666666,12
kdj_j_below0,KDJ 的 J 值跌破 0,buy,bull,3,2089,751,0.0018417658,0.0023519483,-0.000510182319714542,0.4729535662996649,0.0006910642793974623,-0.002291774842888117,0.4547630445189086,-0.0016608840135284915,0.19179740709589094,0.0005741466277641361,0.5035118943393371,-0.0004001043883002601,-0.27492139090110645,918,0.5833333333333334,12
kdj_j_below0,KDJ 的 J 值跌破 0,buy,bull,5,2089,751,0.0015706753,0.0023519483,-0.0007812732046637452,0.47151747247486836,0.0005142091397120711,-0.004014037549495697,0.43848731450454764,-0.0018377391532138827,0.4949467993866266,0.00101996013342257,0.67121201237266,5.107289522377635e-06,0.002555338775261688,918,0.6666666666666666,12
kdj_j_below0,KDJ 的 J 值跌破 0,buy,bull,10,2089,751,0.0053959577,0.0023519483,0.003044009996833637,0.4868358066060316,0.0015720910399639734,-0.0066765910014510155,0.43274293920536144,-0.0007798572529619805,0.6528405672928607,0.0023477203606985983,0.8225168536003588,-0.00012264623610264133,-0.04387467105381897,918,0.5,12
kdj_j_below0,KDJ 的 J 值跌破 0,buy,bull,20,2089,751,0.013320778,0.002346922,0.010973856028316738,0.4873145045476304,0.0020167525795160434,-0.009452462196350098,0.4356151268549545,-0.0003301693654747108,0.520880014025659,0.0010311574324165915,0.32085339668099805,0.0018346932676497165,0.40569243739819016,918,0.5833333333333334,12
kdj_j_below0,KDJ 的 J 值跌破 0,buy,bear,1,2413,721,0.00039002986,0.002372068,-0.001982038015998758,0.48321591380024864,-1.1546471335120821e-05,3.1962990760803223e-06,0.5002072109407377,-0.0023836143586711367,0.23883793925295752,-0.0002626423965673621,-0.2853251199004536,0.0004920221710536479,0.6549942290620782,1294,0.6666666666666666,12
kdj_j_below0,KDJ 的 J 值跌破 0,buy,bear,3,2404,719,-0.0013396072,0.0023705699,-0.0037101771104879394,0.4617304492512479,-0.0003573541704317541,-0.001061032060533762,0.4779534109816972,-0.0027279240254065007,-0.5276902911046688,-0.0008702273715758394,-0.5357262387021006,-0.0003239420440324559,-0.21791339725701445,1285,0.5833333333333334,12
kdj_j_below0,KDJ 的 J 值跌破 0,buy,bear,5,2398,717,0.0010137834,0.0023682693,-0.0013544859161860778,0.4829024186822352,-0.00037517389801549906,-0.0027837310917675495,0.4628857381150959,-0.002743443153400302,-1.3886463112668574,-0.0014845630755813725,-0.7027098412756305,-0.002009199130441339,-1.3441883293102987,1279,0.6666666666666666,12
kdj_j_below0,KDJ 的 J 值跌破 0,buy,bear,10,2380,712,0.0038041829,0.002364353,0.0014398294860402223,0.4810924369747899,-0.001135184514522039,-0.004785059951245785,0.4550420168067227,-0.0034995375584805834,-1.5717362040929606,-0.0034996827250323805,-1.0738295005861334,-0.0030524182983669044,-1.1596863348316477,1261,0.6666666666666666,12
kdj_j_below0,KDJ 的 J 值跌破 0,buy,bear,20,2359,705,0.005962465,0.0023673547,0.003595110062650816,0.47520135650699447,-0.0006151709290389714,-0.008727245032787323,0.44807121661721067,-0.002982525625655502,-1.132348735206597,-0.002273774774212569,-0.4136626068352732,-0.004426194852599649,-1.6124621717527472,1240,0.8333333333333334,12
rsi6_rebound_20,RSI6 从 20 以下回升,buy,any,1,2361,792,0.00199705,0.002364265,-0.00036721509286642907,0.4578568403218975,0.0007669057056200253,-0.0005792859010398388,0.4798814061838204,-0.0015973593283552183,2.1776714135053292,0.0009177179739965925,1.1647532850047573,0.0016906389792909616,1.90200291768875,1199,0.8333333333333334,12
rsi6_rebound_20,RSI6 从 20 以下回升,buy,any,3,2357,790,0.004942119,0.002363144,0.0025789756098321386,0.5269410267288926,0.0010711463393438426,-0.0020189471542835236,0.4624522698345354,-0.0012919976150822076,0.9477860139398936,0.0010642525238701908,0.7384770072854163,0.0007685167970813078,0.5921988230904871,1195,0.5833333333333334,12
rsi6_rebound_20,RSI6 从 20 以下回升,buy,any,5,2355,788,0.005894489,0.0023634185,0.0035310712878208216,0.5375796178343949,0.001978003443663667,-0.0021157264709472656,0.47388535031847134,-0.0003854150180912512,0.3689174823744964,0.0006480152133614924,0.34593178580485495,0.00025683250984873265,0.15793768587864923,1193,0.5,12
rsi6_rebound_20,RSI6 从 20 以下回升,buy,any,10,2354,787,0.009180682,0.0023605733,0.006820108598487759,0.5254885301614274,2.8771887225365566e-05,-0.004800502210855484,0.4570943075615973,-0.0023318013840641022,-2.038906566260857,-0.005106456689071206,-2.1320397963012114,-0.0017595132348278723,-0.7165350605437136,1192,0.6666666666666666,12
rsi6_rebound_20,RSI6 从 20 以下回升,buy,any,20,2351,785,0.017363261,0.0023603488,0.015002914346347122,0.5444491705657167,0.0017503747182847913,-0.006186567712575197,0.4602296894938324,-0.0006099741042641942,-1.4337265618321748,-0.009246041653381885,-2.2299581716049204,0.00041601947426417676,0.08523427642463188,1189,0.6666666666666666,12
rsi6_rebound_20,RSI6 从 20 以下回升,buy,bull,1,664,319,0.0018510332,0.0023513553,-0.0005003222817629056,0.463855421686747,0.00018684902161441138,-0.001874394714832306,0.4442771084337349,-0.002164506251662156,1.2076520518247615,0.0006468971354262113,0.5588525452180125,0.0019588123426570302,1.1327471692226998,289,0.6666666666666666,12
rsi6_rebound_20,RSI6 从 20 以下回升,buy,bull,3,664,319,0.00388443,0.0023513553,0.0015330746104023475,0.5045180722891566,-1.5835005106931798e-05,-0.0031293316278606653,0.4442771084337349,-0.0023671902783834993,0.11253429378336338,0.001088934739689943,0.47591405836095574,-0.001091782343417147,-0.5184991414409756,289,0.5,12
rsi6_rebound_20,RSI6 从 20 以下回升,buy,bull,5,664,319,0.005545546,0.0023513553,0.0031941901099168924,0.5015060240963856,0.0007430404338407813,-0.004674604162573814,0.4427710843373494,-0.001608314839435786,-0.17000524226755945,0.002442403157184776,0.8996718217665343,-0.00421052794230895,-1.6807616642118852,289,0.5,12
rsi6_rebound_20,RSI6 从 20 以下回升,buy,bull,10,664,319,-0.0015048609,0.0023513553,-0.003856216727739133,0.45331325301204817,-0.0037767033366884768,-0.011760497465729713,0.4006024096385542,-0.006128058609965044,-2.9813829912144607,-0.005569007663550766,-2.067369498471375,-0.0089047579558845,-2.1847099608837954,289,0.75,12
rsi6_rebound_20,RSI6 从 20 以下回升,buy,bull,20,664,319,0.0055895387,0.0023490964,0.0032404424853732317,0.5105421686746988,-0.005107045312501849,-0.01217646012082696,0.42319277108433734,-0.007456141662873687,-2.86310432286213,-0.012553500050735002,-4.009784141850257,-0.009111498160466577,-1.1158036802315145,289,0.75,12
rsi6_rebound_20,RSI6 从 20 以下回升,buy,bear,1,1697,473,0.0020541835,0.0023693165,-0.0003151330814184264,0.45550972304066,0.0009938695466216326,-0.00012446008622646332,0.4938126104890984,-0.0013754469809983253,1.8414798057700534,0.0011406059207846049,1.068734257456366,0.001546237937478463,1.5268531679227337,910,0.5833333333333334,12
rsi6_rebound_20,RSI6 从 20 以下回升,buy,bear,3,1693,471,0.005356949,0.0023677673,0.0029891813178187787,0.535735380980508,0.0014974638896777552,-0.0015571247786283493,0.46958062610750145,-0.0008703033828393299,1.153880579961881,0.0010439388418238464,0.5838453155879049,0.0017783934733518975,1.0395128504085913,906,0.4166666666666667,12
rsi6_rebound_20,RSI6 从 20 以下回升,buy,bear,5,1691,469,0.0060315086,0.002368155,0.003663353429824493,0.5517445298639858,0.002462932739064256,-0.0009602997452020645,0.4861028976936724,9.477780352548735e-05,0.6098485816001518,-0.0008287819439443961,-0.3209513161044996,0.0027019310289309213,1.3375291003763292,904,0.5,12
rsi6_rebound_20,RSI6 从 20 以下回升,buy,bear,10,1690,468,0.013379026,0.0023641952,0.011014830501810041,0.5538461538461539,0.0015239408509406267,-0.0018496935372240841,0.47928994082840237,-0.0008402543338415207,-0.5585085275837627,-0.004725773143703074,-1.5331986743528658,0.0021674187812900257,0.8371661276707778,903,0.5833333333333334,12
rsi6_rebound_20,RSI6 从 20 以下回升,buy,bear,20,1687,466,0.02199738,0.0023647777,0.019632600959083733,0.5577949021932425,0.004449442234848116,-0.004450514912605286,0.4748073503260225,0.002084664507795547,-0.054299980419257245,-0.006523974122816933,-1.113521732187778,0.005695852163510803,1.0412214399505952,900,0.6666666666666666,12
rsi14_below30,RSI14 跌破 30（超卖）,buy,any,1,1500,663,0.0028941007,0.0023521865,0.0005419139261430246,0.49333333333333335,5.378206037372972e-06,-0.0010502925142645836,0.4686666666666667,-0.002346808272637039,0.8664414308359911,0.001285020947423247,1.113643858641415,-4.235734385645565e-05,-0.060105289973812905,830,0.6666666666666666,12
rsi14_below30,RSI14 跌破 30（超卖）,buy,any,3,1499,662,0.00543071,0.0023513073,0.003079402278752294,0.5023348899266178,0.0014080810194802137,-0.0017331838607788086,0.47565043362241494,-0.000943226290683761,0.9102421750571514,0.002613325164479908,1.4064505646677588,-0.0003268318998824829,-0.24417580217413032,829,0.5,12
rsi14_below30,RSI14 跌破 30（超卖）,buy,any,5,1499,662,0.010028606,0.002348906,0.007679700515960052,0.5543695797198132,0.0023796970254856237,-0.0022116340696811676,0.4656437625083389,3.0791130580294906e-05,0.6401558465537339,0.0034049227390241135,1.2382799649314908,-0.0009061386228234337,-0.4510523761827807,829,0.5,12
rsi14_below30,RSI14 跌破 30（超卖）,buy,any,10,1499,662,0.015568204,0.002346224,0.013221980270566876,0.5577051367578385,0.0015020965908671626,-0.003116689622402191,0.47098065376917947,-0.0008441273278539173,-0.7171391955444333,-0.000979114946265263,-0.30991411486407283,-0.00219107583716424,-0.6738020993446743,829,0.4166666666666667,12
rsi14_below30,RSI14 跌破 30（超卖）,buy,any,20,1498,661,0.01950969,0.0023460414,0.017163648222004547,0.5453938584779706,0.0010457570449783603,-0.008555772714316845,0.43724966622162886,-0.001300284334518095,-0.6495226319287088,-0.007053663217043213,-1.220023805655071,0.0004707045685259277,0.0684810961136278,828,0.5833333333333334,12
rsi14_below30,RSI14 跌破 30（超卖）,buy,bull,1,322,199,0.00032257126,0.0023238508,-0.002001279559408431,0.4503105590062112,0.0002514105228712979,-0.00038855639286339283,0.48757763975155277,-0.002072440233639794,0.7796390371238511,-0.00016995708484251833,-0.08034799787827616,0.002211501106851874,1.5570002772780653,155,0.625,8
rsi14_below30,RSI14 跌破 30（超卖）,buy,bull,3,322,199,-0.00060100114,0.0023238508,-0.002924852002511865,0.45962732919254656,-0.0005603793668466683,-0.0034910093527287245,0.45652173913043476,-0.0028842301233577604,0.06942257138717692,-0.00022052451161354167,-0.07280617972517009,0.000512515887721809,0.1905879405841623,155,0.5,8
rsi14_below30,RSI14 跌破 30（超卖）,buy,bull,5,322,199,-0.00090511894,0.0023238508,-0.0032289697941767213,0.4937888198757764,-0.0017277204665870215,-0.005717196501791477,0.42857142857142855,-0.004051571223098113,-0.6166091571812558,0.000269375444718762,0.07992593073696469,-0.0036655899252881915,-0.86786084475958,155,0.625,8
rsi14_below30,RSI14 跌破 30（超卖）,buy,bull,10,322,199,-0.00020020283,0.0023238508,-0.0025240537440780297,0.4503105590062112,-0.004032736008564554,-0.010710480622947216,0.41304347826086957,-0.006356586765075646,-1.0288808562821892,-0.0012319757444814782,-0.22547603520463194,-0.008543945118693039,-1.1589982622426247,155,0.625,8
rsi14_below30,RSI14 跌破 30（超卖）,buy,bull,20,322,199,-0.0012141297,0.002322298,-0.0035364271907326736,0.4254658385093168,-0.006359359589318589,-0.010763739235699177,0.40372670807453415,-0.008681657598267153,-1.6274751946806125,-0.008460082434787854,-1.1520021436307624,-0.013051753612013444,-1.2063867456973458,155,0.625,8
rsi14_below30,RSI14 跌破 30（超卖）,buy,bear,1,1178,464,0.0035970141,0.002359932,0.0012370822642988554,0.5050933786078099,-6.187341197665404e-05,-0.0011702104820869863,0.4634974533106961,-0.0024218054676734993,0.5097233989666416,0.0020089262738214844,1.496524782120405,-0.0008886336969959814,-1.1194770129723206,675,0.5833333333333334,12
rsi14_below30,RSI14 跌破 30（超卖）,buy,bear,3,1177,463,0.0070808465,0.0023588191,0.004722027494187349,0.514018691588785,0.001946606290845767,-0.0013519711792469025,0.48088360237892946,-0.00041221283437441257,1.05976614516306,0.004023270077216057,1.7656079585611957,-0.0006432014505948699,-0.42908134311784957,674,0.6666666666666666,12
rsi14_below30,RSI14 跌破 30（超卖）,buy,bear,5,1177,463,0.013019821,0.0023557602,0.010664060617798659,0.5709430756159728,0.003503391530538633,-0.0014056791551411152,0.47578589634664403,0.0011476313343147778,1.0903354382752397,0.0049649733632844105,1.3383166448278898,0.00013396225272097458,0.059537260999208516,674,0.5833333333333334,12
rsi14_below30,RSI14 跌破 30（超卖）,buy,bear,10,1177,463,0.019882075,0.0023523448,0.017529731292415356,0.5870858113848768,0.003016298882300478,-0.0011881552636623383,0.4868309260832625,0.0006639540787883817,-0.11460803754704973,-0.0008533073570049786,-0.23197974309243452,0.00020346719971969156,0.07016695663522338,674,0.4166666666666667,12
rsi14_below30,RSI14 跌破 30（超卖）,buy,bear,20,1176,462,0.02518407,0.0023525425,0.022831526013587358,0.5782312925170068,0.0030733485043691914,-0.007673541083931923,0.44642857142857145,0.0007208060276406329,0.07023590754927006,-0.0063539176949141095,-0.8454449033002457,0.0055873103665678514,0.9183856898623748,673,0.4166666666666667,12
rsi14_above70,RSI14 升破 70（超买）,sell,any,1,1975,1093,0.0019086555,0.0023930229,-0.00048436728753355814,0.41063291139240504,-0.0001193297957972759,-0.002698398195207119,0.4420253164556962,-0.0025123526738927834,-0.0941184095343186,-0.0006694314727814431,-0.6368897768249892,0.0007973122511477686,0.5776016912724845,777,0.5833333333333334,12
rsi14_above70,RSI14 升破 70（超买）,sell,any,3,1975,1093,0.0025622144,0.0023930229,0.0001691913780390839,0.43544303797468353,-0.0007703248338915313,-0.00621548667550087,0.42835443037974685,-0.003163347711987039,-0.5113845563504844,-0.0021711032880594237,-1.3399196757743963,0.0015867631572493465,0.7579899608794987,777,0.4166666666666667,12
rsi14_above70,RSI14 升破 70（超买）,sell,any,5,1975,1093,0.0029661222,0.0023930229,0.0005730994037776903,0.4430379746835443,-0.0017281831703089838,-0.007618105039000511,0.42075949367088605,-0.004121206048404491,-0.6936237552496425,-0.0024537102326040766,-1.1765047127244601,0.0006590382684216079,0.22179564391707932,777,0.4166666666666667,12
rsi14_above70,RSI14 升破 70（超买）,sell,any,10,1974,1092,0.0059931655,0.0023932068,0.0035999587063699195,0.46048632218844987,-0.0024739865961073207,-0.009803641587495804,0.43009118541033436,-0.004867193410411315,-0.7016740999489681,-0.0004839054072194968,-0.1428390320590982,-0.004127025249644494,-0.8763548002994415,776,0.5,12
rsi14_above70,RSI14 升破 70（超买）,sell,any,20,1971,1090,0.010099553,0.002390472,0.007709080326047342,0.4672754946727549,-0.005218339629281352,-0.015468977391719818,0.4317605276509386,-0.0076088116148449875,-0.7885257709441217,0.00202947233617437,0.39826554547671456,-0.011466482503270512,-1.5933721860401184,773,0.5,12
rsi14_above70,RSI14 升破 70（超买）,sell,bull,1,1624,824,0.0020886168,0.00239383,-0.00030521317850726684,0.40763546798029554,-0.00038618897855118175,-0.003068538149818778,0.43657635467980294,-0.0027800190804882375,-0.4205100767324968,-0.0010998769785431509,-1.0206514979580965,0.0008818012738742676,0.48934696781173304,596,0.5,12
rsi14_above70,RSI14 升破 70（超买）,sell,bull,3,1624,824,0.0036978938,0.00239383,0.0013040641301477573,0.44642857142857145,-0.00035714300786915783,-0.005812264746055007,0.4341133004926108,-0.0027509731098062135,-0.12071438131891514,-0.0023838656925071703,-1.3120945441482414,0.0038248683566847416,1.427907273518067,596,0.5,12
rsi14_above70,RSI14 升破 70（超买）,sell,bull,5,1624,824,0.0038099983,0.00239383,0.0014161680287565679,0.4501231527093596,-0.0015961184299561272,-0.007867155130952597,0.4205665024630542,-0.003989948531893182,-0.471276974790404,-0.0019740558533440037,-0.8415473022928365,0.001071025284462732,0.333560352893956,596,0.3333333333333333,12
rsi14_above70,RSI14 升破 70（超买）,sell,bull,10,1624,824,0.0073887208,0.00239383,0.004994890793626873,0.4667487684729064,-0.0016650604420333523,-0.009792860597372055,0.42980295566502463,-0.004058890543970408,-0.390099244403135,-0.00016126832050904132,-0.043984479984793205,-0.002919280282316078,-0.6099929467966029,596,0.5,12
rsi14_above70,RSI14 升破 70（超买）,sell,bull,20,1624,824,0.010849714,0.0023898275,0.008459886692937037,0.46551724137931033,-0.00502301136039202,-0.018044278025627136,0.4273399014778325,-0.007412838870734022,-0.8345142745172395,0.0009341276040442884,0.16205360753924028,-0.012636433045357148,-1.7124631650246604,596,0.5833333333333334,12
rsi14_above70,RSI14 升破 70（超买）,sell,bear,1,351,269,0.0010760135,0.0023892876,-0.001313274048384547,0.42450142450142453,0.0011153691010470064,-0.001486014574766159,0.4672364672364672,-0.0012739184750323622,0.48749444088453797,0.0012231057922204454,0.3874958879752768,0.0006306176927954858,0.2960856170580567,181,0.5,10
rsi14_above70,RSI14 升破 70（超买）,sell,bear,3,351,269,-0.002692328,0.0023892876,-0.005081615885278539,0.38461538461538464,-0.0026820265018696926,-0.007479867897927761,0.4017094017094017,-0.005071314077949061,-0.8221812619260395,-0.001235652055280904,-0.34341479011218995,-0.002828957911906974,-0.7817100438408779,181,0.6,10
rsi14_above70,RSI14 升破 70（超买）,sell,bear,5,351,269,-0.00093830645,0.0023892876,-0.0033275941773211622,0.41025641025641024,-0.0023392177524543937,-0.006827296689152718,0.42165242165242167,-0.004728505328533762,-0.585511016561047,-0.004562603867036796,-0.9914266552894858,-0.0001538009794433141,-0.02832073618514309,181,0.6,10
rsi14_above70,RSI14 升破 70（超买）,sell,bear,10,350,268,-0.00048221214,0.0023903141,-0.0028725261785023447,0.43142857142857144,-0.006227403951010534,-0.010458419099450111,0.43142857142857144,-0.008617718077397772,-0.8302817558024963,-0.0019024420198638081,-0.2739906749283872,-0.006526083279983932,-0.8370583684832363,180,0.6,10
rsi14_above70,RSI14 升破 70（超买）,sell,bear,20,347,266,0.0065887077,0.002393487,0.004195219980719196,0.4755043227665706,-0.006132498443910385,-0.010049158707261086,0.45244956772334294,-0.008525985353478694,-0.2910763281051543,0.00684536818322564,0.8415581294681197,-0.00911044417024087,-1.0430629676532999,177,0.5,10
boll_break_dn,收盘跌破布林下轨,buy,any,1,3292,1025,-0.000725603,0.0023615977,-0.0030872009125997306,0.4556500607533414,-0.001168241600264009,-0.0011465661227703094,0.4641555285540705,-0.003529839326385554,-2.3458514485149937,-0.002009999666290573,-2.5023456835669577,-0.0003405754468077321,-0.5742485123027593,1699,0.8333333333333334,12
boll_break_dn,收盘跌破布林下轨,buy,any,3,3287,1023,-0.0015755995,0.0023606692,-0.00393626883802564,0.45725585640401584,-0.001716294571176692,-0.0023998571559786797,0.4505628232430788,-0.004076963768691345,-3.019829029392784,-0.0038692855011612974,-3.107102280658236,-0.0013989684626349711,-1.1608167768501156,1694,0.75,12
boll_break_dn,收盘跌破布林下轨,buy,any,5,3279,1021,0.0015343692,0.0023591705,-0.0008248013544610473,0.4986276303751144,-0.0009361663722667756,-0.003288199193775654,0.454711802378774,-0.003295336838928229,-2.4930890486969948,-0.003257988728249373,-1.9227056615508582,-0.0024530808527431767,-1.595245584130611,1686,0.75,12
boll_break_dn,收盘跌破布林下轨,buy,any,10,3277,1019,0.005322477,0.0023553981,0.002967078701522749,0.5056454073848031,-0.0013082243164526286,-0.004202287644147873,0.4574305767470247,-0.003663622461025602,-2.003026769987798,-0.002662428600753702,-1.0964773346456884,-0.0037919808362229224,-1.78733416304153,1684,0.8333333333333334,12
boll_break_dn,收盘跌破布林下轨,buy,any,20,3268,1014,0.010158184,0.002355364,0.007802819976278513,0.5116279069767442,-0.001441776408889984,-0.007395083084702492,0.44339045287637696,-0.00379714032735834,-2.2546302880903917,-0.008441806834605972,-2.4080339531300057,-0.002299528601623169,-0.7383752821324923,1675,0.8333333333333334,12
boll_break_dn,收盘跌破布林下轨,buy,bull,1,1148,456,0.00026432791,0.0023625956,-0.0020982679252768855,0.43205574912891986,-0.00010554901806745441,-0.0007454520091414452,0.4799651567944251,-0.0024681446563277,-0.21501334755505958,-0.0007312683243798573,-0.6055918863152703,0.0005808321977135789,0.696813342615379,485,0.4166666666666667,12
boll_break_dn,收盘跌破布林下轨,buy,bull,3,1148,456,0.001588697,0.0023625956,-0.000773898945039423,0.4651567944250871,1.9286862354058748e-05,-0.002643104176968336,0.43989547038327526,-0.0023433087759061866,-0.03133897554563463,-0.0006312889081282123,-0.3550015403435501,0.0007441164636593738,0.4116286433070611,485,0.3333333333333333,12
boll_break_dn,收盘跌破布林下轨,buy,bull,5,1148,456,0.004174699,0.0023625956,0.0018121027075851867,0.5139372822299652,0.0005344294009767538,-0.003512308234348893,0.4442508710801394,-0.0018281662372834915,0.1013018364625536,0.0007684063666695339,0.30804039330348065,-0.0006241249071667649,-0.30495832800537026,485,0.5,12
boll_break_dn,收盘跌破布林下轨,buy,bull,10,1148,456,0.007240674,0.0023625956,0.004878078330641219,0.5060975609756098,-0.0003905238308667981,-0.005109691061079502,0.4416376306620209,-0.0027531194691270433,-0.2458639058817808,0.0004299647019770233,0.12422084527446446,-0.001890195688448564,-0.6827885995213435,485,0.4166666666666667,12
boll_break_dn,收盘跌破布林下轨,buy,bull,20,1148,456,0.015620145,0.0023599826,0.0132601637668962,0.5235191637630662,0.0009630838400345192,-0.006367160473018885,0.44686411149825783,-0.0013968987399119988,-0.40384345214376643,-0.0018157951363421243,-0.3739892857400302,-0.0009382553949932982,-0.179447645627742,485,0.3333333333333333,12
boll_break_dn,收盘跌破布林下轨,buy,bear,1,2144,569,-0.0012556595,0.0023610634,-0.003616722866632672,0.46828358208955223,-0.0017372579642386569,-0.0014515549410134554,0.4556902985074627,-0.004098321344033016,-3.0510332256932102,-0.003334581932811632,-3.149652862784986,-0.0009084870767642627,-1.1436943218807087,1214,0.9166666666666666,12
boll_break_dn,收盘跌破布林下轨,buy,bear,3,2139,567,-0.0032738752,0.0023596352,-0.005633510837627405,0.453015427769986,-0.0026477800717345703,-0.0022900719195604324,0.4562879850397382,-0.005007415268360757,-4.14256099696956,-0.007223385557689592,-3.9453632371949383,-0.0027282236700833617,-1.9611144571145802,1209,0.9166666666666666,12
boll_break_dn,收盘跌破布林下轨,buy,bear,5,2131,565,0.000111986104,0.002357325,-0.0022453390659716416,0.4903801032379165,-0.001728397225238888,-0.002889379858970642,0.46034725480994837,-0.0040857222762187406,-3.5179115147408266,-0.007428756555655412,-3.1280049293648133,-0.0035947221436125293,-1.8781018630576793,1201,0.9166666666666666,12
boll_break_dn,收盘跌破布林下轨,buy,bear,10,2129,563,0.0042881463,0.002351517,0.0019366289249947994,0.5054015969938939,-0.0018030670395397744,-0.0036550648510456085,0.4659464537341475,-0.004154584130113681,-2.5361367212056094,-0.005865704531869195,-1.9073794989120476,-0.004986692018799122,-1.6927482386751074,1199,0.8333333333333334,12
boll_break_dn,收盘跌破布林下轨,buy,bear,20,2120,558,0.00720048,0.0023528633,0.004847616829283652,0.505188679245283,-0.0027440309210434413,-0.008487762417644262,0.44150943396226416,-0.0050968942383989545,-2.736934576800143,-0.0153054046097,-3.0839372299542287,-0.00316861507882009,-0.90899671878983,1190,0.75,12
boll_break_up,收盘突破布林上轨,buy,any,1,4093,1678,0.00092456664,0.002382658,-0.0014580915717133675,0.4109455167358905,-0.0003814987109013963,-0.0024540210142731667,0.43146836061568533,-0.0027641566672333647,-1.356876517935559,-0.0008782444342072312,-1.08858936201845,-0.0007020340348261015,-0.8099712404130506,1752,0.75,12
boll_break_up,收盘突破布林上轨,buy,any,3,4093,1678,0.0020026674,0.002382658,-0.0003799910759230775,0.4395309064256047,-0.0009119945616944746,-0.0049869222566485405,0.432201319325678,-0.003294652518026443,-1.784407947647346,-0.0021395527533618814,-1.6953772168359575,-0.0011235912318785497,-0.7519929865798398,1752,0.5833333333333334,12
boll_break_up,收盘突破布林上轨,buy,any,5,4092,1677,0.0025144208,0.0023827467,0.00013167398833257887,0.4496578690127077,-0.0015798426952620104,-0.007122454000636935,0.42424242424242425,-0.003962589360069211,-2.071708479268022,-0.0033870976913169338,-2.0498011498321125,-0.0015130775402769844,-0.7763033919838758,1751,0.6666666666666666,12
boll_break_up,收盘突破布林上轨,buy,any,10,4084,1673,0.0051978966,0.0023833301,0.0028145667391065365,0.47331047992164543,-0.0003571187840509215,-0.007720278576016426,0.4400097943192948,-0.0027404489224511185,-0.6058051617554624,-0.0021595580600792213,-0.8634135894887377,0.0003297811777660129,0.11737872526209121,1743,0.5,12
boll_break_up,收盘突破布林上轨,buy,any,20,4069,1664,0.008090082,0.0023818137,0.005708268485890903,0.4730892111083804,-0.0022628544293914854,-0.01491232868283987,0.4236913246497911,-0.004644668141809565,-1.3563957402639413,-0.0015532929248989655,-0.4675445347980896,-0.006523060973953781,-1.5304135574870164,1728,0.5833333333333334,12
boll_break_up,收盘突破布林上轨,buy,bull,1,2916,1076,0.0016583088,0.0023837036,-0.0007253949569542189,0.40912208504801095,-5.3018368034752435e-06,-0.0022918207105249166,0.43415637860082307,-0.002389005435556093,0.5539840229479562,0.0006436485996774797,0.6722380256636559,1.6753655227217556e-05,0.013793492301669735,1143,0.5833333333333334,12
boll_break_up,收盘突破布林上轨,buy,bull,3,2916,1076,0.003986427,0.0023837036,0.0016027235154073528,0.44650205761316875,-2.2613154022794073e-05,-0.005055895773693919,0.43106995884773663,-0.002406316752775412,0.2492242022292444,0.0005144697874128021,0.3351304730778664,-6.148127732648295e-05,-0.029959470298463763,1143,0.5833333333333334,12
boll_break_up,收盘突破布林上轨,buy,bull,5,2916,1076,0.005604631,0.0023837036,0.0032209269209735433,0.46296296296296297,-0.0001425158653497876,-0.006674827542155981,0.4324417009602195,-0.0025262194641024055,0.14310861154498183,-0.00012794547642141802,-0.06524480045244384,0.0008351082790369321,0.3375857666938319,1143,0.5,12
boll_break_up,收盘突破布林上轨,buy,bull,10,2916,1076,0.009222635,0.0023837036,0.006838930560989655,0.4838820301783265,0.001748523491818652,-0.0072777061723172665,0.443758573388203,-0.0006351801069339658,1.260873130157927,0.0019589458432571257,0.700028772055784,0.004260237357430402,1.1836795574480279,1143,0.5,12
boll_break_up,收盘突破布林上轨,buy,bull,20,2916,1076,0.009708454,0.00237976,0.007328694391542463,0.4742798353909465,-0.0003692088949296685,-0.01452017342671752,0.42901234567901236,-0.002748968808240077,-0.048334523137407624,0.0014849300407297782,0.42443783497769205,-0.002998566696791057,-0.6463176489106333,1143,0.5,12
boll_break_up,收盘突破布林上轨,buy,bear,1,1177,602,-0.0008932685,0.002380068,-0.003273336540819296,0.4154630416312659,-0.0013135208730675287,-0.0027461303398013115,0.42480883602378927,-0.0036935888213194914,-3.280363423580816,-0.00438676964990789,-3.0638537791216094,-0.0016217985461114339,-1.441379244731195,609,0.8333333333333334,12
boll_break_up,收盘突破布林上轨,buy,bear,3,1177,602,-0.0029120692,0.002380068,-0.005292136996330498,0.42225998300764656,-0.003115423775603243,-0.004738079383969307,0.43500424808836025,-0.005495491723855206,-3.35659974314161,-0.008258054382597477,-3.527904807465487,-0.0024826727197757668,-1.174629016046103,609,0.8333333333333334,12
boll_break_up,收盘突破布林上轨,buy,bear,5,1176,601,-0.0051480383,0.0023803741,-0.00752841236505267,0.4166666666666667,-0.005143826569432114,-0.007961653638631105,0.4039115646258503,-0.007524200689980482,-3.676615456790949,-0.010900646589414987,-3.7700907156205954,-0.004527745143290561,-1.5296066988711443,608,0.9166666666666666,12
boll_break_up,收盘突破布林上轨,buy,bear,10,1168,597,-0.004850163,0.0023823972,-0.007232560747718097,0.4469178082191781,-0.00561401337004037,-0.009274897165596485,0.4306506849315068,-0.007996410556051447,-2.4950580560093907,-0.011654229810388182,-2.4056629458551297,-0.004783755457315753,-1.0905983642470436,600,0.8333333333333334,12
boll_break_up,收盘突破布林上轨,buy,bear,20,1153,588,0.0039971313,0.0023870077,0.0016101228303141918,0.47007805724197743,-0.007051987454968813,-0.016030091792345047,0.41023417172593235,-0.009438995153385522,-2.0372678594391798,-0.008557518352371944,-1.197464830329016,-0.011250744676768608,-1.7247644163219853,585,0.75,12
break_hh20,收盘创 20 日新高,buy,any,1,4351,1721,0.00089738885,0.00238484,-0.001487451446987932,0.4084118593426798,-0.00043765219320200823,-0.002317747101187706,0.44058837048954264,-0.0028224922383263008,-1.544393305092189,-0.0011995344267977047,-1.5771284400725931,-0.00036705143083933515,-0.45654984385637404,1816,0.6666666666666666,12
break_hh20,收盘创 20 日新高,buy,any,3,4351,1721,0.0018216721,0.00238484,-0.0005631683689478275,0.4394392093771547,-0.0016419175741426695,-0.005510738119482994,0.4320845782578718,-0.004026757619266962,-2.519196513739759,-0.0026705697182055356,-2.1327049248275474,-0.0019021411151917704,-1.3572363158549021,1816,0.6666666666666666,12
break_hh20,收盘创 20 日新高,buy,any,5,4351,1721,0.002024596,0.00238484,-0.00036024447504976137,0.4509308205010342,-0.0026124253313481905,-0.007124002557247877,0.4261089404734544,-0.004997265376472482,-3.181239290961643,-0.004637448935426163,-3.1539472127566497,-0.0023120290669393965,-1.2333826856583399,1816,0.75,12
break_hh20,收盘创 20 日新高,buy,any,10,4347,1718,0.0041623088,0.0023850563,0.0017772521937663094,0.47458017023234417,-0.002450774005009622,-0.007944812066853046,0.43777317690361167,-0.004835830349801869,-2.0108198726543507,-0.003589053134369011,-1.575159158991705,-0.003537873256905433,-1.251969575084444,1812,0.5833333333333334,12
break_hh20,收盘创 20 日新高,buy,any,20,4333,1711,0.007148072,0.0023835634,0.004764508979178939,0.4765751211631664,-0.004094730483421989,-0.014502349309623241,0.4301869374567274,-0.006478293918127127,-1.8804360712027526,-0.004379779319969914,-1.3461986064422002,-0.006383110014029932,-1.316976345769552,1798,0.75,12
break_hh20,收盘创 20 日新高,buy,bull,1,3129,1103,0.0017483484,0.002387977,-0.000639628638225622,0.4116331096196868,-2.899560048607087e-05,-0.0022479139734059572,0.4429530201342282,-0.002416972572872312,0.41002584870834985,0.00030719069442696,0.34455304476348236,0.0002524500580841335,0.22265548121497666,1187,0.5833333333333334,12
break_hh20,收盘创 20 日新高,buy,bull,3,3129,1103,0.0035141462,0.002387977,0.0011261692507355155,0.4477468839884947,-0.0009706125433539473,-0.005569457076489925,0.43400447427293065,-0.0033585895157401883,-0.5440729345433762,-0.0007312446835645052,-0.501904223395157,-0.0004773310119379864,-0.2373312428563852,1187,0.5,12
break_hh20,收盘创 20 日新高,buy,bull,5,3129,1103,0.0042384327,0.002387977,0.0018504558600196872,0.46116970278044106,-0.0015541852746470916,-0.007124002557247877,0.4304889741131352,-0.003942162247033332,-1.0572927282906668,-0.0021682183660718794,-1.2300545910479597,-0.0002850080280778732,-0.11831253292630899,1187,0.5,12
break_hh20,收盘创 20 日新高,buy,bull,10,3129,1103,0.007999467,0.002387977,0.005611489629734962,0.4825822946628316,-0.00032005999335520905,-0.0074784778989851475,0.44327261105784593,-0.00270803696574145,0.12855939784478845,0.0005261936267808296,0.19576829958074662,-0.0001992808128415505,-0.059183804686967156,1187,0.5,12
break_hh20,收盘创 20 日新高,buy,bull,20,3129,1103,0.0085530225,0.0023843015,0.006168720428664452,0.4813039309683605,-0.002247759707775961,-0.013761155307292938,0.4378395653563439,-0.004632061215621482,-0.4168913289824461,-0.0006437195553631148,-0.17411530192899438,-0.0025284355553848686,-0.43889640097979027,1187,0.8333333333333334,12
break_hh20,收盘创 20 日新高,buy,bear,1,1222,618,-0.0012815412,0.0023768086,-0.0036583496209791496,0.4001636661211129,-0.0014840404735687578,-0.0024793921038508415,0.43453355155482815,-0.00386084902564021,-3.2759459801741944,-0.004720150314626578,-3.4323987658159543,-0.0011374571286031359,-1.0225842502909226,629,0.75,12
break_hh20,收盘创 20 日新高,buy,bear,3,1222,618,-0.002512004,0.0023768086,-0.004888812732277762,0.41816693944353517,-0.003360832010589406,-0.005290029104799032,0.42716857610474634,-0.005737640562660858,-3.447348705737062,-0.007201999129213174,-2.9184619870585005,-0.00367402034616122,-1.8936953577312634,629,0.8333333333333334,12
break_hh20,收盘创 20 日新高,buy,bear,5,1222,618,-0.003644059,0.0023768086,-0.0060208675097734145,0.4247135842880524,-0.005322108749856978,-0.007143354043364525,0.4148936170212766,-0.00769891730192843,-3.720241849110633,-0.01040705631153176,-3.703078839796743,-0.004832811640908214,-1.6624123636473498,629,0.8333333333333334,12
break_hh20,收盘创 20 日新高,buy,bear,10,1218,615,-0.0056952178,0.0023775531,-0.00807277156415316,0.4540229885057471,-0.007924504828052856,-0.00925790099427104,0.4236453201970443,-0.010302057972522713,-3.3916674289769793,-0.013204744095879257,-3.2511160785577067,-0.007730021697995354,-1.6813597442448724,625,0.8333333333333334,12
break_hh20,收盘创 20 日新高,buy,bear,20,1204,608,0.0034968369,0.0023816447,0.0011151920145276379,0.4642857142857143,-0.008894706859664862,-0.016695227473974228,0.41029900332225916,-0.011276351537035649,-2.650261331763541,-0.013109461449688418,-2.185786660679646,-0.011335473225799086,-1.6082555248629342,611,0.8333333333333334,12
break_hh60_vol,放量创 60 日新高（量比>1.5）,buy,any,1,1273,818,0.0026267574,0.0023839434,0.00024281374429238636,0.4304791830322074,0.0005988502137863917,-0.0017628083005547523,0.4540455616653574,-0.0017850932005291896,0.2949594507170963,0.0014891739633941332,1.1658033227139166,-0.0013974485818034775,-0.9181498297814356,516,0.6666666666666666,12
break_hh60_vol,放量创 60 日新高（量比>1.5）,buy,any,3,1273,818,0.0024979052,0.0023839434,0.00011396174607977698,0.4516889238020424,-0.0008004171623265296,-0.005532052367925644,0.43205027494108406,-0.003184360576642111,-0.8509020038905322,0.001164393299582737,0.5695144387562262,-0.0049330824004741565,-1.9349074861579043,516,0.5833333333333334,12
break_hh60_vol,放量创 60 日新高（量比>1.5）,buy,any,5,1273,818,0.00090859615,0.0023839434,-0.0014753475746069286,0.4587588373919874,-0.0031290134750284657,-0.007395438849925995,0.42340926944226237,-0.0055129568893440475,-1.9383962226976619,-0.0014485744701658002,-0.5421391546647831,-0.007658097787344519,-2.3600455060011822,516,0.75,12
break_hh60_vol,放量创 60 日新高（量比>1.5）,buy,any,10,1272,817,0.0044944757,0.0023842219,0.002110253866566433,0.4528301886792453,-0.003260391006178849,-0.009119537193328142,0.4300314465408805,-0.00564461288594424,-1.2756187456963053,-0.00022478755779055677,-0.05561356313899636,-0.009281896512752616,-1.941938313719246,515,0.5833333333333334,12
break_hh60_vol,放量创 60 日新高（量比>1.5）,buy,any,20,1270,815,0.0036418007,0.0023816456,0.001260154658958763,0.4566929133858268,-0.0061811496600816685,-0.017191126011312008,0.41653543307086616,-0.00856279526877503,-1.8104136050053388,-0.003004175839233776,-0.5801810881515288,-0.012828029850628963,-2.261320932974514,513,0.6666666666666666,12
break_hh60_vol,放量创 60 日新高（量比>1.5）,buy,bull,1,1019,606,0.003504062,0.0023867516,0.0011173103695260192,0.43866535819430813,0.0007961769575010702,-0.0017952406778931618,0.4494602551521099,-0.0015905746272076205,0.6869972341054438,0.0016429633502843904,1.180246839272288,-0.000657777560831086,-0.36042388886756305,384,0.6666666666666666,12
break_hh60_vol,放量创 60 日新高（量比>1.5）,buy,bull,3,1019,606,0.005183612,0.0023867516,0.0027968599943988394,0.46712463199214915,0.0006322782760635895,-0.0050832005217671394,0.44259077526987245,-0.0017544733086451011,0.5310412164766095,0.002707888039546216,1.2191573011522596,-0.001894535311529819,-0.6452157627077579,384,0.6666666666666666,12
break_hh60_vol,放量创 60 日新高（量比>1.5）,buy,bull,5,1019,606,0.0042952816,0.0023867516,0.0019085302631522898,0.47399411187438667,-0.001634995311282034,-0.0073181018233299255,0.4268891069676153,-0.004021746895990725,-0.669103923293737,0.001102490540912623,0.38966811630880394,-0.005785519782608649,-1.530869832944591,384,0.5833333333333334,12
break_hh60_vol,放量创 60 日新高（量比>1.5）,buy,bull,10,1019,606,0.008069374,0.0023867516,0.00568262142631005,0.4563297350343474,-0.0011043333365299518,-0.009349945932626724,0.4268891069676153,-0.0034910849212386424,-0.21239743105585812,0.0033521980616486096,0.7841902769751006,-0.0072580353681957945,-1.456477776140241,384,0.5,12
break_hh60_vol,放量创 60 日新高（量比>1.5）,buy,bull,20,1019,606,0.004381585,0.0023828263,0.0019987582935852488,0.4524043179587831,-0.0054198884210065815,-0.019387828186154366,0.4151128557409225,-0.0078027147138939115,-1.6656037938718689,-0.0018389746056330554,-0.343483433660894,-0.013874039466739495,-3.028929759609492,384,0.75,12
break_hh60_vol,放量创 60 日新高（量比>1.5）,buy,bear,1,254,212,-0.00089282444,0.002372677,-0.00326550145694018,0.39763779527559057,-0.00019278739190359753,-0.0016462980420328677,0.47244094488188976,-0.0025654643642034117,-0.5276318017826668,0.0009361236682310936,0.3123725232710877,-0.0029863715157441703,-1.1140924417504248,132,0.5555555555555556,9
break_hh60_vol,放量创 60 日新高（量比>1.5）,buy,bear,3,254,212,-0.008276642,0.002372677,-0.010649319021782918,0.38976377952755903,-0.006548120515553031,-0.0069321764167398214,0.38976377952755903,-0.008920797487852846,-2.5084633635013898,-0.004386251246055158,-1.0333478304393138,-0.011460331702650883,-2.469682085182066,132,0.7777777777777778,9
break_hh60_vol,放量创 60 日新高（量比>1.5）,buy,bear,5,254,212,-0.012678148,0.002372677,-0.015050825986719698,0.39763779527559057,-0.00912273201383797,-0.007955383509397507,0.4094488188976378,-0.011495408986137785,-2.7637143407758424,-0.010622596721543979,-1.8608548258518383,-0.011680672760480829,-2.0500406696355506,132,0.7777777777777778,9
break_hh60_vol,放量创 60 日新高（量比>1.5）,buy,bear,10,253,211,-0.009904024,0.0023740313,-0.012278056581570903,0.43873517786561267,-0.011944275454290417,-0.008563147857785225,0.4426877470355731,-0.014318306802444366,-2.025083176756864,-0.013088178150773717,-1.3081685613045992,-0.013670081424315075,-1.5711479206538714,131,0.7777777777777778,9
break_hh60_vol,放量创 60 日新高（量比>1.5）,buy,bear,20,251,209,0.0006384536,0.0023768523,-0.0017383995389870083,0.47410358565737054,-0.00927168831592834,-0.011379911564290524,0.42231075697211157,-0.011648540640160798,-1.1891741407058352,-0.007194418736990207,-0.6807945422566708,-0.010516846698841877,-0.983597022200071,129,0.6666666666666666,9
new_high_250,创 250 日新高,buy,any,1,1113,709,0.0006454103,0.002403522,-0.0017581117245727318,0.42946990116801437,-7.189858251917871e-05,-0.0016540363430976868,0.46271338724168914,-0.0024754204928289702,0.12092404587221532,-0.0012864926381640478,-0.8952217784444262,0.0028011621529988764,1.2300342284827057,346,0.4166666666666667,12
new_high_250,创 250 日新高,buy,any,3,1113,709,0.0003752911,0.002403522,-0.002028231040479114,0.4348607367475292,-0.0022616625585871928,-0.0067274062894284725,0.4411500449236298,-0.004665184468896985,-1.8288203737960667,-0.004194835351366779,-1.7863319749875772,-0.002653307657269681,-0.7276159737137763,346,0.75,12
new_high_250,创 250 日新高,buy,any,5,1113,709,0.00022793973,0.002403522,-0.002175581867736325,0.4555256064690027,-0.003132136797918189,-0.009575332514941692,0.4339622641509434,-0.00553565870822798,-1.6952295434340936,-0.005422886107021332,-1.7380276388075864,-0.0024743485740961416,-0.5463180087009243,346,0.6666666666666666,12
new_high_250,创 250 日新高,buy,any,10,1113,709,0.004220613,0.002403522,0.0018170909036803566,0.46540880503144655,-0.0031758415414838777,-0.009534711018204689,0.444743935309973,-0.005579363451793669,-1.4615816626288745,-0.005616941383907938,-1.2258584631737182,-0.00470241191871986,-0.7961234236794472,346,0.75,12
new_high_250,创 250 日新高,buy,any,20,1112,708,-0.004567605,0.0024016188,-0.006969224425250909,0.4442446043165468,-0.00787509845740584,-0.018972772173583508,0.4370503597122302,-0.010276717210034404,-1.4174101369854677,-0.006415519865579695,-0.954330401142285,-0.011145323986223699,-1.0964681717373277,345,0.9166666666666666,12
new_high_250,创 250 日新高,buy,bull,1,924,552,0.0014542742,0.0024053678,-0.0009510939841293372,0.43614718614718617,0.0005832446856650429,-0.0014179983409121633,0.46645021645021645,-0.0018221231059876366,0.6632356825386588,-0.0009470490480456608,-0.6314687113652628,0.00463273047790115,1.6937120956316472,271,0.45454545454545453,11
new_high_250,创 250 日新高,buy,bull,3,924,552,0.0017808283,0.0024053678,-0.0006245396414835176,0.44264069264069267,-0.0014148078163636211,-0.005959114292636514,0.44805194805194803,-0.003820175608016301,-1.1653918923302335,-0.0030019282964025566,-1.0934105965853411,-0.00208688032582963,-0.49583397885315816,271,0.6363636363636364,11
new_high_250,创 250 日新高,buy,bull,5,924,552,0.0020686747,0.0024053678,-0.00033669331719170557,0.4621212121212121,-0.0021003065465745874,-0.00822416041046381,0.4448051948051948,-0.004505674338227267,-1.0016708348351866,-0.002548955114819423,-0.7000122826190587,-0.003583253845127773,-0.7806765425983322,271,0.6363636363636364,11
new_high_250,创 250 日新高,buy,bull,10,924,552,0.005933347,0.0024053678,0.003527978742512818,0.4653679653679654,-0.0016533560124608927,-0.009262841660529375,0.4523809523809524,-0.004058723804113572,-0.7702136626113303,-0.0029399248256193975,-0.615661244231268,-0.0028265886050331517,-0.4689747659949251,271,0.6363636363636364,11
new_high_250,创 250 日新高,buy,bull,20,924,552,-0.0037562698,0.0024026625,-0.006158932417117612,0.4491341991341991,-0.005773062721495537,-0.018052371218800545,0.44372294372294374,-0.008175725253899601,-0.9112456818949995,-0.002752696453174341,-0.4128975220099297,-0.00975337441846575,-0.9849806848105662,271,0.9090909090909091,11
new_high_250,创 250 日新高,buy,bear,1,189,157,-0.0033090343,0.0023944974,-0.005703531788962661,0.3968253968253968,-0.003274821226975373,-0.002095082774758339,0.4444444444444444,-0.005669318621537141,-0.913604697902914,-0.002662917745347397,-0.6827860575301758,-0.0022772772933210648,-0.6163141719754751,75,0.7142857142857143,7
new_high_250,创 250 日新高,buy,bear,3,189,157,-0.006496225,0.0023944974,-0.008890722324457586,0.3968253968253968,-0.006401841298346876,-0.014139704406261444,0.4074074074074074,-0.008796338692908644,-1.8238692328264818,-0.009032007914903018,-1.8400668152271369,-0.00422385616717164,-0.699948043968659,75,0.8571428571428571,7
new_high_250,创 250 日新高,buy,bear,5,189,157,-0.008771206,0.0023944974,-0.011165703670398909,0.42328042328042326,-0.008176640248931354,-0.014648051001131535,0.38095238095238093,-0.010571137643493121,-1.7563133952689824,-0.01707651837210379,-2.425921343113995,0.0006003433137642921,0.07880191619772829,75,0.8571428571428571,7
new_high_250,创 250 日新高,buy,bear,10,189,157,-0.004152752,0.0023944974,-0.0065472496417227875,0.4656084656084656,-0.010619104127818472,-0.01205709669739008,0.4074074074074074,-0.01301360152238024,-1.771895317206827,-0.016472096438946086,-1.4573805885821132,-0.009903558379396646,-1.086928111671999,75,0.8571428571428571,7
new_high_250,创 250 日新高,buy,bear,20,188,156,-0.008555233,0.0023964895,-0.010951723443948604,0.42021276595744683,-0.01820638047858201,-0.026923250406980515,0.40425531914893614,-0.02060286997213088,-2.392061593098003,-0.021268067548849752,-2.0453221260755647,-0.015064197384680693,-1.482755884511853,74,0.8571428571428571,7
break_ll20,收盘创 20 日新低,sell,any,1,4580,1222,0.0008594644,0.0023518538,-0.001492389380131912,0.47358078602620085,-0.00031872306882142494,-0.0007155206985771656,0.47532751091703057,-0.0026705768325060554,-0.7085200198274036,-0.0006247736926929421,-0.9696270710786449,1.5502583649759445e-05,0.02889124091744059,2419,0.75,12
break_ll20,收盘创 20 日新低,sell,any,3,4568,1220,0.0014827149,0.0023502607,-0.0008675456927770724,0.4868651488616462,-0.00021081382936041182,-0.0014282020274549723,0.4711033274956217,-0.0025610745657811624,-0.4037953086715275,-0.00010015734640511249,-0.08878154425654812,-0.00048513029271623803,-0.5049700059562957,2407,0.6666666666666666,12
break_ll20,收盘创 20 日新低,sell,any,5,4556,1218,0.0046130614,0.002349449,0.002263612421304637,0.5136084284460053,0.000315414072505937,-0.0023661332670599222,0.4688323090430202,-0.0020340350162910362,-0.14305557455630039,-0.0006408210042126105,-0.47018767738402606,0.00034311183514270066,0.25600925439119876,2395,0.6666666666666666,12
break_ll20,收盘创 20 日新低,sell,any,10,4544,1214,0.0075341035,0.0023479906,0.005186112878826746,0.5160651408450704,-0.00017081196716937585,-0.004378357902169228,0.4590669014084507,-0.002518802604814501,-1.1154945046810671,-0.0011257910740333098,-0.5615496436559987,-0.0017812873069213836,-1.0486130063709562,2383,0.75,12
break_ll20,收盘创 20 日新低,sell,any,20,4529,1207,0.014237785,0.0023478295,0.011889954151795678,0.5151247516007949,0.0009539394105705837,-0.007307371124625206,0.44557297416648267,-0.0013938901082691333,-1.2765996395687993,-0.0047938880233674,-1.4417046281406642,-0.0016566206764557613,-0.448828077793089,2368,0.6666666666666666,12
break_ll20,收盘创 20 日新低,sell,bull,1,1559,544,-6.698471e-05,0.0023464656,-0.0024134503134441445,0.4393842206542656,5.373040678946157e-05,-0.0005995292449370027,0.47979474021808854,-0.002292735190139731,-0.008792530399817247,-0.000169917122401681,-0.1906276736474437,0.00017854460914209084,0.2239679522297092,713,0.6363636363636364,11
break_ll20,收盘创 20 日新低,sell,bull,3,1559,544,0.0014454605,0.0023464656,-0.0009010051891811128,0.47915330339961515,0.00029523513751639733,-0.0015378911048173904,0.4644002565747274,-0.0020512304594127954,0.9940787659684426,0.0024558870763605354,1.3515043874420019,-0.00026342885309223136,-0.18470393197241758,713,0.5454545454545454,11
break_ll20,收盘创 20 日新低,sell,bull,5,1559,544,0.0041048485,0.0023464656,0.0017583826048184824,0.5131494547787043,0.0013050666465302284,-0.002359062433242798,0.4644002565747274,-0.0010413989503989642,1.4148990313612209,0.0028128427089090594,1.3496121193691633,0.001125857999285568,0.5910111952384932,713,0.6363636363636364,11
break_ll20,收盘创 20 日新低,sell,bull,10,1559,544,0.0072242427,0.0023464656,0.004877777062055539,0.49839640795381657,0.0007241205091652717,-0.005689440295100212,0.4483643361128929,-0.001622345087763921,0.5945014642897603,0.004844112289237527,1.7148691287094353,-0.002955836734016305,-1.2379699237365305,713,0.6363636363636364,11
break_ll20,收盘创 20 日新低,sell,bull,20,1559,544,0.012127329,0.0023429377,0.009784391639192485,0.5003207184092366,8.301605707042832e-05,-0.008659353479743004,0.4304041051956382,-0.002259921689946121,-0.6752013468193586,0.0022682474704767554,0.5078205869983438,-0.0077572266925869495,-1.4379265001628265,713,0.5454545454545454,11
break_ll20,收盘创 20 日新低,sell,bear,1,3021,678,0.0013375623,0.002354634,-0.0010170719372210313,0.49122807017543857,-0.0005109292814918559,-0.0007697390392422676,0.47302217808672625,-0.0028655632758923574,-0.9249670822414126,-0.001049997913128095,-1.1502408958395727,-9.744027497969895e-05,-0.1353320283802514,1706,0.6666666666666666,12
break_ll20,收盘创 20 日新低,sell,bear,3,3009,676,0.0015020168,0.0023522265,-0.0008502099151453347,0.490860751080093,-0.00047300403851991514,-0.001323465257883072,0.4745762711864407,-0.0028252305640650353,-1.5594403527895462,-0.0024896842171990567,-1.7811858819963615,-0.0006395402384706278,-0.4992052307188057,1694,0.75,12
break_ll20,收盘创 20 日新低,sell,bear,5,2997,674,0.0048774276,0.002351001,0.002526426329847151,0.5138471805138471,-0.000199390186053913,-0.002490052953362465,0.4711378044711378,-0.0025503910910908392,-1.4780144716837977,-0.003869490338629286,-2.240927735313418,-0.0002050237620908599,-0.1145615489458,1682,0.5833333333333334,12
break_ll20,收盘创 20 日新低,sell,bear,10,2985,670,0.007695937,0.0023487872,0.005347149910098542,0.5252931323283082,-0.0006382155620121617,-0.0037398338317871094,0.4646566164154104,-0.002987002713289227,-2.1179132707281334,-0.006706775651423312,-2.7665306437657815,-0.0009497192552315899,-0.416808988484938,1670,0.8333333333333334,12
break_ll20,收盘创 20 日新低,sell,bear,20,2970,663,0.015345595,0.0023503972,0.012995197235010619,0.5228956228956229,0.0014111008611115744,-0.006489414721727371,0.4535353535353535,-0.0009392963140663574,-1.249434031304093,-0.011395949543671218,-3.0288393193606047,0.002747468498110854,0.6821653540793834,1655,0.8333333333333334,12
break_ll60,收盘创 60 日新低,sell,any,1,2280,779,0.0013950575,0.0023327414,-0.0009376836548701823,0.4745614035087719,-0.0008249162669176657,-0.0012300084927119315,0.4583333333333333,-0.003157657661556681,-1.1589390000122697,-0.000883703068164181,-1.0023811182891016,-0.00046121257345514975,-0.630533508216155,1273,0.6666666666666666,12
break_ll60,收盘创 60 日新低,sell,any,3,2277,777,0.0034606887,0.002331076,0.0011296127095987646,0.49363197189284147,-0.0009122564830504592,-0.0019926810637116432,0.46728151075977165,-0.0032433324400954183,-1.1857174878804837,-0.0013662763280839654,-0.8634886387945302,-0.0010467610081000844,-0.8118210179121007,1270,0.5833333333333334,12
break_ll60,收盘创 60 日新低,sell,any,5,2275,776,0.007922775,0.002330413,0.005592362229019252,0.5226373626373626,-0.00015428399234744056,-0.0028067072853446007,0.4602197802197802,-0.002484697080549917,-1.0018118737878066,-0.002467058160350327,-1.4505141268522261,-0.00026009929596546076,-0.1388532943844297,1268,0.5833333333333334,12
break_ll60,收盘创 60 日新低,sell,any,10,2274,775,0.011337228,0.0023287863,0.009008441886774193,0.5321020228671943,-0.0016118976185689965,-0.005622660741209984,0.4547053649956025,-0.0039406839190642634,-1.7840860055120409,-0.005844661961178077,-2.3180037339058623,-0.001005493262325038,-0.3920856087180434,1267,0.6666666666666666,12
break_ll60,收盘创 60 日新低,sell,any,20,2271,772,0.021096777,0.0023289255,0.01876785201598771,0.5367679436371643,0.0006016231119839408,-0.006604345515370369,0.45002201673271686,-0.0017273024212362312,-0.9162432012805498,-0.00789316845723531,-1.7823744669780484,0.0005379766485376738,0.0959729310196243,1264,0.8333333333333334,12
break_ll60,收盘创 60 日新低,sell,bull,1,538,259,-0.0021084007,0.0023150926,-0.004423493606899172,0.4033457249070632,-0.0009171758729922949,-0.001363057759590447,0.45724907063197023,-0.003232268472011703,-1.2196587087432642,-0.0005839873628183199,-0.39092742032467304,-0.0016889800134747054,-1.5617842674017863,250,0.625,8
break_ll60,收盘创 60 日新低,sell,bull,3,538,259,-0.0032423611,0.0023150926,-0.005557454188605753,0.41263940520446096,-0.0010629726408722855,-0.0032108466839417815,0.44609665427509293,-0.0033780652398916937,-0.22602707457230115,0.0018230235631168375,0.6750758321662595,-0.0026630153420897666,-1.2480995369672017,250,0.625,8
break_ll60,收盘创 60 日新低,sell,bull,5,538,259,-0.0017731339,0.0023150926,-0.004088226595757612,0.44981412639405205,-0.0009850924289317932,-0.004788255086168647,0.4368029739776952,-0.0033001850279512014,-0.10816950234098474,0.0012525490165169453,0.4073940645357655,-0.0018060950404079172,-0.49631512377375103,250,0.5,8
break_ll60,收盘创 60 日新低,sell,bull,10,538,259,-0.0016411633,0.0023150926,-0.003956256419336717,0.42936802973977695,-0.003242602068965486,-0.01058637909591198,0.42379182156133827,-0.005557694667984894,-1.2536202628669229,-0.00045218819930745955,-0.10215628645002825,-0.008557104480555792,-1.6075744976696393,250,0.625,8
break_ll60,收盘创 60 日新低,sell,bull,20,538,259,0.00031587624,0.0023141634,-0.001998287163087129,0.43866171003717475,-0.0014731465686514253,-0.00861517246812582,0.4275092936802974,-0.003787309940572011,-0.6501327859208083,-0.000617548564458432,-0.08999759997899943,-0.008684176524945205,-0.7164455641002607,250,0.5,8
break_ll60,收盘创 60 日新低,sell,bear,1,1742,520,0.0024770673,0.0023381915,0.0001388753314625368,0.4965556831228473,-0.0007964227720450189,-0.0011803933884948492,0.45866819747416765,-0.003134614266390684,-0.5897858317674262,-0.0010551561572484944,-0.9502160911379178,7.883633486960344e-05,0.08520930425336395,1023,0.6666666666666666,12
break_ll60,收盘创 60 日新低,sell,bear,3,1739,518,0.0055344324,0.0023360206,0.0031984120145062004,0.518688901667625,-0.0008656289425627407,-0.0014449036680161953,0.4738355376653249,-0.003201649523986977,-1.2910116584272209,-0.003190722990735953,-1.6928408293395818,-0.00033091133768250937,-0.20435245807380817,1020,0.6666666666666666,12
break_ll60,收盘创 60 日新低,sell,bear,5,1737,517,0.010925883,0.002335158,0.008590725376820032,0.5451928612550374,0.00010304182163205386,-0.002323068678379059,0.4674726540011514,-0.0022321161222574448,-1.1270644623347228,-0.004594868379431605,-2.197742860456378,0.0004270099237867429,0.18725192131704252,1018,0.75,12
break_ll60,收盘创 60 日新低,sell,bear,10,1736,516,0.015359334,0.0023330299,0.01302630345859889,0.5639400921658986,-0.0011065295342871353,-0.00406341627240181,0.4642857142857143,-0.003439559406093638,-1.3193098544502222,-0.008929439528012362,-3.882921816448784,0.0023624727165374596,0.8586797676577511,1017,0.8333333333333334,12
break_ll60,收盘创 60 日新低,sell,bear,20,1733,513,0.02754809,0.0023335083,0.025214581893853987,0.5672244662435084,0.0012457235667916887,-0.006381900981068611,0.4570109636468552,-0.0010877847719875224,-0.7263442499900655,-0.012055204291094574,-2.5937323155556413,0.004694440050670802,0.9391388243591746,1014,0.8333333333333334,12
vol_surge_up,放量大涨（量比>2.5 且涨幅>3%）,buy,any,1,1472,961,0.0021996007,0.0024015217,-0.00020192088089990412,0.43342391304347827,0.0007095665416035563,-0.0026361498748883605,0.45108695652173914,-0.0016919551206466049,0.9807444747506653,0.0037071287383062283,2.707153861320286,-0.0029179732117590377,-1.994687392223086,588,0.6666666666666666,12
vol_surge_up,放量大涨（量比>2.5 且涨幅>3%）,buy,any,3,1472,961,0.004885221,0.0024015217,0.002483699265667383,0.4544836956521739,0.0014813006136848896,-0.004868716467171907,0.4483695652173913,-0.0009202210485652715,1.154254493666573,0.004789712141461617,1.9654973751331974,-0.0020212214381183815,-0.87472707276537,588,0.5833333333333334,12
vol_surge_up,放量大涨（量比>2.5 且涨幅>3%）,buy,any,5,1472,961,0.0041742143,0.002401182,0.0017730320593095119,0.4470108695652174,0.0005105241138074274,-0.007845894899219275,0.43002717391304346,-0.0018906578485336427,0.64095938319587,0.0056091983588394696,1.9936107184938852,-0.004827011146098758,-1.6344116684839496,588,0.3333333333333333,12
vol_surge_up,放量大涨（量比>2.5 且涨幅>3%）,buy,any,10,1468,957,0.0065746997,0.0024015394,0.0041731608649639654,0.46866485013623976,0.0013960424120879253,-0.009703351184725761,0.43869209809264303,-0.0010054969452911536,0.9891316023752517,0.006491285524189847,1.5044851767624348,-0.0018983699247801858,-0.44728300885651123,584,0.5833333333333334,12
vol_surge_up,放量大涨（量比>2.5 且涨幅>3%）,buy,any,20,1461,952,0.011779061,0.0024005817,0.009378478080256967,0.47707049965776865,0.00020419974769303074,-0.014079627580940723,0.431895961670089,-0.0021963819772487,0.5486410261193286,0.007819904006491804,1.281977144367635,-0.005650747159855744,-1.038832047803857,577,0.4166666666666667,12
vol_surge_up,放量大涨（量比>2.5 且涨幅>3%）,buy,bull,1,959,593,0.0024766116,0.0023999165,7.669492264619832e-05,0.42752867570385816,0.0006191123242837662,-0.002064668107777834,0.456725755995829,-0.001780804203509045,0.6903214349667216,0.003793237065993762,2.267035549473888,-0.0041278361647561984,-1.941460403090931,343,0.75,12
vol_surge_up,放量大涨（量比>2.5 且涨幅>3%）,buy,bull,3,959,593,0.0066541582,0.0023999165,0.004254241728775468,0.44525547445255476,0.0018963366475590428,-0.004732655826956034,0.45255474452554745,-0.0005035798802337686,1.2485549064883879,0.006642227722654916,2.178213426378119,-0.0037690608171645065,-1.1899865769219946,343,0.5833333333333334,12
vol_surge_up,放量大涨（量比>2.5 且涨幅>3%）,buy,bull,5,959,593,0.0050181127,0.0023999165,0.0026181963325137753,0.4483837330552659,0.0001378090209954023,-0.008153366856276989,0.42231491136600624,-0.002262107506797409,0.5808941337976983,0.006622708136444745,1.7216135784559585,-0.006885878076223707,-1.6061419429458075,343,0.5,12
vol_surge_up,放量大涨（量比>2.5 且涨幅>3%）,buy,bull,10,959,593,0.010297339,0.0023999165,0.007897423400446031,0.470281543274244,0.003464310641213086,-0.009762085974216461,0.44004171011470283,0.0010643941134202747,1.5903380294853602,0.013678331859945837,2.195330924059947,-0.003743336321664001,-0.6280782086448355,343,0.5833333333333334,12
vol_surge_up,放量大涨（量比>2.5 且涨幅>3%）,buy,bull,20,959,593,0.009599726,0.0023957458,0.007203979243787066,0.45985401459854014,-0.0007077879867224145,-0.016991212964057922,0.41605839416058393,-0.003103533819195454,0.5172983544536356,0.009389237614642507,1.1756051135304137,-0.00806274712947601,-1.0702494439671122,343,0.5833333333333334,12
vol_surge_up,放量大涨（量比>2.5 且涨幅>3%）,buy,bear,1,513,368,0.0016817583,0.0024045224,-0.000722764069205386,0.4444444444444444,0.0008786612675483492,-0.0032341661863029003,0.4405458089668616,-0.0015258611160372231,0.7215809466755683,0.003535818486380505,1.4906975488144762,-0.0014566218921276378,-0.7523089710206067,245,0.4166666666666667,12
vol_surge_up,放量大涨（量比>2.5 且涨幅>3%）,buy,bear,3,513,368,0.0015783778,0.0024045224,-0.000826145221897243,0.47173489278752434,0.0007054340318421747,-0.00568404421210289,0.4405458089668616,-0.0016990883517433975,0.2217968949982518,0.00110418114308758,0.25084792371464837,8.993286803283642e-05,0.027633631110434157,245,0.5833333333333334,12
vol_surge_up,放量大涨（量比>2.5 且涨幅>3%）,buy,bear,5,513,368,0.0025966337,0.0024035475,0.0001930855914676239,0.4444444444444444,0.0012072761099219149,-0.006433628033846617,0.4444444444444444,-0.0011962714117586786,0.22412715635127317,0.003592847327603714,0.6903429772495939,-0.0023401774945433426,-0.6464253260841718,245,0.5,12
vol_surge_up,放量大涨（量比>2.5 且涨幅>3%）,buy,bear,10,509,364,-0.00043907427,0.0024045974,-0.0028436716920641307,0.4656188605108055,-0.00250075372097893,-0.009644616395235062,0.4361493123772102,-0.004905351076031759,-0.866214106017253,-0.007807154027998382,-1.2375896542343388,0.00038132993343832107,0.06076000160400397,241,0.6666666666666666,12
vol_surge_up,放量大涨（量比>2.5 且涨幅>3%）,buy,bear,20,502,359,0.015942372,0.0024098204,0.013532550558692496,0.5099601593625498,0.001946423327980704,-0.0053240214474499226,0.46215139442231074,-0.00046339711690121196,0.25331066249685374,0.004697756091328826,0.6644449922652235,-0.0025822264884453436,-0.38440788053719555,234,0.4166666666666667,12
vol_surge_dn,放量大跌（量比>2.5 且跌幅>3%）,sell,any,1,288,229,0.0039139763,0.002353229,0.0015607473166786197,0.5173611111111112,0.0011645692771303907,-0.0008304845541715622,0.4756944444444444,-0.001188659817166303,0.9282393028073006,0.003300305076266419,1.114498481661939,0.00013679113962525617,0.0665517368642025,147,0.6363636363636364,11
vol_surge_dn,放量大跌（量比>2.5 且跌幅>3%）,sell,any,3,286,228,0.007966673,0.0023555243,0.005611148572475381,0.5,0.003019895331003586,-0.0016185706481337547,0.46503496503496505,0.0006643709922217523,1.937342858417584,0.006906654528214227,1.6115662314285648,0.0038834729580532867,1.0973018501148268,145,0.5454545454545454,11
vol_surge_dn,放量大跌（量比>2.5 且跌幅>3%）,sell,any,5,286,228,0.0070553576,0.0023554894,0.004699867946328595,0.513986013986014,0.0002536342122715774,-0.001043248106725514,0.486013986013986,-0.002101855201913708,0.45341727398918563,0.004787680914833342,0.8108364548193936,-0.0011033141373457155,-0.22792550840979456,145,0.45454545454545453,11
vol_surge_dn,放量大跌（量比>2.5 且跌幅>3%）,sell,any,10,286,228,0.006550028,0.002353741,0.0041962870637797895,0.493006993006993,-0.003297654198730117,-0.005225461907684803,0.45454545454545453,-0.005651395287612206,-1.0160950966493252,-0.004910987465464082,-0.9772802626034733,-0.0023566324062247166,-0.486952685026656,145,0.5454545454545454,11
vol_surge_dn,放量大跌（量比>2.5 且跌幅>3%）,sell,any,20,282,225,0.010686261,0.0023530847,0.008333175498017948,0.5177304964539007,-0.00854840090643641,-0.013058061711490154,0.41134751773049644,-0.010901485645734038,-1.9482654633135275,-0.008604899767693902,-1.1051071026739787,-0.009070809154564654,-1.9215252711966424,141,0.6363636363636364,11
vol_surge_dn,放量大跌（量比>2.5 且跌幅>3%）,sell,bull,1,104,96,0.00026024884,0.0023476924,-0.002087443687287305,0.4326923076923077,-0.000467919521794941,-0.0009244002867490053,0.47115384615384615,-0.0028156119033855456,-0.1389090147288323,-0.0007098702660117012,-0.22526664166627064,6.330474438569085e-05,0.015204065113963668,50,0.25,4
vol_surge_dn,放量大跌（量比>2.5 且跌幅>3%）,sell,bull,3,104,96,0.0040355055,0.0023476924,0.00168781267481021,0.41346153846153844,0.004960119396575744,-0.003523346036672592,0.40384615384615385,0.0026124270149851395,1.66520605260065,0.010356159496250957,1.8884300510698309,0.0008683164408218793,0.21249636023508775,50,0.75,4
vol_surge_dn,放量大跌（量比>2.5 且跌幅>3%）,sell,bull,5,104,96,0.0033765235,0.0023476924,0.0010288313675958377,0.4519230769230769,0.005150283151753963,-0.0044312626123428345,0.46153846153846156,0.002802590770163358,0.9982180843637414,0.0169799824943766,1.8501314541240796,-0.00656780512177978,-1.120781192792551,50,0.5,4
vol_surge_dn,放量大跌（量比>2.5 且跌幅>3%）,sell,bull,10,104,96,-0.009789595,0.0023476924,-0.012137287102212633,0.34615384615384615,-0.004452721636670713,-0.013665117789059877,0.40384615384615385,-0.006800414018261318,-0.6208248937079544,0.0064672465489890715,0.8607763534103698,-0.014430074232884428,-3.024923023817363,50,0.75,4
vol_surge_dn,放量大跌（量比>2.5 且跌幅>3%）,sell,bull,20,104,96,-0.012725817,0.002333269,-0.015059086644144442,0.40384615384615385,-0.012507204718601245,-0.015781354159116745,0.36538461538461536,-0.01484047370747878,-1.7062439769118127,-0.003746954258531332,-0.29726511049125814,-0.018963144753466953,-4.4068541654654405,50,0.75,4
vol_surge_dn,放量大跌（量比>2.5 且跌幅>3%）,sell,bear,1,184,133,0.0059791273,0.0023563586,0.0036227683189202294,0.5652173913043478,0.002087280337392535,-0.0008304845541715622,0.4782608695652174,-0.0002690782335855106,1.3160585415287938,0.006895634693481284,1.4749538407461293,0.00017990315816580096,0.09008897894134574,97,0.5,6
vol_surge_dn,放量大跌（量比>2.5 且跌幅>3%）,sell,bear,3,182,132,0.010213054,0.0023599998,0.00785305479971262,0.5494505494505495,0.0019111958649623525,0.00021825660951435566,0.5,-0.00044880394445179586,1.1745314980711683,0.003813994901698538,0.6698391399065229,0.0056762687250557445,0.9606998871580946,95,0.5,6
vol_surge_dn,放量大跌（量比>2.5 且跌幅>3%）,sell,bear,5,182,132,0.009157549,0.002359945,0.006797603134175885,0.5494505494505495,-0.0025444508960040715,6.049731746315956e-05,0.5,-0.004904395990216961,-0.2840297212441567,-0.006143348087515786,-0.8695325332257463,0.0021458426642096753,0.29161354830237174,95,0.3333333333333333,6
vol_surge_dn,放量大跌（量比>2.5 且跌幅>3%）,sell,bear,10,182,132,0.015886957,0.0023571977,0.01352975801577546,0.5769230769230769,-0.002637615662764062,-0.0006216587498784065,0.4835164835164835,-0.004994813355381836,-0.8071980404331108,-0.01511216278876691,-2.491609529989517,0.004822170842059437,0.8383678876363888,95,0.6666666666666666,6
vol_surge_dn,放量大跌（量比>2.5 且跌幅>3%）,sell,bear,20,178,129,0.024365228,0.002364663,0.022000564614786985,0.5842696629213483,-0.0062353919375311125,-0.010351312346756458,0.43820224719101125,-0.00860005487907636,-1.729036447397029,-0.012960299189701725,-1.3296932939073065,-0.0029403476566533704,-0.839744995606796,91,0.6666666666666666,6
shrink_pullback,上升趋势中缩量回调,buy,any,1,2831,1199,0.00046080316,0.0023927162,-0.0019319132835912993,0.4514305898975627,0.0003089814839105137,-0.0012118155136704445,0.4637937124690922,-0.0020837347562273015,1.4308104302091593,0.0012535571698105812,1.8572506995834912,6.818900155685064e-06,0.008758084428464194,1118,0.5,12
shrink_pullback,上升趋势中缩量回调,buy,any,3,2823,1197,0.00030015633,0.0023935954,-0.0020934391502068525,0.4597945448104853,0.00020011154548114934,-0.00349894305691123,0.4353524619199433,-0.0021934838631671033,1.000094336964408,0.0017423821516715278,1.3483205262144755,6.125517826275573e-06,0.003762754204389885,1110,0.5833333333333334,12
shrink_pullback,上升趋势中缩量回调,buy,any,5,2822,1196,-0.00018516423,0.0023935505,-0.0025787150649628234,0.44861800141743446,-0.0004761649542296745,-0.005179387982934713,0.42664776754075123,-0.002869715426563702,0.16897892377803883,0.0008939703862140238,0.5825348216018758,-0.0006864029798870738,-0.27129456075392616,1109,0.6666666666666666,12
shrink_pullback,上升趋势中缩量回调,buy,any,10,2817,1192,0.00021454964,0.0023926126,-0.0021780630338630075,0.4536741214057508,-0.0009731285530745846,-0.009637225419282913,0.4146254881079162,-0.003365741183575974,-0.1498118134815518,0.00039182339132491433,0.15009108079757993,-0.001279145997409973,-0.4057380441269416,1104,0.4166666666666667,12
shrink_pullback,上升趋势中缩量回调,buy,any,20,2810,1187,0.0024909629,0.0023906939,0.00010026897966571308,0.45088967971530247,-0.0015674947565195675,-0.014107801951467991,0.41352313167259785,-0.0039581886296866054,-0.11460868895579696,0.0032591314737987595,0.8725729567455637,-0.005459068338035055,-1.2166143457380452,1097,0.5,12
shrink_pullback,上升趋势中缩量回调,buy,bull,1,2044,745,0.0005586262,0.00239136,-0.0018327339158245132,0.45303326810176126,0.0002897506753724741,-0.001425973605364561,0.45792563600782776,-0.0021016093262660575,1.4226943870329778,0.001058587201509763,1.4304250320273397,0.00048077518793963084,0.4808626038461023,741,0.5833333333333334,12
shrink_pullback,上升趋势中缩量回调,buy,bull,3,2044,745,0.00062058854,0.00239136,-0.0017707714736541946,0.46966731898238745,0.0008187350240244881,-0.0031201662495732307,0.43395303326810175,-0.0015726249776140434,1.8994195313552773,0.0021410700434813922,1.4204350378412716,0.002689036735611507,1.2672910554072792,741,0.6666666666666666,12
shrink_pullback,上升趋势中缩量回调,buy,bull,5,2044,745,0.0006858915,0.00239136,-0.00170546858778144,0.45841487279843446,0.0009272996557319679,-0.004664975684136152,0.4344422700587084,-0.001464060345906564,1.6475214292898726,0.0018512095599331976,1.0436335896072924,0.004704327144633776,1.2834323018644205,741,0.6666666666666666,12
shrink_pullback,上升趋势中缩量回调,buy,bull,10,2044,745,0.0007116329,0.00239136,-0.0016797271613338042,0.4603718199608611,0.000194446937365133,-0.009587728418409824,0.410958904109589,-0.0021969130642733987,0.9594866008541448,0.001632807048522682,0.5466573422547064,0.0035161586357958436,0.8833732412309553,741,0.5833333333333334,12
shrink_pullback,上升趋势中缩量回调,buy,bull,20,2044,745,0.00427861,0.0023874461,0.0018911633186300086,0.4637964774951076,-0.00047132037418119656,-0.012171640992164612,0.42025440313111545,-0.0028587664926999065,0.8725040795101463,0.003084960967253053,0.6739144802580794,0.0029632452138667583,0.5860122551336091,741,0.5,12
shrink_pullback,上升趋势中缩量回调,buy,bear,1,787,454,0.00020673657,0.0023962387,-0.0021895023912346413,0.44726810673443457,0.0003589278278136306,-0.0005908552557229996,0.47903430749682335,-0.002037310907132024,0.5883036625274153,0.0016625608366460753,1.201277450778132,-0.0005582032245823812,-0.4587076542368926,377,0.45454545454545453,11
shrink_pullback,上升趋势中缩量回调,buy,bear,3,779,452,-0.0005406187,0.0023994609,-0.002940079369556831,0.4338896020539153,-0.0014230802262038117,-0.004480420146137476,0.43902439024390244,-0.0038225411044269927,-0.6497287462267047,0.0009060235519637234,0.34552362776042106,-0.003220459338805302,-1.3319457504585,369,0.45454545454545453,11
shrink_pullback,上升趋势中缩量回调,buy,bear,5,778,451,-0.0024736454,0.0023993058,-0.004872951310925224,0.42287917737789205,-0.004163416448781856,-0.0070579927414655685,0.40616966580976865,-0.006562722261796363,-1.8351421015907627,-0.0011141046804324208,-0.3467288932751745,-0.007198214148002969,-2.322333103854401,368,0.5454545454545454,11
shrink_pullback,上升趋势中缩量回调,buy,bear,10,773,447,-0.0010998595,0.0023959249,-0.0034957842802403574,0.4359637774902975,-0.004060482113823333,-0.010479457676410675,0.4243208279430789,-0.006456406993061343,-1.539508858438619,-0.002211484547329958,-0.4849866649399085,-0.007176074667973884,-1.8134408581024632,363,0.6363636363636364,11
shrink_pullback,上升趋势中缩量回调,buy,bear,20,766,442,-0.0022792062,0.0023993603,-0.004678566567126741,0.4164490861618799,-0.0044925344921587715,-0.017634600400924683,0.39556135770234985,-0.006891894787543894,-1.147043070438771,0.003624502491974642,0.5100262698984422,-0.0160548821613954,-2.506485489129217,356,0.7272727272727273,11
drop5_12,5 日累计跌幅超过 12%,buy,any,1,1009,433,0.0023334606,0.0024164717,-8.301127131343463e-05,0.5322101090188305,-0.0005966102014105615,-0.0016808584332466125,0.4618434093161546,-0.0030130819192897376,-0.3351807825084869,0.00011255207887418423,0.08287634900216533,-0.0009856740640789344,-0.6065346806131804,349,0.5833333333333334,12
drop5_12,5 日累计跌幅超过 12%,buy,any,3,1008,432,0.0036157419,0.0024166568,0.001199085133362493,0.5208333333333334,-0.0009861652041085079,-0.003154200967401266,0.46924603174603174,-0.0034028220223493886,-1.0441884381784226,-0.00010082489854259494,-0.03984680137447295,-0.004935743223728565,-1.489205492972957,348,0.75,12
drop5_12,5 日累计跌幅超过 12%,buy,any,5,1008,432,0.003290642,0.002416617,0.0008740249096075469,0.5248015873015873,-0.0009211501476983581,-0.004119497258216143,0.4632936507936508,-0.0033377671518991744,-1.067546589718157,-0.0025955079659150254,-0.8381158527575243,-0.0035210922655545514,-0.6927099836305598,348,0.6666666666666666,12
drop5_12,5 日累计跌幅超过 12%,buy,any,10,1007,431,0.007138692,0.002416018,0.004722673199113813,0.5243296921549155,0.0005133415472577211,-0.005702824331820011,0.4558093346573982,-0.0019026763836969738,-1.0836207602095744,-0.00630856303866991,-1.192950254369092,-0.0028429448019427366,-0.36349323476129475,347,0.5833333333333334,12
drop5_12,5 日累计跌幅超过 12%,buy,any,20,1002,428,0.015734805,0.002417924,0.013316880646081568,0.5039920159680639,0.004641896054964743,-0.008193651214241982,0.4560878243512974,0.0022239719395304542,-0.1615286847160209,-0.0026765318071739134,-0.34792636529655874,0.001408567756338244,0.14190352288378327,342,0.5,12
drop5_12,5 日累计跌幅超过 12%,buy,bull,1,250,149,0.0069405967,0.00233368,0.004606916386866942,0.584,0.0028817769694142042,-0.0002478800597600639,0.492,0.0005480970344506203,1.9373590304073047,0.0003892964632148215,0.21719194291843696,0.0072264087788801315,2.488707768867725,105,0.625,8
drop5_12,5 日累计跌幅超过 12%,buy,bull,3,250,149,0.003969583,0.00233368,0.0016359030776657165,0.548,0.0008185829409630969,-0.001086690928786993,0.484,-0.001515096994000487,0.25384105939865403,-0.0010823351832313756,-0.2650650993005969,0.0036838215573446907,0.6548675900477895,105,0.375,8
drop5_12,5 日累计跌幅超过 12%,buy,bull,5,250,149,0.0038301602,0.00233368,0.0014964804402552545,0.52,0.002184153658337891,-0.002957511693239212,0.476,-0.00014952627662569292,0.5343918692445849,0.00012408538089657433,0.027747799800837004,0.005876147772909865,0.6499166761263735,105,0.625,8
drop5_12,5 日累计跌幅超过 12%,buy,bull,10,250,149,0.003534479,0.00233368,0.0012007982992508915,0.544,0.0017769283766392618,-0.004678226076066494,0.452,-0.0005567515583243222,-0.04479583521021444,-0.0037731625364135117,-0.4897007109753429,0.004777018763476036,0.3429598755607935,105,0.5,8
drop5_12,5 日累计跌幅超过 12%,buy,bull,20,250,149,0.016898217,0.00233368,0.014564536286168732,0.516,0.007530882616527379,-0.003705927636474371,0.464,0.005197202681563795,0.4159177820260498,-0.008172895155641274,-0.8977955039608693,0.02285712708068627,1.5196149673018295,105,0.375,8
drop5_12,5 日累计跌幅超过 12%,buy,bear,1,759,284,0.00081595854,0.0024437418,-0.0016277832272358248,0.5151515151515151,-0.0017423240257928956,-0.002056445926427841,0.4519104084321476,-0.0041860657999793875,-1.6208555808505027,-3.94865026462894e-05,-0.02133309032731781,-0.005024403331107984,-2.6724910328843383,244,0.7272727272727273,11
drop5_12,5 日累计跌幅超过 12%,buy,bear,3,758,283,0.0034990394,0.0024440237,0.001055015890518422,0.5118733509234829,-0.0015813987611901718,-0.003589130938053131,0.46437994722955145,-0.004025422493286129,-1.5094720331555216,0.00043839988749013023,0.13909865112920464,-0.009209907577979766,-2.5684756983747565,243,0.7272727272727273,11
drop5_12,5 日累计跌幅超过 12%,buy,bear,5,758,283,0.0031127005,0.0024439709,0.0006687295498952421,0.5263852242744064,-0.0019453268647287834,-0.004378603771328926,0.45910290237467016,-0.004389297744268631,-1.8947450906777552,-0.0040896055453362124,-1.033691212969597,-0.008180880714379883,-1.691966076681718,243,0.7272727272727273,11
drop5_12,5 日累计跌幅超过 12%,buy,bear,10,757,282,0.008328986,0.0024432098,0.005885775874101568,0.5178335535006605,9.604074495206027e-05,-0.005976960062980652,0.4570673712021136,-0.0023471690112136824,-1.3924927073148026,-0.0077014682528725,-1.0991100318458484,-0.006652926584652122,-0.846781881512867,242,0.5454545454545454,11
drop5_12,5 日累计跌幅超过 12%,buy,bear,20,752,279,0.015348032,0.0024459308,0.012902101510414293,0.5,0.0036814616927431224,-0.009598796255886555,0.45345744680851063,0.0012355308448449968,-0.5276221044485618,0.00034307521760136827,0.03377406031785065,-0.009590693435635103,-1.0147549626121828,237,0.5454545454545454,11
rally5_15,5 日累计涨幅超过 15%,sell,any,1,894,575,-0.0013498553,0.0024035568,-0.003753412761640192,0.4015659955257271,-0.0037879759331080273,-0.00749398092739284,0.38814317673378074,-0.006191532768014367,-2.5600561415352012,-0.002947807769766297,-1.6051222935852751,-0.0055991310884659995,-2.0963015615522225,310,0.8333333333333334,12
rally5_15,5 日累计涨幅超过 15%,sell,any,3,894,575,-0.007671779,0.0024035568,-0.010075336881020988,0.412751677852349,-0.007255331256585217,-0.013864331878721714,0.383668903803132,-0.009658888091491557,-3.5566407487322045,-0.011517081762471085,-4.495031413488081,-0.002851573308226743,-0.6045611595294027,310,0.75,12
rally5_15,5 日累计涨幅超过 15%,sell,any,5,894,575,-0.008840709,0.0024035568,-0.011244266449488904,0.412751677852349,-0.009834601432116289,-0.01649746671319008,0.38031319910514544,-0.012238158267022629,-3.0538869651746072,-0.014566298036241227,-4.195716328245127,-0.0014084021509107613,-0.22122967366832083,310,0.5833333333333334,12
rally5_15,5 日累计涨幅超过 15%,sell,any,10,894,575,-0.010105368,0.0024035568,-0.012508925609329665,0.40380313199105144,-0.011342887022330423,-0.025371157564222813,0.3680089485458613,-0.013746443857236763,-1.5087495169658327,-0.01340137663199254,-2.3347883335335515,0.0025366956460155738,0.26597250900132313,310,0.5833333333333334,12
rally5_15,5 日累计涨幅超过 15%,sell,any,20,894,575,-0.011179137,0.0024029752,-0.013582112148072846,0.42393736017897093,-0.015383421799159656,-0.04044167883694172,0.3635346756152125,-0.01778639702311815,-1.5794726584817678,-0.013406219867510193,-1.5782686047699461,-0.007329495832228156,-0.5753047041199042,310,0.6666666666666666,12
rally5_15,5 日累计涨幅超过 15%,sell,bull,1,574,370,0.0010950776,0.0023679093,-0.0012728314934623303,0.4024390243902439,-0.004063801296304373,-0.007062275428324938,0.3867595818815331,-0.006431710595514087,-2.6412969555585266,-0.004162900216269892,-1.9718457908525857,-0.0064068122376491135,-1.7608186890975481,215,0.6,10
rally5_15,5 日累计涨幅超过 15%,sell,bull,3,574,370,-0.0037917127,0.0023679093,-0.0061596221817237125,0.43902439024390244,-0.006353153639070638,-0.013305394910275936,0.3867595818815331,-0.008721062938280351,-2.9632282332091946,-0.012899861454941972,-4.156563489959692,-0.002191692720458822,-0.3421901683008942,215,0.7,10
rally5_15,5 日累计涨幅超过 15%,sell,bull,5,574,370,-0.008193887,0.0023679093,-0.010561795277319822,0.40069686411149824,-0.011661398767263268,-0.01874406263232231,0.36585365853658536,-0.014029308066472982,-3.5265508582302747,-0.01817163326821124,-4.152188964284326,-0.006473309583085145,-0.8478893151950168,215,0.7,10
rally5_15,5 日累计涨幅超过 15%,sell,bull,10,574,370,-0.007365992,0.0023679093,-0.009733901382363092,0.40069686411149824,-0.012613861524671938,-0.02566850744187832,0.3623693379790941,-0.014981770823881652,-1.9244098991531944,-0.014705945193822473,-2.4954249896780785,-0.003232511307015711,-0.288659059084805,215,0.6,10
rally5_15,5 日累计涨幅超过 15%,sell,bull,20,574,370,-0.017971221,0.0023670383,-0.02033826043035913,0.3902439024390244,-0.01931183929035914,-0.04572371765971184,0.3588850174216028,-0.021678877570130945,-2.134121764756916,-0.019157800638888077,-2.0746251865163865,-0.012401522111097876,-0.869280113392737,215,0.7,10
rally5_15,5 日累计涨幅超过 15%,sell,bear,1,320,205,-0.0057354555,0.0024675,-0.008202955411434232,0.4,-0.0032932141878745822,-0.007825033273547888,0.390625,-0.005760714233770159,-0.7960250535708853,-0.0007477540219302424,-0.22895828471568647,-0.004149730670068904,-1.17205107067194,95,0.5714285714285714,7
rally5_15,5 日累计涨幅超过 15%,sell,bear,3,320,205,-0.0146316495,0.0024675,-0.017099150122885477,0.365625,-0.008873612358001992,-0.014765732921659946,0.378125,-0.011341112403897569,-2.0863786373729436,-0.00901341247080031,-2.0437038286338884,-0.004035742582166439,-0.7045948498081724,95,0.8571428571428571,7
rally5_15,5 日累计涨幅超过 15%,sell,bear,5,320,205,-0.01000095,0.0024675,-0.012468449114567192,0.434375,-0.006557783712196397,-0.012504298239946365,0.40625,-0.009025283758091973,-0.4504898072357215,-0.008038456214719755,-1.3738555746216354,0.007680678309566558,0.74233175296108,95,0.7142857142857143,7
rally5_15,5 日累计涨幅超过 15%,sell,bear,10,320,205,-0.015019126,0.0024675,-0.017486625316450954,0.409375,-0.00906307650875533,-0.024384266696870327,0.378125,-0.011530576554650906,-0.294019265914658,-0.011039316887467137,-1.026253111115293,0.012889656068578568,1.091919330903027,95,0.42857142857142855,7
rally5_15,5 日累计涨幅超过 15%,sell,bear,20,320,205,0.0010041662,0.0024674374,-0.0014632711667218246,0.484375,-0.008336822924320586,-0.03326508589088917,0.371875,-0.01080426033877302,-0.13367837783602804,-0.0029923728647881054,-0.22021757566477268,0.001772359544921615,0.16185658239764036,95,0.42857142857142855,7
hammer_low,20 日新低处长下影线,buy,any,1,1514,653,-0.0011780687,0.002359062,-0.003537130768610513,0.4332892998678996,0.00032287151000648243,9.16188582777977e-06,0.5,-0.002036190457575028,0.03051458462747751,1.81700785427637e-05,0.019882722916505922,1.816805209587508e-05,0.02393137418287276,740,0.5,12
hammer_low,20 日新低处长下影线,buy,any,3,1504,652,-0.0028084365,0.0023596473,-0.00516808437465017,0.45345744680851063,0.00013846977876807052,-0.002168254693970084,0.4654255319148936,-0.002221177525051586,0.3271056425035517,-0.0015228431223470416,-0.8213802329999639,0.0024090895604386,1.385728866037874,730,0.5,12
hammer_low,20 日新低处长下影线,buy,any,5,1495,651,-0.0012151803,0.0023616652,-0.0035768456935974455,0.4862876254180602,-0.0003481823570222709,-0.002694719471037388,0.4642140468227425,-0.0027098476040304754,-0.5734878804558632,-0.00190316055587156,-0.879754063092409,0.00038048879788606755,0.23982155500224003,721,0.5,12
hammer_low,20 日新低处长下影线,buy,any,10,1492,649,-0.0005719113,0.002358653,-0.002930563822323575,0.4651474530831099,-0.0005972017845402325,-0.005759334657341242,0.43699731903485256,-0.0029558546686808433,-0.3943556241531657,-0.0028174204689515414,-0.9765948006203226,0.0014234711493059783,0.6416994737579316,718,0.5,12
hammer_low,20 日新低处长下影线,buy,any,20,1484,644,0.012439959,0.0023597842,0.01008017617788687,0.52088948787062,0.0034317100926420357,-0.006294718012213707,0.4555256064690027,0.0010719258844039108,1.2888944903406636,0.003222025861993646,0.5484835113429236,0.005893759183920668,1.591331939468557,710,0.6666666666666666,12
hammer_low,20 日新低处长下影线,buy,bull,1,541,275,-0.00015409448,0.0023456563,-0.002499750655032234,0.4436229205175601,0.00040052937646697717,-0.0006381524726748466,0.4824399260628466,-0.0019451269011448746,0.3088215324678907,0.00041247236809883336,0.3505041431384872,4.411782678017853e-05,0.03756901225509475,234,0.6,10
hammer_low,20 日新低处长下影线,buy,bull,3,541,275,-0.00022131045,0.0023456563,-0.002566966593625754,0.5009242144177449,0.0010554055690200734,-0.0029862751252949238,0.44731977818853974,-0.0012902507085917783,0.9271747323935583,0.0004913496971840061,0.23312952941761125,0.003597540552707274,1.0278061723566974,234,0.8,10
hammer_low,20 日新低处长下影线,buy,bull,5,541,275,-0.0014877272,0.0023456563,-0.0038333832296627178,0.48428835489833644,0.0007237756427707987,-0.0026651518419384956,0.4713493530499076,-0.001621880634841053,0.7726272273301004,0.0023637401887050616,0.870411732770245,0.0006524136848302938,0.1870487647202408,234,0.7,10
hammer_low,20 日新低处长下影线,buy,bull,10,541,275,-0.005062605,0.0023456563,-0.0074082621619193136,0.4491682070240296,0.0019628173035144284,-0.004821639508008957,0.46210720887245843,-0.0003828389740974233,1.0235649780445535,0.0024481226668428644,0.6016022105648172,0.003937009330738186,0.8867156775168541,234,0.6,10
hammer_low,20 日新低处长下影线,buy,bull,20,541,275,0.010363335,0.0023438076,0.00801952620473834,0.5009242144177449,0.008566078397250853,-0.005715016275644302,0.4584103512014787,0.006222270794949613,2.520922490280944,0.015548335950909042,2.60577026239446,0.00570849861630084,0.9695269096497484,234,0.8,10
hammer_low,20 日新低处长下影线,buy,bear,1,973,378,-0.001747411,0.0023665158,-0.004113926905759381,0.42754367934224047,0.00027969277850069864,0.0002427864819765091,0.5097636176772867,-0.002086823029306747,-0.1973600352926589,-0.00036204998638630356,-0.26949714282167253,4.2046019086070635e-06,0.004347298174271534,506,0.7,10
hammer_low,20 日新低处长下影线,buy,bear,3,963,377,-0.0042618485,0.002367508,-0.0066293561498674165,0.42679127725856697,-0.0003766519891720474,-0.001888916827738285,0.4755970924195223,-0.0027441598883521023,-0.33585690644582594,-0.0034651004840376954,-1.1651283923366542,0.0017665299330397476,0.9828362691723752,496,0.5,10
hammer_low,20 日新低处长下影线,buy,bear,5,954,376,-0.0010606223,0.0023707442,-0.0034313668602522543,0.48742138364779874,-0.0009560746818525127,-0.00287562794983387,0.46016771488469604,-0.003326818926979356,-1.4511488761868603,-0.006017671988141872,-1.8221641389704537,0.00023276037372886756,0.14132381153662327,487,0.7,10
hammer_low,20 日新低处长下影线,buy,bear,10,951,374,0.001982732,0.0023660462,-0.0003833137679373558,0.47423764458464773,-0.002053532306766911,-0.006060443818569183,0.4227129337539432,-0.004419578495166106,-1.5942957999489917,-0.00789490849275329,-2.070904001940913,4.4685642015495186e-05,0.018407601135848693,484,0.6,10
hammer_low,20 日新低处长下影线,buy,bear,20,943,369,0.013631323,0.00236895,0.011262373034168265,0.5323435843054083,0.0004861180960424916,-0.006800912320613861,0.45387062566277836,-0.001882831956144355,-0.1469144432567328,-0.008664058866603342,-1.0930500867508741,0.0059979106473089325,1.216754497668609,476,0.5,10
shooting_high,20 日新高处长上影线,sell,any,1,1904,1036,0.0050620395,0.0023820167,0.0026800227086281087,0.49159663865546216,0.0019885645880866596,-0.00047893665032461286,0.48686974789915966,-0.00039345215265268593,2.1922714693671383,0.001418716430510066,1.5483427887677652,0.0017382221350904857,1.5667590724323033,813,0.75,12
shooting_high,20 日新高处长上影线,sell,any,3,1904,1036,0.007928536,0.0023820167,0.005546519179541278,0.4789915966386555,0.001318418327180919,-0.0031311240745708346,0.4490546218487395,-0.0010635984135584265,0.5172244608671109,-0.000335372179307958,-0.23639433228661286,0.0020514541505002866,0.9267914524605876,813,0.5,12
shooting_high,20 日新高处长上影线,sell,any,5,1903,1035,0.006622992,0.002382207,0.004240785139438261,0.47609038360483447,0.0009154669265226077,-0.004168048966675997,0.4482396216500263,-0.001466740036852603,0.4009050061864037,-0.00033623354200267925,-0.16335170268780447,0.0021196244322589848,0.7704941057770432,812,0.4166666666666667,12
shooting_high,20 日新高处长上影线,sell,any,10,1901,1033,0.009415649,0.00238232,0.007033329315375851,0.5055234087322462,0.0015414921105836863,-0.007042749784886837,0.45028932140978434,-0.0008408277756536966,0.42949818478549406,0.00030933787173663917,0.10612348162326571,0.0018684233022007426,0.5617662710463668,810,0.6666666666666666,12
shooting_high,20 日新高处长上影线,sell,any,20,1896,1030,0.01414281,0.0023787816,0.011764028820819587,0.4899789029535865,0.0004996932790769885,-0.010818501934409142,0.4430379746835443,-0.0018790882798687867,-0.07466858264633319,-0.0005814556325756039,-0.15270966172405753,0.0003147644560175773,0.06887768199607576,805,0.5833333333333334,12
shooting_high,20 日新高处长上影线,sell,bull,1,1382,692,0.006094842,0.0023785962,0.00371624600011168,0.49855282199710566,0.002488568399686352,-0.0005867639556527138,0.48480463096960924,0.00010997217393292564,2.6670596840779077,0.0020095127850292974,1.9662608745808334,0.0028664320692129543,1.8045683992616186,554,0.9166666666666666,12
shooting_high,20 日新高处长上影线,sell,bull,3,1382,692,0.010930178,0.0023785962,0.008551581829899431,0.4869753979739508,0.001739292858992656,-0.0033837519586086273,0.44573082489146165,-0.0006393033667607705,0.8508755882298532,-0.0005952226696804456,-0.37568103667227276,0.004621066832017523,1.4432731176555291,554,0.6666666666666666,12
shooting_high,20 日新高处长上影线,sell,bull,5,1382,692,0.010087081,0.0023785962,0.007708484532896837,0.4869753979739508,0.0018976684454181563,-0.004001216264441609,0.44862518089725034,-0.0004809277803352703,0.9948396427614514,-8.877139029463574e-06,-0.004034328433506255,0.005386669025729774,1.4112283930319531,554,0.6666666666666666,12
shooting_high,20 日新高处长上影线,sell,bull,10,1382,692,0.012670632,0.0023785962,0.010292036529745743,0.5108538350217077,0.003062793666930861,-0.006414039991796017,0.45224312590448623,0.0006841974411774345,1.2722397476548104,0.0024236974584877853,0.7993823211825676,0.0045579495923159736,1.0259422183281106,554,0.6666666666666666,12
shooting_high,20 日新高处长上影线,sell,bull,20,1382,692,0.016984247,0.0023724458,0.014611802077844608,0.49493487698986977,0.002661666730600753,-0.009356772527098656,0.45224312590448623,0.0002892209591300872,0.6552725783709273,7.217994997479647e-05,0.01590188658129181,0.0057433775836138205,1.3093178516591037,554,0.6666666666666666,12
shooting_high,20 日新高处长上影线,sell,bear,1,522,344,0.0023276843,0.0023910727,-6.338838108510165e-05,0.4731800766283525,0.000664799707567933,-0.00027770770248025656,0.49233716475095785,-0.0017262729810563298,-0.010076734594074016,-4.8204063381435125e-05,-0.024891139594752504,2.5760627940311606e-05,0.018630723387113364,259,0.4166666666666667,12
shooting_high,20 日新高处长上影线,sell,bear,3,522,344,-1.833996e-05,0.0023910727,-0.0024094129714069324,0.4578544061302682,0.00020414897284409838,-0.0024433471262454987,0.4578544061302682,-0.0021869237157801646,-0.37130091991926645,0.000309824776901003,0.10270748820639661,-0.001848850812516946,-0.7099306382190445,259,0.5,12
shooting_high,20 日新高处长上影线,sell,bear,5,521,343,-0.002565819,0.002391785,-0.004957603654726328,0.4472168905950096,-0.0016899121504709582,-0.00466948002576828,0.4472168905950096,-0.004081697068034159,-0.6341832748842905,-0.0011490446107486737,-0.23709661072079583,-0.0028689765936994057,-0.7348846933418115,258,0.6666666666666666,12
shooting_high,20 日新高处长上影线,sell,bear,10,519,341,0.00074823626,0.002392235,-0.0016439989510195075,0.4913294797687861,-0.002509449605932298,-0.0074560679495334625,0.44508670520231214,-0.004901684585129681,-0.9288705592943776,-0.0049405208749125126,-0.7891588376556747,-0.0022881173279773424,-0.4873630145328337,256,0.75,12
shooting_high,20 日新高处长上影线,sell,bear,20,514,338,0.006502993,0.002395817,0.004107175433254259,0.4766536964980545,-0.005313239230662004,-0.014339475892484188,0.4182879377431907,-0.007709056309312002,-0.9451387273731213,-0.0022044030733399484,-0.3044684558566589,-0.008230274726309841,-1.0467126745870539,251,0.6666666666666666,12
limit_up_normal,涨停（非一字板）,buy,any,1,981,643,0.0013812017,0.0024126095,-0.0010314080456262748,0.43017329255861364,-0.0012763341738764166,-0.005848541855812073,0.4352701325178389,-0.003688943697038662,-0.9426489641389237,-0.0012882203877646935,-0.6731972252478571,-0.0021913520276874484,-0.6620812751983205,308,0.5833333333333334,12
limit_up_normal,涨停（非一字板）,buy,any,3,981,643,-0.0011852742,0.0024126095,-0.003597883701071221,0.436289500509684,-0.00042658881260562503,-0.011478565633296967,0.41896024464831805,-0.0028391983357678708,-0.183138488188774,-0.0018292022444616463,-0.5622379569246574,0.002002342117283783,0.35165685505442096,308,0.5,12
limit_up_normal,涨停（非一字板）,buy,any,5,981,643,-0.0023053107,0.0024126095,-0.0047179203475942975,0.4434250764525994,-0.003619364713780035,-0.014834994450211525,0.41590214067278286,-0.006031974236942281,-1.0626111821601432,-0.0039271454641833774,-0.888584933390236,-0.004340768143775107,-0.5949498968050065,308,0.5833333333333334,12
limit_up_normal,涨停（非一字板）,buy,any,10,981,643,-0.0017982166,0.0024126095,-0.004210826857528145,0.4444444444444444,-0.004424323619293024,-0.0244143009185791,0.399592252803262,-0.00683693314245527,-0.7213910518996272,-0.0017091519775976891,-0.20531761723924694,-0.010067265403470187,-1.1234378719199811,308,0.6666666666666666,12
limit_up_normal,涨停（非一字板）,buy,any,20,978,640,-0.0054437905,0.0024138037,-0.007857593056326351,0.4335378323108384,-0.010166410039177122,-0.034171728417277336,0.38752556237218816,-0.012580213750710669,-0.7834732627705713,0.00397249578986843,0.3153070316670529,-0.03030533470074054,-2.611730444355845,305,0.6666666666666666,12
limit_up_normal,涨停（非一字板）,buy,bull,1,555,391,-0.00078147405,0.0023767566,-0.003158230710248169,0.4126126126126126,-0.0019139665669327924,-0.006008617114275694,0.42882882882882883,-0.004290723197770709,-0.7781155734709103,-0.0014419661527178373,-0.6171668422208326,-0.0021033270399297547,-0.4867531352874743,206,0.6,10
limit_up_normal,涨停（非一字板）,buy,bull,3,555,391,0.001540735,0.0023767566,-0.0008360217388316587,0.43423423423423424,-1.833893795002688e-05,-0.013948963955044746,0.3945945945945946,-0.002395095568787944,0.0038315004647135036,-0.0009764101654202455,-0.2216668391144311,0.001772032488895472,0.24605854795828308,206,0.4,10
limit_up_normal,涨停（非一字板）,buy,bull,5,555,391,-0.0039503104,0.0023767566,-0.0063270670376499895,0.4306306306306306,-0.005556880001415004,-0.01737334579229355,0.3963963963963964,-0.007933636632252921,-0.9230775284616319,-0.002393403351599618,-0.3766050718741556,-0.009143003585279811,-1.0163778857431656,206,0.7,10
limit_up_normal,涨停（非一字板）,buy,bull,10,555,391,-0.0005643836,0.0023767566,-0.0029411397205229414,0.418018018018018,-0.0020348378675276633,-0.024562815204262733,0.4,-0.004411594498365581,-0.09571046839151146,0.006046509035738808,0.47172766425363594,-0.01324566307661996,-1.0641020628900597,206,0.6,10
limit_up_normal,涨停（非一字板）,buy,bull,20,555,391,-0.02186289,0.0023767566,-0.024239647695438113,0.36936936936936937,-0.01496219054233652,-0.04712313413619995,0.35315315315315315,-0.017338947173174437,-0.5846135041465086,0.010470653967736734,0.5247687922311887,-0.04373723254763247,-2.3403321241796435,206,0.7,10
limit_up_normal,涨停（非一字板）,buy,bear,1,426,252,0.004198772,0.002459319,0.001739452468141686,0.45305164319248825,-0.0004456159153170534,-0.005482777953147888,0.44366197183098594,-0.002904934990886564,-0.5679074121361918,-0.0010685835806887728,-0.33604454792883887,-0.0023525406416333556,-0.5459393778468744,102,0.5,10
limit_up_normal,涨停（非一字板）,buy,bear,3,426,252,-0.004736765,0.002459319,-0.007196084144834031,0.43896713615023475,-0.0009584636493048198,-0.007436190731823444,0.4507042253521127,-0.00341778272487433,-0.30863593198940914,-0.0030474766430922187,-0.6028655351162998,0.0024240779303065347,0.27117760997409995,102,0.5,10
limit_up_normal,涨停（非一字板）,buy,bear,5,426,252,-0.00016217808,0.002459319,-0.002621496842944275,0.460093896713615,-0.0010951370503119425,-0.011704194359481335,0.4413145539906103,-0.003554456125881453,-0.5644806308268145,-0.006118205625017317,-1.0173599425419604,0.004452935716642595,0.47296865553790884,102,0.4,10
limit_up_normal,涨停（非一字板）,buy,bear,10,426,252,-0.0034056776,0.002459319,-0.005864996719119432,0.4788732394366197,-0.007537386042367615,-0.024121856316924095,0.39906103286384975,-0.009996705117937125,-1.4701081235454536,-0.012788667710935536,-1.4711799838228106,-0.004247082651338795,-0.40246359876511006,102,0.8,10
limit_up_normal,涨停（非一字板）,buy,bear,20,423,249,0.016099006,0.0024624113,0.013636592108465679,0.5177304964539007,-0.0038740739180105374,-0.01686014235019684,0.4326241134751773,-0.006336485217358415,-0.6401171890079597,-0.005310587321372004,-0.4913638842933604,-0.004712123938419441,-0.5033344906141398,99,0.4,10
limit_down,跌停,sell,any,1,591,185,0.0045746933,0.002456853,0.002117840836498823,0.571912013536379,-0.006058419637361151,-0.005598772317171097,0.4010152284263959,-0.00851527257075308,-0.7949210923825814,-0.00025134858120417667,-0.07502149849120014,-0.005112252581228812,-1.3197178546245185,118,0.5555555555555556,9
limit_down,跌停,sell,any,3,591,185,0.008168578,0.002456785,0.005711792079143245,0.5583756345177665,-0.0037642671145946293,-0.011257246136665344,0.4263959390862944,-0.006221052061438611,-0.38101339662806316,0.00455000728634751,0.7114075018913307,-0.01308584625763427,-1.7285292278797104,118,0.5555555555555556,9
limit_down,跌停,sell,any,5,590,184,0.0043887333,0.0024575253,0.0019312077994118996,0.5372881355932203,-0.003272224019549913,-0.009145410731434822,0.42542372881355933,-0.005729749367840714,-0.45144183991317705,0.0023302664867043046,0.346837330774391,-0.010735867096617488,-1.265074325621145,117,0.6666666666666666,9
limit_down,跌停,sell,any,10,590,184,0.01168325,0.0024575253,0.009225724579695359,0.5525423728813559,-0.008077295959564084,-0.010942709632217884,0.4491525423728814,-0.010534821307854885,-2.3042354539465744,-0.013965767032163201,-1.429398324623959,-0.03298494468248491,-2.0227193245316224,117,0.7777777777777778,9
limit_down,跌停,sell,any,20,589,183,0.0050088177,0.0024565363,0.0025522815882258357,0.49575551782682514,0.00060881148029201,-0.015764480456709862,0.4244482173174873,-0.0018477248034245494,-0.9670566524695472,-0.0034970130193505244,-0.26661774793244286,-0.03013664824493431,-1.2258768267124627,116,0.5555555555555556,9
limit_down,跌停,sell,bull,1,107,70,-0.0009495477,0.0023543923,-0.003303940304878405,0.5046728971962616,-0.003556213841042438,-0.003010926768183708,0.42990654205607476,-0.005910606157234826,-0.8963727119874502,-0.0007788894948101154,-0.141721506914314,-0.00835709254255113,-1.3103752218499887,43,1.0,2
limit_down,跌停,sell,bull,3,107,70,0.01759935,0.0023543923,0.015244957479043367,0.5233644859813084,0.006470691221200417,-0.008080901578068733,0.42990654205607476,0.004116298905008029,0.5375991153610575,0.010054765161984261,0.74330359368827,-0.002712405728200427,-0.2613047677401937,43,0.5,2
limit_down,跌停,sell,bull,5,107,70,0.018280469,0.0023543923,0.015926076499114213,0.4953271028037383,0.007586838694933419,-0.007086476311087608,0.4205607476635514,0.005232446378741031,0.6526599950458807,0.006670214578253094,0.617956831476266,0.0016952592776725442,0.22300558730202985,43,0.5,2
limit_down,跌停,sell,bull,10,107,70,-0.010132406,0.0023543923,-0.012486800479606907,0.42990654205607476,-0.012651028877524572,-0.013187732547521591,0.4392523364485981,-0.01500542119371696,-1.4631129642642027,-0.02023008195671041,-1.1275133593063134,-0.022287051775492728,-1.0476546917952199,43,0.5,2
limit_down,跌停,sell,bull,20,107,70,-0.016889196,0.0023450467,-0.01923424107997426,0.4766355140186916,-0.019952361149904885,-0.02996864542365074,0.3364485981308411,-0.02229740787689165,-1.6860864080994746,-0.026346761600247445,-2.1912103247914043,-0.029682409362988427,-0.9067141763231077,43,0.5,2
limit_down,跌停,sell,bear,1,484,115,0.005795962,0.002479504,0.003316457741720648,0.5867768595041323,-0.006611593232828304,-0.006294667720794678,0.39462809917355374,-0.009091097328218743,-0.2883992589189546,4.407433041514761e-05,0.010335184512863152,-0.002840864608303187,-0.543310659208793,75,0.6666666666666666,6
limit_down,跌停,sell,bear,3,484,115,0.0060836747,0.0024794214,0.0036042534473471437,0.5661157024793388,-0.00602695418469808,-0.01147773303091526,0.4256198347107438,-0.008506375625210023,-1.1660110311938048,0.0014673428759909297,0.28815208302909834,-0.02034725462823796,-1.99371279148113,75,0.5,6
limit_down,跌停,sell,bear,5,483,114,0.0013112687,0.0024803726,-0.0011691047282654245,0.546583850931677,-0.005677854890046221,-0.009552869945764542,0.42650103519668736,-0.008158227443737488,-1.0450248554709156,-0.00010010444456301586,-0.01314691773533159,-0.01966077833969751,-1.8694237388265054,74,0.5,6
limit_down,跌停,sell,bear,10,483,114,0.016516117,0.0024803726,0.014035745659085302,0.5797101449275363,-0.007064067342127702,-0.009786386042833328,0.45134575569358176,-0.00954443989581897,-2.0713346398890398,-0.010457750674416764,-1.2037322068491099,-0.040665483179812625,-2.249935556024688,74,0.5,6
limit_down,跌停,sell,bear,20,482,113,0.009869995,0.0024812862,0.007388708819548263,0.5,0.0051732211720577105,-0.01012241467833519,0.44398340248962653,0.0026919349909207448,-0.2890921598823604,0.00929884618595175,0.7617030180635112,-0.0304713505789997,-1.3726385277419753,73,0.16666666666666666,6
gap_up_hold,高开 3% 以上且收阳,buy,any,1,609,392,-0.0005523084,0.0023950739,-0.0029473821135313893,0.4400656814449918,-0.0015194921791863174,-0.0023941751569509506,0.46798029556650245,-0.003914566062421772,-0.08912856043264429,-0.0005769577869607709,-0.21567562192656686,0.0004143753319069565,0.12142658229486118,229,0.45454545454545453,11
gap_up_hold,高开 3% 以上且收阳,buy,any,3,609,392,-0.0041014166,0.0023950739,-0.006496490936551231,0.42857142857142855,0.0008083808616993487,-0.005834502167999744,0.4548440065681445,-0.001586693021536106,0.6603545712266939,0.00013542115470442453,0.03251398384803554,0.005022442864938162,1.0999189223118049,229,0.6363636363636364,11
gap_up_hold,高开 3% 以上且收阳,buy,any,5,609,392,-0.0033325108,0.0023950739,-0.005727583901365616,0.4466338259441708,-0.0024299279720505643,-0.008411575108766556,0.44991789819376027,-0.004825001855286019,-0.39249726176877464,-0.004084690517814305,-0.8409734772466112,0.0024156324399438986,0.3761472418660527,229,0.5454545454545454,11
gap_up_hold,高开 3% 以上且收阳,buy,any,10,607,390,-0.0048595928,0.0023963097,-0.007255902012719587,0.4415156507413509,-0.003220767718302531,-0.014992639422416687,0.42833607907743,-0.005617077466594501,-0.5476907485827249,-0.002580260646804786,-0.28244179667354213,-0.004936145985070466,-0.6333794507150833,227,0.5454545454545454,11
gap_up_hold,高开 3% 以上且收阳,buy,any,20,607,390,-0.006089174,0.0023962932,-0.008485466409938738,0.4497528830313015,-0.007245630388342986,-0.02192229963839054,0.42174629324546953,-0.009641923605659256,-0.7680835055848335,0.00041903692484100686,0.03944461212434414,-0.015942664876323582,-1.4954879347406167,227,0.7272727272727273,11
gap_up_hold,高开 3% 以上且收阳,buy,bull,1,300,224,0.0011521748,0.0023499334,-0.0011977584000851494,0.43666666666666665,0.00033512445001785334,-0.0005439618835225701,0.49333333333333335,-0.00201480892651792,0.91841401697446,0.004268461512157904,1.2464959765861043,5.193042637551934e-05,0.010371985055751992,126,0.75,8
gap_up_hold,高开 3% 以上且收阳,buy,bull,3,300,224,0.0040981495,0.0023499334,0.0017482166543292502,0.4533333333333333,0.004206789198409145,-0.006635262398049235,0.45666666666666667,0.0018568558218733716,1.1223123587692885,0.005105926845576207,0.8882002121094503,0.005236905169855246,0.6960122377054107,126,0.75,8
gap_up_hold,高开 3% 以上且收阳,buy,bull,5,300,224,-0.0014079291,0.0023499334,-0.003757862599256138,0.43,-0.0018509782842981318,-0.01118483580648899,0.43,-0.004200911660833905,-0.10031706222409349,-0.0002569981858290944,-0.041111937996833985,-0.0009814600053446735,-0.10093279688582119,126,0.5,8
gap_up_hold,高开 3% 以上且收阳,buy,bull,10,300,224,0.0012845303,0.0023499334,-0.0010654027042134354,0.4266666666666667,-0.0005429443678197761,-0.017846882343292236,0.43,-0.0028928777443555493,-0.02222113964077725,0.007277216498963704,0.5095118642101777,-0.012016197660058322,-1.1877729446750174,126,0.5,8
gap_up_hold,高开 3% 以上且收阳,buy,bull,20,300,224,-0.020402627,0.0023499334,-0.02275255946617108,0.38,-0.013070422840149452,-0.03367728367447853,0.38666666666666666,-0.015420356216685225,-0.5583078128914671,0.0036910154866776524,0.2183475881521035,-0.023517736606389086,-1.6769040204727566,126,0.625,8
gap_up_hold,高开 3% 以上且收阳,buy,bear,1,309,168,-0.002207146,0.0024388998,-0.004646045912993758,0.44336569579288027,-0.00332009084831658,-0.005863644182682037,0.44336569579288027,-0.005758990676437646,-1.304540672609836,-0.007149457232299962,-1.782596603148964,0.0008850127465522559,0.1975182244023551,103,0.7142857142857143,7
gap_up_hold,高开 3% 以上且收阳,buy,bear,3,309,168,-0.012062161,0.0024388998,-0.014501061413134222,0.4045307443365696,-0.0024910447079218127,-0.00583261251449585,0.45307443365695793,-0.004929944536042879,-0.47091710454031227,-0.006606749930933535,-1.1242736628916403,0.004743961961538366,0.7661259116869432,103,0.5714285714285714,7
gap_up_hold,高开 3% 以上且收阳,buy,bear,5,309,168,-0.0052010342,0.0024388998,-0.0076399346801126825,0.4627831715210356,-0.0029920150475383623,-0.0038558319211006165,0.4692556634304207,-0.005430914875659429,-0.5264432162453389,-0.00927670882951702,-1.2857865445240042,0.006826782331587269,0.9348818827502092,103,0.7142857142857143,7
gap_up_hold,高开 3% 以上且收阳,buy,bear,10,307,166,-0.010863621,0.0024416288,-0.013305249871194655,0.4560260586319218,-0.005837533207373627,-0.014163676649332047,0.42671009771986973,-0.00827916204346896,-1.3079370262858543,-0.015951294002946207,-2.312149734867568,0.004540230872220972,0.47722330584698963,101,0.7142857142857143,7
gap_up_hold,高开 3% 以上且收阳,buy,bear,20,307,166,0.007897913,0.0024415962,0.005456318335565177,0.5179153094462541,-0.0015536507937438325,-0.012654971331357956,0.4560260586319218,-0.0039952470335490545,-0.6261291548712374,-0.004019191421412662,-0.4049293356980147,-0.005803722714543594,-0.5076027398588266,101,0.7142857142857143,7
