date,mean,count,event
2015-01-05,-0.0038207683,6,break_hh20
2015-01-06,0.051679064,4,break_hh20
2015-01-08,0.08103628,1,break_hh20
2015-01-12,-0.038167298,1,break_hh20
2015-01-13,0.0059610773,3,break_hh20
2015-01-15,-0.029480895,1,break_hh20
2015-01-16,-0.008736606,2,break_hh20
2015-01-21,0.015645824,2,break_hh20
2015-01-22,-0.0035493765,1,break_hh20
2015-01-23,-0.100665435,1,break_hh20
2015-01-26,0.018101795,1,break_hh20
2015-01-27,0.016591327,1,break_hh20
2015-01-28,-0.07724828,1,break_hh20
2015-02-03,0.15851861,1,break_hh20
2015-02-11,0.0655421,1,break_hh20
2015-02-13,-0.029593227,2,break_hh20
2015-02-16,0.0035804138,2,break_hh20
2015-02-17,-0.012201108,2,break_hh20
2015-02-26,-0.023782035,2,break_hh20
2015-02-27,0.034243274,3,break_hh20
2015-03-02,0.004635538,5,break_hh20
2015-03-04,-0.051930737,3,break_hh20
2015-03-05,-0.07710599,1,break_hh20
2015-03-10,-0.05227279,1,break_hh20
2015-03-12,-0.061440915,1,break_hh20
2015-03-13,-0.05074341,1,break_hh20
2015-03-16,-0.0099779535,7,break_hh20
2015-03-17,-0.013156516,9,break_hh20
2015-03-18,-0.008248645,8,break_hh20
2015-03-19,0.00080477324,3,break_hh20
2015-03-20,0.074803144,2,break_hh20
2015-03-23,-0.0032107695,9,break_hh20
2015-03-24,-0.036669493,6,break_hh20
2015-03-25,-0.0092293965,3,break_hh20
2015-03-26,-0.052021667,3,break_hh20
2015-03-27,-0.009429861,1,break_hh20
2015-03-30,-0.044761244,9,break_hh20
2015-03-31,-0.025365798,2,break_hh20
2015-04-01,-0.029791921,3,break_hh20
2015-04-02,0.08400079,4,break_hh20
2015-04-03,-0.07682624,3,break_hh20
2015-04-07,0.039660353,9,break_hh20
2015-04-08,-0.0220939,2,break_hh20
2015-04-09,-0.029130472,3,break_hh20
2015-04-10,-0.03972319,2,break_hh20
2015-04-13,-0.014762275,6,break_hh20
2015-04-14,-0.04158392,1,break_hh20
2015-04-15,-0.007887669,1,break_hh20
2015-04-16,-0.023745937,3,break_hh20
2015-04-17,0.03576182,4,break_hh20
2015-04-20,-0.101870224,2,break_hh20
2015-04-21,0.024554795,8,break_hh20
2015-04-22,-0.018885633,4,break_hh20
2015-04-23,0.042312313,3,break_hh20
2015-04-24,0.026363537,2,break_hh20
2015-04-28,-0.06806176,2,break_hh20
2015-04-29,-0.029118113,2,break_hh20
2015-04-30,-0.05328051,1,break_hh20
2015-05-13,0.292774,1,break_hh20
2015-05-18,-0.02548042,1,break_hh20
2015-05-20,0.034565322,2,break_hh20
2015-05-21,-0.07592536,3,break_hh20
2015-05-22,0.08325068,3,break_hh20
2015-05-25,-0.0040927324,8,break_hh20
2015-05-26,-0.010906995,8,break_hh20
2015-05-27,0.006454726,6,break_hh20
2015-05-29,-0.10225256,1,break_hh20
2015-06-01,-0.06925056,6,break_hh20
2015-06-02,0.0786605,6,break_hh20
2015-06-03,-0.03255179,2,break_hh20
2015-06-04,-0.0034903223,2,break_hh20
2015-06-05,-0.015526402,3,break_hh20
2015-06-08,-0.07390521,5,break_hh20
2015-06-10,0.03283534,4,break_hh20
2015-06-11,-7.059425e-06,2,break_hh20
2015-06-12,0.04261781,5,break_hh20
2015-06-15,0.117193505,1,break_hh20
2015-06-23,0.05150924,2,break_hh20
2015-06-24,0.06780596,2,break_hh20
2015-06-25,-0.0055380017,2,break_hh20
2015-06-29,-0.1036104,1,break_hh20
2015-06-30,-0.12964877,1,break_hh20
2015-07-24,-0.016635835,1,break_hh20
2015-07-30,-0.14464626,1,break_hh20
2015-08-03,-0.09417668,1,break_hh20
2015-08-04,-0.06537416,2,break_hh20
2015-08-06,0.04182534,1,break_hh20
2015-08-10,-0.04941575,3,break_hh20
2015-08-11,-0.038487792,2,break_hh20
2015-08-12,0.016141012,1,break_hh20
2015-08-13,-0.04152589,3,break_hh20
2015-08-14,0.065912604,2,break_hh20
2015-08-17,-0.03422615,2,break_hh20
2015-08-28,-0.08848917,1,break_hh20
2015-09-21,-0.046849467,1,break_hh20
2015-09-24,-0.11766488,1,break_hh20
2015-10-08,-0.08112945,2,break_hh20
2015-10-09,-0.03886915,1,break_hh20
2015-10-12,0.064777225,7,break_hh20
2015-10-13,-0.027422028,2,break_hh20
2015-10-15,0.040420324,5,break_hh20
2015-10-16,-0.002198875,8,break_hh20
2015-10-19,0.008865676,6,break_hh20
2015-10-20,-0.048309874,6,break_hh20
2015-10-22,-0.02395536,2,break_hh20
2015-10-23,-0.007917459,4,break_hh20
2015-10-26,0.05061598,2,break_hh20
2015-10-27,-0.0012482423,2,break_hh20
2015-10-28,-0.06267141,1,break_hh20
2015-10-29,0.018158853,1,break_hh20
2015-10-30,-0.044716224,4,break_hh20
2015-11-02,0.04956182,1,break_hh20
2015-11-04,-0.03248843,10,break_hh20
2015-11-05,-0.012252406,6,break_hh20
2015-11-06,0.02070095,2,break_hh20
2015-11-09,-0.0023533755,6,break_hh20
2015-11-10,-0.086743355,1,break_hh20
2015-11-11,-0.015071047,3,break_hh20
2015-11-12,-0.030778438,1,break_hh20
2015-11-13,-0.05799012,2,break_hh20
2015-11-16,-0.04497529,2,break_hh20
2015-11-17,-0.018703187,2,break_hh20
2015-11-18,-0.042529933,2,break_hh20
2015-11-19,-0.024083512,2,break_hh20
2015-11-20,-0.010406978,1,break_hh20
2015-11-26,-0.09242036,1,break_hh20
2015-12-01,0.07253732,1,break_hh20
2015-12-02,0.031888485,1,break_hh20
2015-12-03,-0.041942053,1,break_hh20
2015-12-07,-0.04588569,1,break_hh20
2015-12-09,-0.029154457,1,break_hh20
2015-12-14,-0.011392145,2,break_hh20
2015-12-17,-0.07010706,2,break_hh20
2015-12-18,-0.009612895,3,break_hh20
2015-12-21,-0.011009059,9,break_hh20
2015-12-22,0.05078245,1,break_hh20
2015-12-28,-0.073565654,1,break_hh20
2016-01-06,-0.037892472,2,break_hh20
2016-02-16,0.0061671343,2,break_hh20
2016-02-17,-0.031373885,3,break_hh20
2016-02-22,0.011873033,2,break_hh20
2016-02-23,0.17364894,1,break_hh20
2016-02-24,0.0333853,2,break_hh20
2016-02-29,-0.008840717,2,break_hh20
2016-03-01,-0.07509386,1,break_hh20
2016-03-02,0.0017043933,5,break_hh20
2016-03-03,-0.1136004,1,break_hh20
2016-03-04,-0.015669039,2,break_hh20
2016-03-07,-0.08238611,1,break_hh20
2016-03-18,0.016113225,4,break_hh20
2016-03-21,-0.010090405,4,break_hh20
2016-03-23,0.016818136,1,break_hh20
2016-03-24,-0.027343802,2,break_hh20
2016-03-25,-0.054225475,1,break_hh20
2016-03-28,-0.02881749,1,break_hh20
2016-03-30,0.046175458,1,break_hh20
2016-03-31,-0.010474374,3,break_hh20
2016-04-05,0.01438195,4,break_hh20
2016-04-06,-0.03024819,2,break_hh20
2016-04-07,-0.014616527,1,break_hh20
2016-04-11,-0.0016718861,3,break_hh20
2016-04-13,-0.011967303,5,break_hh20
2016-04-29,0.050193164,2,break_hh20
2016-05-03,0.006660098,2,break_hh20
2016-05-04,-0.04558052,1,break_hh20
2016-05-11,0.025898386,2,break_hh20
2016-06-01,-0.015388689,2,break_hh20
2016-06-02,-0.10584898,1,break_hh20
2016-06-03,0.04287777,2,break_hh20
2016-06-06,0.009475022,5,break_hh20
2016-06-07,0.030470502,1,break_hh20
2016-06-14,-0.048418395,1,break_hh20
2016-06-15,0.040844306,2,break_hh20
2016-06-16,-0.03369294,2,break_hh20
2016-06-17,0.025120286,2,break_hh20
2016-06-20,0.0076611117,2,break_hh20
2016-06-22,0.014137077,5,break_hh20
2016-06-27,-0.013683519,4,break_hh20
2016-06-28,0.005391118,2,break_hh20
2016-07-01,-0.031422257,1,break_hh20
2016-07-04,0.0045178696,11,break_hh20
2016-07-05,-0.029338978,2,break_hh20
2016-07-06,-0.008310594,4,break_hh20
2016-07-07,-0.0036114017,2,break_hh20
2016-07-08,-0.00074056536,4,break_hh20
2016-07-11,-0.019151863,2,break_hh20
2016-07-12,0.01721162,12,break_hh20
2016-07-13,-0.00023368374,3,break_hh20
2016-07-14,-0.041028656,1,break_hh20
2016-07-15,-0.025809707,1,break_hh20
2016-07-18,0.013104313,1,break_hh20
2016-07-20,-0.029920409,1,break_hh20
2016-07-21,-0.051647265,1,break_hh20
2016-07-25,-0.0926404,1,break_hh20
2016-07-26,0.049224064,1,break_hh20
2016-07-28,0.036988765,2,break_hh20
2016-07-29,-0.016776541,1,break_hh20
2016-08-03,-0.015296499,3,break_hh20
2016-08-04,0.013600145,1,break_hh20
2016-08-08,0.0032415055,2,break_hh20
2016-08-10,0.039515447,1,break_hh20
2016-08-12,-0.03521896,1,break_hh20
2016-08-15,-0.0045154444,9,break_hh20
2016-08-16,-0.0008156821,1,break_hh20
2016-08-17,0.0015798705,2,break_hh20
2016-08-19,-0.056074806,1,break_hh20
2016-08-22,-0.014089949,1,break_hh20
2016-08-23,-0.044523623,1,break_hh20
2016-08-24,-0.021404035,1,break_hh20
2016-08-26,-0.0058925617,1,break_hh20
2016-08-29,-0.0240961,1,break_hh20
2016-08-30,-0.007388669,2,break_hh20
2016-09-02,-0.025265796,1,break_hh20
2016-09-05,-0.06689191,1,break_hh20
2016-09-06,0.05527195,2,break_hh20
2016-09-07,0.007805115,5,break_hh20
2016-09-09,0.0011757733,1,break_hh20
2016-09-13,-0.06879601,1,break_hh20
2016-09-19,-0.029557545,1,break_hh20
2016-09-20,-0.0029895059,1,break_hh20
2016-09-22,-0.002686563,1,break_hh20
2016-09-23,-0.022688728,1,break_hh20
2016-10-10,-0.013945246,5,break_hh20
2016-10-11,0.014734949,3,break_hh20
2016-10-12,-0.011497253,2,break_hh20
2016-10-13,-0.016491076,2,break_hh20
2016-10-18,0.0058619995,2,break_hh20
2016-10-19,-0.0021678014,1,break_hh20
2016-10-20,-0.01513367,1,break_hh20
2016-10-21,-0.02370857,1,break_hh20
2016-10-24,0.0034586252,10,break_hh20
2016-10-25,0.015272988,5,break_hh20
2016-10-26,-0.036718763,1,break_hh20
2016-10-31,-0.014594082,2,break_hh20
2016-11-01,-0.0179923,1,break_hh20
2016-11-02,-0.007352752,3,break_hh20
2016-11-03,0.023188066,1,break_hh20
2016-11-07,-0.014711574,1,break_hh20
2016-11-08,-0.0029343031,1,break_hh20
2016-11-10,0.012353876,4,break_hh20
2016-11-11,-0.0072457814,6,break_hh20
2016-11-14,0.0008919928,4,break_hh20
2016-11-15,-0.019341888,2,break_hh20
2016-11-17,-0.023859039,2,break_hh20
2016-11-18,-0.10056801,1,break_hh20
2016-11-22,0.052208815,3,break_hh20
2016-11-23,0.01409643,4,break_hh20
2016-11-24,0.04291937,1,break_hh20
2016-11-25,0.0141244335,3,break_hh20
2016-11-28,0.00053476106,3,break_hh20
2016-11-29,-0.018201305,1,break_hh20
2016-12-01,-0.025959348,3,break_hh20
2016-12-02,-0.0053177113,1,break_hh20
2016-12-06,0.08762664,1,break_hh20
2016-12-07,-0.0072283857,1,break_hh20
2016-12-09,0.0064737424,1,break_hh20
2016-12-13,-0.07872968,1,break_hh20
2016-12-15,-0.030018032,1,break_hh20
2016-12-19,-0.032205276,1,break_hh20
2016-12-22,-0.1444541,1,break_hh20
2016-12-29,-0.04149922,1,break_hh20
2016-12-30,-0.065436915,1,break_hh20
2017-01-03,0.007024698,1,break_hh20
2017-01-04,0.02473611,2,break_hh20
2017-01-05,-0.009031087,1,break_hh20
2017-01-06,-0.000941433,1,break_hh20
2017-01-09,-0.06384972,2,break_hh20
2017-01-11,-0.027654864,1,break_hh20
2017-01-12,0.020581007,1,break_hh20
2017-01-19,0.0029578693,1,break_hh20
2017-01-23,-0.035055645,2,break_hh20
2017-01-24,-0.007630503,2,break_hh20
2017-01-26,-0.023408994,3,break_hh20
2017-02-06,-0.040018402,1,break_hh20
2017-02-07,-0.022517584,1,break_hh20
2017-02-09,0.010035679,1,break_hh20
2017-02-10,0.0141185345,5,break_hh20
2017-02-13,0.018765757,6,break_hh20
2017-02-14,0.0033990587,2,break_hh20
2017-02-15,-0.019638892,1,break_hh20
2017-02-16,-0.010853239,3,break_hh20
2017-02-20,-0.0070428015,7,break_hh20
2017-02-21,0.010675478,3,break_hh20
2017-02-22,-0.0018306794,2,break_hh20
2017-02-23,-0.0022305064,1,break_hh20
2017-02-24,0.005201242,1,break_hh20
2017-03-07,-0.0012365445,1,break_hh20
2017-03-10,0.0020549074,3,break_hh20
2017-03-13,-0.02078807,1,break_hh20
2017-03-14,-0.011841988,1,break_hh20
2017-03-15,0.038644657,1,break_hh20
2017-03-16,0.018709453,1,break_hh20
2017-03-17,0.061848193,1,break_hh20
2017-03-20,0.016590776,2,break_hh20
2017-03-21,0.002480519,2,break_hh20
2017-03-22,-0.0375702,2,break_hh20
2017-03-23,-0.16217583,1,break_hh20
2017-03-24,-0.0036990358,5,break_hh20
2017-03-28,0.0046049915,1,break_hh20
2017-03-31,0.035737816,1,break_hh20
2017-04-05,-0.012531141,4,break_hh20
2017-04-06,0.024261862,1,break_hh20
2017-04-07,-0.041577443,1,break_hh20
2017-04-10,-0.015473325,2,break_hh20
2017-04-11,-0.057477046,6,break_hh20
2017-04-12,-0.056285482,2,break_hh20
2017-04-19,0.054885592,2,break_hh20
2017-04-20,-0.010176193,3,break_hh20
2017-04-21,0.026393335,1,break_hh20
2017-04-25,-0.03354192,1,break_hh20
2017-05-03,-0.033693377,1,break_hh20
2017-05-05,0.022674076,1,break_hh20
2017-05-09,0.04207597,1,break_hh20
2017-05-11,-0.07193033,1,break_hh20
2017-05-16,-0.047317542,2,break_hh20
2017-05-19,0.008708394,1,break_hh20
2017-05-25,-0.0070497473,2,break_hh20
2017-05-31,-0.008507831,2,break_hh20
2017-06-02,-0.027632708,1,break_hh20
2017-06-06,0.016723178,1,break_hh20
2017-06-07,0.013276949,3,break_hh20
2017-06-08,-0.0066667916,5,break_hh20
2017-06-09,0.0041054217,2,break_hh20
2017-06-12,-0.03497571,5,break_hh20
2017-06-13,-0.0035291223,3,break_hh20
2017-06-14,-0.031439766,2,break_hh20
2017-06-16,0.03815241,2,break_hh20
2017-06-19,-0.020774819,2,break_hh20
2017-06-20,0.030182669,3,break_hh20
2017-06-21,0.004433207,2,break_hh20
2017-06-22,0.053163253,1,break_hh20
2017-06-23,-0.030533653,4,break_hh20
2017-06-26,0.006536001,12,break_hh20
2017-06-27,0.01483655,4,break_hh20
2017-06-28,-0.010220535,3,break_hh20
2017-06-29,0.0167882,3,break_hh20
2017-06-30,0.012529982,2,break_hh20
2017-07-03,0.03251881,2,break_hh20
2017-07-04,-0.0012742156,3,break_hh20
2017-07-05,0.0035450854,1,break_hh20
2017-07-06,0.008351951,5,break_hh20
2017-07-07,-0.02461316,5,break_hh20
2017-07-10,0.010122127,4,break_hh20
2017-07-11,-0.015967105,1,break_hh20
2017-07-13,0.013193806,2,break_hh20
2017-07-14,0.019595655,2,break_hh20
2017-07-18,0.0025431216,1,break_hh20
2017-07-19,-0.0058763586,8,break_hh20
2017-07-20,-0.01743507,2,break_hh20
2017-07-21,-0.027580842,4,break_hh20
2017-07-24,0.021973768,3,break_hh20
2017-07-25,0.123325534,1,break_hh20
2017-07-26,-0.02530518,1,break_hh20
2017-07-28,-0.022243446,4,break_hh20
2017-07-31,-0.024830595,2,break_hh20
2017-08-01,-0.023935292,1,break_hh20
2017-08-02,-0.006153738,1,break_hh20
2017-08-09,-0.0190312,1,break_hh20
2017-08-16,0.04894873,1,break_hh20
2017-08-17,-0.010622134,1,break_hh20
2017-08-18,-0.01471039,2,break_hh20
2017-08-21,-0.0298975,1,break_hh20
2017-08-22,-0.051738337,1,break_hh20
2017-08-23,0.0110307615,1,break_hh20
2017-08-25,-0.042409454,1,break_hh20
2017-08-28,0.0010457477,3,break_hh20
2017-08-29,0.007513079,1,break_hh20
2017-08-30,0.03439234,2,break_hh20
2017-08-31,0.009227423,1,break_hh20
2017-09-01,-0.009798974,1,break_hh20
2017-09-04,0.01773368,2,break_hh20
2017-09-05,0.019752106,2,break_hh20
2017-09-06,0.007964159,3,break_hh20
2017-09-07,0.0583699,1,break_hh20
2017-09-08,-0.023917997,2,break_hh20
2017-09-11,0.012225084,3,break_hh20
2017-09-12,-0.0043813763,1,break_hh20
2017-09-14,-0.022079766,3,break_hh20
2017-09-15,-0.015009449,1,break_hh20
2017-09-18,0.0123406565,2,break_hh20
2017-09-20,0.005752292,2,break_hh20
2017-09-22,0.039859146,2,break_hh20
2017-09-25,-0.037133835,2,break_hh20
2017-09-26,0.09219774,2,break_hh20
2017-09-27,0.0027648248,1,break_hh20
2017-09-28,0.028940398,5,break_hh20
2017-10-09,0.013961241,8,break_hh20
2017-10-10,0.008832562,3,break_hh20
2017-10-11,6.3289575e-05,3,break_hh20
2017-10-12,0.012376135,1,break_hh20
2017-10-13,-0.00852165,5,break_hh20
2017-10-16,0.11084001,2,break_hh20
2017-10-17,-0.02990007,2,break_hh20
2017-10-18,0.016606983,4,break_hh20
2017-10-19,-0.031270757,1,break_hh20
2017-10-23,-0.010033734,4,break_hh20
2017-10-25,0.006696196,5,break_hh20
2017-10-26,-0.0020374693,3,break_hh20
2017-10-30,0.008297387,5,break_hh20
2017-10-31,0.06921187,2,break_hh20
2017-11-01,0.043395653,2,break_hh20
2017-11-06,-0.0032944693,9,break_hh20
2017-11-07,0.07618775,1,break_hh20
2017-11-09,0.022285366,3,break_hh20
2017-11-10,0.003522237,5,break_hh20
2017-11-13,0.03755171,2,break_hh20
2017-11-16,0.014136285,3,break_hh20
2017-11-20,-0.04903667,3,break_hh20
2017-11-21,-0.02541318,3,break_hh20
2017-11-28,-0.02035586,1,break_hh20
2017-11-29,-0.060951117,1,break_hh20
2017-12-08,0.06995779,1,break_hh20
2017-12-14,0.024565417,2,break_hh20
2017-12-15,-0.07048218,1,break_hh20
2017-12-19,0.037372738,2,break_hh20
2017-12-20,-0.020494018,2,break_hh20
2017-12-22,-0.01308126,4,break_hh20
2017-12-25,-0.038194593,1,break_hh20
2017-12-26,0.0066110026,2,break_hh20
2017-12-27,0.05357344,1,break_hh20
2017-12-28,-0.047507726,1,break_hh20
2017-12-29,-0.010834077,2,break_hh20
2018-01-02,-0.016431713,6,break_hh20
2018-01-03,-0.009484297,3,break_hh20
2018-01-04,-0.0052057975,3,break_hh20
2018-01-05,0.007590591,2,break_hh20
2018-01-08,-0.028070278,4,break_hh20
2018-01-09,0.050959326,5,break_hh20
2018-01-10,-0.026326844,1,break_hh20
2018-01-12,0.004085939,3,break_hh20
2018-01-15,0.024471464,5,break_hh20
2018-01-16,-0.008025903,4,break_hh20
2018-01-17,0.0052432828,2,break_hh20
2018-01-19,-0.031056412,3,break_hh20
2018-01-22,-0.013900151,3,break_hh20
2018-01-23,0.035266206,1,break_hh20
2018-01-24,-0.0015270958,3,break_hh20
2018-01-26,0.038475767,1,break_hh20
2018-02-08,0.025390081,1,break_hh20
2018-02-13,0.018462488,1,break_hh20
2018-02-26,-0.0013296725,1,break_hh20
2018-02-28,0.023631355,1,break_hh20
2018-03-06,-0.009208063,2,break_hh20
2018-03-07,-0.02996421,1,break_hh20
2018-03-08,-0.019798348,1,break_hh20
2018-03-09,0.0007475998,5,break_hh20
2018-03-12,-0.002780905,5,break_hh20
2018-03-13,-0.052179053,1,break_hh20
2018-03-20,0.022957986,3,break_hh20
2018-03-22,-0.08273226,1,break_hh20
2018-03-29,-0.06217731,1,break_hh20
2018-04-10,-0.03847854,1,break_hh20
2018-04-11,0.014477575,1,break_hh20
2018-04-12,0.04397983,2,break_hh20
2018-04-16,-0.06695252,1,break_hh20
2018-04-18,-0.012535503,1,break_hh20
2018-04-24,-0.042026244,2,break_hh20
2018-04-25,0.059477165,1,break_hh20
2018-05-02,0.06926684,1,break_hh20
2018-05-03,-0.005428653,2,break_hh20
2018-05-07,-0.002915167,5,break_hh20
2018-05-08,0.0031653577,2,break_hh20
2018-05-09,0.031180799,2,break_hh20
2018-05-10,-0.025126304,2,break_hh20
2018-05-14,-0.021511793,2,break_hh20
2018-05-15,-0.026714157,4,break_hh20
2018-05-16,0.0071493518,4,break_hh20
2018-05-18,-0.0691214,1,break_hh20
2018-05-21,-0.003861824,2,break_hh20
2018-05-22,-0.056718204,1,break_hh20
2018-05-23,-2.994854e-05,2,break_hh20
2018-05-28,0.015928619,4,break_hh20
2018-05-31,-0.022404544,1,break_hh20
2018-06-04,0.012759026,1,break_hh20
2018-06-05,0.0037733875,1,break_hh20
2018-06-11,0.04225768,2,break_hh20
2018-06-12,0.0047919974,1,break_hh20
2018-06-25,-0.010040125,1,break_hh20
2018-06-29,-0.010206295,2,break_hh20
2018-07-03,-0.058651853,2,break_hh20
2018-07-11,-0.01164563,1,break_hh20
2018-07-13,-0.05266395,1,break_hh20
2018-07-17,-0.023032514,1,break_hh20
2018-07-18,0.04947096,1,break_hh20
2018-07-20,-0.011324306,2,break_hh20
2018-07-23,0.0108485455,4,break_hh20
2018-07-24,0.007401601,2,break_hh20
2018-07-25,-0.004412748,1,break_hh20
2018-07-26,0.028433884,2,break_hh20
2018-07-27,-0.013257757,1,break_hh20
2018-08-07,-0.007288542,1,break_hh20
2018-08-13,0.0130303735,2,break_hh20
2018-08-23,0.09640128,1,break_hh20
2018-08-24,0.0069572134,2,break_hh20
2018-08-27,0.015478687,2,break_hh20
2018-09-04,0.00950294,1,break_hh20
2018-09-13,0.019235665,1,break_hh20
2018-09-14,-0.010404633,1,break_hh20
2018-09-17,-0.037615396,1,break_hh20
2018-09-18,-0.046692643,2,break_hh20
2018-09-19,0.010804525,2,break_hh20
2018-09-20,-0.088602,1,break_hh20
2018-09-21,-0.0114849955,5,break_hh20
2018-09-25,-0.013662366,1,break_hh20
2018-09-26,-0.004535968,5,break_hh20
2018-09-27,-0.011650875,1,break_hh20
2018-09-28,0.056719467,1,break_hh20
2018-10-24,-0.0482916,1,break_hh20
2018-10-25,0.028422065,1,break_hh20
2018-10-30,-0.06715142,1,break_hh20
2018-11-02,-0.030938301,1,break_hh20
2018-11-06,0.009016082,2,break_hh20
2018-11-12,0.016498184,2,break_hh20
2018-11-13,0.000106069776,9,break_hh20
2018-11-14,0.008029674,1,break_hh20
2018-11-15,0.010343079,7,break_hh20
2018-11-16,-0.012725608,7,break_hh20
2018-11-19,-0.005400304,4,break_hh20
2018-12-03,0.005201528,3,break_hh20
2018-12-05,-0.024995869,2,break_hh20
2018-12-12,-0.012329636,1,break_hh20
2018-12-13,-0.031109717,2,break_hh20
2018-12-17,0.023171177,1,break_hh20
2019-01-03,0.036013126,1,break_hh20
2019-01-04,0.011256952,2,break_hh20
2019-01-07,-0.04344587,2,break_hh20
2019-01-09,-0.010186012,1,break_hh20
2019-01-10,0.0028121788,1,break_hh20
2019-01-14,0.014205175,3,break_hh20
2019-01-15,-0.018551828,4,break_hh20
2019-01-16,0.03919205,3,break_hh20
2019-01-17,-0.0015191194,1,break_hh20
2019-01-18,-0.015244472,6,break_hh20
2019-01-21,0.006304785,3,break_hh20
2019-01-23,-0.0013122311,3,break_hh20
2019-01-24,-0.009628408,1,break_hh20
2019-01-25,0.012237005,3,break_hh20
2019-01-28,0.031973924,1,break_hh20
2019-01-29,-0.039538056,1,break_hh20
2019-01-31,-0.03812587,3,break_hh20
2019-02-01,-0.03643815,4,break_hh20
2019-02-11,0.0077463263,8,break_hh20
2019-02-12,0.01629369,9,break_hh20
2019-02-13,0.0025456946,9,break_hh20
2019-02-14,-0.022513956,5,break_hh20
2019-02-18,0.0052737114,24,break_hh20
2019-02-19,0.0007453412,3,break_hh20
2019-02-20,0.019247435,1,break_hh20
2019-02-21,0.09075568,1,break_hh20
2019-02-22,-0.02080408,7,break_hh20
2019-02-25,0.007260185,23,break_hh20
2019-02-26,-0.009365352,2,break_hh20
2019-02-27,-0.034764737,1,break_hh20
2019-02-28,-0.046113186,1,break_hh20
2019-03-01,-0.030203508,3,break_hh20
2019-03-04,-0.03635692,9,break_hh20
2019-03-05,0.07396357,5,break_hh20
2019-03-06,0.0040859147,6,break_hh20
2019-03-07,-0.0023875702,2,break_hh20
2019-03-11,0.023928307,1,break_hh20
2019-03-12,-0.05883954,3,break_hh20
2019-03-14,0.06290474,1,break_hh20
2019-03-15,-0.028319549,2,break_hh20
2019-03-18,-0.029197017,12,break_hh20
2019-03-20,0.0027583456,1,break_hh20
2019-03-21,-0.0800197,2,break_hh20
2019-03-25,-0.08722784,2,break_hh20
2019-03-26,0.14541018,1,break_hh20
2019-03-27,-0.07516771,1,break_hh20
2019-03-28,-0.04462809,1,break_hh20
2019-03-29,-0.046486616,3,break_hh20
2019-04-01,0.09033429,6,break_hh20
2019-04-02,-0.073790304,1,break_hh20
2019-04-03,0.0018970482,4,break_hh20
2019-04-04,0.012866277,6,break_hh20
2019-04-08,-0.013050298,5,break_hh20
2019-04-09,-0.027012933,4,break_hh20
2019-04-10,0.01864166,4,break_hh20
2019-04-16,0.006547616,4,break_hh20
2019-04-17,-0.09183439,1,break_hh20
2019-04-18,0.02735983,1,break_hh20
2019-04-19,-0.014023666,4,break_hh20
2019-04-24,-0.05401022,1,break_hh20
2019-04-26,0.038731035,2,break_hh20
2019-05-16,-0.039964784,3,break_hh20
2019-05-27,-0.004588656,1,break_hh20
2019-05-31,-0.0613168,1,break_hh20
2019-06-05,-0.035353724,1,break_hh20
2019-06-11,0.009183508,4,break_hh20
2019-06-13,0.021429783,1,break_hh20
2019-06-18,-0.008345093,1,break_hh20
2019-06-19,-0.009708621,3,break_hh20
2019-06-20,0.0016078223,4,break_hh20
2019-06-21,0.06402384,2,break_hh20
2019-06-24,-0.03399468,3,break_hh20
2019-06-25,0.015733253,1,break_hh20
2019-06-26,0.0008359244,2,break_hh20
2019-06-27,-0.005713721,5,break_hh20
2019-07-01,0.0021772564,15,break_hh20
2019-07-03,-0.025117625,1,break_hh20
2019-07-04,-0.01063752,1,break_hh20
2019-07-05,0.034155175,1,break_hh20
2019-07-09,-0.06335434,1,break_hh20
2019-07-12,-0.03754721,2,break_hh20
2019-07-16,0.017130964,1,break_hh20
2019-07-17,0.018798936,1,break_hh20
2019-07-19,-0.029656032,1,break_hh20
2019-07-23,0.017308002,1,break_hh20
2019-07-26,-0.045746982,3,break_hh20
2019-07-29,0.034997396,2,break_hh20
2019-07-31,-0.0063074157,1,break_hh20
2019-08-08,-0.034016937,1,break_hh20
2019-08-12,-0.06146204,1,break_hh20
2019-08-15,-0.058156982,1,break_hh20
2019-08-16,0.024547257,1,break_hh20
2019-08-19,0.008544047,3,break_hh20
2019-08-20,-0.032064386,1,break_hh20
2019-08-21,0.004129222,1,break_hh20
2019-08-22,0.055892542,2,break_hh20
2019-08-26,-0.043135103,4,break_hh20
2019-08-27,-0.014156311,1,break_hh20
2019-08-29,-0.010122452,1,break_hh20
2019-08-30,-0.056798924,2,break_hh20
2019-09-02,-0.028877147,3,break_hh20
2019-09-03,-0.0113947205,1,break_hh20
2019-09-04,-0.017198505,4,break_hh20
2019-09-05,0.019847082,6,break_hh20
2019-09-06,0.055647153,1,break_hh20
2019-09-09,0.0064432304,4,break_hh20
2019-09-10,-0.007074062,1,break_hh20
2019-09-11,-0.022427915,3,break_hh20
2019-09-12,-0.025827931,1,break_hh20
2019-09-17,0.017966196,1,break_hh20
2019-09-18,0.048712395,1,break_hh20
2019-09-20,0.0658364,1,break_hh20
2019-09-24,0.018730385,1,break_hh20
2019-09-25,0.036090363,1,break_hh20
2019-10-08,0.010192945,2,break_hh20
2019-10-09,-0.016726654,1,break_hh20
2019-10-11,-0.007618105,1,break_hh20
2019-10-14,-0.024342934,2,break_hh20
2019-10-16,0.05883301,1,break_hh20
2019-10-18,-0.023904439,1,break_hh20
2019-10-22,0.009259341,1,break_hh20
2019-10-25,0.07051461,1,break_hh20
2019-10-28,0.050935775,2,break_hh20
2019-10-29,0.03654516,1,break_hh20
2019-10-31,0.023438191,3,break_hh20
2019-11-01,-0.01323937,4,break_hh20
2019-11-04,-0.00042316318,3,break_hh20
2019-11-06,-0.011052581,1,break_hh20
2019-11-08,0.01859415,1,break_hh20
2019-11-13,-0.04919857,2,break_hh20
2019-11-19,-0.009829711,2,break_hh20
2019-11-25,-0.009171357,4,break_hh20
2019-11-26,0.029156668,2,break_hh20
2019-11-29,0.0063205045,1,break_hh20
2019-12-03,0.016780902,2,break_hh20
2019-12-04,-0.01590828,1,break_hh20
2019-12-05,0.003346081,2,break_hh20
2019-12-06,0.010987434,3,break_hh20
2019-12-09,0.019395662,3,break_hh20
2019-12-10,0.0018201148,3,break_hh20
2019-12-11,-0.019992322,4,break_hh20
2019-12-12,-0.00025738403,1,break_hh20
2019-12-13,-0.00894376,7,break_hh20
2019-12-16,0.013726696,10,break_hh20
2019-12-17,-0.0020941612,10,break_hh20
2019-12-18,0.009050422,3,break_hh20
2019-12-19,-0.0021340232,2,break_hh20
2019-12-20,-0.036740016,5,break_hh20
2019-12-24,0.005241198,3,break_hh20
2019-12-25,0.11482392,2,break_hh20
2019-12-26,-0.07695174,2,break_hh20
2019-12-27,0.019318942,4,break_hh20
2019-12-30,-0.033427395,5,break_hh20
2019-12-31,-0.010640269,5,break_hh20
2020-01-02,-0.012828158,10,break_hh20
2020-01-03,0.0035073806,9,break_hh20
2020-01-06,0.009673619,3,break_hh20
2020-01-07,-0.016965024,2,break_hh20
2020-01-08,-0.016792875,5,break_hh20
2020-01-09,0.057551164,3,break_hh20
2020-01-10,0.0032424033,3,break_hh20
2020-01-14,-0.02830835,1,break_hh20
2020-01-15,-0.02178798,1,break_hh20
2020-01-17,0.11455369,1,break_hh20
2020-01-20,0.06244603,2,break_hh20
2020-01-21,0.041049916,1,break_hh20
2020-01-22,0.016566392,2,break_hh20
2020-02-05,-0.075460225,1,break_hh20
2020-02-06,-0.014648051,1,break_hh20
2020-02-12,0.18718436,1,break_hh20
2020-02-17,0.09276476,3,break_hh20
2020-02-18,0.06625398,3,break_hh20
2020-02-20,-0.057067435,3,break_hh20
2020-02-21,-0.08041431,2,break_hh20
2020-02-24,-0.040021773,4,break_hh20
2020-02-25,-0.13193092,2,break_hh20
2020-02-27,0.12355087,1,break_hh20
2020-03-02,-0.0005394754,6,break_hh20
2020-03-03,-0.021670276,2,break_hh20
2020-03-04,-0.0034898855,3,break_hh20
2020-03-05,0.015962126,6,break_hh20
2020-03-13,-0.0088837,1,break_hh20
2020-03-17,-0.0013389662,1,break_hh20
2020-03-27,0.0040928833,1,break_hh20
2020-04-03,-0.10263899,1,break_hh20
2020-04-07,0.032734353,2,break_hh20
2020-04-08,0.041254442,1,break_hh20
2020-04-09,0.024271358,2,break_hh20
2020-04-10,0.008903595,1,break_hh20
2020-04-13,-0.013265936,2,break_hh20
2020-04-15,0.008667297,1,break_hh20
2020-04-16,-0.040526588,2,break_hh20
2020-04-21,0.011355358,1,break_hh20
2020-04-22,0.018259281,3,break_hh20
2020-04-23,0.035603493,3,break_hh20
2020-04-24,-0.09846854,2,break_hh20
2020-04-27,-0.011495689,1,break_hh20
2020-04-28,-0.04125402,1,break_hh20
2020-04-29,-0.068444185,2,break_hh20
2020-04-30,-0.0033220043,4,break_hh20
2020-05-06,-0.00014634655,5,break_hh20
2020-05-07,-0.012045036,3,break_hh20
2020-05-08,0.0011439403,2,break_hh20
2020-05-11,-0.008699954,5,break_hh20
2020-05-12,0.039531223,3,break_hh20
2020-05-13,0.00039016455,3,break_hh20
2020-05-14,0.024101598,1,break_hh20
2020-05-18,0.02033414,7,break_hh20
2020-05-19,0.015004709,1,break_hh20
2020-05-20,0.0030083396,1,break_hh20
2020-05-21,0.05334202,1,break_hh20
2020-05-25,-0.037479665,1,break_hh20
2020-06-01,0.023947813,4,break_hh20
2020-06-02,-0.003065078,5,break_hh20
2020-06-04,-0.0477028,3,break_hh20
2020-06-05,0.00206503,2,break_hh20
2020-06-08,-0.004445799,4,break_hh20
2020-06-09,0.05879314,1,break_hh20
2020-06-10,-0.008595457,2,break_hh20
2020-06-11,0.0030746944,1,break_hh20
2020-06-12,-0.011923447,2,break_hh20
2020-06-15,0.01175284,1,break_hh20
2020-06-16,0.029082859,5,break_hh20
2020-06-17,-0.043635294,2,break_hh20
2020-06-18,-0.061862268,2,break_hh20
2020-06-19,0.07135958,4,break_hh20
2020-06-22,-0.042400565,1,break_hh20
2020-06-23,-0.1255709,1,break_hh20
2020-06-24,0.07679357,2,break_hh20
2020-06-29,-0.06655936,2,break_hh20
2020-06-30,-0.053935867,2,break_hh20
2020-07-01,-0.030066947,6,break_hh20
2020-07-02,0.014288602,10,break_hh20
2020-07-03,-0.008594207,6,break_hh20
2020-07-06,0.005588871,21,break_hh20
2020-07-07,0.008570055,2,break_hh20
2020-07-08,-0.053889815,1,break_hh20
2020-07-09,-0.013566042,8,break_hh20
2020-07-10,0.0070018433,4,break_hh20
2020-07-13,0.030924106,11,break_hh20
2020-07-14,0.06991942,2,break_hh20
2020-07-15,-0.0035071298,3,break_hh20
2020-07-20,-0.03827741,5,break_hh20
2020-07-21,0.1155031,1,break_hh20
2020-07-22,-0.012179393,3,break_hh20
2020-07-23,0.03615591,1,break_hh20
2020-07-24,-0.005175464,1,break_hh20
2020-07-28,-0.087466784,2,break_hh20
2020-07-29,-0.031107932,1,break_hh20
2020-07-31,0.015950477,1,break_hh20
2020-08-03,-0.024600763,2,break_hh20
2020-08-05,-0.03828163,4,break_hh20
2020-08-06,-0.060552258,1,break_hh20
2020-08-12,-0.07904724,1,break_hh20
2020-08-13,-0.06847575,1,break_hh20
2020-08-14,0.018308297,1,break_hh20
2020-08-17,-7.2988994e-05,6,break_hh20
2020-08-19,0.05903469,1,break_hh20
2020-08-24,-0.007870069,2,break_hh20
2020-08-25,0.025403557,2,break_hh20
2020-08-27,0.015118537,1,break_hh20
2020-08-28,-0.04897043,2,break_hh20
2020-08-31,0.0053561423,2,break_hh20
2020-09-01,0.0696824,2,break_hh20
2020-09-02,-0.06823268,3,break_hh20
2020-09-04,0.012534678,1,break_hh20
2020-09-08,0.047165044,2,break_hh20
2020-09-09,-0.080030695,3,break_hh20
2020-09-10,0.06105808,1,break_hh20
2020-09-15,-0.016857726,1,break_hh20
2020-09-16,-0.0012484335,1,break_hh20
2020-09-17,-0.052072223,1,break_hh20
2020-09-18,-0.025575364,3,break_hh20
2020-09-21,-0.022855258,1,break_hh20
2020-09-22,0.013112819,1,break_hh20
2020-09-30,-0.08557175,1,break_hh20
2020-10-09,-0.0029518283,2,break_hh20
2020-10-12,-0.0064485264,3,break_hh20
2020-10-13,-0.0011386235,5,break_hh20
2020-10-14,0.019024184,1,break_hh20
2020-10-15,0.07075321,1,break_hh20
2020-10-20,0.025977196,3,break_hh20
2020-10-21,-0.0030210847,1,break_hh20
2020-10-22,0.13132632,1,break_hh20
2020-10-28,0.12798354,1,break_hh20
2020-10-29,0.020689433,2,break_hh20
2020-11-02,0.018485188,5,break_hh20
2020-11-03,0.11019718,2,break_hh20
2020-11-04,0.025026029,3,break_hh20
2020-11-05,-0.027298141,5,break_hh20
2020-11-06,0.02016992,2,break_hh20
2020-11-09,0.015173048,5,break_hh20
2020-11-10,0.0145401945,4,break_hh20
2020-11-11,0.121540815,1,break_hh20
2020-11-12,0.013946688,2,break_hh20
2020-11-13,-0.008099703,1,break_hh20
2020-11-16,0.01579464,7,break_hh20
2020-11-17,-0.015950052,6,break_hh20
2020-11-18,0.0058691055,2,break_hh20
2020-11-19,0.003464307,3,break_hh20
2020-11-20,-0.013242416,3,break_hh20
2020-11-23,0.0155378785,7,break_hh20
2020-11-24,-0.084367886,2,break_hh20
2020-11-26,-0.028544165,2,break_hh20
2020-11-27,0.060677137,3,break_hh20
2020-11-30,0.05032895,1,break_hh20
2020-12-01,-0.011572542,5,break_hh20
2020-12-02,-0.041034874,1,break_hh20
2020-12-03,0.002853003,3,break_hh20
2020-12-07,-0.06495583,1,break_hh20
2020-12-10,0.034039672,1,break_hh20
2020-12-11,0.07436911,1,break_hh20
2020-12-15,-0.013748058,1,break_hh20
2020-12-16,0.032720927,1,break_hh20
2020-12-17,0.060211785,1,break_hh20
2020-12-21,0.075759605,1,break_hh20
2020-12-22,-0.11951769,1,break_hh20
2020-12-23,0.04015708,2,break_hh20
2020-12-25,-0.019136868,2,break_hh20
2020-12-28,0.10176204,1,break_hh20
2020-12-30,0.002931632,1,break_hh20
2020-12-31,0.003611289,1,break_hh20
2021-01-04,0.015119508,7,break_hh20
2021-01-05,0.040263824,4,break_hh20
2021-01-06,0.06587714,2,break_hh20
2021-01-07,-0.008779306,4,break_hh20
2021-01-08,-0.0312524,2,break_hh20
2021-01-11,0.10098798,4,break_hh20
2021-01-12,-0.030110994,7,break_hh20
2021-01-13,-0.04309153,1,break_hh20
2021-01-14,0.005294211,1,break_hh20
2021-01-18,-0.02896145,4,break_hh20
2021-01-19,-0.00045876158,1,break_hh20
2021-01-20,-0.018890422,1,break_hh20
2021-01-21,-0.050249845,2,break_hh20
2021-01-22,-0.17350906,1,break_hh20
2021-01-27,0.20370531,2,break_hh20
2021-01-29,0.0752878,1,break_hh20
2021-02-01,0.046694934,3,break_hh20
2021-02-02,0.017485054,3,break_hh20
2021-02-08,0.0050851963,1,break_hh20
2021-02-09,-0.037135188,6,break_hh20
2021-02-10,-0.17965953,2,break_hh20
2021-02-18,0.026357949,4,break_hh20
2021-02-19,0.0075755264,3,break_hh20
2021-02-22,-0.014611104,2,break_hh20
2021-02-23,0.03480792,1,break_hh20
2021-02-25,-0.00088870403,3,break_hh20
2021-03-01,-0.12996866,2,break_hh20
2021-03-02,-0.019754283,1,break_hh20
2021-03-03,0.13365819,3,break_hh20
2021-03-05,0.08937025,2,break_hh20
2021-03-11,-0.0916233,1,break_hh20
2021-03-12,0.01348773,1,break_hh20
2021-03-15,-0.048267484,1,break_hh20
2021-03-17,-0.01973117,5,break_hh20
2021-03-19,-0.01316994,1,break_hh20
2021-03-22,-0.030280873,4,break_hh20
2021-03-23,0.03933512,2,break_hh20
2021-03-26,-0.06874956,1,break_hh20
2021-03-29,-0.1901336,1,break_hh20
2021-03-30,-0.013299886,3,break_hh20
2021-03-31,-0.04836244,2,break_hh20
2021-04-01,0.015256526,1,break_hh20
2021-04-02,-0.031011017,4,break_hh20
2021-04-06,-0.019741215,2,break_hh20
2021-04-07,0.08439138,1,break_hh20
2021-04-08,-0.0038516007,3,break_hh20
2021-04-09,0.008027424,3,break_hh20
2021-04-12,-0.062626496,1,break_hh20
2021-04-14,-0.0032347562,1,break_hh20
2021-04-15,0.0031397827,1,break_hh20
2021-04-16,-0.06663887,2,break_hh20
2021-04-19,0.037225556,2,break_hh20
2021-04-20,0.015006832,2,break_hh20
2021-04-21,-0.059647642,2,break_hh20
2021-04-22,0.018071614,1,break_hh20
2021-04-23,0.023911744,3,break_hh20
2021-04-26,0.024553379,2,break_hh20
2021-04-28,-0.12844445,1,break_hh20
2021-04-29,0.004591007,1,break_hh20
2021-04-30,0.070058696,1,break_hh20
2021-05-07,-0.05353957,3,break_hh20
2021-05-10,-0.08175402,3,break_hh20
2021-05-11,0.03178312,3,break_hh20
2021-05-13,0.014147296,3,break_hh20
2021-05-14,-0.02427626,5,break_hh20
2021-05-17,0.019970926,1,break_hh20
2021-05-19,-0.072322465,2,break_hh20
2021-05-25,-0.027768137,3,break_hh20
2021-05-26,0.018407978,1,break_hh20
2021-05-27,0.098548606,1,break_hh20
2021-05-28,0.009238082,1,break_hh20
2021-05-31,-0.13805456,1,break_hh20
2021-06-02,-0.04238881,1,break_hh20
2021-06-03,-0.0150085855,2,break_hh20
2021-06-04,-0.07210226,1,break_hh20
2021-06-07,0.033342134,5,break_hh20
2021-06-08,-0.06498204,1,break_hh20
2021-06-09,-0.009756334,1,break_hh20
2021-06-10,0.013952096,2,break_hh20
2021-06-18,0.006059557,1,break_hh20
2021-06-21,0.03808936,1,break_hh20
2021-06-23,-0.018145291,1,break_hh20
2021-06-24,-0.02830036,3,break_hh20
2021-06-25,-0.05393935,1,break_hh20
2021-06-28,0.012184166,3,break_hh20
2021-07-01,-0.14236858,1,break_hh20
2021-07-02,-0.13971041,1,break_hh20
2021-07-07,-0.029478818,2,break_hh20
2021-07-08,0.022232171,2,break_hh20
2021-07-09,-0.045012098,3,break_hh20
2021-07-12,-0.010172029,2,break_hh20
2021-07-13,0.0457162,1,break_hh20
2021-07-14,-0.061894935,1,break_hh20
2021-07-15,0.06470723,3,break_hh20
2021-07-16,0.007986839,3,break_hh20
2021-07-19,-0.115130685,2,break_hh20
2021-07-20,-0.013382673,1,break_hh20
2021-07-22,0.034192767,6,break_hh20
2021-07-23,0.050584067,3,break_hh20
2021-07-30,-0.03982165,1,break_hh20
2021-08-02,0.045668654,1,break_hh20
2021-08-03,0.09824379,1,break_hh20
2021-08-04,-0.018349942,1,break_hh20
2021-08-05,0.03159153,3,break_hh20
2021-08-06,-0.049588665,2,break_hh20
2021-08-09,-0.04409092,4,break_hh20
2021-08-10,-0.026664427,2,break_hh20
2021-08-11,-0.00065836025,1,break_hh20
2021-08-12,0.043598406,2,break_hh20
2021-08-13,0.08229183,2,break_hh20
2021-08-16,-0.03096402,4,break_hh20
2021-08-18,-0.027581707,3,break_hh20
2021-08-19,-0.09237838,2,break_hh20
2021-08-20,0.17246132,3,break_hh20
2021-08-23,0.04067405,1,break_hh20
2021-08-24,0.004637328,2,break_hh20
2021-08-25,0.0002330405,3,break_hh20
2021-08-26,-0.025993813,2,break_hh20
2021-08-27,-0.0041630287,2,break_hh20
2021-08-30,0.06831436,1,break_hh20
2021-08-31,-0.040664773,4,break_hh20
2021-09-01,0.011929579,4,break_hh20
2021-09-02,-0.030775081,2,break_hh20
2021-09-03,0.04581324,2,break_hh20
2021-09-06,-0.03739293,2,break_hh20
2021-09-07,0.015007787,3,break_hh20
2021-09-08,-0.026466692,3,break_hh20
2021-09-09,0.053939942,2,break_hh20
2021-09-10,-0.02571303,4,break_hh20
2021-09-13,-0.011134281,5,break_hh20
2021-09-15,0.00018105935,2,break_hh20
2021-09-16,0.0083162375,2,break_hh20
2021-09-23,0.010839794,1,break_hh20
2021-09-27,0.036618058,3,break_hh20
2021-09-28,-0.07655212,1,break_hh20
2021-09-30,0.097809955,2,break_hh20
2021-10-11,-0.069669075,1,break_hh20
2021-10-13,-0.084261,2,break_hh20
2021-10-15,0.050267655,1,break_hh20
2021-10-20,-0.009351332,1,break_hh20
2021-10-22,-0.046718717,2,break_hh20
2021-10-25,0.0158465,2,break_hh20
2021-10-27,-0.13651334,1,break_hh20
2021-11-01,0.009370376,1,break_hh20
2021-11-05,-0.04925452,1,break_hh20
2021-11-09,-0.035724707,4,break_hh20
2021-11-11,-0.06557765,2,break_hh20
2021-11-12,-0.091234274,3,break_hh20
2021-11-16,-0.01566895,2,break_hh20
2021-11-18,0.07753266,2,break_hh20
2021-11-19,0.044568904,1,break_hh20
2021-11-22,0.029904943,1,break_hh20
2021-11-23,0.033125415,2,break_hh20
2021-11-24,-0.020077873,3,break_hh20
2021-11-25,-0.0517297,1,break_hh20
2021-11-30,-0.015850568,1,break_hh20
2021-12-01,-0.024416735,4,break_hh20
2021-12-02,-0.007531306,2,break_hh20
2021-12-03,-0.016851552,4,break_hh20
2021-12-06,-0.02216876,2,break_hh20
2021-12-07,-0.034712244,1,break_hh20
2021-12-08,0.2182609,1,break_hh20
2021-12-09,-0.023156537,3,break_hh20
2021-12-10,-0.008957987,1,break_hh20
2021-12-13,-0.012781931,1,break_hh20
2021-12-14,-0.0073329443,2,break_hh20
2021-12-15,-0.05756971,2,break_hh20
2021-12-16,0.051332913,2,break_hh20
2021-12-17,-0.025619987,2,break_hh20
2021-12-20,0.03883538,1,break_hh20
2021-12-21,0.028413242,3,break_hh20
2021-12-22,0.015237974,1,break_hh20
2021-12-23,-0.02377391,3,break_hh20
2021-12-24,0.027886525,2,break_hh20
2021-12-27,-0.055013373,3,break_hh20
2021-12-31,-0.009102898,1,break_hh20
2022-01-04,0.008180669,3,break_hh20
2022-01-05,0.015078163,4,break_hh20
2022-01-07,-0.03239346,4,break_hh20
2022-01-10,0.017778315,1,break_hh20
2022-01-11,-0.032870866,1,break_hh20
2022-01-12,-0.0436391,1,break_hh20
2022-01-17,-0.031345293,1,break_hh20
2022-02-09,-0.005648245,1,break_hh20
2022-02-11,-0.030608714,1,break_hh20
2022-02-18,-0.013476492,1,break_hh20
2022-02-21,-0.03232613,1,break_hh20
2022-02-24,-0.023370232,1,break_hh20
2022-03-01,-0.024670698,1,break_hh20
2022-03-02,0.001927726,2,break_hh20
2022-03-03,-0.01089339,1,break_hh20
2022-03-11,0.0023970678,1,break_hh20
2022-03-21,-0.09793186,1,break_hh20
2022-03-31,-0.039564442,1,break_hh20
2022-04-01,0.02434819,3,break_hh20
2022-04-08,-0.026063044,2,break_hh20
2022-04-12,-0.010574086,1,break_hh20
2022-04-13,-0.07714301,1,break_hh20
2022-04-14,-0.018230835,2,break_hh20
2022-04-28,-0.1041711,2,break_hh20
2022-05-05,-0.016707014,4,break_hh20
2022-05-09,-0.061043702,1,break_hh20
2022-05-12,0.109042995,1,break_hh20
2022-05-13,-0.018848635,2,break_hh20
2022-05-17,0.0340588,2,break_hh20
2022-05-20,-0.011057843,1,break_hh20
2022-05-23,0.072684474,2,break_hh20
2022-05-26,0.0009814231,4,break_hh20
2022-05-30,0.00016976,5,break_hh20
2022-05-31,-0.011749137,6,break_hh20
2022-06-01,0.030239359,1,break_hh20
2022-06-02,-0.011711591,7,break_hh20
2022-06-06,-0.005898189,9,break_hh20
2022-06-07,0.022373395,2,break_hh20
2022-06-08,-0.008740625,3,break_hh20
2022-06-09,-0.0561504,1,break_hh20
2022-06-10,-0.020983757,3,break_hh20
2022-06-13,0.0014985735,4,break_hh20
2022-06-14,-0.0009053536,4,break_hh20
2022-06-15,-0.0022564593,7,break_hh20
2022-06-17,-0.03752635,3,break_hh20
2022-06-20,0.013670814,3,break_hh20
2022-06-21,0.30453974,1,break_hh20
2022-06-23,-0.02573132,2,break_hh20
2022-06-24,-0.038831167,2,break_hh20
2022-06-27,-0.0009768284,4,break_hh20
2022-06-28,-0.045919653,4,break_hh20
2022-06-29,-0.01203993,1,break_hh20
2022-06-30,0.07623423,5,break_hh20
2022-07-01,0.001944589,4,break_hh20
2022-07-04,0.0018831529,2,break_hh20
2022-07-05,0.20798466,1,break_hh20
2022-07-07,-0.002635248,1,break_hh20
2022-07-12,-0.05956877,2,break_hh20
2022-07-13,-0.024682723,1,break_hh20
2022-07-18,-0.03250757,1,break_hh20
2022-07-20,-0.037648086,2,break_hh20
2022-07-22,0.0087856455,1,break_hh20
2022-07-27,0.040549308,3,break_hh20
2022-07-29,-0.07150349,1,break_hh20
2022-08-01,-0.08339085,1,break_hh20
2022-08-02,-0.00087837037,2,break_hh20
2022-08-04,-0.07459543,1,break_hh20
2022-08-05,-0.02804502,3,break_hh20
2022-08-08,0.031920303,1,break_hh20
2022-08-09,0.007330153,1,break_hh20
2022-08-10,-0.034172807,4,break_hh20
2022-08-11,0.0060304687,6,break_hh20
2022-08-12,-0.035780385,2,break_hh20
2022-08-16,0.01755282,1,break_hh20
2022-08-17,-0.0023609046,3,break_hh20
2022-08-18,-0.043338634,1,break_hh20
2022-08-19,0.003836764,1,break_hh20
2022-08-24,-0.119497694,1,break_hh20
2022-08-26,-0.010896781,1,break_hh20
2022-08-30,0.03239122,1,break_hh20
2022-08-31,0.031424798,2,break_hh20
2022-09-01,-0.044444952,1,break_hh20
2022-09-05,-0.003059158,1,break_hh20
2022-09-06,0.0073985406,2,break_hh20
2022-09-07,-0.13177933,1,break_hh20
2022-09-09,0.041702602,3,break_hh20
2022-09-13,0.01545266,2,break_hh20
2022-09-26,-0.014774989,1,break_hh20
2022-09-27,-0.011731166,1,break_hh20
2022-10-14,0.047240395,3,break_hh20
2022-10-17,-0.00897597,2,break_hh20
2022-10-18,0.011426995,2,break_hh20
2022-10-20,0.06275185,1,break_hh20
2022-10-24,0.04994278,1,break_hh20
2022-10-26,0.0032502352,2,break_hh20
2022-10-27,0.037392076,1,break_hh20
2022-11-01,-0.015048872,3,break_hh20
2022-11-02,-0.028350364,1,break_hh20
2022-11-03,-0.032745812,1,break_hh20
2022-11-04,9.8481774e-05,6,break_hh20
2022-11-07,0.009355939,1,break_hh20
2022-11-08,-0.028294843,1,break_hh20
2022-11-10,-0.01756093,3,break_hh20
2022-11-11,-0.015532588,3,break_hh20
2022-11-14,-0.008359846,3,break_hh20
2022-11-15,0.008169009,6,break_hh20
2022-11-16,-0.045732435,2,break_hh20
2022-11-17,-0.017929759,1,break_hh20
2022-11-18,-0.02924259,4,break_hh20
2022-11-21,-0.022956163,1,break_hh20
2022-11-23,-0.030207658,2,break_hh20
2022-11-24,0.0002980465,2,break_hh20
2022-11-25,0.02230224,2,break_hh20
2022-11-28,-0.022400554,1,break_hh20
2022-11-29,-0.0064093526,6,break_hh20
2022-11-30,-0.0032898947,4,break_hh20
2022-12-01,0.011518877,2,break_hh20
2022-12-05,0.002900112,13,break_hh20
2022-12-06,0.028122587,2,break_hh20
2022-12-07,0.04687816,2,break_hh20
2022-12-08,0.022097573,1,break_hh20
2022-12-09,0.013813189,6,break_hh20
2022-12-12,-0.04413112,1,break_hh20
2022-12-13,0.01829236,1,break_hh20
2022-12-14,-0.0072401688,1,break_hh20
2022-12-30,-0.063164935,1,break_hh20
2023-01-03,0.023566598,1,break_hh20
2023-01-05,-0.0020387957,4,break_hh20
2023-01-09,0.03716542,5,break_hh20
2023-01-10,-0.0025348924,1,break_hh20
2023-01-11,0.021227557,1,break_hh20
2023-01-13,-0.023368686,5,break_hh20
2023-01-16,-0.003342194,10,break_hh20
2023-01-17,-0.00844727,1,break_hh20
2023-01-18,0.008065229,4,break_hh20
2023-01-19,-0.005759062,4,break_hh20
2023-01-20,0.00012602657,7,break_hh20
2023-01-30,0.013496397,4,break_hh20
2023-01-31,-0.005655315,2,break_hh20
2023-02-01,0.0041975584,9,break_hh20
2023-02-02,0.03814362,2,break_hh20
2023-02-03,-0.053615987,1,break_hh20
2023-02-06,0.031930007,1,break_hh20
2023-02-07,-0.0010820879,2,break_hh20
2023-02-09,0.009939928,4,break_hh20
2023-02-10,0.018580617,2,break_hh20
2023-02-13,0.008847962,7,break_hh20
2023-02-14,-0.026161648,1,break_hh20
2023-02-15,-0.022468973,5,break_hh20
2023-02-20,-0.009537721,5,break_hh20
2023-02-21,0.0063746786,2,break_hh20
2023-02-23,0.00984042,2,break_hh20
2023-02-27,-0.022855131,1,break_hh20
2023-02-28,-0.00049166474,1,break_hh20
2023-03-01,0.009280976,2,break_hh20
2023-03-02,-0.031462118,2,break_hh20
2023-03-03,0.029985415,3,break_hh20
2023-03-06,-0.012415421,2,break_hh20
2023-03-08,0.0020793062,1,break_hh20
2023-03-10,-0.04362207,1,break_hh20
2023-03-13,0.02837488,1,break_hh20
2023-03-17,0.0046193153,1,break_hh20
2023-03-22,0.06428277,1,break_hh20
2023-03-23,-0.02951697,3,break_hh20
2023-03-24,-0.038293596,1,break_hh20
2023-03-31,-0.014919788,3,break_hh20
2023-04-03,-0.033595964,1,break_hh20
2023-04-04,-0.088377886,1,break_hh20
2023-04-07,0.018748522,1,break_hh20
2023-04-11,0.015206896,2,break_hh20
2023-04-12,0.0010727141,2,break_hh20
2023-04-14,0.010127934,2,break_hh20
2023-04-17,0.015077919,6,break_hh20
2023-04-18,0.025440825,2,break_hh20
2023-04-19,0.0060037784,2,break_hh20
2023-04-20,-0.011839515,1,break_hh20
2023-04-26,0.046979934,1,break_hh20
2023-04-27,-0.00826282,1,break_hh20
2023-04-28,0.021547077,3,break_hh20
2023-05-04,0.017018393,4,break_hh20
2023-05-08,-0.038221538,1,break_hh20
2023-05-09,0.004755798,1,break_hh20
2023-05-10,-0.0052294433,3,break_hh20
2023-05-11,-0.0049619013,1,break_hh20
2023-05-15,-0.02943508,1,break_hh20
2023-05-16,0.0016261023,1,break_hh20
2023-05-26,-0.035810206,1,break_hh20
2023-05-29,0.007605071,2,break_hh20
2023-05-31,-0.013309181,2,break_hh20
2023-06-01,-0.021192916,1,break_hh20
2023-06-05,-0.0042615193,1,break_hh20
2023-06-08,-0.008499563,1,break_hh20
2023-06-12,0.01533956,1,break_hh20
2023-06-13,0.007554651,1,break_hh20
2023-06-14,-0.010672448,4,break_hh20
2023-06-15,0.047347497,4,break_hh20
2023-06-16,-0.0013250498,3,break_hh20
2023-06-19,0.0038890752,1,break_hh20
2023-06-27,-0.0031882077,1,break_hh20
2023-06-29,-0.013910802,2,break_hh20
2023-06-30,-0.020888496,1,break_hh20
2023-07-03,0.019618476,6,break_hh20
2023-07-05,-0.049266066,2,break_hh20
2023-07-06,-0.0057003787,1,break_hh20
2023-07-07,-0.026807869,2,break_hh20
2023-07-10,-0.009020771,1,break_hh20
2023-07-11,-0.0033247967,3,break_hh20
2023-07-13,-0.009966969,3,break_hh20
2023-07-14,0.007278517,3,break_hh20
2023-07-17,-0.005247734,3,break_hh20
2023-07-18,-0.0036403192,1,break_hh20
2023-07-19,0.011918842,3,break_hh20
2023-07-20,-0.027624229,1,break_hh20
2023-07-25,0.013823986,11,break_hh20
2023-07-26,-0.026279412,3,break_hh20
2023-07-27,0.013817356,2,break_hh20
2023-07-28,0.009138531,7,break_hh20
2023-07-31,0.00927231,6,break_hh20
2023-08-01,0.034427762,1,break_hh20
2023-08-03,0.019035865,3,break_hh20
2023-08-04,0.018343257,2,break_hh20
2023-08-08,0.008208759,3,break_hh20
2023-08-10,-0.015396247,1,break_hh20
2023-08-15,-0.08190901,1,break_hh20
2023-08-25,-0.010360802,1,break_hh20
2023-08-31,-0.016395412,1,break_hh20
2023-09-04,-0.007322648,4,break_hh20
2023-09-11,-0.006899352,1,break_hh20
2023-09-12,0.057649054,1,break_hh20
2023-09-14,0.046433117,1,break_hh20
2023-09-15,-0.0048355437,1,break_hh20
2023-09-19,0.02693589,1,break_hh20
2023-09-25,-0.012138663,1,break_hh20
2023-09-26,-0.00080356956,1,break_hh20
2023-09-27,-0.004543187,2,break_hh20
2023-10-09,0.086818084,1,break_hh20
2023-10-11,0.06645325,1,break_hh20
2023-10-12,-0.022281827,2,break_hh20
2023-10-13,0.0010072868,2,break_hh20
2023-10-16,0.02632515,1,break_hh20
2023-10-17,0.03039306,1,break_hh20
2023-10-25,-0.0040738415,1,break_hh20
2023-10-27,-0.021356585,4,break_hh20
2023-11-06,0.013454264,5,break_hh20
2023-11-08,-0.013482847,1,break_hh20
2023-11-09,-0.0069787786,1,break_hh20
2023-11-10,0.008257445,3,break_hh20
2023-11-13,-0.0105378255,3,break_hh20
2023-11-14,0.016806584,3,break_hh20
2023-11-15,-0.0057008537,4,break_hh20
2023-11-17,-0.00046718368,3,break_hh20
2023-11-20,0.022160897,2,break_hh20
2023-11-21,0.017465876,1,break_hh20
2023-11-23,0.09418022,2,break_hh20
2023-11-27,-0.0020852238,2,break_hh20
2023-11-28,-0.034022395,2,break_hh20
2023-11-29,0.014344925,2,break_hh20
2023-12-06,-0.034102738,1,break_hh20
2023-12-12,0.01462824,1,break_hh20
2023-12-13,0.030842036,1,break_hh20
2023-12-26,0.022600155,1,break_hh20
2023-12-27,0.013990818,2,break_hh20
2023-12-28,0.033983212,4,break_hh20
2023-12-29,0.028159568,2,break_hh20
2024-01-02,0.021864265,3,break_hh20
2024-01-03,-0.0031702444,3,break_hh20
2024-01-04,0.020342182,2,break_hh20
2024-01-09,0.020552263,1,break_hh20
2024-01-16,0.028538425,5,break_hh20
2024-01-24,0.08663577,1,break_hh20
2024-01-25,0.007947439,2,break_hh20
2024-01-26,0.053671807,3,break_hh20
2024-01-29,0.051668,4,break_hh20
2024-02-05,-0.0715902,1,break_hh20
2024-02-06,-0.026853252,10,break_hh20
2024-02-07,-0.02081366,8,break_hh20
2024-02-19,-0.0050486797,5,break_hh20
2024-02-20,-0.05707878,1,break_hh20
2024-02-21,-0.0008032036,3,break_hh20
2024-02-22,0.07117576,3,break_hh20
2024-02-23,-0.039271634,3,break_hh20
2024-02-26,-0.03208127,2,break_hh20
2024-02-27,-0.011751236,5,break_hh20
2024-02-29,-0.013967449,7,break_hh20
2024-03-01,0.00044142903,5,break_hh20
2024-03-04,0.009224737,4,break_hh20
2024-03-05,0.030322429,1,break_hh20
2024-03-06,-0.07134872,2,break_hh20
2024-03-07,0.016529722,2,break_hh20
2024-03-08,-0.017208232,3,break_hh20
2024-03-11,-0.030354232,2,break_hh20
2024-03-12,0.023273071,6,break_hh20
2024-03-15,-0.036771428,3,break_hh20
2024-03-18,-0.0006380752,6,break_hh20
2024-03-19,0.003168907,2,break_hh20
2024-03-21,-0.0073359977,2,break_hh20
2024-03-29,0.012107038,1,break_hh20
2024-04-01,0.017126983,7,break_hh20
2024-04-02,0.032584313,3,break_hh20
2024-04-03,-0.0051183375,4,break_hh20
2024-04-08,0.03136465,5,break_hh20
2024-04-10,-0.00573799,2,break_hh20
2024-04-11,0.029981067,3,break_hh20
2024-04-15,0.0067697363,5,break_hh20
2024-04-16,0.02148574,2,break_hh20
2024-04-17,-0.0479966,3,break_hh20
2024-04-18,0.0024185523,4,break_hh20
2024-04-19,-0.03626337,3,break_hh20
2024-04-22,-0.02848198,2,break_hh20
2024-04-25,0.030014759,2,break_hh20
2024-04-26,-0.015799267,3,break_hh20
2024-04-29,0.023472343,4,break_hh20
2024-04-30,-6.132526e-05,2,break_hh20
2024-05-06,-0.04714831,5,break_hh20
2024-05-07,0.010919439,2,break_hh20
2024-05-08,-0.0108174775,1,break_hh20
2024-05-09,-0.0026869513,1,break_hh20
2024-05-10,-0.036941804,2,break_hh20
2024-05-13,-0.01894625,5,break_hh20
2024-05-14,-0.014522184,2,break_hh20
2024-05-16,0.08408506,2,break_hh20
2024-05-20,-0.02243941,1,break_hh20
2024-05-21,0.009148266,1,break_hh20
2024-05-27,0.06119539,1,break_hh20
2024-05-28,-0.056990318,1,break_hh20
2024-05-31,0.0052059707,1,break_hh20
2024-06-04,-0.036680065,2,break_hh20
2024-06-05,0.032318883,1,break_hh20
2024-06-07,0.012554817,2,break_hh20
2024-06-11,-0.04273319,1,break_hh20
2024-06-13,-0.05980791,1,break_hh20
2024-06-17,-0.044859827,1,break_hh20
2024-06-18,-0.017654706,1,break_hh20
2024-06-28,-0.11554968,1,break_hh20
2024-07-01,0.04889311,1,break_hh20
2024-07-02,-0.0067226477,1,break_hh20
2024-07-09,-0.028892713,2,break_hh20
2024-07-10,-0.0062830932,2,break_hh20
2024-07-11,0.025539517,2,break_hh20
2024-07-15,0.0058724545,1,break_hh20
2024-07-16,-0.01272836,1,break_hh20
2024-07-19,0.029104056,3,break_hh20
2024-07-22,-0.014946885,2,break_hh20
2024-07-25,-0.06887467,1,break_hh20
2024-07-26,0.007439287,3,break_hh20
2024-07-31,0.02182278,6,break_hh20
2024-08-01,0.0033952561,1,break_hh20
2024-08-05,-0.014690754,1,break_hh20
2024-08-06,0.0017210254,2,break_hh20
2024-08-08,0.0074302596,1,break_hh20
2024-08-12,-0.00041382853,1,break_hh20
2024-08-16,-0.05461394,1,break_hh20
2024-08-20,0.033125177,1,break_hh20
2024-08-23,-0.02735944,3,break_hh20
2024-08-29,-0.013459509,1,break_hh20
2024-08-30,0.003716264,1,break_hh20
2024-09-03,-0.021859575,2,break_hh20
2024-09-04,0.07711937,1,break_hh20
2024-09-10,-0.06898206,2,break_hh20
2024-09-18,-0.060948316,1,break_hh20
2024-09-19,-0.052852623,1,break_hh20
2024-09-20,-0.033104084,3,break_hh20
2024-09-23,-0.014117256,3,break_hh20
2024-09-24,0.0088373,13,break_hh20
2024-09-25,-0.0052671647,7,break_hh20
2024-09-26,-0.016983507,17,break_hh20
2024-09-27,0.0048408126,9,break_hh20
2024-09-30,0.07011088,1,break_hh20
2024-10-08,0.047921836,1,break_hh20
2024-10-11,-0.07881824,1,break_hh20
2024-10-21,-0.08393496,1,break_hh20
2024-10-25,-0.022652965,1,break_hh20
2024-10-28,-0.037830796,1,break_hh20
2024-10-30,-0.14055951,1,break_hh20
2024-10-31,-0.037004918,2,break_hh20
2024-11-04,-0.05103378,1,break_hh20
2024-11-05,-0.07205542,1,break_hh20
2024-11-06,-0.033573534,1,break_hh20
2024-11-07,-0.015911816,9,break_hh20
2024-11-08,0.027473731,2,break_hh20
2024-11-11,-0.0078837415,3,break_hh20
2024-11-12,-0.02178897,4,break_hh20
2024-11-14,-0.08310481,1,break_hh20
2024-12-03,-0.08371268,1,break_hh20
2024-12-09,-0.033210382,2,break_hh20
2024-12-11,0.054868635,1,break_hh20
2024-12-12,0.017260466,2,break_hh20
2024-12-17,0.11866331,1,break_hh20
2024-12-19,0.0023468358,1,break_hh20
2024-12-20,-0.008153367,1,break_hh20
2024-12-23,0.016511375,2,break_hh20
2024-12-26,-0.07061583,1,break_hh20
2024-12-27,0.042337038,1,break_hh20
2025-01-02,0.030097507,1,break_hh20
2025-01-08,-0.040845707,2,break_hh20
2025-01-09,-0.03193172,1,break_hh20
2025-01-21,0.0065939333,1,break_hh20
2025-01-27,-0.010721065,1,break_hh20
2025-02-06,-0.036714867,2,break_hh20
2025-02-07,0.075339034,7,break_hh20
2025-02-10,-0.028033683,2,break_hh20
2025-02-11,-0.040824786,1,break_hh20
2025-02-12,-0.037885487,3,break_hh20
2025-02-13,0.07724767,4,break_hh20
2025-02-14,0.0032411558,2,break_hh20
2025-02-17,0.0018383106,4,break_hh20
2025-02-18,-0.011268712,1,break_hh20
2025-02-19,0.008586382,2,break_hh20
2025-02-20,0.010913283,2,break_hh20
2025-02-21,-0.029759452,4,break_hh20
2025-02-24,0.048195925,3,break_hh20
2025-02-26,0.0041651316,2,break_hh20
2025-02-27,0.0070437402,5,break_hh20
2025-02-28,-0.003742029,1,break_hh20
2025-03-04,-0.012204248,2,break_hh20
2025-03-05,0.0018502921,1,break_hh20
2025-03-06,-0.046567574,1,break_hh20
2025-03-07,0.082288094,4,break_hh20
2025-03-10,-0.027453873,2,break_hh20
2025-03-11,0.009497072,7,break_hh20
2025-03-12,0.024278782,1,break_hh20
2025-03-13,-0.038037363,1,break_hh20
2025-03-14,-0.002538137,8,break_hh20
2025-03-17,0.0060819155,1,break_hh20
2025-03-18,0.0027569216,4,break_hh20
2025-03-19,-0.003117228,3,break_hh20
2025-03-21,-0.05959867,2,break_hh20
2025-03-24,0.0015277024,3,break_hh20
2025-03-25,-0.015211135,4,break_hh20
2025-03-27,0.00652281,2,break_hh20
2025-03-28,0.029381037,1,break_hh20
2025-03-31,-0.0362913,1,break_hh20
2025-04-01,0.05684245,1,break_hh20
2025-04-03,-0.034848418,4,break_hh20
2025-04-10,-0.049365684,3,break_hh20
2025-04-22,-0.06465491,2,break_hh20
2025-04-23,-0.025960632,1,break_hh20
2025-04-25,-0.047020175,1,break_hh20
2025-04-28,-0.027254405,1,break_hh20
2025-04-29,-0.03429183,1,break_hh20
2025-04-30,0.008596778,1,break_hh20
2025-05-06,-0.03701703,2,break_hh20
2025-05-07,-0.040551357,1,break_hh20
2025-05-08,0.036624104,3,break_hh20
2025-05-09,-8.601369e-05,2,break_hh20
2025-05-12,-0.0035186424,7,break_hh20
2025-05-13,0.01567095,1,break_hh20
2025-05-14,-0.009753986,4,break_hh20
2025-05-16,0.04173099,1,break_hh20
2025-05-19,0.023283817,1,break_hh20
2025-05-20,0.029905193,2,break_hh20
2025-05-21,0.02347384,1,break_hh20
2025-05-26,-0.037008516,1,break_hh20
2025-05-28,-0.039696436,1,break_hh20
2025-05-30,0.010517749,1,break_hh20
2025-06-03,-0.0009061531,2,break_hh20
2025-06-04,0.0016972534,2,break_hh20
2025-06-09,0.0007137186,2,break_hh20
2025-06-10,-0.07060401,1,break_hh20
2025-06-11,0.017152978,3,break_hh20
2025-06-12,-0.03359938,3,break_hh20
2025-06-16,0.0181861,1,break_hh20
2025-06-17,-0.045148037,1,break_hh20
2025-06-19,0.072174385,1,break_hh20
2025-06-23,-0.004681142,2,break_hh20
2025-06-24,0.007805852,1,break_hh20
2025-06-25,-0.007080988,10,break_hh20
2025-06-26,0.033003353,1,break_hh20
2025-06-27,-0.020055229,3,break_hh20
2025-06-30,-0.03955933,4,break_hh20
2025-07-01,-0.040593125,1,break_hh20
2025-07-02,-0.009695015,11,break_hh20
2025-07-03,-0.0063443882,1,break_hh20
2025-07-04,-0.015809301,5,break_hh20
2025-07-07,-0.020589754,4,break_hh20
2025-07-08,-0.012241124,5,break_hh20
2025-07-09,-0.009306593,1,break_hh20
2025-07-10,-0.013489463,9,break_hh20
2025-07-11,-0.004360941,7,break_hh20
2025-07-14,0.021794776,3,break_hh20
2025-07-15,-0.049935576,2,break_hh20
2025-07-16,0.03279249,1,break_hh20
2025-07-17,-0.037845556,3,break_hh20
2025-07-18,0.0061488366,2,break_hh20
2025-07-21,0.0021542613,15,break_hh20
2025-07-22,-0.007895673,11,break_hh20
2025-07-23,-0.008960102,2,break_hh20
2025-07-24,-0.002488575,9,break_hh20
2025-07-25,0.028784644,4,break_hh20
2025-07-28,0.009200628,3,break_hh20
2025-07-29,-0.008698611,3,break_hh20
2025-07-30,-0.017755106,2,break_hh20
2025-07-31,-0.021048073,1,break_hh20
2025-08-01,-0.05215332,1,break_hh20
2025-08-05,0.030094849,1,break_hh20
2025-08-06,0.019303955,2,break_hh20
2025-08-11,-0.01917282,3,break_hh20
2025-08-12,0.057240784,1,break_hh20
2025-08-13,-0.0518493,2,break_hh20
2025-08-15,-0.023043897,4,break_hh20
2025-08-18,0.04216902,4,break_hh20
2025-08-19,0.014009442,2,break_hh20
2025-08-20,-0.0028536832,2,break_hh20
2025-08-21,0.099520266,2,break_hh20
2025-08-22,-0.010722693,8,break_hh20
2025-08-25,0.016056137,11,break_hh20
2025-08-26,0.021894263,3,break_hh20
2025-08-28,-0.04370294,5,break_hh20
2025-08-29,0.08244191,2,break_hh20
2025-09-01,-0.009807507,7,break_hh20
2025-09-02,0.030860506,2,break_hh20
2025-09-03,-0.013106769,2,break_hh20
2025-09-05,0.022365935,2,break_hh20
2025-09-08,-0.016521776,5,break_hh20
2025-09-12,-0.02546016,4,break_hh20
2025-09-15,0.11998242,1,break_hh20
2025-09-17,-0.016696258,3,break_hh20
2025-09-19,-0.014353489,1,break_hh20
2025-09-22,0.120172754,1,break_hh20
2025-09-23,-0.018686289,1,break_hh20
2025-09-24,0.15408525,1,break_hh20
2025-09-25,0.0016051978,2,break_hh20
2025-09-26,-0.06702642,2,break_hh20
2025-09-29,0.023458965,4,break_hh20
2025-09-30,-0.01543643,6,break_hh20
2025-10-09,-0.004936345,6,break_hh20
2025-10-10,-0.016519053,4,break_hh20
2025-10-13,-0.055181485,1,break_hh20
2025-10-14,-0.0098165,5,break_hh20
2025-10-15,-0.028563747,3,break_hh20
2025-10-16,0.018029131,1,break_hh20
2025-10-22,-0.0376876,1,break_hh20
2025-10-23,0.007892917,5,break_hh20
2025-10-24,-0.012546013,1,break_hh20
2025-10-27,-0.014265481,3,break_hh20
2025-10-28,0.032801207,1,break_hh20
2025-10-29,-0.011588347,5,break_hh20
2025-10-30,0.2204907,1,break_hh20
2025-10-31,-0.0405135,2,break_hh20
2025-11-04,-0.017130189,1,break_hh20
2025-11-05,-0.022066034,3,break_hh20
2025-11-06,-0.016474035,5,break_hh20
2025-11-07,0.061554678,1,break_hh20
2025-11-10,0.01551688,5,break_hh20
2025-11-11,0.012883117,1,break_hh20
2025-11-12,-0.010328341,3,break_hh20
2025-11-13,0.007851556,4,break_hh20
2025-11-14,-0.026702702,3,break_hh20
2025-11-17,-0.10150538,2,break_hh20
2025-11-19,-0.10378548,1,break_hh20
2025-11-20,-0.0015139878,1,break_hh20
2025-11-24,-0.050939146,2,break_hh20
2025-11-25,-0.015833423,1,break_hh20
2025-12-01,-0.03267032,3,break_hh20
2025-12-02,0.011359913,2,break_hh20
2025-12-04,0.03146586,3,break_hh20
2025-12-05,-0.0013169041,4,break_hh20
2025-12-08,0.02382974,2,break_hh20
2025-12-10,0.03218943,2,break_hh20
2025-12-16,-0.006175481,1,break_hh20
2025-12-17,-0.009249106,2,break_hh20
2025-12-18,-0.029793411,3,break_hh20
2025-12-19,0.030383611,2,break_hh20
2025-12-22,0.06114305,3,break_hh20
2025-12-24,0.029751875,4,break_hh20
2025-12-25,-0.061605852,2,break_hh20
2025-12-26,0.047037352,5,break_hh20
2025-12-29,-0.049485102,1,break_hh20
2025-12-30,-0.037770037,3,break_hh20
2025-12-31,-0.08245395,1,break_hh20
2026-01-05,-0.01567335,7,break_hh20
2026-01-06,0.0017790163,15,break_hh20
2026-01-07,-0.01925632,3,break_hh20
2026-01-08,-0.029298263,4,break_hh20
2026-01-09,0.045097988,6,break_hh20
2026-01-12,-0.024779543,7,break_hh20
2026-01-13,0.09275236,3,break_hh20
2026-01-14,-0.020934982,6,break_hh20
2026-01-15,0.031088404,3,break_hh20
2026-01-19,-0.009781378,3,break_hh20
2026-01-20,-0.04054135,3,break_hh20
2026-01-21,0.19026342,1,break_hh20
2026-01-22,0.0087528,7,break_hh20
2026-01-23,-0.017012388,7,break_hh20
2026-01-26,-0.014031386,4,break_hh20
2026-01-27,0.022781068,1,break_hh20
2026-01-28,-0.09682122,3,break_hh20
2026-01-29,0.015455909,3,break_hh20
2026-02-03,0.016708823,3,break_hh20
2026-02-04,-0.018739969,1,break_hh20
2026-02-05,-0.006816844,3,break_hh20
2026-02-09,0.00935771,5,break_hh20
2026-02-11,0.0149399545,1,break_hh20
2026-02-12,0.124735594,2,break_hh20
2026-02-13,-0.09491114,1,break_hh20
2026-02-24,-0.039644647,5,break_hh20
2026-02-25,0.07270335,2,break_hh20
2026-02-26,-0.015649643,2,break_hh20
2026-02-27,0.022340983,7,break_hh20
2026-03-02,-0.027359253,4,break_hh20
2026-03-03,-0.09565315,3,break_hh20
2026-03-05,0.011176845,2,break_hh20
2026-03-06,0.17666802,2,break_hh20
2026-03-09,-0.03068079,1,break_hh20
2026-03-10,0.07230458,2,break_hh20
2026-03-11,0.015148952,3,break_hh20
2026-03-12,0.05594361,2,break_hh20
2026-03-13,0.039114147,1,break_hh20
2026-03-16,0.053722948,1,break_hh20
2026-03-17,0.018233748,2,break_hh20
2026-03-18,0.3091511,1,break_hh20
2026-03-19,0.030640151,1,break_hh20
2026-03-20,-0.026371557,1,break_hh20
2026-03-24,-0.03688768,1,break_hh20
2026-03-25,-0.097782195,3,break_hh20
2026-03-27,-0.0018399991,1,break_hh20
2026-03-30,-0.022395695,1,break_hh20
2026-03-31,0.0031218356,1,break_hh20
2026-04-02,-0.04712689,2,break_hh20
2026-04-03,-0.07387614,1,break_hh20
2026-04-07,0.02497428,2,break_hh20
2026-04-08,0.0031767986,1,break_hh20
2026-04-09,0.022530206,1,break_hh20
2026-04-10,-0.0024662502,1,break_hh20
2026-04-16,0.013240526,1,break_hh20
2026-04-17,0.01676451,4,break_hh20
2026-04-20,-0.013146541,2,break_hh20
2026-04-21,-0.028664527,3,break_hh20
2026-04-22,0.018927965,3,break_hh20
2026-04-23,0.020320114,2,break_hh20
2026-04-24,-0.012856603,1,break_hh20
2026-04-27,-0.027148522,3,break_hh20
2026-04-28,-0.043893088,6,break_hh20
2026-04-29,-0.011586533,7,break_hh20
2026-04-30,-0.06401024,3,break_hh20
2026-05-06,0.023414513,7,break_hh20
2026-05-08,-0.033079136,1,break_hh20
2026-05-11,-0.018299619,10,break_hh20
2026-05-12,0.04951702,3,break_hh20
2026-05-13,0.0061614267,3,break_hh20
2026-05-15,-0.03237187,1,break_hh20
2026-05-18,0.11536976,1,break_hh20
2026-05-19,-0.0622048,2,break_hh20
2026-05-21,0.17482296,1,break_hh20
2026-05-22,-0.01555807,1,break_hh20
2026-05-25,-0.013464008,3,break_hh20
2026-05-26,-0.037539773,1,break_hh20
2026-05-28,0.034198254,2,break_hh20
2026-05-29,0.018485246,2,break_hh20
2026-06-03,-0.05185203,2,break_hh20
2026-06-04,-0.0601068,2,break_hh20
2026-06-10,-0.07690694,2,break_hh20
2026-06-11,0.26309982,1,break_hh20
2026-06-12,-0.07458277,2,break_hh20
2026-06-15,0.022053987,2,break_hh20
2026-06-16,0.14796259,1,break_hh20
2026-06-17,0.090806864,2,break_hh20
2026-06-18,-0.027702345,1,break_hh20
2026-06-22,-0.02320655,4,break_hh20
2026-06-23,0.032891937,1,break_hh20
2026-06-24,0.026632193,2,break_hh20
2026-06-25,0.0409924,3,break_hh20
2026-06-29,-0.13856551,1,break_hh20
2026-06-30,-0.105247185,2,break_hh20
2026-07-01,-0.1398845,2,break_hh20
2026-07-02,0.037728257,1,break_hh20
2026-07-06,-0.017082185,5,break_hh20
2026-07-10,-0.10359685,2,break_hh20
2026-07-14,0.038935926,3,break_hh20
2026-07-15,0.0055911765,7,break_hh20
2026-07-16,-0.003241445,4,break_hh20
2026-07-20,-0.025291461,7,break_hh20
2026-07-22,0.029485963,2,break_hh20
2026-07-23,0.013644515,8,break_hh20
2026-07-27,-0.017248482,2,break_hh20
2026-07-28,-0.046398528,4,break_hh20
2026-07-29,-0.034072794,8,break_hh20
2026-07-30,0.008507273,3,break_hh20
2026-07-31,-0.0638839,1,break_hh20
2026-08-03,-0.044150356,6,break_hh20
2026-08-04,-0.015971445,2,break_hh20
2026-08-05,-0.022904748,3,break_hh20
2026-08-06,-0.024748208,2,break_hh20
2026-08-07,-0.03642959,5,break_hh20
2026-08-10,-0.02584978,6,break_hh20
2026-08-12,-0.051611744,2,break_hh20
2026-08-17,-0.0050424226,2,break_hh20
2026-08-18,-0.056297176,1,break_hh20
2026-08-19,0.035222176,1,break_hh20
2026-08-20,-0.056956016,1,break_hh20
2026-08-25,0.0010751002,1,break_hh20
2026-08-26,0.0069645955,3,break_hh20
2026-08-27,-0.00751946,1,break_hh20
2026-08-28,0.014530054,3,break_hh20
2026-09-01,-0.01877769,4,break_hh20
2026-09-02,0.06406842,1,break_hh20
2026-09-03,0.064417794,1,break_hh20
2026-09-04,0.05942191,1,break_hh20
2026-09-08,0.0072961925,2,break_hh20
2026-09-09,-0.10068153,1,break_hh20
2015-01-07,0.021664098,3,rally5_15
2015-01-08,0.0060125627,1,rally5_15
2015-01-16,-0.02806261,1,rally5_15
2015-01-27,-0.033893507,2,rally5_15
2015-01-30,-0.032514937,1,rally5_15
2015-02-04,0.04253259,2,rally5_15
2015-02-12,-0.021046644,1,rally5_15
2015-02-16,-0.07316238,1,rally5_15
2015-02-17,-0.03318027,1,rally5_15
2015-02-26,-0.020288166,1,rally5_15
2015-03-03,-0.07795572,1,rally5_15
2015-03-04,-0.06228469,1,rally5_15
2015-03-18,0.028305115,3,rally5_15
2015-03-19,-0.06964893,2,rally5_15
2015-03-24,-0.024217691,1,rally5_15
2015-03-27,-0.050061338,1,rally5_15
2015-04-02,-0.09946034,1,rally5_15
2015-04-03,-0.04078541,2,rally5_15
2015-04-07,0.018062789,2,rally5_15
2015-04-09,-0.07336258,1,rally5_15
2015-04-10,-0.0372347,3,rally5_15
2015-04-13,-0.12794356,1,rally5_15
2015-04-16,-0.13923538,2,rally5_15
2015-04-21,-0.008813941,1,rally5_15
2015-04-22,0.014130232,5,rally5_15
2015-04-23,0.013224795,3,rally5_15
2015-04-27,0.0054511074,2,rally5_15
2015-04-29,0.0072479323,1,rally5_15
2015-05-13,-0.061891828,1,rally5_15
2015-05-14,0.0632794,3,rally5_15
2015-05-19,0.07495014,1,rally5_15
2015-05-21,-0.067954764,1,rally5_15
2015-05-22,0.05606274,5,rally5_15
2015-05-25,0.0011941995,8,rally5_15
2015-05-26,0.07848719,2,rally5_15
2015-05-27,0.00784335,3,rally5_15
2015-05-28,-0.1359775,1,rally5_15
2015-06-01,-0.17697623,1,rally5_15
2015-06-02,0.05687569,1,rally5_15
2015-06-03,-0.02012605,2,rally5_15
2015-06-04,-0.031704903,4,rally5_15
2015-06-05,-0.029299872,3,rally5_15
2015-06-09,0.06359179,1,rally5_15
2015-06-10,-0.11048354,1,rally5_15
2015-06-11,-0.042455144,1,rally5_15
2015-06-15,-0.09100654,1,rally5_15
2015-06-16,0.05077894,1,rally5_15
2015-06-24,0.033970505,1,rally5_15
2015-06-29,-0.14837618,2,rally5_15
2015-06-30,-0.12964877,1,rally5_15
2015-07-10,-0.06331405,2,rally5_15
2015-07-13,0.008760262,5,rally5_15
2015-07-14,0.020592703,9,rally5_15
2015-07-15,-0.0985913,4,rally5_15
2015-07-17,-0.014394653,3,rally5_15
2015-07-20,-0.049396396,2,rally5_15
2015-07-21,0.008271631,1,rally5_15
2015-07-22,0.017024264,7,rally5_15
2015-07-23,-0.028785711,3,rally5_15
2015-08-03,-0.06512893,3,rally5_15
2015-08-04,-0.016184159,1,rally5_15
2015-08-06,0.04182534,1,rally5_15
2015-08-07,-0.030452156,1,rally5_15
2015-08-10,0.046522412,3,rally5_15
2015-08-12,0.016141012,1,rally5_15
2015-08-13,-0.008561093,4,rally5_15
2015-08-17,0.015894482,3,rally5_15
2015-08-19,-0.1077027,1,rally5_15
2015-08-21,-0.06215477,1,rally5_15
2015-08-28,-0.08848917,1,rally5_15
2015-09-01,-0.0573333,6,rally5_15
2015-09-02,-0.037027664,4,rally5_15
2015-09-11,0.07885514,1,rally5_15
2015-09-21,-0.010996308,2,rally5_15
2015-09-22,0.006427489,6,rally5_15
2015-09-24,-0.11766488,1,rally5_15
2015-10-12,-0.03041811,1,rally5_15
2015-10-13,0.010689288,4,rally5_15
2015-10-14,0.07730508,1,rally5_15
2015-10-15,0.17705283,2,rally5_15
2015-10-16,0.006695059,2,rally5_15
2015-10-23,-0.051417366,1,rally5_15
2015-10-27,-0.090246424,1,rally5_15
2015-10-28,0.04238709,2,rally5_15
2015-10-30,-0.09116636,1,rally5_15
2015-11-04,-0.16378163,1,rally5_15
2015-11-05,0.020312374,2,rally5_15
2015-11-06,-0.060267136,1,rally5_15
2015-11-09,-0.03614447,2,rally5_15
2015-11-10,-0.033991646,2,rally5_15
2015-11-11,-0.005296273,1,rally5_15
2015-11-13,-0.08557136,1,rally5_15
2015-11-20,-0.084066115,1,rally5_15
2015-11-24,-0.08997977,1,rally5_15
2015-11-26,-0.09242036,1,rally5_15
2015-11-30,-0.109230116,1,rally5_15
2015-12-02,0.08102025,1,rally5_15
2015-12-07,-0.04588569,1,rally5_15
2015-12-15,-0.13294452,1,rally5_15
2015-12-17,-0.04730035,1,rally5_15
2015-12-18,-0.010245789,1,rally5_15
2015-12-23,-0.017279904,2,rally5_15
2016-01-06,-0.15907156,1,rally5_15
2016-01-11,-0.083697215,1,rally5_15
2016-01-18,0.11651059,1,rally5_15
2016-02-04,0.009602258,2,rally5_15
2016-02-16,0.003935162,1,rally5_15
2016-02-17,-0.04464065,1,rally5_15
2016-02-22,-0.038694758,3,rally5_15
2016-03-01,-0.0500859,1,rally5_15
2016-03-02,-0.12511262,1,rally5_15
2016-03-03,-0.03484401,3,rally5_15
2016-03-07,-0.011626963,8,rally5_15
2016-03-21,-0.036259692,1,rally5_15
2016-03-22,0.008102255,1,rally5_15
2016-04-05,0.037951045,1,rally5_15
2016-04-06,-0.034224,2,rally5_15
2016-05-03,0.019558739,1,rally5_15
2016-05-04,-0.04558052,1,rally5_15
2016-06-28,-0.09806651,1,rally5_15
2016-07-04,0.17040609,1,rally5_15
2016-07-06,-0.01708397,1,rally5_15
2016-07-11,-0.0811044,1,rally5_15
2016-07-12,-0.040631246,1,rally5_15
2016-07-15,-0.037674233,1,rally5_15
2016-08-05,0.101752,1,rally5_15
2016-08-15,-0.037077207,2,rally5_15
2016-08-16,-0.070235975,1,rally5_15
2016-09-13,-0.06879601,1,rally5_15
2016-10-12,-0.03667393,1,rally5_15
2016-11-03,-0.037097447,1,rally5_15
2016-11-11,-0.0190322,2,rally5_15
2016-11-15,-0.021042552,2,rally5_15
2016-11-23,-0.10476234,1,rally5_15
2016-11-24,-0.019760167,2,rally5_15
2017-06-26,-0.055780575,1,rally5_15
2017-07-13,0.013481971,1,rally5_15
2017-07-24,0.045733433,1,rally5_15
2017-07-31,0.011183084,1,rally5_15
2017-08-02,-0.032566108,1,rally5_15
2017-10-09,0.059317075,1,rally5_15
2017-10-10,0.007286435,1,rally5_15
2017-10-13,0.014785126,1,rally5_15
2017-10-27,0.019950934,1,rally5_15
2017-10-31,0.041035835,1,rally5_15
2017-11-06,-0.020954963,1,rally5_15
2017-11-09,-0.027407914,1,rally5_15
2017-11-22,-0.05733921,1,rally5_15
2017-12-11,0.082945265,1,rally5_15
2017-12-13,0.07496692,1,rally5_15
2018-01-02,-0.0030073654,1,rally5_15
2018-01-03,-0.109096505,1,rally5_15
2018-01-08,0.028226221,1,rally5_15
2018-01-15,-0.17071073,1,rally5_15
2018-02-27,0.09873069,1,rally5_15
2018-04-16,-0.06695252,1,rally5_15
2018-04-24,-0.011389902,1,rally5_15
2018-05-07,-0.007935852,1,rally5_15
2018-05-08,-0.0029930556,1,rally5_15
2018-05-30,-0.041696794,1,rally5_15
2018-07-04,-0.04149806,1,rally5_15
2018-07-13,-0.059101325,2,rally5_15
2018-07-16,0.008789087,1,rally5_15
2018-08-13,0.019412676,2,rally5_15
2018-08-24,0.0031367587,1,rally5_15
2018-08-27,0.012286942,1,rally5_15
2018-08-28,-0.019319156,1,rally5_15
2018-09-13,0.019235665,1,rally5_15
2018-09-20,-0.088602,1,rally5_15
2018-10-25,0.0070850514,2,rally5_15
2018-10-30,-0.06715142,1,rally5_15
2018-11-02,-0.014538217,1,rally5_15
2018-11-05,-0.013450627,1,rally5_15
2018-11-07,-0.0026302682,1,rally5_15
2018-11-15,0.017374426,1,rally5_15
2018-11-19,-0.029030722,1,rally5_15
2019-01-07,-0.03851735,2,rally5_15
2019-01-08,-0.057249773,1,rally5_15
2019-01-15,0.14654793,1,rally5_15
2019-02-13,-0.020467483,4,rally5_15
2019-02-18,0.031423192,3,rally5_15
2019-02-22,-0.03082004,3,rally5_15
2019-02-25,-0.07372095,1,rally5_15
2019-02-26,-0.052774817,2,rally5_15
2019-02-27,0.029995453,1,rally5_15
2019-02-28,-0.046113186,1,rally5_15
2019-03-06,0.017157119,2,rally5_15
2019-03-07,-0.08122415,2,rally5_15
2019-03-08,-0.039625794,1,rally5_15
2019-03-11,-0.061967373,1,rally5_15
2019-03-15,-1.0296702e-05,2,rally5_15
2019-03-19,0.03069228,1,rally5_15
2019-03-21,-0.054002527,3,rally5_15
2019-03-25,-0.11748753,1,rally5_15
2019-03-27,0.23029527,1,rally5_15
2019-04-02,-0.05545849,2,rally5_15
2019-04-03,-0.019051356,2,rally5_15
2019-04-04,0.043249786,3,rally5_15
2019-04-10,0.021073388,1,rally5_15
2019-04-17,-0.09183439,1,rally5_15
2019-04-19,-0.020137895,2,rally5_15
2019-05-15,-0.198667,1,rally5_15
2019-05-16,-0.031129481,3,rally5_15
2019-05-20,0.017342873,1,rally5_15
2019-06-19,0.115970075,1,rally5_15
2019-08-01,-0.047823146,1,rally5_15
2019-08-20,0.019883882,1,rally5_15
2019-08-22,0.05951449,1,rally5_15
2019-09-06,0.00026428513,2,rally5_15
2019-09-09,-0.0070339143,2,rally5_15
2019-09-16,-0.09366899,1,rally5_15
2019-10-10,-0.022828192,1,rally5_15
2019-12-18,0.015080508,1,rally5_15
2019-12-26,0.039162707,1,rally5_15
2019-12-30,-0.01856762,1,rally5_15
2020-01-02,0.062850066,1,rally5_15
2020-01-03,-0.013340071,1,rally5_15
2020-01-08,-0.026959801,2,rally5_15
2020-01-10,-0.037928607,1,rally5_15
2020-01-13,0.014602448,1,rally5_15
2020-02-10,-0.05007947,2,rally5_15
2020-02-11,0.22882716,1,rally5_15
2020-02-13,0.018221386,1,rally5_15
2020-02-17,-0.012642028,1,rally5_15
2020-02-18,-0.06752926,1,rally5_15
2020-02-20,-0.08558468,1,rally5_15
2020-02-21,0.026197048,3,rally5_15
2020-02-24,-0.09243914,1,rally5_15
2020-02-26,-0.08304529,1,rally5_15
2020-03-06,0.13926832,1,rally5_15
2020-03-30,0.012186078,1,rally5_15
2020-04-07,-0.11485169,1,rally5_15
2020-04-08,0.041254442,1,rally5_15
2020-04-13,-0.012460763,1,rally5_15
2020-05-06,0.0014871564,2,rally5_15
2020-05-11,-0.031407338,2,rally5_15
2020-05-14,-0.0697147,1,rally5_15
2020-06-03,0.012899392,1,rally5_15
2020-06-04,0.04580248,1,rally5_15
2020-06-16,0.05645155,1,rally5_15
2020-06-23,-0.09158172,1,rally5_15
2020-07-01,-0.13509406,1,rally5_15
2020-07-02,-0.007665485,1,rally5_15
2020-07-03,-0.06899238,2,rally5_15
2020-07-06,-0.06243028,7,rally5_15
2020-07-07,-0.0336603,3,rally5_15
2020-07-08,-0.045445487,6,rally5_15
2020-07-09,-0.061975695,2,rally5_15
2020-07-10,-0.027162965,2,rally5_15
2020-07-13,-0.00840582,2,rally5_15
2020-07-14,0.07407074,1,rally5_15
2020-07-20,-0.04895673,1,rally5_15
2020-07-23,-0.009211336,3,rally5_15
2020-07-31,-0.046041947,1,rally5_15
2020-08-03,-0.029670896,1,rally5_15
2020-08-06,0.08088,1,rally5_15
2020-08-19,0.08716455,3,rally5_15
2020-08-27,-0.023368685,2,rally5_15
2020-09-01,-0.06183455,1,rally5_15
2020-09-02,-0.054916598,1,rally5_15
2020-09-18,-0.053706694,1,rally5_15
2020-09-22,0.013112819,1,rally5_15
2020-10-12,0.0039166566,1,rally5_15
2020-10-13,-0.032317325,2,rally5_15
2020-10-14,0.06921036,1,rally5_15
2020-10-26,0.08967738,2,rally5_15
2020-10-28,0.12798354,1,rally5_15
2020-11-02,0.15089665,1,rally5_15
2020-11-03,0.0052293837,1,rally5_15
2020-11-04,0.09808381,1,rally5_15
2020-11-06,-0.00090782344,2,rally5_15
2020-11-09,-0.07489557,1,rally5_15
2020-11-13,-0.008099703,1,rally5_15
2020-11-16,-0.09918439,1,rally5_15
2020-11-17,0.009716876,1,rally5_15
2020-11-24,-0.10845377,1,rally5_15
2020-11-25,-0.087709576,1,rally5_15
2020-11-27,0.03254749,1,rally5_15
2020-12-01,-0.006827455,2,rally5_15
2020-12-16,-0.006372355,1,rally5_15
2020-12-17,-0.025508953,1,rally5_15
2020-12-22,-0.11951769,1,rally5_15
2021-01-05,0.059058618,2,rally5_15
2021-01-06,0.055312175,4,rally5_15
2021-01-07,0.06871904,1,rally5_15
2021-01-08,0.010067218,1,rally5_15
2021-01-12,0.04032076,2,rally5_15
2021-01-13,-0.0101965545,2,rally5_15
2021-01-21,-0.046086963,2,rally5_15
2021-01-22,-0.117752776,2,rally5_15
2021-01-29,0.0022967956,1,rally5_15
2021-02-02,0.043261275,2,rally5_15
2021-02-03,0.0046001524,1,rally5_15
2021-02-04,0.033634283,1,rally5_15
2021-02-09,-0.1437763,1,rally5_15
2021-02-18,0.054492783,3,rally5_15
2021-02-19,-0.008357525,5,rally5_15
2021-02-22,-0.042585596,4,rally5_15
2021-03-05,0.17936137,1,rally5_15
2021-03-16,0.16847159,1,rally5_15
2021-03-17,-0.04197403,1,rally5_15
2021-03-23,-0.012696475,1,rally5_15
2021-03-24,-0.09648662,1,rally5_15
2021-03-29,0.041523457,1,rally5_15
2021-03-30,-0.032634906,1,rally5_15
2021-04-09,0.033153743,1,rally5_15
2021-04-19,-0.10796388,1,rally5_15
2021-04-22,0.004487372,1,rally5_15
2021-04-27,0.13224286,1,rally5_15
2021-05-07,-0.007500481,1,rally5_15
2021-05-10,-0.08175402,3,rally5_15
2021-05-11,0.15764883,1,rally5_15
2021-05-12,-0.12660836,1,rally5_15
2021-05-14,-0.058507316,2,rally5_15
2021-05-17,0.019970926,1,rally5_15
2021-05-19,-0.05086141,1,rally5_15
2021-06-02,-0.04238881,1,rally5_15
2021-06-08,0.2236956,1,rally5_15
2021-06-17,0.018459741,1,rally5_15
2021-06-21,0.080942616,1,rally5_15
2021-06-23,-0.018145291,1,rally5_15
2021-06-24,-0.016650269,1,rally5_15
2021-06-28,0.011706381,1,rally5_15
2021-06-29,-0.036911428,2,rally5_15
2021-07-01,-0.14236858,1,rally5_15
2021-07-08,0.045881905,1,rally5_15
2021-07-09,-0.0417709,3,rally5_15
2021-07-14,0.014426635,1,rally5_15
2021-07-16,-0.013925906,1,rally5_15
2021-07-21,-0.07656333,1,rally5_15
2021-07-23,0.030277252,1,rally5_15
2021-08-03,-0.021723779,1,rally5_15
2021-08-04,0.0017440008,3,rally5_15
2021-08-05,0.073774874,2,rally5_15
2021-08-09,-0.013738774,1,rally5_15
2021-08-10,-0.037649684,1,rally5_15
2021-08-11,-0.06244449,1,rally5_15
2021-08-13,-0.047959,2,rally5_15
2021-08-19,-0.07843141,1,rally5_15
2021-08-23,0.08762026,1,rally5_15
2021-08-24,0.018336747,2,rally5_15
2021-08-27,-0.0068272967,1,rally5_15
2021-08-31,0.008960601,1,rally5_15
2021-09-01,-0.051838703,1,rally5_15
2021-09-02,-0.030775081,2,rally5_15
2021-09-06,-0.010382284,3,rally5_15
2021-09-09,-0.04479791,1,rally5_15
2021-09-10,-0.054877162,1,rally5_15
2021-09-13,-0.04769991,3,rally5_15
2021-09-15,0.00973271,1,rally5_15
2021-09-17,0.017778862,1,rally5_15
2021-09-22,-0.12763028,1,rally5_15
2021-09-27,0.09991405,1,rally5_15
2021-09-29,0.017563222,1,rally5_15
2021-10-13,-0.123486035,1,rally5_15
2021-10-14,0.15274169,1,rally5_15
2021-10-18,-0.0352181,2,rally5_15
2021-10-19,-0.033769205,1,rally5_15
2021-10-26,-0.03531343,1,rally5_15
2021-10-28,-0.102011435,1,rally5_15
2021-10-29,-0.006872103,1,rally5_15
2021-11-11,-0.044926994,2,rally5_15
2021-11-15,0.123847224,1,rally5_15
2021-11-17,0.20616855,1,rally5_15
2021-11-22,0.029904943,1,rally5_15
2021-11-23,-0.00024427008,1,rally5_15
2021-12-03,-0.07025107,1,rally5_15
2021-12-06,-0.024326049,1,rally5_15
2021-12-09,0.12556387,1,rally5_15
2021-12-14,-0.06184127,1,rally5_15
2021-12-15,-0.10767781,1,rally5_15
2022-01-04,0.035003807,1,rally5_15
2022-01-05,0.04926275,1,rally5_15
2022-01-24,-0.06923482,1,rally5_15
2022-02-11,-0.008847108,2,rally5_15
2022-03-22,-0.010490783,4,rally5_15
2022-04-01,-0.029707542,1,rally5_15
2022-04-06,-0.008671058,1,rally5_15
2022-05-05,-0.0023564287,5,rally5_15
2022-05-06,0.033949975,1,rally5_15
2022-05-09,-0.043084484,1,rally5_15
2022-05-12,0.109042995,1,rally5_15
2022-05-17,0.034530394,1,rally5_15
2022-05-19,0.02485668,1,rally5_15
2022-05-23,-0.018983748,1,rally5_15
2022-05-30,0.007823715,2,rally5_15
2022-06-08,-0.02623694,1,rally5_15
2022-06-13,-0.10232531,1,rally5_15
2022-06-14,0.057305247,1,rally5_15
2022-06-17,-0.01629627,2,rally5_15
2022-06-23,0.0006420277,1,rally5_15
2022-07-01,0.23599124,1,rally5_15
2022-07-06,0.038941998,3,rally5_15
2022-07-11,0.04899843,1,rally5_15
2022-07-13,-0.024682723,1,rally5_15
2022-07-14,0.049706146,1,rally5_15
2022-07-20,-0.037648086,2,rally5_15
2022-07-27,-0.033152625,1,rally5_15
2022-07-28,0.06407736,1,rally5_15
2022-07-29,0.00048579555,1,rally5_15
2022-08-01,0.018899307,2,rally5_15
2022-08-05,-0.06747797,2,rally5_15
2022-08-10,-0.094666414,1,rally5_15
2022-08-11,-0.00034920382,1,rally5_15
2022-08-12,-0.005772777,1,rally5_15
2022-08-17,0.124973156,1,rally5_15
2022-08-19,0.019965053,1,rally5_15
2022-09-08,-0.116322435,2,rally5_15
2022-10-14,0.092609406,1,rally5_15
2022-10-17,-0.02824961,2,rally5_15
2022-10-18,-0.0057961643,1,rally5_15
2022-11-04,-0.01424056,4,rally5_15
2022-11-07,-0.0013005426,2,rally5_15
2022-11-14,-0.036941826,1,rally5_15
2022-11-29,-0.025565261,1,rally5_15
2022-12-05,0.0007100003,1,rally5_15
2023-01-09,0.065716475,1,rally5_15
2023-02-02,0.07012455,1,rally5_15
2023-02-23,0.044895217,1,rally5_15
2023-03-24,0.19962633,1,rally5_15
2023-04-03,0.008056771,1,rally5_15
2023-04-07,-0.07264817,1,rally5_15
2023-05-17,-0.012547834,1,rally5_15
2023-05-22,0.035455644,1,rally5_15
2023-05-30,0.017169515,1,rally5_15
2023-06-08,-0.008499563,1,rally5_15
2023-06-20,0.041088037,1,rally5_15
2023-07-31,-0.0108533045,1,rally5_15
2023-10-12,0.0018940754,1,rally5_15
2023-10-27,-0.014900863,1,rally5_15
2023-11-27,-0.060623735,1,rally5_15
2024-01-25,0.023386829,1,rally5_15
2024-01-29,-0.038703978,1,rally5_15
2024-02-07,-0.09280394,1,rally5_15
2024-02-08,-0.012243928,1,rally5_15
2024-02-19,-0.009107864,5,rally5_15
2024-02-20,0.01952177,8,rally5_15
2024-02-27,-0.013674605,3,rally5_15
2024-02-29,-0.04853268,2,rally5_15
2024-03-01,-0.09748407,1,rally5_15
2024-03-08,0.04591638,1,rally5_15
2024-03-18,0.017171383,1,rally5_15
2024-04-01,-0.0168497,1,rally5_15
2024-04-19,-0.009694437,1,rally5_15
2024-04-23,-0.1293105,1,rally5_15
2024-04-30,0.029851517,1,rally5_15
2024-05-06,-0.010641083,1,rally5_15
2024-05-09,-0.0026869513,1,rally5_15
2024-05-17,0.007229803,1,rally5_15
2024-06-11,0.012518192,2,rally5_15
2024-07-15,0.0058724545,1,rally5_15
2024-07-16,-0.01272836,1,rally5_15
2024-09-25,0.027563736,1,rally5_15
2024-09-26,0.0016264468,4,rally5_15
2024-09-27,-0.015236628,20,rally5_15
2024-09-30,2.2317283e-05,8,rally5_15
2024-10-08,0.03209914,2,rally5_15
2024-10-21,-0.08393496,1,rally5_15
2024-10-23,-0.06255185,1,rally5_15
2024-10-28,-0.015417089,3,rally5_15
2024-10-31,-0.037004918,2,rally5_15
2024-11-04,-0.05103378,1,rally5_15
2024-11-07,-0.045635186,1,rally5_15
2024-11-08,-0.054151516,1,rally5_15
2024-11-11,-0.07263585,2,rally5_15
2024-11-12,-0.12176329,1,rally5_15
2024-11-15,-0.082941376,1,rally5_15
2024-12-03,-0.08371268,1,rally5_15
2024-12-19,0.109470166,1,rally5_15
2025-01-14,0.029187256,1,rally5_15
2025-01-17,-0.049446613,1,rally5_15
2025-02-07,0.34325495,1,rally5_15
2025-02-10,0.31675285,1,rally5_15
2025-03-11,-0.07988572,1,rally5_15
2025-03-12,0.00024099369,1,rally5_15
2025-03-13,-0.038037363,1,rally5_15
2025-04-14,0.052610584,1,rally5_15
2025-04-15,0.0012072185,1,rally5_15
2025-05-06,-0.06823347,1,rally5_15
2025-05-08,0.10948259,1,rally5_15
2025-05-29,-0.1818068,1,rally5_15
2025-06-30,-0.09972785,1,rally5_15
2025-07-08,0.014968719,1,rally5_15
2025-07-16,-0.012822328,1,rally5_15
2025-07-22,-0.10755213,1,rally5_15
2025-07-24,0.013791786,1,rally5_15
2025-08-04,-0.07824941,1,rally5_15
2025-08-06,-0.07492239,1,rally5_15
2025-08-07,0.051749848,1,rally5_15
2025-08-20,0.12926397,1,rally5_15
2025-08-21,0.0064155124,2,rally5_15
2025-08-25,-0.015552219,1,rally5_15
2025-08-28,-0.18005298,1,rally5_15
2025-09-02,-0.008036746,1,rally5_15
2025-09-24,0.15408525,1,rally5_15
2025-09-25,-0.062339842,1,rally5_15
2025-09-29,-0.073443644,3,rally5_15
2025-10-09,-0.045227773,2,rally5_15
2025-10-13,-0.06172701,2,rally5_15
2025-10-29,-0.040090322,2,rally5_15
2025-11-05,-0.014964952,1,rally5_15
2025-11-06,-0.011100602,1,rally5_15
2025-11-12,-0.17234752,1,rally5_15
2025-12-01,-0.12501572,1,rally5_15
2025-12-02,0.03257355,1,rally5_15
2025-12-24,0.15880024,1,rally5_15
2025-12-25,0.22132123,1,rally5_15
2025-12-30,-0.019951962,1,rally5_15
2026-01-09,0.053546093,2,rally5_15
2026-01-12,-0.036415916,1,rally5_15
2026-01-15,0.13132656,1,rally5_15
2026-01-19,0.06760175,3,rally5_15
2026-01-20,-0.045141257,2,rally5_15
2026-01-21,0.114115335,2,rally5_15
2026-01-22,-0.03712564,1,rally5_15
2026-01-23,-0.11374627,1,rally5_15
2026-01-26,-0.058896996,2,rally5_15
2026-01-28,-0.16347662,2,rally5_15
2026-02-04,-0.043305784,1,rally5_15
2026-02-06,-0.02768785,1,rally5_15
2026-02-09,0.021372747,2,rally5_15
2026-02-11,-0.053128928,1,rally5_15
2026-02-12,0.28627267,1,rally5_15
2026-02-13,0.0055724494,1,rally5_15
2026-02-25,0.122537665,1,rally5_15
2026-02-26,0.032474205,1,rally5_15
2026-02-27,-0.04635234,2,rally5_15
2026-03-02,-0.037597384,3,rally5_15
2026-03-10,0.09581756,1,rally5_15
2026-03-19,0.030640151,1,rally5_15
2026-03-20,0.09932479,1,rally5_15
2026-03-26,0.00820891,1,rally5_15
2026-03-27,-0.0018399991,1,rally5_15
2026-04-02,-0.0042356793,1,rally5_15
2026-04-08,0.050961588,1,rally5_15
2026-04-10,0.07828914,1,rally5_15
2026-04-20,-0.075259484,1,rally5_15
2026-04-22,0.076586604,2,rally5_15
2026-04-23,-0.15498753,1,rally5_15
2026-04-24,-0.012856603,1,rally5_15
2026-04-27,0.04728587,1,rally5_15
2026-04-30,-0.08676711,2,rally5_15
2026-05-06,-0.027617572,2,rally5_15
2026-05-07,-0.009706399,2,rally5_15
2026-05-08,-0.08372481,1,rally5_15
2026-05-12,0.036443014,1,rally5_15
2026-05-19,0.21857238,1,rally5_15
2026-05-22,-0.010839452,1,rally5_15
2026-05-25,-0.009223917,1,rally5_15
2026-05-26,-0.037539773,1,rally5_15
2026-05-27,-0.10930479,1,rally5_15
2026-05-28,0.046126567,4,rally5_15
2026-06-05,-0.107890695,2,rally5_15
2026-06-12,0.26311114,1,rally5_15
2026-06-15,0.020020695,3,rally5_15
2026-06-17,0.038808733,1,rally5_15
2026-06-18,0.06798932,2,rally5_15
2026-06-22,0.0944878,4,rally5_15
2026-06-24,-0.02549001,1,rally5_15
2026-06-25,-0.073671706,1,rally5_15
2026-06-26,0.0064476114,1,rally5_15
2026-06-30,-0.105247185,2,rally5_15
2026-07-06,-0.11609564,1,rally5_15
2026-07-15,-0.020881694,1,rally5_15
2026-07-16,0.027197767,2,rally5_15
2026-07-20,-0.061545856,2,rally5_15
2026-07-22,-0.11625089,1,rally5_15
2026-07-23,-0.0050778855,1,rally5_15
2026-07-27,-0.09135242,2,rally5_15
2026-07-28,-0.052367806,1,rally5_15
2026-07-31,-0.010171029,1,rally5_15
2026-08-06,0.03769859,2,rally5_15
2026-08-07,-0.06819134,1,rally5_15
2026-08-10,0.08154853,1,rally5_15
2026-08-20,-0.056956016,1,rally5_15
2015-01-12,-0.02726463,1,boll_break_dn
2015-01-13,-0.0097523695,1,boll_break_dn
2015-01-19,0.0041844402,13,boll_break_dn
2015-02-02,0.033630803,2,boll_break_dn
2015-02-05,-0.01602665,2,boll_break_dn
2015-02-06,0.024651734,11,boll_break_dn
2015-02-09,0.008340478,1,boll_break_dn
2015-03-05,0.054246046,2,boll_break_dn
2015-05-05,0.023487816,3,boll_break_dn
2015-05-06,-0.0035182047,5,boll_break_dn
2015-05-07,0.023653861,4,boll_break_dn
2015-05-15,-0.074756876,1,boll_break_dn
2015-05-18,-0.016280595,2,boll_break_dn
2015-06-16,-0.04398924,1,boll_break_dn
2015-06-18,0.026845526,2,boll_break_dn
2015-06-19,-0.0077571184,10,boll_break_dn
2015-06-25,-0.10718256,1,boll_break_dn
2015-06-26,0.035167824,19,boll_break_dn
2015-06-29,-0.10948983,6,boll_break_dn
2015-07-01,0.043899912,10,boll_break_dn
2015-07-02,0.005208849,7,boll_break_dn
2015-07-03,-0.03370375,7,boll_break_dn
2015-07-07,-0.038397983,1,boll_break_dn
2015-07-08,-0.050649256,4,boll_break_dn
2015-07-27,-0.0018400425,3,boll_break_dn
2015-08-18,0.022818103,2,boll_break_dn
2015-08-20,0.07566037,4,boll_break_dn
2015-08-21,-0.007817944,7,boll_break_dn
2015-08-24,0.022401348,9,boll_break_dn
2015-08-25,0.038286448,4,boll_break_dn
2015-08-26,-0.15061578,2,boll_break_dn
2015-08-31,-0.052953284,1,boll_break_dn
2015-09-29,-0.04943467,1,boll_break_dn
2015-11-18,0.017060349,1,boll_break_dn
2015-11-27,-0.0043010497,15,boll_break_dn
2015-11-30,-0.015615173,2,boll_break_dn
2015-12-01,-0.013348088,2,boll_break_dn
2015-12-28,-0.0051079597,2,boll_break_dn
2016-01-04,-0.013373918,26,boll_break_dn
2016-01-07,0.00086583785,26,boll_break_dn
2016-01-11,0.012521811,12,boll_break_dn
2016-01-12,-0.010105524,2,boll_break_dn
2016-01-13,-0.018542824,1,boll_break_dn
2016-01-15,-0.018697225,2,boll_break_dn
2016-01-26,-0.0045549283,4,boll_break_dn
2016-01-28,-0.033729497,7,boll_break_dn
2016-02-01,-0.06292909,1,boll_break_dn
2016-02-25,-0.062347844,1,boll_break_dn
2016-02-29,-0.00191394,6,boll_break_dn
2016-03-29,-0.022941759,1,boll_break_dn
2016-04-20,-0.0076167425,17,boll_break_dn
2016-04-25,-0.002464694,2,boll_break_dn
2016-05-05,0.039605998,1,boll_break_dn
2016-05-06,-0.034026634,3,boll_break_dn
2016-05-09,-0.012407144,13,boll_break_dn
2016-05-12,-0.014551703,1,boll_break_dn
2016-05-18,0.0058740457,1,boll_break_dn
2016-06-13,-0.028579138,6,boll_break_dn
2016-07-27,-0.026099538,1,boll_break_dn
2016-07-28,-0.018864216,1,boll_break_dn
2016-07-29,-0.010261584,4,boll_break_dn
2016-08-01,0.008597064,6,boll_break_dn
2016-08-25,0.018812096,1,boll_break_dn
2016-08-29,0.0024714654,1,boll_break_dn
2016-09-01,0.0158863,1,boll_break_dn
2016-09-02,0.02041046,2,boll_break_dn
2016-09-12,-0.00087698596,17,boll_break_dn
2016-09-14,-0.005496108,2,boll_break_dn
2016-09-26,0.0047846297,5,boll_break_dn
2016-10-31,-0.00031219237,2,boll_break_dn
2016-11-02,-0.015531641,3,boll_break_dn
2016-11-03,-0.03327648,1,boll_break_dn
2016-11-07,-0.025481729,1,boll_break_dn
2016-11-09,-0.016973447,2,boll_break_dn
2016-11-18,-0.027263395,1,boll_break_dn
2016-11-30,-0.015096589,1,boll_break_dn
2016-12-02,-0.002681962,7,boll_break_dn
2016-12-06,-0.053782,1,boll_break_dn
2016-12-07,-0.076147154,1,boll_break_dn
2016-12-08,-0.0536035,1,boll_break_dn
2016-12-09,0.08393954,1,boll_break_dn
2016-12-12,-0.012006067,12,boll_break_dn
2016-12-14,0.033505864,1,boll_break_dn
2016-12-15,0.003103368,2,boll_break_dn
2016-12-19,-0.0028287992,2,boll_break_dn
2016-12-20,-0.03415313,1,boll_break_dn
2016-12-22,0.022200689,1,boll_break_dn
2016-12-23,0.020665161,1,boll_break_dn
2016-12-26,0.008286832,1,boll_break_dn
2016-12-27,0.0008695107,1,boll_break_dn
2017-01-09,0.028089939,1,boll_break_dn
2017-01-12,0.028714374,1,boll_break_dn
2017-01-13,-0.013719288,5,boll_break_dn
2017-01-16,-0.011876681,6,boll_break_dn
2017-01-18,-0.09514761,1,boll_break_dn
2017-01-19,0.042653903,2,boll_break_dn
2017-02-27,0.0057160174,2,boll_break_dn
2017-03-02,0.0101462295,3,boll_break_dn
2017-03-03,0.0014585635,1,boll_break_dn
2017-03-09,0.0004617516,1,boll_break_dn
2017-03-10,0.0015498002,4,boll_break_dn
2017-03-15,-0.015115478,3,boll_break_dn
2017-03-17,-0.0323086,2,boll_break_dn
2017-03-20,-0.03605815,1,boll_break_dn
2017-03-21,-0.014143661,1,boll_break_dn
2017-03-22,-0.01465212,5,boll_break_dn
2017-03-28,-0.04040902,1,boll_break_dn
2017-03-30,-0.014063994,9,boll_break_dn
2017-04-10,0.04254257,1,boll_break_dn
2017-04-11,0.07635693,1,boll_break_dn
2017-04-12,0.09068364,1,boll_break_dn
2017-04-14,-0.030615296,2,boll_break_dn
2017-04-17,-0.021811148,2,boll_break_dn
2017-04-18,-0.011435351,3,boll_break_dn
2017-04-19,-0.03246857,5,boll_break_dn
2017-04-20,-0.0026940275,1,boll_break_dn
2017-04-21,-0.028741226,2,boll_break_dn
2017-04-24,-0.004415524,10,boll_break_dn
2017-04-27,0.0063603087,2,boll_break_dn
2017-05-02,-0.028926078,2,boll_break_dn
2017-05-04,-0.016392382,2,boll_break_dn
2017-05-05,-0.011348675,6,boll_break_dn
2017-05-08,-0.025233503,5,boll_break_dn
2017-05-10,-0.024965946,4,boll_break_dn
2017-05-23,-0.009995806,3,boll_break_dn
2017-06-01,0.027408015,1,boll_break_dn
2017-06-28,0.014424371,1,boll_break_dn
2017-07-04,0.0026668645,1,boll_break_dn
2017-07-10,0.036943056,1,boll_break_dn
2017-07-17,0.0027397117,9,boll_break_dn
2017-07-25,-0.0016341349,2,boll_break_dn
2017-07-26,-0.031226348,1,boll_break_dn
2017-07-27,-0.014224451,1,boll_break_dn
2017-08-01,0.015457705,1,boll_break_dn
2017-08-02,0.037625555,1,boll_break_dn
2017-08-03,0.017681178,1,boll_break_dn
2017-08-04,0.03458885,1,boll_break_dn
2017-08-08,0.015919765,1,boll_break_dn
2017-08-11,-0.000599746,10,boll_break_dn
2017-08-15,-0.0015921672,2,boll_break_dn
2017-09-01,-0.005702773,1,boll_break_dn
2017-09-08,0.04340434,3,boll_break_dn
2017-09-21,-0.019107917,4,boll_break_dn
2017-09-22,-0.007754197,6,boll_break_dn
2017-09-25,-0.014538847,4,boll_break_dn
2017-09-27,0.01982683,1,boll_break_dn
2017-09-28,-0.011991648,2,boll_break_dn
2017-10-11,-0.022704089,1,boll_break_dn
2017-10-12,-0.034952033,1,boll_break_dn
2017-10-16,-0.02830229,2,boll_break_dn
2017-10-18,-0.0037861639,1,boll_break_dn
2017-10-19,-0.0051185493,6,boll_break_dn
2017-10-24,-0.07494164,1,boll_break_dn
2017-10-30,-0.020078335,13,boll_break_dn
2017-11-01,-0.027356366,1,boll_break_dn
2017-11-02,-0.031285208,1,boll_break_dn
2017-11-03,-0.016945448,5,boll_break_dn
2017-11-15,-0.011451249,1,boll_break_dn
2017-11-16,-0.04667171,2,boll_break_dn
2017-11-17,0.031486526,6,boll_break_dn
2017-11-20,0.01837302,2,boll_break_dn
2017-11-22,-0.0001859013,2,boll_break_dn
2017-11-23,-0.015250183,4,boll_break_dn
2017-11-24,-0.014369154,1,boll_break_dn
2017-11-27,-0.02152016,3,boll_break_dn
2017-11-29,0.027119135,3,boll_break_dn
2017-12-04,-0.009741455,2,boll_break_dn
2017-12-05,-0.0018556411,2,boll_break_dn
2017-12-12,-0.032293268,2,boll_break_dn
2017-12-14,-0.019141939,1,boll_break_dn
2017-12-18,-0.017716631,1,boll_break_dn
2017-12-20,0.0010225652,2,boll_break_dn
2017-12-21,-0.045425475,1,boll_break_dn
2017-12-22,-0.006680035,1,boll_break_dn
2017-12-25,0.030267179,2,boll_break_dn
2018-01-11,-0.04964012,1,boll_break_dn
2018-01-15,0.012814137,5,boll_break_dn
2018-01-26,0.01938602,2,boll_break_dn
2018-01-29,0.017805835,3,boll_break_dn
2018-01-30,-0.0048804358,1,boll_break_dn
2018-01-31,-0.038738392,2,boll_break_dn
2018-02-01,0.002338382,13,boll_break_dn
2018-02-02,0.044965018,1,boll_break_dn
2018-02-05,0.041149292,3,boll_break_dn
2018-02-06,0.00933729,10,boll_break_dn
2018-02-07,0.009401223,4,boll_break_dn
2018-02-08,-0.054605775,1,boll_break_dn
2018-02-09,-0.01735147,15,boll_break_dn
2018-03-05,-0.07712543,1,boll_break_dn
2018-03-07,-0.072591364,1,boll_break_dn
2018-03-09,-0.016682334,1,boll_break_dn
2018-03-20,-0.019105151,1,boll_break_dn
2018-03-21,-0.03218371,1,boll_break_dn
2018-03-22,0.0005988977,4,boll_break_dn
2018-03-23,-0.0008247102,20,boll_break_dn
2018-03-26,0.03663381,2,boll_break_dn
2018-03-27,0.035485856,2,boll_break_dn
2018-03-28,0.009814004,3,boll_break_dn
2018-04-02,0.0049605407,1,boll_break_dn
2018-04-04,0.027177837,2,boll_break_dn
2018-04-16,0.02578657,2,boll_break_dn
2018-04-18,-0.054637365,1,boll_break_dn
2018-04-19,-0.0038980246,1,boll_break_dn
2018-04-20,-0.008771805,6,boll_break_dn
2018-04-23,0.033958822,1,boll_break_dn
2018-04-26,0.021006351,6,boll_break_dn
2018-04-27,0.015938032,1,boll_break_dn
2018-05-02,0.049873367,1,boll_break_dn
2018-05-25,-0.02126322,2,boll_break_dn
2018-05-28,-0.017809037,2,boll_break_dn
2018-05-29,-0.0032367762,5,boll_break_dn
2018-05-30,-0.00028083418,12,boll_break_dn
2018-06-01,-0.0044687027,4,boll_break_dn
2018-06-11,-0.003985621,1,boll_break_dn
2018-06-14,-0.037905842,1,boll_break_dn
2018-06-15,-0.028395288,4,boll_break_dn
2018-06-19,0.008246177,18,boll_break_dn
2018-06-21,0.00414724,2,boll_break_dn
2018-06-25,-0.0734663,1,boll_break_dn
2018-06-26,-0.007211346,2,boll_break_dn
2018-06-27,-0.0542405,4,boll_break_dn
2018-07-02,0.03300472,3,boll_break_dn
2018-07-03,0.02903087,1,boll_break_dn
2018-07-05,0.0053801313,2,boll_break_dn
2018-07-06,-0.0006481819,1,boll_break_dn
2018-07-11,-0.011758463,1,boll_break_dn
2018-07-16,-0.0026022322,1,boll_break_dn
2018-07-19,0.017642524,1,boll_break_dn
2018-08-01,-0.023760166,2,boll_break_dn
2018-08-02,-0.013563894,10,boll_break_dn
2018-08-03,-0.0108394325,5,boll_break_dn
2018-08-06,-0.005811721,1,boll_break_dn
2018-08-08,-0.03002721,4,boll_break_dn
2018-08-16,-0.0011633309,2,boll_break_dn
2018-08-17,-0.016928658,3,boll_break_dn
2018-08-20,0.1008519,1,boll_break_dn
2018-08-31,-0.006080961,2,boll_break_dn
2018-09-03,-0.0007246295,2,boll_break_dn
2018-09-05,0.00039704796,4,boll_break_dn
2018-09-06,-0.013553545,2,boll_break_dn
2018-09-07,-0.015189074,1,boll_break_dn
2018-09-10,0.00923943,5,boll_break_dn
2018-09-13,-0.058074825,1,boll_break_dn
2018-10-08,-0.016125912,4,boll_break_dn
2018-10-09,0.0020290688,1,boll_break_dn
2018-10-11,-0.002365592,19,boll_break_dn
2018-10-15,-0.030322092,3,boll_break_dn
2018-10-16,-0.061708506,4,boll_break_dn
2018-10-18,-0.0006882916,8,boll_break_dn
2018-10-24,-0.16088587,1,boll_break_dn
2018-10-29,0.053431377,4,boll_break_dn
2018-11-23,-0.0013450836,4,boll_break_dn
2018-11-26,0.023981731,2,boll_break_dn
2018-11-27,0.0023206314,2,boll_break_dn
2018-11-29,-0.0039450033,2,boll_break_dn
2018-12-07,-0.031864177,1,boll_break_dn
2018-12-10,0.043501623,2,boll_break_dn
2018-12-14,0.007853463,1,boll_break_dn
2018-12-17,0.024498168,1,boll_break_dn
2018-12-18,-0.029725347,1,boll_break_dn
2018-12-19,-0.009400224,3,boll_break_dn
2018-12-20,0.013734034,3,boll_break_dn
2018-12-21,0.009559457,4,boll_break_dn
2018-12-25,0.0061567766,7,boll_break_dn
2018-12-26,-0.021104911,3,boll_break_dn
2018-12-27,0.04011468,4,boll_break_dn
2019-01-02,-0.0049781627,3,boll_break_dn
2019-01-03,-0.019901343,3,boll_break_dn
2019-01-28,-0.032394018,1,boll_break_dn
2019-01-29,0.0021539405,1,boll_break_dn
2019-01-30,-0.0064140186,2,boll_break_dn
2019-01-31,0.13743415,2,boll_break_dn
2019-03-13,-0.023969049,1,boll_break_dn
2019-03-26,-0.017370304,5,boll_break_dn
2019-04-22,-0.087449215,1,boll_break_dn
2019-04-23,0.008812144,1,boll_break_dn
2019-04-25,0.0027587614,10,boll_break_dn
2019-04-26,-0.026115322,5,boll_break_dn
2019-04-29,0.0034709275,7,boll_break_dn
2019-04-30,-0.016778696,1,boll_break_dn
2019-05-06,-0.0037045374,23,boll_break_dn
2019-05-09,0.009225551,3,boll_break_dn
2019-05-23,-0.045794822,1,boll_break_dn
2019-05-30,-0.022376977,1,boll_break_dn
2019-06-03,0.02366212,3,boll_break_dn
2019-06-04,0.01841063,4,boll_break_dn
2019-06-05,-0.0039699804,1,boll_break_dn
2019-06-06,-0.004838902,6,boll_break_dn
2019-06-14,-0.01730512,2,boll_break_dn
2019-06-18,0.022326384,1,boll_break_dn
2019-07-04,0.0029563904,1,boll_break_dn
2019-07-08,-0.0021855473,8,boll_break_dn
2019-07-15,-0.00792663,1,boll_break_dn
2019-07-18,0.018292869,1,boll_break_dn
2019-07-22,0.0039804163,6,boll_break_dn
2019-07-25,0.027786372,1,boll_break_dn
2019-07-29,-0.007819612,1,boll_break_dn
2019-08-01,0.018850245,3,boll_break_dn
2019-08-02,0.0029608244,9,boll_break_dn
2019-08-05,0.0024531074,10,boll_break_dn
2019-08-06,-0.0060765804,9,boll_break_dn
2019-08-07,0.003592171,3,boll_break_dn
2019-08-09,-0.022703916,6,boll_break_dn
2019-08-23,-0.008589953,1,boll_break_dn
2019-08-26,0.0029661385,1,boll_break_dn
2019-08-30,0.029242247,1,boll_break_dn
2019-09-17,0.055785898,1,boll_break_dn
2019-09-23,0.004901195,1,boll_break_dn
2019-09-25,0.012942401,5,boll_break_dn
2019-09-26,-0.00060582877,7,boll_break_dn
2019-09-27,0.06745731,2,boll_break_dn
2019-09-30,0.02740026,3,boll_break_dn
2019-10-08,0.043937,1,boll_break_dn
2019-10-11,0.041638087,1,boll_break_dn
2019-10-16,0.02731236,1,boll_break_dn
2019-10-17,-0.04129332,1,boll_break_dn
2019-10-18,-0.030849494,1,boll_break_dn
2019-10-24,0.082827985,2,boll_break_dn
2019-10-30,0.0061359797,1,boll_break_dn
2019-10-31,0.009376194,1,boll_break_dn
2019-11-11,-0.005716109,12,boll_break_dn
2019-11-12,-0.00588645,1,boll_break_dn
2019-11-13,-0.00036176224,2,boll_break_dn
2019-11-14,-0.0008417084,1,boll_break_dn
2019-11-15,0.003907689,9,boll_break_dn
2019-11-20,-0.023218542,1,boll_break_dn
2019-11-22,-0.026443526,1,boll_break_dn
2019-11-29,0.006314694,2,boll_break_dn
2019-12-02,-0.026032332,1,boll_break_dn
2019-12-11,-0.06471192,1,boll_break_dn
2019-12-13,-0.005701296,1,boll_break_dn
2020-01-08,0.002757515,1,boll_break_dn
2020-01-16,-0.023124889,1,boll_break_dn
2020-01-20,-0.11445144,1,boll_break_dn
2020-01-21,-0.0059280135,7,boll_break_dn
2020-01-23,0.08577469,1,boll_break_dn
2020-02-03,0.020668143,9,boll_break_dn
2020-02-28,-0.019099494,2,boll_break_dn
2020-03-12,-0.0038165106,4,boll_break_dn
2020-03-13,0.00920479,7,boll_break_dn
2020-03-16,-0.0035104183,16,boll_break_dn
2020-03-17,-0.020641819,2,boll_break_dn
2020-03-18,0.0011126484,7,boll_break_dn
2020-03-23,0.018131668,5,boll_break_dn
2020-04-21,-0.017010808,5,boll_break_dn
2020-04-23,0.011391294,3,boll_break_dn
2020-04-24,-0.027776945,5,boll_break_dn
2020-04-27,-0.044470567,1,boll_break_dn
2020-04-28,0.0019244723,5,boll_break_dn
2020-05-21,-0.010024182,2,boll_break_dn
2020-05-22,-0.0027424917,6,boll_break_dn
2020-05-25,0.002312418,1,boll_break_dn
2020-06-15,0.04788388,2,boll_break_dn
2020-06-23,-0.010976948,1,boll_break_dn
2020-06-30,0.08822162,1,boll_break_dn
2020-08-12,0.06292425,1,boll_break_dn
2020-08-20,-0.02334841,1,boll_break_dn
2020-08-26,-0.020771904,3,boll_break_dn
2020-08-27,0.028494539,1,boll_break_dn
2020-08-28,0.022452295,1,boll_break_dn
2020-08-31,0.012705851,1,boll_break_dn
2020-09-02,0.09092222,1,boll_break_dn
2020-09-03,-0.019471703,2,boll_break_dn
2020-09-07,-0.021510173,10,boll_break_dn
2020-09-09,-0.0054759746,7,boll_break_dn
2020-09-10,-0.00100125,4,boll_break_dn
2020-09-14,-0.04292193,1,boll_break_dn
2020-09-16,0.05478046,1,boll_break_dn
2020-09-24,-0.010674304,9,boll_break_dn
2020-09-28,0.039894193,3,boll_break_dn
2020-09-30,0.004087836,3,boll_break_dn
2020-10-15,-0.03674191,1,boll_break_dn
2020-10-22,-0.03429967,1,boll_break_dn
2020-10-23,0.158185,1,boll_break_dn
2020-10-26,-0.016826563,1,boll_break_dn
2020-10-27,-0.07183708,1,boll_break_dn
2020-10-28,0.02911469,1,boll_break_dn
2020-10-29,0.0022113912,3,boll_break_dn
2020-10-30,-0.03364576,7,boll_break_dn
2020-11-02,0.06675085,3,boll_break_dn
2020-11-04,0.026720017,1,boll_break_dn
2020-11-11,-0.00619312,1,boll_break_dn
2020-11-12,-0.0146609675,1,boll_break_dn
2020-11-13,0.014424069,2,boll_break_dn
2020-11-18,-0.035194427,1,boll_break_dn
2020-11-25,-0.020457974,1,boll_break_dn
2020-11-30,0.032325633,1,boll_break_dn
2020-12-07,-0.009082591,1,boll_break_dn
2020-12-09,0.0017527416,5,boll_break_dn
2020-12-10,-9.791553e-05,1,boll_break_dn
2020-12-11,0.031806607,2,boll_break_dn
2020-12-14,0.04282796,1,boll_break_dn
2020-12-15,-0.02845956,2,boll_break_dn
2020-12-16,-0.046023786,1,boll_break_dn
2020-12-22,-0.00040912832,7,boll_break_dn
2020-12-24,-0.013414713,4,boll_break_dn
2020-12-29,0.040466376,2,boll_break_dn
2021-01-06,-0.04915054,1,boll_break_dn
2021-01-07,0.02467887,3,boll_break_dn
2021-01-11,-0.010818451,6,boll_break_dn
2021-01-13,-0.08397726,1,boll_break_dn
2021-01-14,-0.0127102425,2,boll_break_dn
2021-01-22,-0.016240302,1,boll_break_dn
2021-01-25,0.013781722,3,boll_break_dn
2021-01-26,-0.01931828,4,boll_break_dn
2021-01-27,-0.028564334,1,boll_break_dn
2021-01-28,-0.04588421,3,boll_break_dn
2021-01-29,-0.0045961156,4,boll_break_dn
2021-02-03,-0.012069855,1,boll_break_dn
2021-02-04,-0.023068301,6,boll_break_dn
2021-02-05,0.07706181,3,boll_break_dn
2021-02-08,0.05685405,1,boll_break_dn
2021-02-22,0.07097671,1,boll_break_dn
2021-02-24,0.022007678,1,boll_break_dn
2021-02-26,0.09802206,1,boll_break_dn
2021-03-01,-0.11181104,1,boll_break_dn
2021-03-04,-0.118581,1,boll_break_dn
2021-03-08,-0.00422087,6,boll_break_dn
2021-03-09,-0.04376286,1,boll_break_dn
2021-03-10,-0.019423814,2,boll_break_dn
2021-03-15,0.02516881,1,boll_break_dn
2021-03-19,0.05759851,2,boll_break_dn
2021-03-24,0.016184704,3,boll_break_dn
2021-03-30,0.09826573,1,boll_break_dn
2021-04-07,-0.020787666,1,boll_break_dn
2021-04-09,0.0049056807,1,boll_break_dn
2021-04-12,0.03501956,2,boll_break_dn
2021-04-13,-0.0020667177,5,boll_break_dn
2021-04-15,0.0042557837,4,boll_break_dn
2021-04-21,-0.021501634,1,boll_break_dn
2021-04-23,0.010314784,2,boll_break_dn
2021-04-28,0.017281774,1,boll_break_dn
2021-04-30,-0.0481663,2,boll_break_dn
2021-05-06,0.02328341,2,boll_break_dn
2021-05-07,-0.009511097,3,boll_break_dn
2021-05-10,-0.014938327,2,boll_break_dn
2021-05-11,0.09660029,1,boll_break_dn
2021-05-12,-0.018052233,2,boll_break_dn
2021-05-13,-0.024222877,4,boll_break_dn
2021-05-20,0.03367222,2,boll_break_dn
2021-05-21,-0.09910428,1,boll_break_dn
2021-05-25,0.0027498594,1,boll_break_dn
2021-05-27,0.0054795393,1,boll_break_dn
2021-06-01,0.098379046,1,boll_break_dn
2021-06-03,-0.05358194,1,boll_break_dn
2021-06-04,-0.0020308075,4,boll_break_dn
2021-06-07,-0.023080427,1,boll_break_dn
2021-06-08,-0.05776594,1,boll_break_dn
2021-06-09,0.0019932948,1,boll_break_dn
2021-06-10,-0.010105211,1,boll_break_dn
2021-06-11,0.039914753,2,boll_break_dn
2021-06-15,-0.0027923966,2,boll_break_dn
2021-06-16,0.039656516,4,boll_break_dn
2021-06-17,-0.023243818,1,boll_break_dn
2021-06-18,0.04274489,3,boll_break_dn
2021-06-21,-0.018755605,5,boll_break_dn
2021-06-23,0.09070417,1,boll_break_dn
2021-06-29,-0.0062903743,1,boll_break_dn
2021-07-01,0.04637076,2,boll_break_dn
2021-07-02,0.026378011,5,boll_break_dn
2021-07-05,-0.04525497,2,boll_break_dn
2021-07-07,0.14148575,1,boll_break_dn
2021-07-08,-0.0053725457,2,boll_break_dn
2021-07-14,-0.026142174,5,boll_break_dn
2021-07-19,0.00027905765,2,boll_break_dn
2021-07-21,-0.046091724,1,boll_break_dn
2021-07-23,-0.030789532,1,boll_break_dn
2021-07-26,-0.030083826,7,boll_break_dn
2021-07-27,0.045754302,5,boll_break_dn
2021-07-28,0.00428935,6,boll_break_dn
2021-07-30,-0.035881512,2,boll_break_dn
2021-08-17,-0.036050633,1,boll_break_dn
2021-08-19,0.011502621,2,boll_break_dn
2021-08-20,-0.013618175,3,boll_break_dn
2021-08-26,-0.107848555,1,boll_break_dn
2021-08-27,-0.02132421,1,boll_break_dn
2021-08-30,0.094696835,2,boll_break_dn
2021-09-02,-0.013356421,2,boll_break_dn
2021-09-06,-0.12547256,1,boll_break_dn
2021-09-13,-0.009690054,1,boll_break_dn
2021-09-16,0.025170423,4,boll_break_dn
2021-09-17,-0.015016578,3,boll_break_dn
2021-09-22,-0.013565594,2,boll_break_dn
2021-09-24,-0.019928033,2,boll_break_dn
2021-09-27,-0.010661085,3,boll_break_dn
2021-09-29,0.0072715995,9,boll_break_dn
2021-10-12,0.040157482,1,boll_break_dn
2021-10-13,-0.007926941,3,boll_break_dn
2021-10-18,-0.024998128,3,boll_break_dn
2021-10-21,0.03155751,1,boll_break_dn
2021-10-22,0.030869372,1,boll_break_dn
2021-10-27,0.0280639,2,boll_break_dn
2021-10-28,0.006180488,7,boll_break_dn
2021-10-29,0.0048117046,3,boll_break_dn
2021-11-01,0.009828255,1,boll_break_dn
2021-11-02,-0.024284974,4,boll_break_dn
2021-11-03,-0.044968702,1,boll_break_dn
2021-11-04,-0.019594943,1,boll_break_dn
2021-11-05,0.04568929,2,boll_break_dn
2021-11-10,-0.024777593,2,boll_break_dn
2021-11-12,-0.006021416,1,boll_break_dn
2021-11-16,-0.062493145,1,boll_break_dn
2021-11-29,0.020958915,3,boll_break_dn
2021-12-06,-0.03134187,1,boll_break_dn
2021-12-07,0.004948998,1,boll_break_dn
2021-12-10,-0.0016004285,1,boll_break_dn
2021-12-14,0.0019467818,1,boll_break_dn
2021-12-17,-0.09142028,1,boll_break_dn
2021-12-20,-0.0069383555,3,boll_break_dn
2021-12-24,0.04400262,3,boll_break_dn
2021-12-29,-0.050647903,1,boll_break_dn
2022-01-04,-0.04157158,2,boll_break_dn
2022-01-05,-0.02271273,2,boll_break_dn
2022-01-07,0.004139699,1,boll_break_dn
2022-01-10,0.07482917,1,boll_break_dn
2022-01-11,0.020265505,2,boll_break_dn
2022-01-13,0.018622348,3,boll_break_dn
2022-01-14,0.037870683,3,boll_break_dn
2022-01-21,0.016463961,5,boll_break_dn
2022-01-24,0.0035410249,8,boll_break_dn
2022-01-25,0.012699549,12,boll_break_dn
2022-01-27,0.004338951,5,boll_break_dn
2022-01-28,0.009455695,3,boll_break_dn
2022-02-08,0.0800014,1,boll_break_dn
2022-02-11,0.038792823,2,boll_break_dn
2022-02-22,-0.03249546,1,boll_break_dn
2022-02-24,-0.011792198,6,boll_break_dn
2022-02-28,0.00037805084,4,boll_break_dn
2022-03-01,-0.039187573,1,boll_break_dn
2022-03-02,0.01580882,1,boll_break_dn
2022-03-03,-0.036645696,1,boll_break_dn
2022-03-04,0.0076477244,6,boll_break_dn
2022-03-07,-0.0039064684,12,boll_break_dn
2022-03-08,-0.0051539103,11,boll_break_dn
2022-03-09,-0.029945565,2,boll_break_dn
2022-03-14,-0.0049774162,9,boll_break_dn
2022-03-15,-0.005408135,22,boll_break_dn
2022-03-28,0.01633194,1,boll_break_dn
2022-04-07,-0.05632966,1,boll_break_dn
2022-04-08,-0.10074137,1,boll_break_dn
2022-04-11,0.005178731,10,boll_break_dn
2022-04-13,-0.024681155,1,boll_break_dn
2022-04-15,0.020531423,1,boll_break_dn
2022-04-19,0.07196848,1,boll_break_dn
2022-04-20,-0.059294283,2,boll_break_dn
2022-04-21,0.0004254755,14,boll_break_dn
2022-04-25,0.009258455,20,boll_break_dn
2022-04-26,0.022207571,6,boll_break_dn
2022-04-28,-0.02349234,2,boll_break_dn
2022-05-09,-0.044133276,1,boll_break_dn
2022-05-17,0.0056297192,1,boll_break_dn
2022-06-06,0.010161586,1,boll_break_dn
2022-06-22,-0.008029539,1,boll_break_dn
2022-07-06,0.0029349534,1,boll_break_dn
2022-07-11,0.045120314,2,boll_break_dn
2022-07-12,0.045858305,4,boll_break_dn
2022-07-14,-0.0133174425,3,boll_break_dn
2022-07-15,0.014880173,12,boll_break_dn
2022-07-28,0.028892808,1,boll_break_dn
2022-07-29,0.07670743,2,boll_break_dn
2022-08-02,0.013252519,16,boll_break_dn
2022-08-03,-0.024485365,4,boll_break_dn
2022-08-18,0.025895882,1,boll_break_dn
2022-08-22,0.012516991,1,boll_break_dn
2022-08-24,-0.004485757,4,boll_break_dn
2022-08-30,-0.0015651362,2,boll_break_dn
2022-08-31,0.029216686,5,boll_break_dn
2022-09-01,0.0016559195,2,boll_break_dn
2022-09-05,0.076906264,1,boll_break_dn
2022-09-15,-0.025856473,4,boll_break_dn
2022-09-16,0.0049009356,9,boll_break_dn
2022-09-19,-0.00075927813,3,boll_break_dn
2022-09-23,-0.029373452,1,boll_break_dn
2022-09-26,0.0244304,11,boll_break_dn
2022-09-28,0.01362786,10,boll_break_dn
2022-09-29,0.0049118213,2,boll_break_dn
2022-09-30,0.017610565,2,boll_break_dn
2022-10-10,-0.0201924,4,boll_break_dn
2022-10-11,-0.08908525,1,boll_break_dn
2022-10-17,-0.042418044,1,boll_break_dn
2022-10-18,-0.009305552,1,boll_break_dn
2022-10-19,-0.08981082,1,boll_break_dn
2022-10-20,0.015393714,1,boll_break_dn
2022-10-21,-0.104407,1,boll_break_dn
2022-10-24,-0.035872877,4,boll_break_dn
2022-10-25,-0.074062176,1,boll_break_dn
2022-10-26,-0.07414942,1,boll_break_dn
2022-10-27,0.07784723,1,boll_break_dn
2022-10-28,0.010000916,9,boll_break_dn
2022-10-31,0.05017046,4,boll_break_dn
2022-11-14,0.0013362463,1,boll_break_dn
2022-11-28,-0.004628908,2,boll_break_dn
2022-12-06,-0.050641496,1,boll_break_dn
2022-12-09,-0.010948972,2,boll_break_dn
2022-12-12,-0.015286446,2,boll_break_dn
2022-12-13,-0.007253498,1,boll_break_dn
2022-12-19,0.00083893345,12,boll_break_dn
2022-12-20,-0.004101113,4,boll_break_dn
2022-12-21,-0.004535346,3,boll_break_dn
2022-12-22,0.005025464,5,boll_break_dn
2022-12-23,-0.0041307467,3,boll_break_dn
2022-12-27,0.0063749235,1,boll_break_dn
2022-12-28,-0.0031167883,2,boll_break_dn
2022-12-29,-0.006517969,1,boll_break_dn
2023-01-16,0.084772214,1,boll_break_dn
2023-02-06,-0.006660578,2,boll_break_dn
2023-02-17,-0.0005010683,2,boll_break_dn
2023-03-02,-0.025474867,1,boll_break_dn
2023-03-07,-0.007571543,5,boll_break_dn
2023-03-08,-0.035195265,2,boll_break_dn
2023-03-09,0.02492465,2,boll_break_dn
2023-03-10,0.00053203997,9,boll_break_dn
2023-03-13,0.0010394482,4,boll_break_dn
2023-03-14,0.015288436,6,boll_break_dn
2023-03-15,-0.030937959,2,boll_break_dn
2023-03-16,0.01292944,8,boll_break_dn
2023-03-17,0.031104675,3,boll_break_dn
2023-03-20,-0.015705891,6,boll_break_dn
2023-03-24,0.050353575,1,boll_break_dn
2023-03-27,-0.004024537,3,boll_break_dn
2023-03-28,0.0009177029,1,boll_break_dn
2023-03-29,-0.028842606,2,boll_break_dn
2023-04-04,0.06220363,2,boll_break_dn
2023-04-06,-0.025663,1,boll_break_dn
2023-04-10,0.0036332076,1,boll_break_dn
2023-04-12,-0.07114194,1,boll_break_dn
2023-04-17,0.011092523,1,boll_break_dn
2023-04-19,-0.0036468562,2,boll_break_dn
2023-04-20,0.0063850298,6,boll_break_dn
2023-04-21,-0.009680588,9,boll_break_dn
2023-04-24,0.058621656,5,boll_break_dn
2023-04-25,-0.011597416,5,boll_break_dn
2023-04-26,0.02761532,2,boll_break_dn
2023-04-28,-0.020839745,1,boll_break_dn
2023-05-04,0.008532717,5,boll_break_dn
2023-05-09,-0.03585038,1,boll_break_dn
2023-05-10,0.0012634473,2,boll_break_dn
2023-05-12,-0.012026131,3,boll_break_dn
2023-05-18,0.05942277,2,boll_break_dn
2023-05-24,0.022157924,5,boll_break_dn
2023-05-25,-0.008433202,2,boll_break_dn
2023-05-29,-0.054865677,1,boll_break_dn
2023-05-30,0.111103766,1,boll_break_dn
2023-05-31,0.00879623,5,boll_break_dn
2023-06-01,-0.020782216,2,boll_break_dn
2023-06-05,0.009433759,2,boll_break_dn
2023-06-06,-0.008606816,4,boll_break_dn
2023-06-07,-0.007257716,2,boll_break_dn
2023-06-08,0.0022563357,1,boll_break_dn
2023-06-09,0.0027230605,1,boll_break_dn
2023-06-12,0.007430967,2,boll_break_dn
2023-06-14,0.03531289,1,boll_break_dn
2023-06-16,0.02625103,1,boll_break_dn
2023-06-19,-0.011006579,1,boll_break_dn
2023-06-20,0.011649423,1,boll_break_dn
2023-06-21,0.0023339144,7,boll_break_dn
2023-06-26,-0.0017578099,8,boll_break_dn
2023-06-29,0.009250212,2,boll_break_dn
2023-07-14,-0.035236556,1,boll_break_dn
2023-07-17,0.013449034,1,boll_break_dn
2023-07-18,-0.0103847515,1,boll_break_dn
2023-07-19,0.00027033314,1,boll_break_dn
2023-07-20,-0.025268726,3,boll_break_dn
2023-07-24,0.04968697,1,boll_break_dn
2023-07-28,0.017142942,1,boll_break_dn
2023-08-07,0.030060036,3,boll_break_dn
2023-08-08,0.00948469,1,boll_break_dn
2023-08-09,0.009316072,1,boll_break_dn
2023-08-11,-0.0009442799,14,boll_break_dn
2023-08-14,-0.017363692,2,boll_break_dn
2023-08-15,0.007266441,3,boll_break_dn
2023-08-16,0.029109612,5,boll_break_dn
2023-08-17,-0.0022257697,2,boll_break_dn
2023-08-18,-0.023378404,7,boll_break_dn
2023-08-21,0.006690669,8,boll_break_dn
2023-08-23,-0.004554059,9,boll_break_dn
2023-08-24,-0.01120622,3,boll_break_dn
2023-08-30,-0.025201134,1,boll_break_dn
2023-09-07,0.015441653,2,boll_break_dn
2023-09-08,0.036019567,1,boll_break_dn
2023-09-18,-0.05183986,1,boll_break_dn
2023-09-20,-0.01807641,3,boll_break_dn
2023-09-21,-0.010207575,6,boll_break_dn
2023-09-25,0.011381522,6,boll_break_dn
2023-09-26,-0.01914998,3,boll_break_dn
2023-09-27,0.04251703,1,boll_break_dn
2023-09-28,-0.024056643,3,boll_break_dn
2023-10-09,-0.0060976944,3,boll_break_dn
2023-10-10,0.008210116,9,boll_break_dn
2023-10-11,-0.013524231,4,boll_break_dn
2023-10-13,0.002801751,6,boll_break_dn
2023-10-16,0.009273467,3,boll_break_dn
2023-10-17,-0.0105634965,1,boll_break_dn
2023-10-18,-0.008788591,13,boll_break_dn
2023-10-19,0.0020521353,13,boll_break_dn
2023-10-20,0.027570428,3,boll_break_dn
2023-10-23,0.0040835273,17,boll_break_dn
2023-10-24,-0.0035490226,1,boll_break_dn
2023-10-25,-0.012974136,2,boll_break_dn
2023-11-03,-0.03211349,1,boll_break_dn
2023-11-08,-0.005858334,2,boll_break_dn
2023-11-13,0.0062046456,2,boll_break_dn
2023-11-17,-0.0034003586,1,boll_break_dn
2023-11-22,-0.023951259,2,boll_break_dn
2023-11-24,-0.014291828,3,boll_break_dn
2023-11-27,0.015489038,1,boll_break_dn
2023-11-28,-0.0014941208,1,boll_break_dn
2023-11-29,0.005898016,5,boll_break_dn
2023-11-30,0.018879505,1,boll_break_dn
2023-12-01,-0.007735765,3,boll_break_dn
2023-12-04,-0.020391464,6,boll_break_dn
2023-12-05,0.0063787373,11,boll_break_dn
2023-12-06,-0.016504884,1,boll_break_dn
2023-12-07,-0.025124349,4,boll_break_dn
2023-12-08,0.008337665,2,boll_break_dn
2023-12-11,-0.01922818,3,boll_break_dn
2023-12-13,0.0065702596,7,boll_break_dn
2023-12-14,-0.0022389442,1,boll_break_dn
2023-12-15,0.017485516,1,boll_break_dn
2023-12-18,0.0048298226,5,boll_break_dn
2023-12-19,-0.00030438043,4,boll_break_dn
2023-12-20,-0.009546353,4,boll_break_dn
2023-12-21,-0.008070151,1,boll_break_dn
2023-12-22,-0.014146564,3,boll_break_dn
2023-12-26,0.0061560147,3,boll_break_dn
2023-12-29,-0.009909013,1,boll_break_dn
2024-01-04,-0.008889964,3,boll_break_dn
2024-01-08,-0.008427662,8,boll_break_dn
2024-01-09,-0.04024637,1,boll_break_dn
2024-01-10,-0.049540497,1,boll_break_dn
2024-01-11,0.0022628028,1,boll_break_dn
2024-01-15,-0.025107495,1,boll_break_dn
2024-01-16,-0.0021774247,1,boll_break_dn
2024-01-17,-0.010631625,11,boll_break_dn
2024-01-18,-0.019908288,2,boll_break_dn
2024-01-19,-0.040715303,3,boll_break_dn
2024-01-22,0.023056744,17,boll_break_dn
2024-01-30,0.029322483,2,boll_break_dn
2024-01-31,0.019024065,11,boll_break_dn
2024-02-02,0.028179044,10,boll_break_dn
2024-02-05,0.024946773,8,boll_break_dn
2024-03-13,0.008260547,1,boll_break_dn
2024-03-22,-0.02084876,7,boll_break_dn
2024-03-25,-0.016067365,6,boll_break_dn
2024-03-26,0.0025413309,3,boll_break_dn
2024-03-27,-0.00015916234,11,boll_break_dn
2024-03-29,0.00036555063,1,boll_break_dn
2024-04-02,-0.1202105,1,boll_break_dn
2024-04-08,0.029302593,1,boll_break_dn
2024-04-10,0.021547927,3,boll_break_dn
2024-04-12,0.019520484,3,boll_break_dn
2024-04-16,0.052817155,4,boll_break_dn
2024-04-22,0.013047686,2,boll_break_dn
2024-04-23,0.0012171566,1,boll_break_dn
2024-04-30,-0.027224824,1,boll_break_dn
2024-05-07,-0.0009792692,1,boll_break_dn
2024-05-15,-0.041818216,1,boll_break_dn
2024-05-20,0.027242498,1,boll_break_dn
2024-05-22,0.0107443705,2,boll_break_dn
2024-05-23,-0.0042313603,6,boll_break_dn
2024-05-24,0.008140586,4,boll_break_dn
2024-05-28,0.013046448,6,boll_break_dn
2024-05-30,0.0017591954,5,boll_break_dn
2024-06-03,-0.015622338,7,boll_break_dn
2024-06-04,-0.00083449204,1,boll_break_dn
2024-06-05,-0.021863712,1,boll_break_dn
2024-06-06,0.01945374,6,boll_break_dn
2024-06-11,-0.020467699,3,boll_break_dn
2024-06-12,0.023006592,1,boll_break_dn
2024-06-13,0.0064038206,2,boll_break_dn
2024-06-17,0.027166445,2,boll_break_dn
2024-06-19,0.012068588,2,boll_break_dn
2024-06-20,0.0064070276,5,boll_break_dn
2024-06-21,-0.0054207053,1,boll_break_dn
2024-06-24,-0.012525583,10,boll_break_dn
2024-06-25,-0.009488057,4,boll_break_dn
2024-06-27,-0.029318482,6,boll_break_dn
2024-06-28,0.013263133,3,boll_break_dn
2024-07-02,0.018018078,5,boll_break_dn
2024-07-03,-0.014375538,3,boll_break_dn
2024-07-04,0.008547091,3,boll_break_dn
2024-07-05,0.018779986,1,boll_break_dn
2024-07-08,0.0060673263,10,boll_break_dn
2024-07-09,-0.057304464,2,boll_break_dn
2024-07-10,0.017887926,3,boll_break_dn
2024-07-15,-0.001385456,2,boll_break_dn
2024-07-16,0.0132204555,1,boll_break_dn
2024-07-17,-0.00048404498,6,boll_break_dn
2024-07-19,-0.05313778,1,boll_break_dn
2024-07-22,0.021629173,1,boll_break_dn
2024-07-23,0.0016383007,9,boll_break_dn
2024-07-24,0.009371231,6,boll_break_dn
2024-07-25,0.015219901,2,boll_break_dn
2024-07-29,0.021143181,4,boll_break_dn
2024-07-30,0.022144936,2,boll_break_dn
2024-08-05,-0.018751929,3,boll_break_dn
2024-08-06,0.0011558972,1,boll_break_dn
2024-08-12,-0.01109454,1,boll_break_dn
2024-08-14,-0.00030513573,1,boll_break_dn
2024-08-16,-0.0037111305,5,boll_break_dn
2024-08-20,-0.0005760265,9,boll_break_dn
2024-08-21,-0.015758142,3,boll_break_dn
2024-08-22,0.0032311557,9,boll_break_dn
2024-08-23,-0.029469144,1,boll_break_dn
2024-08-26,-0.021702245,3,boll_break_dn
2024-08-27,0.0170891,5,boll_break_dn
2024-08-28,-0.0019031409,2,boll_break_dn
2024-08-29,0.0027091377,1,boll_break_dn
2024-09-02,-0.0111790765,5,boll_break_dn
2024-09-04,-0.0038816202,2,boll_break_dn
2024-09-06,-0.024978235,3,boll_break_dn
2024-09-09,-0.0013248209,9,boll_break_dn
2024-09-11,-0.015255879,3,boll_break_dn
2024-09-12,-0.0051513216,5,boll_break_dn
2024-09-13,-0.030794023,2,boll_break_dn
2024-09-18,0.020077841,4,boll_break_dn
2024-09-20,-0.047465682,1,boll_break_dn
2024-09-23,-0.052858204,1,boll_break_dn
2024-10-31,-0.031437166,1,boll_break_dn
2024-11-15,-0.00023297097,3,boll_break_dn
2024-11-18,0.0011594463,2,boll_break_dn
2024-11-22,0.0029206686,13,boll_break_dn
2024-11-25,-0.00036902056,5,boll_break_dn
2024-11-26,0.09115656,2,boll_break_dn
2024-12-16,-0.03688689,2,boll_break_dn
2024-12-17,-0.005300479,1,boll_break_dn
2024-12-19,-0.022496477,4,boll_break_dn
2024-12-20,0.003926338,3,boll_break_dn
2024-12-23,0.016481843,4,boll_break_dn
2024-12-25,-0.00224545,4,boll_break_dn
2024-12-27,0.037963387,1,boll_break_dn
2024-12-31,-0.01419051,5,boll_break_dn
2025-01-02,-0.011463681,22,boll_break_dn
2025-01-03,-0.004887667,2,boll_break_dn
2025-01-06,0.019637953,1,boll_break_dn
2025-01-07,-0.03540021,2,boll_break_dn
2025-01-08,-0.010032555,2,boll_break_dn
2025-01-10,-0.0040849852,7,boll_break_dn
2025-01-13,-0.008432336,1,boll_break_dn
2025-01-22,-0.01566479,1,boll_break_dn
2025-01-24,-0.04599897,1,boll_break_dn
2025-02-05,-0.039445028,1,boll_break_dn
2025-02-10,-0.0057808734,1,boll_break_dn
2025-02-18,0.0039610136,4,boll_break_dn
2025-02-19,-0.0370027,1,boll_break_dn
2025-02-20,-0.022799654,1,boll_break_dn
2025-02-21,0.009554357,5,boll_break_dn
2025-02-25,0.03179256,4,boll_break_dn
2025-02-27,0.017955199,2,boll_break_dn
2025-02-28,0.014080688,3,boll_break_dn
2025-03-03,0.008148839,1,boll_break_dn
2025-03-05,0.09049368,1,boll_break_dn
2025-03-12,-0.0024275742,1,boll_break_dn
2025-03-21,-0.024503257,1,boll_break_dn
2025-03-24,-0.00520951,2,boll_break_dn
2025-03-25,-0.0066601387,3,boll_break_dn
2025-03-26,0.00014677644,1,boll_break_dn
2025-03-28,-0.037949316,3,boll_break_dn
2025-03-31,-0.025861833,7,boll_break_dn
2025-04-02,0.04317674,1,boll_break_dn
2025-04-07,0.004468917,40,boll_break_dn
2025-04-08,0.011099998,1,boll_break_dn
2025-04-09,-0.0044577364,1,boll_break_dn
2025-04-11,-0.018030427,1,boll_break_dn
2025-04-17,-0.09450699,1,boll_break_dn
2025-04-25,-0.012546763,1,boll_break_dn
2025-04-28,-0.027438408,1,boll_break_dn
2025-04-29,-0.0048484188,1,boll_break_dn
2025-05-15,-0.009110713,2,boll_break_dn
2025-05-16,-0.022596791,1,boll_break_dn
2025-05-21,-0.0113945585,1,boll_break_dn
2025-05-22,0.0051313085,1,boll_break_dn
2025-05-23,-0.011885182,2,boll_break_dn
2025-05-26,-0.0040954757,3,boll_break_dn
2025-05-27,-0.0023854598,2,boll_break_dn
2025-05-28,-0.018118039,1,boll_break_dn
2025-05-30,0.012313659,1,boll_break_dn
2025-06-03,0.010976865,3,boll_break_dn
2025-06-05,0.0028964253,1,boll_break_dn
2025-06-10,-0.019800305,1,boll_break_dn
2025-06-12,0.0047921846,2,boll_break_dn
2025-06-13,0.043261886,3,boll_break_dn
2025-06-16,-0.007000178,1,boll_break_dn
2025-06-17,-0.0018845657,2,boll_break_dn
2025-06-18,-0.020780494,1,boll_break_dn
2025-06-19,0.0015900589,5,boll_break_dn
2025-06-20,0.04806407,3,boll_break_dn
2025-06-30,-0.017950082,1,boll_break_dn
2025-07-04,-0.012692274,1,boll_break_dn
2025-07-07,-0.0013636835,1,boll_break_dn
2025-07-10,-0.016830847,1,boll_break_dn
2025-07-14,-0.026113521,1,boll_break_dn
2025-07-29,0.013601913,1,boll_break_dn
2025-07-30,0.015668783,3,boll_break_dn
2025-07-31,0.0040870607,1,boll_break_dn
2025-08-01,0.00093664136,2,boll_break_dn
2025-08-14,-0.011045598,2,boll_break_dn
2025-08-15,-0.022373935,3,boll_break_dn
2025-08-28,0.03200219,1,boll_break_dn
2025-08-29,0.009431672,3,boll_break_dn
2025-09-01,-0.002396036,2,boll_break_dn
2025-09-02,0.0062573734,1,boll_break_dn
2025-09-03,-0.001373029,9,boll_break_dn
2025-09-04,-0.015614176,1,boll_break_dn
2025-09-05,-0.036610648,1,boll_break_dn
2025-09-12,0.031164866,1,boll_break_dn
2025-09-15,-0.0050713336,1,boll_break_dn
2025-09-18,0.014272907,2,boll_break_dn
2025-09-19,0.051460635,1,boll_break_dn
2025-09-22,-0.023348646,1,boll_break_dn
2025-09-23,-0.030645007,3,boll_break_dn
2025-09-25,-0.015858289,2,boll_break_dn
2025-10-13,-0.012022766,3,boll_break_dn
2025-10-14,0.006147823,2,boll_break_dn
2025-10-16,0.0025188166,1,boll_break_dn
2025-10-17,0.025418306,5,boll_break_dn
2025-10-22,0.073930845,2,boll_break_dn
2025-10-24,0.006339973,1,boll_break_dn
2025-10-31,0.00060723536,1,boll_break_dn
2025-11-03,-0.006418621,2,boll_break_dn
2025-11-04,-0.05630859,1,boll_break_dn
2025-11-14,-0.008364126,2,boll_break_dn
2025-11-17,0.01625822,3,boll_break_dn
2025-11-18,-0.01187434,2,boll_break_dn
2025-11-19,0.015896285,3,boll_break_dn
2025-11-21,-0.021531971,14,boll_break_dn
2025-11-24,0.04945211,1,boll_break_dn
2025-11-25,0.010682838,1,boll_break_dn
2025-11-26,-0.13181372,1,boll_break_dn
2025-11-27,-0.016909808,1,boll_break_dn
2025-12-04,-0.021702364,3,boll_break_dn
2025-12-08,-0.024883257,2,boll_break_dn
2025-12-09,0.007248436,2,boll_break_dn
2025-12-15,-0.009419016,1,boll_break_dn
2025-12-16,0.028013363,3,boll_break_dn
2025-12-26,0.013356848,1,boll_break_dn
2025-12-30,-0.010712605,5,boll_break_dn
2025-12-31,-0.020396769,2,boll_break_dn
2026-01-13,0.017543996,1,boll_break_dn
2026-01-14,-0.016365113,3,boll_break_dn
2026-01-21,-0.049134832,3,boll_break_dn
2026-01-22,0.09758672,1,boll_break_dn
2026-01-27,0.036659747,2,boll_break_dn
2026-01-28,0.04214187,3,boll_break_dn
2026-01-30,-0.024511104,3,boll_break_dn
2026-02-02,-0.014780552,11,boll_break_dn
2026-02-04,0.024164,1,boll_break_dn
2026-02-05,-0.012721209,1,boll_break_dn
2026-02-12,0.018557403,1,boll_break_dn
2026-02-13,0.03182386,1,boll_break_dn
2026-02-26,0.0018789256,1,boll_break_dn
2026-03-03,0.015968686,6,boll_break_dn
2026-03-04,-0.012159164,7,boll_break_dn
2026-03-09,0.014112198,4,boll_break_dn
2026-03-10,-0.009596741,1,boll_break_dn
2026-03-13,-0.035377312,4,boll_break_dn
2026-03-16,-0.06430935,1,boll_break_dn
2026-03-17,0.026445862,2,boll_break_dn
2026-03-19,-0.009745341,10,boll_break_dn
2026-03-20,-0.019022556,6,boll_break_dn
2026-03-23,-0.003812315,19,boll_break_dn
2026-03-26,0.01870988,4,boll_break_dn
2026-03-30,0.028385015,1,boll_break_dn
2026-03-31,-0.030129557,3,boll_break_dn
2026-04-02,-0.04802704,1,boll_break_dn
2026-04-03,-0.0047409087,2,boll_break_dn
2026-04-13,0.02201078,1,boll_break_dn
2026-04-17,-0.013320711,1,boll_break_dn
2026-04-21,0.030899664,1,boll_break_dn
2026-04-23,-0.027820967,2,boll_break_dn
2026-04-24,0.005982855,3,boll_break_dn
2026-04-27,-0.060501248,1,boll_break_dn
2026-04-28,0.11823135,1,boll_break_dn
2026-04-29,0.052974407,1,boll_break_dn
2026-04-30,0.08585867,2,boll_break_dn
2026-05-06,-0.064881384,1,boll_break_dn
2026-05-07,-0.049258757,1,boll_break_dn
2026-05-08,-0.0018530563,2,boll_break_dn
2026-05-12,-0.015823796,2,boll_break_dn
2026-05-13,0.008198293,1,boll_break_dn
2026-05-14,-0.025617024,2,boll_break_dn
2026-05-15,-0.0110479295,9,boll_break_dn
2026-05-18,-0.023612319,7,boll_break_dn
2026-05-19,-0.077262245,1,boll_break_dn
2026-05-20,-0.030743103,2,boll_break_dn
2026-05-21,0.015863156,7,boll_break_dn
2026-05-26,-0.07249047,1,boll_break_dn
2026-05-28,0.02110145,2,boll_break_dn
2026-05-29,0.03133284,4,boll_break_dn
2026-06-04,-0.01803384,2,boll_break_dn
2026-06-05,-0.010882298,3,boll_break_dn
2026-06-08,0.0175525,11,boll_break_dn
2026-06-09,-0.0037837336,2,boll_break_dn
2026-06-10,-0.008781286,2,boll_break_dn
2026-06-11,-0.0405703,2,boll_break_dn
2026-06-16,-0.00016049668,1,boll_break_dn
2026-06-17,-0.039482214,3,boll_break_dn
2026-06-18,-0.02137945,3,boll_break_dn
2026-06-23,-0.01792591,4,boll_break_dn
2026-06-24,0.015713464,2,boll_break_dn
2026-06-25,0.01259114,2,boll_break_dn
2026-06-26,0.0061735953,9,boll_break_dn
2026-06-30,0.039661624,5,boll_break_dn
2026-07-06,0.027656134,1,boll_break_dn
2026-07-08,-0.030625852,3,boll_break_dn
2026-07-09,-0.19556445,1,boll_break_dn
2026-07-13,-0.09025869,5,boll_break_dn
2026-07-14,-0.17430824,1,boll_break_dn
2026-07-17,0.056163795,2,boll_break_dn
2026-07-30,0.033688538,1,boll_break_dn
2026-08-14,-0.0028948402,2,boll_break_dn
2026-08-17,-0.023453666,1,boll_break_dn
2026-08-18,-0.04486989,2,boll_break_dn
2026-08-19,0.030743511,7,boll_break_dn
2026-08-21,-0.0014312301,3,boll_break_dn
2026-08-26,-0.00512188,1,boll_break_dn
2026-08-31,0.0029833955,1,boll_break_dn
2026-09-02,-0.0040030847,3,boll_break_dn
2026-09-03,0.012260959,1,boll_break_dn
2026-09-04,0.02671876,1,boll_break_dn
2026-09-07,0.0012288652,1,boll_break_dn
2015-01-05,0.00896119,9,boll_break_up
2015-01-06,0.028989818,4,boll_break_up
2015-01-12,0.004114501,3,boll_break_up
2015-01-13,0.008303633,1,boll_break_up
2015-01-15,-0.029480895,1,boll_break_up
2015-01-16,-0.008736606,2,boll_break_up
2015-01-20,-0.0040187435,2,boll_break_up
2015-01-22,0.0017164294,2,boll_break_up
2015-01-23,-0.100665435,1,boll_break_up
2015-01-26,0.018101795,1,boll_break_up
2015-01-27,-0.071652785,1,boll_break_up
2015-01-30,-0.032514937,1,boll_break_up
2015-02-03,0.09342267,2,boll_break_up
2015-02-04,-0.05921427,1,boll_break_up
2015-02-09,-0.060035326,1,boll_break_up
2015-02-10,-0.036132943,1,boll_break_up
2015-02-11,0.0655421,1,boll_break_up
2015-02-13,-0.06169656,1,boll_break_up
2015-02-16,-0.045962945,3,boll_break_up
2015-02-17,0.04562334,1,boll_break_up
2015-02-25,-0.083374925,1,boll_break_up
2015-02-26,0.003527116,3,boll_break_up
2015-02-27,-0.079091676,1,boll_break_up
2015-03-02,-0.008132392,6,boll_break_up
2015-03-03,-0.043623943,2,boll_break_up
2015-03-04,-0.02559061,4,boll_break_up
2015-03-05,-0.08718502,2,boll_break_up
2015-03-09,-0.007570658,1,boll_break_up
2015-03-12,-0.06744884,2,boll_break_up
2015-03-16,-0.0167931,7,boll_break_up
2015-03-17,0.015493483,8,boll_break_up
2015-03-18,0.013973903,6,boll_break_up
2015-03-19,-0.016144564,3,boll_break_up
2015-03-20,0.04298952,5,boll_break_up
2015-03-23,-0.003916181,6,boll_break_up
2015-03-24,-0.043052122,2,boll_break_up
2015-03-25,0.023072667,2,boll_break_up
2015-03-26,-0.052021667,3,boll_break_up
2015-03-30,-0.0452212,11,boll_break_up
2015-04-01,-0.037784494,5,boll_break_up
2015-04-02,0.104079865,3,boll_break_up
2015-04-03,-0.039760835,4,boll_break_up
2015-04-07,0.07884638,5,boll_break_up
2015-04-08,-0.02139453,2,boll_break_up
2015-04-09,-0.016660443,5,boll_break_up
2015-04-10,-0.05863005,2,boll_break_up
2015-04-13,0.021594442,5,boll_break_up
2015-04-14,-0.04158392,1,boll_break_up
2015-04-15,-0.007887669,1,boll_break_up
2015-04-16,0.015978578,2,boll_break_up
2015-04-17,-0.004899671,4,boll_break_up
2015-04-20,-0.062877536,1,boll_break_up
2015-04-21,-0.0006373574,6,boll_break_up
2015-04-22,0.016827228,4,boll_break_up
2015-04-23,0.012154444,3,boll_break_up
2015-04-27,0.014708102,1,boll_break_up
2015-04-30,-0.05328051,1,boll_break_up
2015-05-18,-0.02548042,1,boll_break_up
2015-05-19,-0.042438343,1,boll_break_up
2015-05-20,-0.08071765,1,boll_break_up
2015-05-21,-0.07592536,3,boll_break_up
2015-05-22,0.10534737,4,boll_break_up
2015-05-25,-0.004856084,9,boll_break_up
2015-05-26,0.025658896,7,boll_break_up
2015-05-27,-0.074406855,2,boll_break_up
2015-05-29,-0.13106897,1,boll_break_up
2015-06-01,-0.085917726,5,boll_break_up
2015-06-02,0.06443938,6,boll_break_up
2015-06-03,0.0065318868,1,boll_break_up
2015-06-04,-0.0034903223,2,boll_break_up
2015-06-05,-0.015526402,3,boll_break_up
2015-06-08,-0.02950768,6,boll_break_up
2015-06-09,0.06359179,1,boll_break_up
2015-06-10,0.073239714,1,boll_break_up
2015-06-11,0.002226144,1,boll_break_up
2015-06-12,0.04404735,4,boll_break_up
2015-06-15,0.117193505,1,boll_break_up
2015-06-17,0.05790984,1,boll_break_up
2015-06-23,0.05150924,2,boll_break_up
2015-06-24,0.023582116,3,boll_break_up
2015-06-29,-0.14837618,2,boll_break_up
2015-06-30,-0.12964877,1,boll_break_up
2015-08-04,-0.079607144,2,boll_break_up
2015-08-07,0.046506323,1,boll_break_up
2015-08-10,-0.04302616,1,boll_break_up
2015-08-11,-0.017977927,4,boll_break_up
2015-08-12,0.016141012,1,boll_break_up
2015-08-13,-0.050652277,4,boll_break_up
2015-08-14,0.022020176,1,boll_break_up
2015-08-17,-0.027291736,3,boll_break_up
2015-08-19,-0.1077027,1,boll_break_up
2015-08-28,-0.08848917,1,boll_break_up
2015-09-21,-0.010996308,2,boll_break_up
2015-09-24,-0.11766488,1,boll_break_up
2015-10-08,-0.07894089,1,boll_break_up
2015-10-12,0.057919968,5,boll_break_up
2015-10-13,0.007798063,3,boll_break_up
2015-10-15,0.076146364,6,boll_break_up
2015-10-16,-0.017063227,7,boll_break_up
2015-10-19,-0.021907834,2,boll_break_up
2015-10-20,-0.04634812,3,boll_break_up
2015-10-22,-0.036667597,3,boll_break_up
2015-10-23,-0.051417366,1,boll_break_up
2015-10-26,0.10217701,1,boll_break_up
2015-10-27,-0.0012482423,2,boll_break_up
2015-10-29,0.018158853,1,boll_break_up
2015-10-30,-0.09116636,1,boll_break_up
2015-11-02,-0.05580745,1,boll_break_up
2015-11-04,-0.003433636,10,boll_break_up
2015-11-05,0.0031858804,2,boll_break_up
2015-11-06,0.004148294,5,boll_break_up
2015-11-09,-0.017753256,4,boll_break_up
2015-11-10,-0.086743355,1,boll_break_up
2015-11-11,-0.012642089,4,boll_break_up
2015-11-12,-0.029188225,3,boll_break_up
2015-11-16,-0.046783224,1,boll_break_up
2015-11-17,-0.019175984,1,boll_break_up
2015-11-18,-0.023678537,1,boll_break_up
2015-11-19,0.008767065,1,boll_break_up
2015-11-23,-0.057184618,1,boll_break_up
2015-11-26,-0.09242036,1,boll_break_up
2015-11-30,0.015238501,2,boll_break_up
2015-12-02,0.031888485,1,boll_break_up
2015-12-03,0.06718726,1,boll_break_up
2015-12-04,0.049644686,1,boll_break_up
2015-12-07,-0.04588569,1,boll_break_up
2015-12-09,-0.029154457,1,boll_break_up
2015-12-14,-0.013314619,2,boll_break_up
2015-12-18,-0.009612895,3,boll_break_up
2015-12-21,-0.01776534,8,boll_break_up
2015-12-23,0.0145547185,2,boll_break_up
2015-12-24,-0.03708276,1,boll_break_up
2015-12-25,-0.023362666,2,boll_break_up
2015-12-28,-0.073565654,1,boll_break_up
2016-01-06,-0.037892472,2,boll_break_up
2016-02-05,0.041912228,1,boll_break_up
2016-02-16,0.0082576,2,boll_break_up
2016-02-17,-0.021806564,1,boll_break_up
2016-02-22,-0.00530874,1,boll_break_up
2016-02-23,0.11130733,1,boll_break_up
2016-02-24,-0.05564358,1,boll_break_up
2016-02-29,0.044946417,1,boll_break_up
2016-03-01,-0.044817053,1,boll_break_up
2016-03-02,-0.022388833,4,boll_break_up
2016-03-03,-0.019802019,1,boll_break_up
2016-03-04,-0.008717616,3,boll_break_up
2016-03-07,-0.03342516,1,boll_break_up
2016-03-21,-0.013560353,8,boll_break_up
2016-03-23,0.0025731362,2,boll_break_up
2016-03-24,-0.04587706,1,boll_break_up
2016-03-28,-0.037089493,2,boll_break_up
2016-03-30,0.041695345,2,boll_break_up
2016-03-31,-0.01471001,2,boll_break_up
2016-04-05,-0.0075485455,4,boll_break_up
2016-04-06,-0.05019318,1,boll_break_up
2016-04-11,-0.0016718861,3,boll_break_up
2016-04-13,-0.011967303,5,boll_break_up
2016-04-14,-0.000287354,1,boll_break_up
2016-04-29,0.050193164,2,boll_break_up
2016-05-03,0.006660098,2,boll_break_up
2016-05-04,-0.04558052,1,boll_break_up
2016-05-11,0.025898386,2,boll_break_up
2016-05-16,-0.0093011,2,boll_break_up
2016-05-31,-0.010316142,4,boll_break_up
2016-06-01,-0.014526496,1,boll_break_up
2016-06-02,0.013233677,6,boll_break_up
2016-06-03,0.015954325,7,boll_break_up
2016-06-06,-0.004308714,3,boll_break_up
2016-06-07,0.016403139,4,boll_break_up
2016-06-08,0.029486466,1,boll_break_up
2016-06-14,-0.048418395,1,boll_break_up
2016-06-15,0.014941279,2,boll_break_up
2016-06-16,-0.031789765,1,boll_break_up
2016-06-17,0.025120286,2,boll_break_up
2016-06-20,0.0076611117,2,boll_break_up
2016-06-22,0.04060668,3,boll_break_up
2016-06-27,-0.0044925343,2,boll_break_up
2016-06-28,0.012962702,3,boll_break_up
2016-07-01,-0.0047026444,2,boll_break_up
2016-07-04,-0.010652358,7,boll_break_up
2016-07-05,0.0023476891,5,boll_break_up
2016-07-06,-0.009782682,5,boll_break_up
2016-07-07,0.014470172,4,boll_break_up
2016-07-08,0.03555903,2,boll_break_up
2016-07-11,-0.0053352793,6,boll_break_up
2016-07-12,-0.0045775697,8,boll_break_up
2016-07-13,0.00012896676,4,boll_break_up
2016-07-14,-0.03675598,2,boll_break_up
2016-07-15,-0.03174197,2,boll_break_up
2016-07-18,0.031088771,3,boll_break_up
2016-07-21,0.00061596185,2,boll_break_up
2016-07-22,-0.060652252,1,boll_break_up
2016-07-27,-0.093857065,1,boll_break_up
2016-07-28,0.06315153,1,boll_break_up
2016-07-29,-0.016776541,1,boll_break_up
2016-08-02,-0.0074231047,2,boll_break_up
2016-08-03,-0.02429209,1,boll_break_up
2016-08-04,0.013600145,1,boll_break_up
2016-08-05,-0.008485468,1,boll_break_up
2016-08-08,0.0032415055,2,boll_break_up
2016-08-12,-0.027687678,2,boll_break_up
2016-08-15,-0.0043308986,14,boll_break_up
2016-08-18,-0.03352122,1,boll_break_up
2016-08-19,-0.019157147,2,boll_break_up
2016-08-23,-0.044523623,1,boll_break_up
2016-08-24,-0.021404035,1,boll_break_up
2016-08-26,-0.0058925617,1,boll_break_up
2016-08-29,-0.0240961,1,boll_break_up
2016-08-30,-0.007388669,2,boll_break_up
2016-09-02,-0.025265796,1,boll_break_up
2016-09-05,-0.06689191,1,boll_break_up
2016-09-06,0.0428417,3,boll_break_up
2016-09-07,0.015186933,3,boll_break_up
2016-09-09,0.0011757733,1,boll_break_up
2016-09-13,-0.06879601,1,boll_break_up
2016-09-19,-0.029557545,1,boll_break_up
2016-09-20,-0.0029895059,1,boll_break_up
2016-09-22,-0.002686563,1,boll_break_up
2016-09-23,-0.022688728,1,boll_break_up
2016-09-30,-0.008037464,1,boll_break_up
2016-10-10,-0.0034693866,4,boll_break_up
2016-10-11,0.0031483443,4,boll_break_up
2016-10-12,0.0033303725,1,boll_break_up
2016-10-13,-0.016491076,2,boll_break_up
2016-10-18,0.011863217,4,boll_break_up
2016-10-20,-0.01513367,1,boll_break_up
2016-10-21,-0.025339728,2,boll_break_up
2016-10-24,0.0051648947,6,boll_break_up
2016-10-25,0.021089977,4,boll_break_up
2016-10-26,-0.036718763,1,boll_break_up
2016-10-27,0.13264942,1,boll_break_up
2016-11-01,-0.0179923,1,boll_break_up
2016-11-02,-0.024115216,1,boll_break_up
2016-11-03,-0.003907024,2,boll_break_up
2016-11-07,0.04982214,3,boll_break_up
2016-11-08,-0.0029343031,1,boll_break_up
2016-11-10,0.032823835,3,boll_break_up
2016-11-11,0.015998581,7,boll_break_up
2016-11-14,0.010754934,2,boll_break_up
2016-11-15,0.021220595,3,boll_break_up
2016-11-17,-0.042305347,1,boll_break_up
2016-11-18,-0.065842554,2,boll_break_up
2016-11-22,0.10043447,4,boll_break_up
2016-11-23,0.12115589,1,boll_break_up
2016-11-24,0.02375568,2,boll_break_up
2016-12-01,-0.016478963,4,boll_break_up
2016-12-02,-0.0053177113,1,boll_break_up
2016-12-07,-0.017694745,2,boll_break_up
2016-12-08,-0.023671418,1,boll_break_up
2016-12-09,0.0064737424,1,boll_break_up
2016-12-12,0.050695743,1,boll_break_up
2016-12-13,-0.07872968,1,boll_break_up
2016-12-19,-0.019712785,2,boll_break_up
2016-12-22,-0.1444541,1,boll_break_up
2016-12-29,-0.04149922,1,boll_break_up
2016-12-30,-0.065436915,1,boll_break_up
2017-01-03,0.007024698,1,boll_break_up
2017-01-04,-0.0005093301,1,boll_break_up
2017-01-05,-0.009031087,1,boll_break_up
2017-01-06,-0.000941433,1,boll_break_up
2017-01-09,-0.013027698,7,boll_break_up
2017-01-10,0.034890316,1,boll_break_up
2017-01-11,-0.027654864,1,boll_break_up
2017-01-12,0.020581007,1,boll_break_up
2017-01-18,0.040129736,1,boll_break_up
2017-01-19,0.0029578693,1,boll_break_up
2017-01-20,-0.006826708,1,boll_break_up
2017-01-23,-0.019139757,5,boll_break_up
2017-01-24,-0.007981601,1,boll_break_up
2017-01-26,-0.030148394,3,boll_break_up
2017-02-03,-0.0571244,1,boll_break_up
2017-02-06,-0.031125963,2,boll_break_up
2017-02-07,-0.022517584,1,boll_break_up
2017-02-09,0.0186641,3,boll_break_up
2017-02-10,-0.00040423093,3,boll_break_up
2017-02-13,0.024757477,7,boll_break_up
2017-02-14,-0.0033979442,3,boll_break_up
2017-02-15,-0.019638892,1,boll_break_up
2017-02-16,-0.007288134,5,boll_break_up
2017-02-17,0.026523847,2,boll_break_up
2017-02-20,-0.0022412,7,boll_break_up
2017-02-21,-0.00085609173,2,boll_break_up
2017-02-22,-0.0008240985,2,boll_break_up
2017-02-23,-0.0022305064,1,boll_break_up
2017-02-24,0.005201242,1,boll_break_up
2017-03-07,-0.019970784,1,boll_break_up
2017-03-10,0.0020549074,3,boll_break_up
2017-03-13,0.039092023,1,boll_break_up
2017-03-14,-0.011841988,1,boll_break_up
2017-03-15,0.035840653,2,boll_break_up
2017-03-16,0.018709453,1,boll_break_up
2017-03-17,0.025587995,2,boll_break_up
2017-03-20,0.016590776,2,boll_break_up
2017-03-21,0.0059068394,3,boll_break_up
2017-03-22,-0.047417305,1,boll_break_up
2017-03-23,-0.16217583,1,boll_break_up
2017-03-24,0.010751194,5,boll_break_up
2017-03-27,0.009758623,1,boll_break_up
2017-03-31,0.035737816,1,boll_break_up
2017-04-05,0.008935749,4,boll_break_up
2017-04-06,-0.006700972,2,boll_break_up
2017-04-07,-0.0052655903,3,boll_break_up
2017-04-10,-0.006498941,1,boll_break_up
2017-04-11,-0.055858318,7,boll_break_up
2017-04-12,-0.056285482,2,boll_break_up
2017-04-13,0.0077069607,1,boll_break_up
2017-04-17,-0.035302173,1,boll_break_up
2017-04-19,0.054885592,2,boll_break_up
2017-04-20,-0.010176193,3,boll_break_up
2017-04-21,0.026393335,1,boll_break_up
2017-04-25,-0.036823034,2,boll_break_up
2017-04-26,0.0066070054,1,boll_break_up
2017-05-03,-0.033693377,1,boll_break_up
2017-05-05,0.022674076,1,boll_break_up
2017-05-11,-0.07193033,1,boll_break_up
2017-05-16,-0.025466805,3,boll_break_up
2017-05-19,0.008708394,1,boll_break_up
2017-05-23,-0.025432158,1,boll_break_up
2017-05-25,0.009805048,3,boll_break_up
2017-05-26,-0.0127661005,1,boll_break_up
2017-05-31,-0.002559632,1,boll_break_up
2017-06-02,-0.027632708,1,boll_break_up
2017-06-06,0.016723178,1,boll_break_up
2017-06-07,-0.0370008,1,boll_break_up
2017-06-08,-0.0067509823,5,boll_break_up
2017-06-09,-0.0041992925,2,boll_break_up
2017-06-12,-0.010410708,4,boll_break_up
2017-06-13,0.014649489,1,boll_break_up
2017-06-14,-0.028764848,1,boll_break_up
2017-06-16,-0.011726746,1,boll_break_up
2017-06-19,-0.022362348,2,boll_break_up
2017-06-21,0.001637104,2,boll_break_up
2017-06-23,-0.015182977,5,boll_break_up
2017-06-26,0.0103457365,10,boll_break_up
2017-06-27,0.037928183,2,boll_break_up
2017-06-28,0.027972694,2,boll_break_up
2017-06-29,0.017757054,3,boll_break_up
2017-06-30,0.066900775,2,boll_break_up
2017-07-03,0.02248333,1,boll_break_up
2017-07-04,-0.0037988196,2,boll_break_up
2017-07-05,0.016182566,1,boll_break_up
2017-07-07,-0.00212855,3,boll_break_up
2017-07-10,-0.026986577,2,boll_break_up
2017-07-11,0.09098392,1,boll_break_up
2017-07-13,-0.01963194,3,boll_break_up
2017-07-18,-0.010152341,2,boll_break_up
2017-07-19,0.00141897,7,boll_break_up
2017-07-21,-0.0260164,4,boll_break_up
2017-07-24,0.01489744,3,boll_break_up
2017-07-25,0.123325534,1,boll_break_up
2017-07-26,-0.02530518,1,boll_break_up
2017-07-27,0.15233278,1,boll_break_up
2017-07-28,-0.038647808,3,boll_break_up
2017-07-31,0.0029448848,4,boll_break_up
2017-08-02,-0.006153738,1,boll_break_up
2017-08-03,-0.047597967,1,boll_break_up
2017-08-09,-0.0032866076,1,boll_break_up
2017-08-10,-0.007545412,1,boll_break_up
2017-08-14,0.07593322,1,boll_break_up
2017-08-16,0.04894873,1,boll_break_up
2017-08-18,-0.01471039,2,boll_break_up
2017-08-21,-0.0298975,1,boll_break_up
2017-08-22,-0.051738337,1,boll_break_up
2017-08-23,0.0110307615,1,boll_break_up
2017-08-25,-0.042409454,1,boll_break_up
2017-08-28,-0.0044209296,5,boll_break_up
2017-08-29,-0.0065293354,3,boll_break_up
2017-08-30,0.021352429,4,boll_break_up
2017-08-31,0.009227423,1,boll_break_up
2017-09-01,-0.015398622,2,boll_break_up
2017-09-04,-0.020585913,1,boll_break_up
2017-09-05,-0.029817656,2,boll_break_up
2017-09-06,0.016625559,3,boll_break_up
2017-09-07,0.0583699,1,boll_break_up
2017-09-08,-0.04020325,1,boll_break_up
2017-09-11,0.012321435,2,boll_break_up
2017-09-12,-0.0043813763,1,boll_break_up
2017-09-14,0.032074157,1,boll_break_up
2017-09-15,-0.015009449,1,boll_break_up
2017-09-18,0.004951071,3,boll_break_up
2017-09-20,0.003440835,2,boll_break_up
2017-09-21,-0.019184623,1,boll_break_up
2017-09-22,0.039859146,2,boll_break_up
2017-09-25,-0.037133835,2,boll_break_up
2017-09-26,0.09219774,2,boll_break_up
2017-09-28,0.019129721,5,boll_break_up
2017-10-09,0.012445309,7,boll_break_up
2017-10-10,0.03552949,1,boll_break_up
2017-10-11,-0.010724258,3,boll_break_up
2017-10-12,0.012376135,1,boll_break_up
2017-10-13,0.008005876,5,boll_break_up
2017-10-18,0.031790182,3,boll_break_up
2017-10-23,0.0010307796,2,boll_break_up
2017-10-25,-0.012395073,2,boll_break_up
2017-10-26,0.052361246,2,boll_break_up
2017-10-27,-0.024646647,1,boll_break_up
2017-10-30,-0.0018219016,2,boll_break_up
2017-10-31,0.05981986,3,boll_break_up
2017-11-01,0.0037405007,1,boll_break_up
2017-11-06,-0.0033023923,5,boll_break_up
2017-11-07,0.036564734,2,boll_break_up
2017-11-09,-0.008676203,2,boll_break_up
2017-11-10,0.0049072667,4,boll_break_up
2017-11-13,0.09242357,1,boll_break_up
2017-11-16,0.02663186,1,boll_break_up
2017-11-20,-0.008666207,3,boll_break_up
2017-11-21,-0.02541318,3,boll_break_up
2017-11-28,-0.02035586,1,boll_break_up
2017-11-29,-0.060951117,1,boll_break_up
2017-12-13,0.08070457,1,boll_break_up
2017-12-14,0.022369346,3,boll_break_up
2017-12-19,0.037372738,2,boll_break_up
2017-12-20,-0.022222923,3,boll_break_up
2017-12-22,0.0048138397,2,boll_break_up
2017-12-26,-0.00034763353,3,boll_break_up
2017-12-27,0.020663396,2,boll_break_up
2017-12-28,-0.0059043462,3,boll_break_up
2017-12-29,-0.010811087,2,boll_break_up
2018-01-02,-0.015615605,5,boll_break_up
2018-01-03,-0.0028236136,2,boll_break_up
2018-01-04,-0.046520416,2,boll_break_up
2018-01-05,0.039222587,2,boll_break_up
2018-01-08,-0.034011185,2,boll_break_up
2018-01-09,0.031062752,5,boll_break_up
2018-01-10,-0.026326844,1,boll_break_up
2018-01-12,-0.00021006975,3,boll_break_up
2018-01-15,-0.0018485127,3,boll_break_up
2018-01-16,-0.014024055,4,boll_break_up
2018-01-17,0.0052432828,2,boll_break_up
2018-01-18,-0.027425326,1,boll_break_up
2018-01-19,-0.04562102,2,boll_break_up
2018-01-22,-0.050476577,3,boll_break_up
2018-01-24,-0.0015270958,3,boll_break_up
2018-01-25,0.046781853,1,boll_break_up
2018-02-08,0.025390081,1,boll_break_up
2018-02-13,0.018462488,1,boll_break_up
2018-02-26,-0.0013296725,1,boll_break_up
2018-03-01,0.044524685,1,boll_break_up
2018-03-08,-0.002523205,2,boll_break_up
2018-03-09,-0.0014685523,1,boll_break_up
2018-03-12,0.0032752831,5,boll_break_up
2018-03-13,-0.052179053,1,boll_break_up
2018-03-20,0.0088394545,2,boll_break_up
2018-03-22,-0.08273226,1,boll_break_up
2018-04-10,-0.03847854,1,boll_break_up
2018-04-11,0.014477575,1,boll_break_up
2018-04-12,0.071369335,1,boll_break_up
2018-04-18,-0.012535503,1,boll_break_up
2018-04-23,-0.09360004,1,boll_break_up
2018-04-24,-0.011389902,1,boll_break_up
2018-04-25,0.059477165,1,boll_break_up
2018-05-02,0.06926684,1,boll_break_up
2018-05-03,0.013095357,3,boll_break_up
2018-05-04,-0.0519671,1,boll_break_up
2018-05-07,-0.0014066752,4,boll_break_up
2018-05-08,0.0031653577,2,boll_break_up
2018-05-10,-0.012570796,2,boll_break_up
2018-05-14,-0.012775057,2,boll_break_up
2018-05-15,-0.022857323,3,boll_break_up
2018-05-16,-0.004799299,3,boll_break_up
2018-05-17,-0.0013643941,2,boll_break_up
2018-05-21,-0.017261095,2,boll_break_up
2018-05-23,0.011465332,1,boll_break_up
2018-05-24,0.016567312,1,boll_break_up
2018-05-28,-0.06650885,1,boll_break_up
2018-05-29,0.04700043,1,boll_break_up
2018-05-31,-0.022404544,1,boll_break_up
2018-06-04,0.004283643,2,boll_break_up
2018-06-12,0.028164322,3,boll_break_up
2018-06-25,-0.010040125,1,boll_break_up
2018-06-29,-0.010206295,2,boll_break_up
2018-07-03,-0.08957478,1,boll_break_up
2018-07-04,-0.04149806,1,boll_break_up
2018-07-09,0.031473953,1,boll_break_up
2018-07-11,-0.01164563,1,boll_break_up
2018-07-13,0.011172531,2,boll_break_up
2018-07-16,0.005561517,1,boll_break_up
2018-07-18,0.04947096,1,boll_break_up
2018-07-19,-0.06361802,2,boll_break_up
2018-07-20,0.023507131,1,boll_break_up
2018-07-23,-0.0006900378,3,boll_break_up
2018-07-24,0.01182549,5,boll_break_up
2018-07-25,0.004768637,2,boll_break_up
2018-07-26,0.052660435,1,boll_break_up
2018-07-27,0.003222974,2,boll_break_up
2018-08-07,-0.007288542,1,boll_break_up
2018-08-24,0.0069572134,2,boll_break_up
2018-08-27,0.015478687,2,boll_break_up
2018-08-28,-0.015411513,1,boll_break_up
2018-09-03,0.032098178,1,boll_break_up
2018-09-14,-0.010404633,1,boll_break_up
2018-09-18,-0.029115245,2,boll_break_up
2018-09-19,0.010804525,2,boll_break_up
2018-09-20,-0.029843837,2,boll_break_up
2018-09-21,-0.010963304,5,boll_break_up
2018-09-25,-0.011713337,2,boll_break_up
2018-09-26,-0.020857016,3,boll_break_up
2018-09-27,-0.011650875,1,boll_break_up
2018-09-28,0.04816051,2,boll_break_up
2018-10-10,-0.005741209,1,boll_break_up
2018-10-22,0.0112190135,1,boll_break_up
2018-10-24,-0.0482916,1,boll_break_up
2018-11-02,-0.030938301,1,boll_break_up
2018-11-06,-0.0061983094,3,boll_break_up
2018-11-12,0.0049196035,1,boll_break_up
2018-11-13,-0.005504715,3,boll_break_up
2018-11-15,0.012161119,5,boll_break_up
2018-11-16,-0.011100317,6,boll_break_up
2018-11-19,-0.010682164,4,boll_break_up
2018-11-21,-0.022244137,1,boll_break_up
2018-12-03,0.0059439926,4,boll_break_up
2018-12-05,-0.06899528,1,boll_break_up
2018-12-11,-0.060203794,1,boll_break_up
2018-12-12,-0.012329636,1,boll_break_up
2018-12-13,-0.017320048,1,boll_break_up
2018-12-17,0.023171177,1,boll_break_up
2019-01-04,0.014914876,5,boll_break_up
2019-01-07,-0.05307961,2,boll_break_up
2019-01-10,0.0028121788,1,boll_break_up
2019-01-14,0.014205175,3,boll_break_up
2019-01-15,0.0157282,3,boll_break_up
2019-01-16,0.0099671185,1,boll_break_up
2019-01-18,-0.014403509,7,boll_break_up
2019-01-21,-0.0010183217,3,boll_break_up
2019-01-23,-0.031983763,2,boll_break_up
2019-01-24,0.0017706444,1,boll_break_up
2019-01-25,0.020731462,2,boll_break_up
2019-01-29,-0.014415745,2,boll_break_up
2019-01-31,-0.047429208,1,boll_break_up
2019-02-01,0.0020479765,4,boll_break_up
2019-02-11,-0.020860394,10,boll_break_up
2019-02-12,0.030493643,8,boll_break_up
2019-02-13,-0.0052398145,5,boll_break_up
2019-02-14,-0.0060442323,1,boll_break_up
2019-02-18,-0.002297861,25,boll_break_up
2019-02-19,-0.016805746,1,boll_break_up
2019-02-20,0.019247435,1,boll_break_up
2019-02-21,0.09075568,1,boll_break_up
2019-02-22,-0.024958955,5,boll_break_up
2019-02-25,0.0015919248,21,boll_break_up
2019-02-26,0.01752435,1,boll_break_up
2019-02-27,-0.011280134,1,boll_break_up
2019-03-01,-0.021746159,2,boll_break_up
2019-03-04,-0.04827302,4,boll_break_up
2019-03-05,0.041299548,2,boll_break_up
2019-03-06,0.03072939,4,boll_break_up
2019-03-11,-0.060534157,2,boll_break_up
2019-03-12,-0.05407014,3,boll_break_up
2019-03-14,0.06290474,1,boll_break_up
2019-03-15,-0.026566159,1,boll_break_up
2019-03-18,-0.02861725,11,boll_break_up
2019-03-20,0.0027583456,1,boll_break_up
2019-03-21,-0.04907524,1,boll_break_up
2019-03-22,0.0011305334,2,boll_break_up
2019-03-25,0.11622681,2,boll_break_up
2019-03-29,0.05833764,5,boll_break_up
2019-04-01,-0.015927179,5,boll_break_up
2019-04-02,0.02451676,2,boll_break_up
2019-04-03,0.011517514,3,boll_break_up
2019-04-04,0.02006943,3,boll_break_up
2019-04-08,-0.00044264644,4,boll_break_up
2019-04-09,-0.033003774,3,boll_break_up
2019-04-10,0.036103725,3,boll_break_up
2019-04-12,-0.042144872,1,boll_break_up
2019-04-15,0.060968846,1,boll_break_up
2019-04-16,0.0091050835,3,boll_break_up
2019-04-19,-0.048109774,3,boll_break_up
2019-04-24,-0.05401022,1,boll_break_up
2019-04-26,0.038731035,2,boll_break_up
2019-05-13,-0.06829827,1,boll_break_up
2019-05-15,-0.056564175,1,boll_break_up
2019-05-16,-0.026676593,2,boll_break_up
2019-05-30,-0.039449707,1,boll_break_up
2019-05-31,-0.0613168,1,boll_break_up
2019-06-05,-0.035353724,1,boll_break_up
2019-06-11,0.007288499,6,boll_break_up
2019-06-13,0.021429783,1,boll_break_up
2019-06-17,0.0042012334,1,boll_break_up
2019-06-19,0.0027603246,1,boll_break_up
2019-06-20,0.010050557,10,boll_break_up
2019-06-21,0.02498593,2,boll_break_up
2019-06-24,-0.014736575,5,boll_break_up
2019-06-25,0.015733253,1,boll_break_up
2019-06-26,0.0008359244,2,boll_break_up
2019-06-27,0.0033264533,4,boll_break_up
2019-07-01,-0.0026377595,10,boll_break_up
2019-07-03,0.027706273,1,boll_break_up
2019-07-04,-0.01063752,1,boll_break_up
2019-07-05,0.019506127,1,boll_break_up
2019-07-16,0.017130964,1,boll_break_up
2019-07-17,0.018798936,1,boll_break_up
2019-07-23,0.017308002,1,boll_break_up
2019-07-25,-0.048116587,1,boll_break_up
2019-07-26,-0.035703365,1,boll_break_up
2019-07-29,0.054200195,2,boll_break_up
2019-07-31,-0.0063074157,1,boll_break_up
2019-08-08,-0.034016937,1,boll_break_up
2019-08-12,-0.06146204,1,boll_break_up
2019-08-15,-0.058156982,1,boll_break_up
2019-08-16,0.024547257,1,boll_break_up
2019-08-19,0.008544047,3,boll_break_up
2019-08-22,0.055892542,2,boll_break_up
2019-08-23,0.0057665007,1,boll_break_up
2019-08-26,-0.049898665,3,boll_break_up
2019-08-27,0.012513366,1,boll_break_up
2019-08-30,-0.048237946,4,boll_break_up
2019-09-02,-0.02233221,5,boll_break_up
2019-09-04,-0.014951756,4,boll_break_up
2019-09-05,0.04289062,6,boll_break_up
2019-09-06,0.025822947,2,boll_break_up
2019-09-09,0.010256888,5,boll_break_up
2019-09-10,-0.007074062,1,boll_break_up
2019-09-12,-0.02667396,1,boll_break_up
2019-09-16,0.058838554,1,boll_break_up
2019-09-18,0.048712395,1,boll_break_up
2019-09-20,0.0658364,1,boll_break_up
2019-09-24,0.018730385,1,boll_break_up
2019-09-25,0.036090363,1,boll_break_up
2019-10-08,0.010192945,2,boll_break_up
2019-10-09,-0.016726654,1,boll_break_up
2019-10-10,-0.009854522,1,boll_break_up
2019-10-11,0.0040786667,2,boll_break_up
2019-10-14,-0.024342934,2,boll_break_up
2019-10-18,-0.023904439,1,boll_break_up
2019-10-21,-0.051853158,1,boll_break_up
2019-10-28,0.08722324,1,boll_break_up
2019-10-29,0.024995051,2,boll_break_up
2019-10-31,0.059253946,1,boll_break_up
2019-11-01,-0.0027199998,5,boll_break_up
2019-11-04,-0.037855335,1,boll_break_up
2019-11-05,-0.018491155,1,boll_break_up
2019-11-07,-0.003941819,1,boll_break_up
2019-11-08,0.01859415,1,boll_break_up
2019-11-13,-0.084124774,1,boll_break_up
2019-11-19,0.007317071,1,boll_break_up
2019-11-25,-0.011320692,3,boll_break_up
2019-11-26,0.029156668,2,boll_break_up
2019-11-29,0.029323874,1,boll_break_up
2019-12-03,0.022966135,1,boll_break_up
2019-12-04,-0.01590828,1,boll_break_up
2019-12-05,-0.0035643224,3,boll_break_up
2019-12-06,-0.01046794,2,boll_break_up
2019-12-09,0.029935233,4,boll_break_up
2019-12-10,-0.0037298654,4,boll_break_up
2019-12-11,-0.014629966,5,boll_break_up
2019-12-12,-0.0052909357,2,boll_break_up
2019-12-13,0.03108713,6,boll_break_up
2019-12-16,0.0061334,8,boll_break_up
2019-12-17,0.005337156,6,boll_break_up
2019-12-18,0.009050422,3,boll_break_up
2019-12-19,-0.040171653,1,boll_break_up
2019-12-20,-0.054748535,2,boll_break_up
2019-12-24,-0.00079765357,2,boll_break_up
2019-12-25,0.16709629,1,boll_break_up
2019-12-26,-0.09490289,1,boll_break_up
2019-12-27,-0.031813584,1,boll_break_up
2019-12-30,-0.026425378,6,boll_break_up
2019-12-31,-0.020393081,4,boll_break_up
2020-01-02,-0.018102305,11,boll_break_up
2020-01-03,-0.012237668,8,boll_break_up
2020-01-06,-0.003594607,5,boll_break_up
2020-01-08,-0.012972074,4,boll_break_up
2020-01-09,0.020754393,2,boll_break_up
2020-01-10,0.015432802,2,boll_break_up
2020-01-13,-0.04464784,2,boll_break_up
2020-01-14,0.06768282,1,boll_break_up
2020-01-15,-0.02178798,1,boll_break_up
2020-01-20,0.09147869,2,boll_break_up
2020-01-21,0.041049916,1,boll_break_up
2020-01-22,0.05782219,1,boll_break_up
2020-02-06,-0.014648051,1,boll_break_up
2020-02-12,0.18718436,1,boll_break_up
2020-02-17,0.16695143,1,boll_break_up
2020-02-18,0.16450977,1,boll_break_up
2020-02-20,-0.06800035,2,boll_break_up
2020-02-21,-0.13300389,1,boll_break_up
2020-02-25,-0.12986715,1,boll_break_up
2020-02-27,0.12355087,1,boll_break_up
2020-02-28,-0.052615844,1,boll_break_up
2020-03-02,-0.003492707,5,boll_break_up
2020-03-03,-0.021670276,2,boll_break_up
2020-03-04,-0.0066960026,4,boll_break_up
2020-03-05,0.019660646,5,boll_break_up
2020-03-06,0.0067447033,1,boll_break_up
2020-03-13,-0.03231498,2,boll_break_up
2020-03-17,-0.0013389662,1,boll_break_up
2020-03-20,-0.050486565,1,boll_break_up
2020-03-31,-0.054272,1,boll_break_up
2020-04-03,-0.10263899,1,boll_break_up
2020-04-07,0.052092407,1,boll_break_up
2020-04-08,0.022006985,2,boll_break_up
2020-04-10,0.008903595,1,boll_break_up
2020-04-13,-0.027298428,3,boll_break_up
2020-04-14,0.02047322,2,boll_break_up
2020-04-15,0.008667297,1,boll_break_up
2020-04-16,-0.084519476,1,boll_break_up
2020-04-21,0.011355358,1,boll_break_up
2020-04-22,0.018259281,3,boll_break_up
2020-04-23,0.041151028,2,boll_break_up
2020-04-24,-0.05704317,2,boll_break_up
2020-04-27,-0.00054204155,3,boll_break_up
2020-04-28,-0.04542435,2,boll_break_up
2020-04-29,-0.05519658,1,boll_break_up
2020-04-30,-0.01733772,6,boll_break_up
2020-05-06,0.009858068,4,boll_break_up
2020-05-07,0.019036118,1,boll_break_up
2020-05-08,0.0008176963,3,boll_break_up
2020-05-11,-0.003476501,5,boll_break_up
2020-05-12,0.032972056,1,boll_break_up
2020-05-13,-0.0096468,2,boll_break_up
2020-05-15,-0.02391217,1,boll_break_up
2020-05-18,0.06464639,1,boll_break_up
2020-05-20,0.0030083396,1,boll_break_up
2020-05-25,-0.037479665,1,boll_break_up
2020-06-01,-0.005131452,5,boll_break_up
2020-06-02,0.0019787862,5,boll_break_up
2020-06-04,-0.04226385,3,boll_break_up
2020-06-05,-0.01795021,2,boll_break_up
2020-06-08,0.018015176,4,boll_break_up
2020-06-09,-0.004633182,3,boll_break_up
2020-06-10,0.030326823,3,boll_break_up
2020-06-11,0.0030746944,1,boll_break_up
2020-06-12,-0.011923447,2,boll_break_up
2020-06-15,0.01175284,1,boll_break_up
2020-06-16,0.029035827,4,boll_break_up
2020-06-17,-0.0133823315,3,boll_break_up
2020-06-18,-0.061862268,2,boll_break_up
2020-06-19,0.031710267,4,boll_break_up
2020-06-22,-0.018152557,3,boll_break_up
2020-06-23,-0.0830646,2,boll_break_up
2020-06-30,0.017417708,3,boll_break_up
2020-07-01,-0.027046204,8,boll_break_up
2020-07-02,0.00767608,9,boll_break_up
2020-07-03,-0.007397626,6,boll_break_up
2020-07-06,0.009601823,15,boll_break_up
2020-07-07,0.062260415,3,boll_break_up
2020-07-08,-0.053889815,1,boll_break_up
2020-07-09,0.0027995456,3,boll_break_up
2020-07-10,0.031021394,2,boll_break_up
2020-07-13,0.01251312,9,boll_break_up
2020-07-14,0.06991942,2,boll_break_up
2020-07-15,-0.005448384,2,boll_break_up
2020-07-20,-0.029815698,5,boll_break_up
2020-07-21,0.037353747,2,boll_break_up
2020-07-22,-0.0069078133,2,boll_break_up
2020-07-23,-0.008734707,2,boll_break_up
2020-07-28,-0.087466784,2,boll_break_up
2020-07-29,-0.031107932,1,boll_break_up
2020-07-31,0.015950477,1,boll_break_up
2020-08-03,-0.026290806,3,boll_break_up
2020-08-05,-0.03828163,4,boll_break_up
2020-08-06,-0.07573735,3,boll_break_up
2020-08-12,-0.061366595,2,boll_break_up
2020-08-14,-0.08934852,1,boll_break_up
2020-08-17,-0.004907858,7,boll_break_up
2020-08-18,0.035886686,2,boll_break_up
2020-08-19,0.037639946,2,boll_break_up
2020-08-21,-0.05198246,1,boll_break_up
2020-08-24,0.0054656914,1,boll_break_up
2020-08-25,-0.0009136144,4,boll_break_up
2020-08-28,-0.019673215,1,boll_break_up
2020-08-31,0.0053561423,2,boll_break_up
2020-09-01,0.025843414,3,boll_break_up
2020-09-02,-0.040465638,1,boll_break_up
2020-09-03,0.015454074,1,boll_break_up
2020-09-04,0.13194683,1,boll_break_up
2020-09-07,-0.019306373,1,boll_break_up
2020-09-08,0.047165044,2,boll_break_up
2020-09-09,-0.080030695,3,boll_break_up
2020-09-15,-0.016857726,1,boll_break_up
2020-09-16,-0.0012484335,1,boll_break_up
2020-09-17,-0.052072223,1,boll_break_up
2020-09-18,-0.031534426,4,boll_break_up
2020-09-21,-0.022855258,1,boll_break_up
2020-09-22,0.013112819,1,boll_break_up
2020-09-25,-0.02488695,1,boll_break_up
2020-09-29,-0.03481724,1,boll_break_up
2020-10-09,-0.0029518283,2,boll_break_up
2020-10-12,-0.0034140958,9,boll_break_up
2020-10-13,0.0103491135,3,boll_break_up
2020-10-14,0.019024184,1,boll_break_up
2020-10-15,0.07075321,1,boll_break_up
2020-10-20,0.025977196,3,boll_break_up
2020-10-22,0.08458186,1,boll_break_up
2020-10-23,0.01897912,1,boll_break_up
2020-10-28,0.12798354,1,boll_break_up
2020-10-29,0.020689433,2,boll_break_up
2020-11-02,0.0041293055,5,boll_break_up
2020-11-03,0.21516497,1,boll_break_up
2020-11-04,0.039739482,1,boll_break_up
2020-11-05,-0.039712258,5,boll_break_up
2020-11-06,0.051366314,3,boll_break_up
2020-11-09,0.015173048,5,boll_break_up
2020-11-10,0.009901006,2,boll_break_up
2020-11-11,0.03268581,4,boll_break_up
2020-11-13,-0.06297077,1,boll_break_up
2020-11-16,0.035443146,6,boll_break_up
2020-11-17,-0.011306338,4,boll_break_up
2020-11-18,-0.019786637,3,boll_break_up
2020-11-19,-0.015994174,1,boll_break_up
2020-11-20,-0.008831717,3,boll_break_up
2020-11-23,0.027672052,3,boll_break_up
2020-11-25,0.13134861,1,boll_break_up
2020-11-26,-0.028544165,2,boll_break_up
2020-11-27,0.09091897,2,boll_break_up
2020-11-30,0.0053051338,2,boll_break_up
2020-12-01,-0.0033135202,6,boll_break_up
2020-12-02,-0.047507618,2,boll_break_up
2020-12-03,0.037330262,1,boll_break_up
2020-12-10,0.034039672,1,boll_break_up
2020-12-11,0.07436911,1,boll_break_up
2020-12-17,0.017351415,2,boll_break_up
2020-12-21,0.030778076,2,boll_break_up
2020-12-23,0.04015708,2,boll_break_up
2020-12-25,-0.062985346,1,boll_break_up
2020-12-28,0.020444013,3,boll_break_up
2020-12-30,0.002931632,1,boll_break_up
2020-12-31,-0.017105602,2,boll_break_up
2021-01-04,0.0514508,4,boll_break_up
2021-01-05,0.069012605,6,boll_break_up
2021-01-06,0.02319453,3,boll_break_up
2021-01-07,0.01820769,4,boll_break_up
2021-01-08,0.13209906,2,boll_break_up
2021-01-11,0.088879034,2,boll_break_up
2021-01-12,-0.037746232,6,boll_break_up
2021-01-13,-0.02815204,2,boll_break_up
2021-01-18,-0.013984226,4,boll_break_up
2021-01-19,-0.00045876158,1,boll_break_up
2021-01-21,-0.050249845,2,boll_break_up
2021-01-22,-0.17350906,1,boll_break_up
2021-01-29,0.038792297,2,boll_break_up
2021-02-01,-0.03688982,2,boll_break_up
2021-02-02,0.040753406,4,boll_break_up
2021-02-03,0.0016143993,2,boll_break_up
2021-02-05,0.07552881,1,boll_break_up
2021-02-08,-0.09830552,3,boll_break_up
2021-02-09,0.04749434,3,boll_break_up
2021-02-10,-0.17965953,2,boll_break_up
2021-02-18,-0.018528422,3,boll_break_up
2021-02-19,-0.001399848,3,boll_break_up
2021-02-22,0.013134803,2,boll_break_up
2021-02-23,0.03480792,1,boll_break_up
2021-02-25,-0.016101526,3,boll_break_up
2021-03-01,-0.030257758,1,boll_break_up
2021-03-02,-0.019754283,1,boll_break_up
2021-03-03,0.2011231,2,boll_break_up
2021-03-05,0.17936137,1,boll_break_up
2021-03-16,0.16847159,1,boll_break_up
2021-03-17,-0.01973117,5,boll_break_up
2021-03-19,-0.01316994,1,boll_break_up
2021-03-22,-0.036049627,3,boll_break_up
2021-03-24,-0.09648662,1,boll_break_up
2021-03-26,-0.06874956,1,boll_break_up
2021-03-29,-0.1901336,1,boll_break_up
2021-03-30,-0.021145012,2,boll_break_up
2021-03-31,-0.024132514,3,boll_break_up
2021-04-01,-0.024533687,2,boll_break_up
2021-04-02,-0.034075856,2,boll_break_up
2021-04-06,-0.019741215,2,boll_break_up
2021-04-07,0.05543409,3,boll_break_up
2021-04-09,0.008027424,3,boll_break_up
2021-04-12,-0.0343658,1,boll_break_up
2021-04-14,-0.03396601,3,boll_break_up
2021-04-15,0.0031397827,1,boll_break_up
2021-04-16,-0.022999257,3,boll_break_up
2021-04-20,-0.016059821,3,boll_break_up
2021-04-21,-0.059647642,2,boll_break_up
2021-04-22,0.010881197,2,boll_break_up
2021-04-26,0.05299801,1,boll_break_up
2021-04-27,-0.0521415,1,boll_break_up
2021-04-28,-0.10582379,2,boll_break_up
2021-04-29,0.004591007,1,boll_break_up
2021-04-30,-0.01824629,2,boll_break_up
2021-05-06,-0.007783249,2,boll_break_up
2021-05-07,-0.07092404,3,boll_break_up
2021-05-11,0.066533886,3,boll_break_up
2021-05-12,-0.12660836,1,boll_break_up
2021-05-13,0.0036066147,4,boll_break_up
2021-05-14,-0.008431713,3,boll_break_up
2021-05-18,-0.0018103584,2,boll_break_up
2021-05-19,-0.09378352,1,boll_break_up
2021-05-20,0.010307212,1,boll_break_up
2021-05-25,-0.0074328124,5,boll_break_up
2021-05-26,0.018407978,1,boll_break_up
2021-05-27,0.098548606,1,boll_break_up
2021-05-28,-0.0009825239,2,boll_break_up
2021-06-01,0.051343605,1,boll_break_up
2021-06-02,-0.028161306,1,boll_break_up
2021-06-03,-0.0150085855,2,boll_break_up
2021-06-04,-0.015326085,2,boll_break_up
2021-06-07,0.27764228,1,boll_break_up
2021-06-08,-0.031009259,2,boll_break_up
2021-06-10,0.012703788,1,boll_break_up
2021-06-21,0.03808936,1,boll_break_up
2021-06-22,-0.025958791,1,boll_break_up
2021-06-23,-0.018145291,1,boll_break_up
2021-06-24,-0.019944975,2,boll_break_up
2021-06-25,0.03569453,1,boll_break_up
2021-06-28,0.020482456,1,boll_break_up
2021-06-30,-0.04426276,1,boll_break_up
2021-07-01,-0.14236858,1,boll_break_up
2021-07-07,0.007078776,1,boll_break_up
2021-07-08,0.0052354783,2,boll_break_up
2021-07-09,0.00032336637,5,boll_break_up
2021-07-12,0.0072664265,3,boll_break_up
2021-07-14,-0.061894935,1,boll_break_up
2021-07-15,0.06470723,3,boll_break_up
2021-07-16,-0.03910091,3,boll_break_up
2021-07-19,-0.071638845,3,boll_break_up
2021-07-20,-0.013382673,1,boll_break_up
2021-07-22,0.049740016,5,boll_break_up
2021-07-23,0.057674456,3,boll_break_up
2021-07-30,-0.005435843,1,boll_break_up
2021-08-02,0.045668654,1,boll_break_up
2021-08-03,0.09824379,1,boll_break_up
2021-08-05,0.0035351738,3,boll_break_up
2021-08-06,0.005632451,2,boll_break_up
2021-08-09,-0.029545689,4,boll_break_up
2021-08-10,-0.026664427,2,boll_break_up
2021-08-12,0.0015297234,4,boll_break_up
2021-08-13,0.029545711,3,boll_break_up
2021-08-16,-0.0058751814,4,boll_break_up
2021-08-18,-0.028524758,3,boll_break_up
2021-08-19,-0.09237838,2,boll_break_up
2021-08-20,0.15039057,3,boll_break_up
2021-08-24,0.0041579437,2,boll_break_up
2021-08-25,-0.009008495,2,boll_break_up
2021-08-26,-0.035635598,1,boll_break_up
2021-08-27,0.0017470667,3,boll_break_up
2021-08-31,-0.02190547,4,boll_break_up
2021-09-01,-0.040149137,2,boll_break_up
2021-09-02,-0.036827102,1,boll_break_up
2021-09-03,0.04581324,2,boll_break_up
2021-09-06,-0.04046366,3,boll_break_up
2021-09-07,0.032998797,3,boll_break_up
2021-09-08,-0.05589713,3,boll_break_up
2021-09-09,0.005916102,4,boll_break_up
2021-09-13,-0.03120811,5,boll_break_up
2021-09-14,-0.009123565,1,boll_break_up
2021-09-15,0.03879039,2,boll_break_up
2021-09-16,-0.08943014,2,boll_break_up
2021-09-23,0.010839794,1,boll_break_up
2021-09-27,0.06886594,2,boll_break_up
2021-09-28,-0.07655212,1,boll_break_up
2021-09-30,0.12985486,1,boll_break_up
2021-10-11,-0.069669075,1,boll_break_up
2021-10-13,-0.084261,2,boll_break_up
2021-10-15,0.050267655,1,boll_break_up
2021-10-18,-0.024937512,1,boll_break_up
2021-10-20,0.019565646,1,boll_break_up
2021-10-22,-0.046718717,2,boll_break_up
2021-10-25,0.024376694,1,boll_break_up
2021-10-27,-0.13651334,1,boll_break_up
2021-11-01,0.018594012,3,boll_break_up
2021-11-05,-0.04925452,1,boll_break_up
2021-11-09,-0.03815286,3,boll_break_up
2021-11-11,-0.014487668,2,boll_break_up
2021-11-12,-0.050495185,1,boll_break_up
2021-11-16,-0.030430004,3,boll_break_up
2021-11-18,0.041616153,3,boll_break_up
2021-11-19,0.046386685,1,boll_break_up
2021-11-22,0.010770192,1,boll_break_up
2021-11-23,-0.018328601,1,boll_break_up
2021-11-25,-0.0517297,1,boll_break_up
2021-11-26,-0.020799972,1,boll_break_up
2021-11-29,-0.02357496,2,boll_break_up
2021-11-30,-0.015015656,2,boll_break_up
2021-12-01,-0.027578644,3,boll_break_up
2021-12-02,-0.01996884,3,boll_break_up
2021-12-03,-0.014634587,3,boll_break_up
2021-12-06,-0.020011468,1,boll_break_up
2021-12-07,-0.028971246,3,boll_break_up
2021-12-08,0.012522731,1,boll_break_up
2021-12-09,0.0077566975,6,boll_break_up
2021-12-13,-0.007752102,3,boll_break_up
2021-12-14,-0.015807472,3,boll_break_up
2021-12-15,-0.05756971,2,boll_break_up
2021-12-17,-0.025619987,2,boll_break_up
2021-12-20,0.03883538,1,boll_break_up
2021-12-21,0.03166082,2,boll_break_up
2021-12-23,-0.070727155,1,boll_break_up
2021-12-24,0.050381146,1,boll_break_up
2021-12-27,-0.055013373,3,boll_break_up
2021-12-28,0.018756133,1,boll_break_up
2021-12-31,-0.009102898,1,boll_break_up
2022-01-04,0.026767433,5,boll_break_up
2022-01-05,0.005623993,4,boll_break_up
2022-01-07,-0.024226336,3,boll_break_up
2022-01-10,-0.013009731,2,boll_break_up
2022-01-11,-0.032870866,1,boll_break_up
2022-01-12,-0.0436391,1,boll_break_up
2022-01-17,-0.031345293,1,boll_break_up
2022-01-20,0.017591033,1,boll_break_up
2022-02-09,-0.005648245,1,boll_break_up
2022-02-11,-0.033147275,2,boll_break_up
2022-02-18,0.0445623,1,boll_break_up
2022-02-21,-0.03232613,1,boll_break_up
2022-02-24,-0.023176275,3,boll_break_up
2022-02-28,0.008395389,1,boll_break_up
2022-03-01,-0.024670698,1,boll_break_up
2022-03-02,-0.010732584,1,boll_break_up
2022-03-03,0.06096937,3,boll_break_up
2022-03-07,0.11325202,1,boll_break_up
2022-03-08,-0.09095736,1,boll_break_up
2022-03-10,0.043745473,1,boll_break_up
2022-03-21,-0.07519935,2,boll_break_up
2022-03-24,-0.068731345,1,boll_break_up
2022-03-31,-0.039564442,1,boll_break_up
2022-04-01,0.02434819,3,boll_break_up
2022-04-06,0.014141033,2,boll_break_up
2022-04-08,-0.008035958,4,boll_break_up
2022-04-12,-0.010574086,1,boll_break_up
2022-04-13,-0.07714301,1,boll_break_up
2022-04-14,-0.030263148,1,boll_break_up
2022-04-15,-0.036500588,1,boll_break_up
2022-04-28,-0.078271315,1,boll_break_up
2022-05-05,-0.010149737,3,boll_break_up
2022-05-11,0.098145,1,boll_break_up
2022-05-13,0.0069058146,1,boll_break_up
2022-05-18,-0.010162329,1,boll_break_up
2022-05-20,-0.04291825,2,boll_break_up
2022-05-23,-0.05439633,2,boll_break_up
2022-05-24,-0.03597321,1,boll_break_up
2022-05-25,-0.03304207,1,boll_break_up
2022-05-26,0.007833108,3,boll_break_up
2022-05-30,0.048660226,2,boll_break_up
2022-05-31,-0.008081212,7,boll_break_up
2022-06-01,-0.066212155,1,boll_break_up
2022-06-02,0.0031958465,4,boll_break_up
2022-06-06,-0.0053157327,7,boll_break_up
2022-06-08,-0.0055585746,5,boll_break_up
2022-06-10,-0.0053375126,3,boll_break_up
2022-06-13,0.026566043,2,boll_break_up
2022-06-14,-0.011134583,5,boll_break_up
2022-06-15,-0.029144788,5,boll_break_up
2022-06-16,0.083001345,1,boll_break_up
2022-06-17,-0.0066400385,2,boll_break_up
2022-06-20,0.012376972,2,boll_break_up
2022-06-23,-0.02573132,2,boll_break_up
2022-06-24,-0.036713522,3,boll_break_up
2022-06-27,-0.0028767418,1,boll_break_up
2022-06-28,0.025673764,8,boll_break_up
2022-06-29,-0.0234936,2,boll_break_up
2022-06-30,-0.044442948,5,boll_break_up
2022-07-01,-0.0037147985,5,boll_break_up
2022-07-04,0.0067394744,3,boll_break_up
2022-07-05,0.20798466,1,boll_break_up
2022-07-11,0.018112091,2,boll_break_up
2022-07-12,-0.007835633,3,boll_break_up
2022-07-13,-0.009308153,2,boll_break_up
2022-07-14,-0.027283149,2,boll_break_up
2022-07-15,-0.08930456,1,boll_break_up
2022-07-18,-0.03250757,1,boll_break_up
2022-07-19,-0.031786222,1,boll_break_up
2022-07-20,-0.10488779,1,boll_break_up
2022-07-22,-0.0007214458,2,boll_break_up
2022-07-25,-0.022033462,1,boll_break_up
2022-07-27,0.05754198,2,boll_break_up
2022-08-01,-0.08339085,1,boll_break_up
2022-08-02,-0.0032035988,1,boll_break_up
2022-08-04,-0.07459543,1,boll_break_up
2022-08-05,-0.025683636,2,boll_break_up
2022-08-09,0.0025318703,2,boll_break_up
2022-08-10,-0.094666414,1,boll_break_up
2022-08-11,-0.006148364,7,boll_break_up
2022-08-12,-0.056036867,1,boll_break_up
2022-08-17,0.018326104,5,boll_break_up
2022-08-19,0.011900908,2,boll_break_up
2022-08-23,0.04703626,1,boll_break_up
2022-08-24,-0.119497694,1,boll_break_up
2022-08-26,0.008054919,2,boll_break_up
2022-08-31,-0.008156372,4,boll_break_up
2022-09-01,-0.044444952,1,boll_break_up
2022-09-07,-0.0005434435,1,boll_break_up
2022-09-09,0.022650342,5,boll_break_up
2022-09-13,0.02493512,2,boll_break_up
2022-09-15,-0.018079089,2,boll_break_up
2022-09-26,-0.014774989,1,boll_break_up
2022-09-27,-0.07753237,2,boll_break_up
2022-10-14,0.057640426,4,boll_break_up
2022-10-17,-0.0307541,1,boll_break_up
2022-10-18,-0.004633274,1,boll_break_up
2022-10-26,0.017909903,1,boll_break_up
2022-10-27,0.0061603216,2,boll_break_up
2022-11-01,-0.0024439655,3,boll_break_up
2022-11-02,-0.058471363,1,boll_break_up
2022-11-03,-0.0023057405,2,boll_break_up
2022-11-04,0.007427706,4,boll_break_up
2022-11-07,-0.022785297,3,boll_break_up
2022-11-09,-0.045578726,1,boll_break_up
2022-11-10,0.0068065524,2,boll_break_up
2022-11-11,-0.018821362,4,boll_break_up
2022-11-14,-0.014036713,5,boll_break_up
2022-11-15,-0.002783909,9,boll_break_up
2022-11-16,-0.04082725,1,boll_break_up
2022-11-17,-0.017929759,1,boll_break_up
2022-11-18,-0.022469988,2,boll_break_up
2022-11-23,-0.030207658,2,boll_break_up
2022-11-25,0.024491196,2,boll_break_up
2022-11-28,-0.025037067,2,boll_break_up
2022-11-29,-0.030366609,5,boll_break_up
2022-11-30,-0.0118380105,1,boll_break_up
2022-12-01,-0.014870153,4,boll_break_up
2022-12-02,0.008453627,1,boll_break_up
2022-12-05,-0.010223291,14,boll_break_up
2022-12-06,0.028122587,2,boll_break_up
2022-12-07,0.04687816,2,boll_break_up
2022-12-08,-0.0033849776,3,boll_break_up
2022-12-09,0.017721163,3,boll_break_up
2022-12-12,-0.04413112,1,boll_break_up
2022-12-13,0.01829236,1,boll_break_up
2022-12-14,-0.043881938,1,boll_break_up
2022-12-30,-0.063164935,1,boll_break_up
2023-01-03,0.023566598,1,boll_break_up
2023-01-05,-0.0020387957,4,boll_break_up
2023-01-06,-0.016605832,1,boll_break_up
2023-01-09,0.042783942,1,boll_break_up
2023-01-10,-0.0025348924,1,boll_break_up
2023-01-11,0.021227557,1,boll_break_up
2023-01-12,0.05776882,1,boll_break_up
2023-01-13,-0.01755098,6,boll_break_up
2023-01-16,-0.0001389429,10,boll_break_up
2023-01-17,0.035254814,2,boll_break_up
2023-01-18,0.007650771,2,boll_break_up
2023-01-19,-0.010039571,3,boll_break_up
2023-01-20,-0.003596145,3,boll_break_up
2023-01-30,0.0035812568,5,boll_break_up
2023-01-31,-0.0014688789,2,boll_break_up
2023-02-01,0.008195452,4,boll_break_up
2023-02-02,0.049076855,2,boll_break_up
2023-02-07,0.0051209386,3,boll_break_up
2023-02-09,0.009559827,5,boll_break_up
2023-02-10,0.05848339,1,boll_break_up
2023-02-13,0.017929362,7,boll_break_up
2023-02-14,-0.014667204,2,boll_break_up
2023-02-15,-0.034911063,3,boll_break_up
2023-02-20,0.010859522,8,boll_break_up
2023-02-21,0.0063746786,2,boll_break_up
2023-02-23,-0.0026544086,1,boll_break_up
2023-02-28,-0.002543644,3,boll_break_up
2023-03-01,-0.0032257524,3,boll_break_up
2023-03-03,0.028407982,3,boll_break_up
2023-03-06,0.0069925166,2,boll_break_up
2023-03-07,0.0533526,1,boll_break_up
2023-03-10,-0.04362207,1,boll_break_up
2023-03-17,0.06805232,1,boll_break_up
2023-03-21,0.047131747,1,boll_break_up
2023-03-22,0.019362748,3,boll_break_up
2023-03-23,-0.03670833,1,boll_break_up
2023-03-24,-0.038293596,1,boll_break_up
2023-03-30,0.11879994,2,boll_break_up
2023-03-31,-0.01954755,4,boll_break_up
2023-04-03,0.01891672,2,boll_break_up
2023-04-04,-0.0017460517,2,boll_break_up
2023-04-07,-0.017121084,3,boll_break_up
2023-04-11,0.021497358,1,boll_break_up
2023-04-12,0.038854748,1,boll_break_up
2023-04-14,0.010127934,2,boll_break_up
2023-04-17,0.0009451866,5,boll_break_up
2023-04-18,0.0035844333,1,boll_break_up
2023-04-19,0.029034022,1,boll_break_up
2023-04-20,0.03029624,2,boll_break_up
2023-04-24,0.06335049,1,boll_break_up
2023-04-26,0.046979934,1,boll_break_up
2023-04-27,-0.00826282,1,boll_break_up
2023-04-28,0.0423383,3,boll_break_up
2023-05-04,0.03489413,2,boll_break_up
2023-05-08,-0.02683255,2,boll_break_up
2023-05-10,-0.0052294433,3,boll_break_up
2023-05-11,-0.0049619013,1,boll_break_up
2023-05-15,-0.03129413,1,boll_break_up
2023-05-16,-0.01116787,1,boll_break_up
2023-05-23,0.037014585,1,boll_break_up
2023-05-26,-0.035810206,1,boll_break_up
2023-05-29,0.021698808,3,boll_break_up
2023-05-30,-0.01807521,1,boll_break_up
2023-05-31,-0.017184526,2,boll_break_up
2023-06-01,-0.021192916,1,boll_break_up
2023-06-02,0.03200504,1,boll_break_up
2023-06-08,-0.008499563,1,boll_break_up
2023-06-12,0.015071806,3,boll_break_up
2023-06-14,-0.01592893,3,boll_break_up
2023-06-15,0.019776264,3,boll_break_up
2023-06-16,-0.026360875,1,boll_break_up
2023-06-20,0.041088037,1,boll_break_up
2023-06-26,0.046654236,1,boll_break_up
2023-06-27,-0.0031882077,1,boll_break_up
2023-06-28,0.0535214,1,boll_break_up
2023-06-29,-0.008956114,1,boll_break_up
2023-07-03,0.02200967,7,boll_break_up
2023-07-04,-0.012711547,2,boll_break_up
2023-07-05,-0.015756456,2,boll_break_up
2023-07-06,0.0043892222,2,boll_break_up
2023-07-07,-0.047975324,1,boll_break_up
2023-07-10,-0.044825323,1,boll_break_up
2023-07-11,-0.004062079,2,boll_break_up
2023-07-13,-0.018115686,2,boll_break_up
2023-07-14,0.004899948,4,boll_break_up
2023-07-17,0.01566426,1,boll_break_up
2023-07-20,-0.027624229,1,boll_break_up
2023-07-25,0.01770034,10,boll_break_up
2023-07-26,-0.036797248,4,boll_break_up
2023-07-27,-0.09740447,1,boll_break_up
2023-07-28,0.0025396133,9,boll_break_up
2023-07-31,0.018569943,4,boll_break_up
2023-08-01,-0.012740775,3,boll_break_up
2023-08-04,-0.006348364,2,boll_break_up
2023-08-08,0.008208759,3,boll_break_up
2023-08-10,-0.027023856,2,boll_break_up
2023-08-15,-0.08190901,1,boll_break_up
2023-08-25,-0.010360802,1,boll_break_up
2023-08-30,-0.030477049,2,boll_break_up
2023-09-01,-0.016804295,3,boll_break_up
2023-09-04,0.00029689213,2,boll_break_up
2023-09-05,-0.022233361,1,boll_break_up
2023-09-12,0.057649054,1,boll_break_up
2023-09-14,0.046433117,1,boll_break_up
2023-09-26,-0.00080356956,1,boll_break_up
2023-10-09,0.086818084,1,boll_break_up
2023-10-10,0.055052504,1,boll_break_up
2023-10-11,-0.026202463,1,boll_break_up
2023-10-13,-0.06635403,2,boll_break_up
2023-10-16,0.02632515,1,boll_break_up
2023-10-17,0.029023612,1,boll_break_up
2023-10-25,-0.035375092,2,boll_break_up
2023-10-27,-0.022169618,2,boll_break_up
2023-11-06,0.013454264,5,boll_break_up
2023-11-09,-0.0069787786,1,boll_break_up
2023-11-10,0.022255937,2,boll_break_up
2023-11-13,-0.028121263,2,boll_break_up
2023-11-14,0.016806584,3,boll_break_up
2023-11-15,0.008849093,3,boll_break_up
2023-11-20,0.016605452,2,boll_break_up
2023-11-21,0.030540215,1,boll_break_up
2023-11-23,0.086762786,2,boll_break_up
2023-11-28,-0.034022395,2,boll_break_up
2023-11-29,0.0043903105,1,boll_break_up
2023-12-04,0.0043626125,1,boll_break_up
2023-12-06,-0.034102738,1,boll_break_up
2023-12-11,-0.00077305175,1,boll_break_up
2023-12-12,0.025980175,2,boll_break_up
2023-12-22,0.0074362773,1,boll_break_up
2023-12-27,0.013990818,2,boll_break_up
2023-12-28,0.039267365,3,boll_break_up
2023-12-29,0.033312432,1,boll_break_up
2024-01-02,0.018759461,3,boll_break_up
2024-01-03,-0.0010690925,3,boll_break_up
2024-01-09,0.032854628,1,boll_break_up
2024-01-12,0.022039033,1,boll_break_up
2024-01-16,0.070257306,1,boll_break_up
2024-01-24,0.053480733,2,boll_break_up
2024-01-25,0.023506923,4,boll_break_up
2024-01-26,0.05210355,2,boll_break_up
2024-01-29,0.039141737,3,boll_break_up
2024-02-02,-0.0571721,1,boll_break_up
2024-02-06,-0.026791165,7,boll_break_up
2024-02-07,-0.028092181,8,boll_break_up
2024-02-08,-0.00558423,3,boll_break_up
2024-02-19,-0.00020797085,1,boll_break_up
2024-02-20,-0.0214418,3,boll_break_up
2024-02-21,-0.0008032036,3,boll_break_up
2024-02-23,0.020290274,1,boll_break_up
2024-02-27,-0.013674605,3,boll_break_up
2024-02-29,-0.027675996,3,boll_break_up
2024-03-01,0.001091022,3,boll_break_up
2024-03-04,0.02851365,1,boll_break_up
2024-03-06,-0.006519557,1,boll_break_up
2024-03-07,0.04419922,1,boll_break_up
2024-03-08,-0.027568396,1,boll_break_up
2024-03-12,0.018074038,3,boll_break_up
2024-03-13,0.013936047,3,boll_break_up
2024-03-14,0.0123503,1,boll_break_up
2024-03-15,-0.023476984,5,boll_break_up
2024-03-18,0.00405214,3,boll_break_up
2024-03-19,0.060286313,1,boll_break_up
2024-03-21,-0.024234094,1,boll_break_up
2024-03-29,0.014016708,2,boll_break_up
2024-04-01,0.0191324,7,boll_break_up
2024-04-02,0.04924539,2,boll_break_up
2024-04-03,-0.021666287,2,boll_break_up
2024-04-08,0.055448387,1,boll_break_up
2024-04-10,0.04846011,2,boll_break_up
2024-04-11,0.03402215,3,boll_break_up
2024-04-15,0.001313985,3,boll_break_up
2024-04-16,0.02148574,2,boll_break_up
2024-04-17,-0.020748552,5,boll_break_up
2024-04-18,0.0026473748,3,boll_break_up
2024-04-19,-0.007270561,3,boll_break_up
2024-04-22,-0.02585812,3,boll_break_up
2024-04-23,0.0049728863,2,boll_break_up
2024-04-25,-0.003954474,1,boll_break_up
2024-04-26,-0.034318846,3,boll_break_up
2024-04-29,0.039322056,4,boll_break_up
2024-04-30,0.0053653345,1,boll_break_up
2024-05-06,-0.04714831,5,boll_break_up
2024-05-09,-0.013342812,2,boll_break_up
2024-05-10,-0.037827015,1,boll_break_up
2024-05-13,-0.010872482,2,boll_break_up
2024-05-16,0.0455724,3,boll_break_up
2024-05-20,-0.04513913,2,boll_break_up
2024-05-27,0.06119539,1,boll_break_up
2024-05-28,-0.056990318,1,boll_break_up
2024-05-31,0.0052059707,1,boll_break_up
2024-06-03,-0.008285908,1,boll_break_up
2024-06-04,-0.024588134,1,boll_break_up
2024-06-05,0.032318883,1,boll_break_up
2024-06-06,0.12027633,1,boll_break_up
2024-06-07,-0.023688687,2,boll_break_up
2024-06-13,-0.05980791,1,boll_break_up
2024-06-17,-0.044859827,1,boll_break_up
2024-06-18,-0.017654706,1,boll_break_up
2024-06-28,-0.06217881,2,boll_break_up
2024-07-01,0.032720637,3,boll_break_up
2024-07-09,-0.06763614,2,boll_break_up
2024-07-10,-0.031571526,1,boll_break_up
2024-07-11,0.018859737,4,boll_break_up
2024-07-15,0.0058724545,1,boll_break_up
2024-07-19,0.04724227,2,boll_break_up
2024-07-22,-0.014946885,2,boll_break_up
2024-07-25,-0.06887467,1,boll_break_up
2024-07-26,-0.005907432,2,boll_break_up
2024-07-30,0.022155821,1,boll_break_up
2024-07-31,0.010151291,3,boll_break_up
2024-08-01,0.0033952561,1,boll_break_up
2024-08-05,-0.014690754,1,boll_break_up
2024-08-06,-0.017995885,1,boll_break_up
2024-08-07,-0.061908454,1,boll_break_up
2024-08-08,0.0075164856,2,boll_break_up
2024-08-19,-0.0005331831,2,boll_break_up
2024-08-20,0.033125177,1,boll_break_up
2024-08-23,-0.02735944,3,boll_break_up
2024-08-26,-0.008717036,2,boll_break_up
2024-08-29,-0.04572534,1,boll_break_up
2024-09-02,-0.011732964,1,boll_break_up
2024-09-03,-0.027783345,2,boll_break_up
2024-09-04,0.07711937,1,boll_break_up
2024-09-10,-0.06898206,2,boll_break_up
2024-09-18,-0.060948316,1,boll_break_up
2024-09-19,0.061910447,2,boll_break_up
2024-09-23,-0.05341627,3,boll_break_up
2024-09-24,0.00082389585,14,boll_break_up
2024-09-25,-0.04535981,4,boll_break_up
2024-09-26,-0.013466493,15,boll_break_up
2024-09-27,0.0026565024,9,boll_break_up
2024-09-30,0.044583917,2,boll_break_up
2024-10-10,-0.02410584,2,boll_break_up
2024-10-11,-0.07881824,1,boll_break_up
2024-10-28,0.08781129,2,boll_break_up
2024-10-30,-0.004479126,2,boll_break_up
2024-10-31,-0.045037176,3,boll_break_up
2024-11-01,-0.04188943,2,boll_break_up
2024-11-04,-0.05103378,1,boll_break_up
2024-11-05,-0.0066869766,8,boll_break_up
2024-11-07,-0.014238851,10,boll_break_up
2024-11-08,0.046923213,1,boll_break_up
2024-11-11,-0.02561008,4,boll_break_up
2024-11-12,-0.0040891096,2,boll_break_up
2024-11-14,-0.08310481,1,boll_break_up
2024-12-03,-0.08371268,1,boll_break_up
2024-12-06,-0.02498962,1,boll_break_up
2024-12-09,-0.047259595,1,boll_break_up
2024-12-11,-0.0019514946,6,boll_break_up
2024-12-12,-0.008728065,4,boll_break_up
2024-12-17,0.11866331,1,boll_break_up
2024-12-18,0.024243511,1,boll_break_up
2024-12-19,-0.0136335865,1,boll_break_up
2024-12-20,-0.008153367,1,boll_break_up
2024-12-23,0.016511375,2,boll_break_up
2024-12-24,0.01397557,1,boll_break_up
2024-12-25,0.007513551,1,boll_break_up
2024-12-26,-0.07061583,1,boll_break_up
2024-12-27,0.005559005,1,boll_break_up
2024-12-30,-0.047972243,1,boll_break_up
2025-01-08,-0.040845707,2,boll_break_up
2025-01-27,-0.01105639,2,boll_break_up
2025-02-05,0.24464758,1,boll_break_up
2025-02-06,0.041675407,4,boll_break_up
2025-02-07,-0.018898387,10,boll_break_up
2025-02-10,-0.02087969,2,boll_break_up
2025-02-11,-0.040824786,1,boll_break_up
2025-02-12,-0.03993949,4,boll_break_up
2025-02-13,-0.017036024,2,boll_break_up
2025-02-17,0.017542014,2,boll_break_up
2025-02-18,-0.025157664,1,boll_break_up
2025-02-19,0.004833065,1,boll_break_up
2025-02-21,0.004061021,4,boll_break_up
2025-02-24,0.05205593,2,boll_break_up
2025-02-25,0.032231912,1,boll_break_up
2025-02-26,0.011078311,5,boll_break_up
2025-02-27,-0.013567149,1,boll_break_up
2025-02-28,-0.003742029,1,boll_break_up
2025-03-04,-0.012204248,2,boll_break_up
2025-03-06,0.06461517,3,boll_break_up
2025-03-07,0.07066064,2,boll_break_up
2025-03-10,0.0020926183,6,boll_break_up
2025-03-11,0.009183675,4,boll_break_up
2025-03-12,-0.005803149,2,boll_break_up
2025-03-13,-0.00047796345,3,boll_break_up
2025-03-14,-0.011726361,6,boll_break_up
2025-03-17,0.0060819155,1,boll_break_up
2025-03-18,0.022871625,2,boll_break_up
2025-03-19,0.013185824,2,boll_break_up
2025-03-20,-0.04490626,1,boll_break_up
2025-03-21,-0.02901863,1,boll_break_up
2025-03-24,-0.0012837155,2,boll_break_up
2025-03-25,-0.0021334128,5,boll_break_up
2025-03-26,-0.0015845187,1,boll_break_up
2025-03-27,0.038048472,1,boll_break_up
2025-03-28,0.023324318,2,boll_break_up
2025-04-01,0.025977915,2,boll_break_up
2025-04-02,-0.1424774,1,boll_break_up
2025-04-03,-0.006578408,3,boll_break_up
2025-04-09,-0.008323051,2,boll_break_up
2025-04-10,-0.04537215,1,boll_break_up
2025-04-14,0.052610584,1,boll_break_up
2025-04-17,-0.000802896,1,boll_break_up
2025-04-22,-0.136067,1,boll_break_up
2025-04-28,-0.027254405,1,boll_break_up
2025-04-29,-0.044966593,2,boll_break_up
2025-04-30,-0.03431108,1,boll_break_up
2025-05-06,-0.017552448,2,boll_break_up
2025-05-07,0.04406254,4,boll_break_up
2025-05-08,0.022561414,3,boll_break_up
2025-05-09,0.0010397561,4,boll_break_up
2025-05-12,-0.0057927505,10,boll_break_up
2025-05-13,0.01567095,1,boll_break_up
2025-05-14,-0.010694781,5,boll_break_up
2025-05-19,-0.018584581,1,boll_break_up
2025-05-20,0.0064087952,2,boll_break_up
2025-05-21,0.02347384,1,boll_break_up
2025-05-22,-0.019599719,1,boll_break_up
2025-05-26,-0.037008516,1,boll_break_up
2025-05-27,0.021337716,1,boll_break_up
2025-05-30,0.018682413,2,boll_break_up
2025-06-03,0.029869605,2,boll_break_up
2025-06-05,-0.02766359,1,boll_break_up
2025-06-06,0.0073950207,1,boll_break_up
2025-06-09,-0.0022140066,4,boll_break_up
2025-06-10,0.06334972,1,boll_break_up
2025-06-11,-0.0067895004,4,boll_break_up
2025-06-12,-0.019857096,3,boll_break_up
2025-06-13,0.034808137,2,boll_break_up
2025-06-16,0.017076233,2,boll_break_up
2025-06-17,-0.0031600494,1,boll_break_up
2025-06-23,0.1376563,2,boll_break_up
2025-06-25,-0.0096015595,9,boll_break_up
2025-06-26,-0.0177296,1,boll_break_up
2025-06-27,-0.012824751,2,boll_break_up
2025-06-30,-0.052500576,2,boll_break_up
2025-07-01,-0.0294358,2,boll_break_up
2025-07-02,-0.0028360365,11,boll_break_up
2025-07-04,-0.020569362,4,boll_break_up
2025-07-07,0.009564401,7,boll_break_up
2025-07-08,-0.015023805,3,boll_break_up
2025-07-09,-0.027711611,2,boll_break_up
2025-07-10,-0.0028587067,12,boll_break_up
2025-07-11,-0.0040001604,6,boll_break_up
2025-07-14,0.012876619,3,boll_break_up
2025-07-15,-0.06279086,2,boll_break_up
2025-07-16,0.03279249,1,boll_break_up
2025-07-17,-0.037753105,4,boll_break_up
2025-07-18,0.0061488366,2,boll_break_up
2025-07-21,0.0020575663,14,boll_break_up
2025-07-22,-0.01232364,12,boll_break_up
2025-07-24,-6.959587e-05,10,boll_break_up
2025-07-25,0.11109992,1,boll_break_up
2025-07-28,0.007006765,2,boll_break_up
2025-07-29,0.12272249,1,boll_break_up
2025-07-30,-0.026722476,3,boll_break_up
2025-07-31,-0.021048073,1,boll_break_up
2025-08-01,-0.05215332,1,boll_break_up
2025-08-06,0.019303955,2,boll_break_up
2025-08-11,-0.017301155,2,boll_break_up
2025-08-12,0.057240784,1,boll_break_up
2025-08-13,0.03416114,3,boll_break_up
2025-08-15,-0.020899624,4,boll_break_up
2025-08-18,0.02083102,6,boll_break_up
2025-08-19,0.06594765,3,boll_break_up
2025-08-20,0.0061743744,4,boll_break_up
2025-08-21,-0.0065196715,2,boll_break_up
2025-08-22,-0.010181012,9,boll_break_up
2025-08-25,7.78758e-05,12,boll_break_up
2025-08-26,0.0041465545,5,boll_break_up
2025-08-28,-0.020272892,5,boll_break_up
2025-08-29,0.034034923,4,boll_break_up
2025-09-01,0.019776048,7,boll_break_up
2025-09-02,0.014650589,1,boll_break_up
2025-09-03,-0.013106769,2,boll_break_up
2025-09-05,-0.0007925187,4,boll_break_up
2025-09-08,-0.015403662,4,boll_break_up
2025-09-12,-0.02546016,4,boll_break_up
2025-09-15,0.11998242,1,boll_break_up
2025-09-17,-0.012236632,2,boll_break_up
2025-09-18,-0.008583032,1,boll_break_up
2025-09-19,-0.04162861,2,boll_break_up
2025-09-22,0.120172754,1,boll_break_up
2025-09-23,-0.018686289,1,boll_break_up
2025-09-24,0.09285313,2,boll_break_up
2025-09-25,0.0016051978,2,boll_break_up
2025-09-26,-0.046056684,1,boll_break_up
2025-09-29,-0.008386807,6,boll_break_up
2025-09-30,-0.028866822,5,boll_break_up
2025-10-09,-0.0073662964,8,boll_break_up
2025-10-10,-0.020840893,4,boll_break_up
2025-10-14,-0.023097858,3,boll_break_up
2025-10-15,-0.013704242,4,boll_break_up
2025-10-16,-0.08109159,1,boll_break_up
2025-10-17,-0.0012073629,1,boll_break_up
2025-10-23,-0.0010674661,6,boll_break_up
2025-10-27,-0.018404193,3,boll_break_up
2025-10-28,-0.0066758236,1,boll_break_up
2025-10-29,-0.0054092193,4,boll_break_up
2025-10-30,-0.0039140456,1,boll_break_up
2025-10-31,0.10478135,2,boll_break_up
2025-11-03,0.011974566,1,boll_break_up
2025-11-04,-0.017130189,1,boll_break_up
2025-11-05,-0.02983819,4,boll_break_up
2025-11-06,-0.014403707,3,boll_break_up
2025-11-07,0.024027184,2,boll_break_up
2025-11-10,0.014013588,6,boll_break_up
2025-11-11,0.012883117,1,boll_break_up
2025-11-12,-0.052747026,4,boll_break_up
2025-11-13,-0.006730803,4,boll_break_up
2025-11-14,-0.034910373,2,boll_break_up
2025-11-17,-0.08225047,2,boll_break_up
2025-11-19,-0.10378548,1,boll_break_up
2025-11-24,-0.050939146,2,boll_break_up
2025-11-25,-0.015833423,1,boll_break_up
2025-11-26,-0.05529162,1,boll_break_up
2025-12-01,-0.03267032,3,boll_break_up
2025-12-02,0.012301794,3,boll_break_up
2025-12-03,0.017330403,2,boll_break_up
2025-12-04,0.050517127,1,boll_break_up
2025-12-05,0.0061228476,3,boll_break_up
2025-12-10,-0.0030969717,1,boll_break_up
2025-12-11,0.029323474,1,boll_break_up
2025-12-12,-0.013378371,2,boll_break_up
2025-12-18,-0.012094189,4,boll_break_up
2025-12-22,0.006710216,3,boll_break_up
2025-12-24,0.033130355,4,boll_break_up
2025-12-25,0.049605843,4,boll_break_up
2025-12-26,0.0011596656,4,boll_break_up
2025-12-29,-0.054294605,1,boll_break_up
2025-12-30,-0.07733545,1,boll_break_up
2025-12-31,-0.007843312,2,boll_break_up
2026-01-05,0.00014583927,7,boll_break_up
2026-01-06,0.00408403,14,boll_break_up
2026-01-07,-0.037992198,3,boll_break_up
2026-01-08,-0.029298263,4,boll_break_up
2026-01-09,0.031052193,10,boll_break_up
2026-01-12,-0.022511886,2,boll_break_up
2026-01-13,0.070358425,2,boll_break_up
2026-01-14,0.0032712235,5,boll_break_up
2026-01-15,0.05540394,1,boll_break_up
2026-01-16,-0.020175895,3,boll_break_up
2026-01-19,0.024231622,3,boll_break_up
2026-01-20,-0.00448313,2,boll_break_up
2026-01-21,0.026442852,4,boll_break_up
2026-01-22,-0.010097343,2,boll_break_up
2026-01-23,-0.028541692,6,boll_break_up
2026-01-26,-0.016870322,5,boll_break_up
2026-01-28,-0.10087863,3,boll_break_up
2026-01-29,0.008150137,3,boll_break_up
2026-01-30,-0.069472335,1,boll_break_up
2026-02-02,0.057674486,1,boll_break_up
2026-02-03,0.022374077,2,boll_break_up
2026-02-04,-0.0640423,2,boll_break_up
2026-02-05,-0.040175594,2,boll_break_up
2026-02-06,-0.02768785,1,boll_break_up
2026-02-09,0.006182024,4,boll_break_up
2026-02-11,0.0149399545,1,boll_break_up
2026-02-12,-0.036801487,1,boll_break_up
2026-02-13,-0.09491114,1,boll_break_up
2026-02-24,-0.030011153,3,boll_break_up
2026-02-25,0.122537665,1,boll_break_up
2026-02-26,0.012051408,5,boll_break_up
2026-02-27,0.039250754,7,boll_break_up
2026-03-02,-0.048408326,2,boll_break_up
2026-03-03,-0.12315625,2,boll_break_up
2026-03-05,0.011176845,2,boll_break_up
2026-03-06,0.17666802,2,boll_break_up
2026-03-11,0.020923011,4,boll_break_up
2026-03-12,0.16635273,1,boll_break_up
2026-03-16,0.07028594,3,boll_break_up
2026-03-18,0.3091511,1,boll_break_up
2026-03-19,0.030640151,1,boll_break_up
2026-03-20,-0.026371557,1,boll_break_up
2026-03-24,-0.053899854,3,boll_break_up
2026-03-25,-0.078076914,1,boll_break_up
2026-03-27,-0.0018399991,1,boll_break_up
2026-03-30,-0.022395695,1,boll_break_up
2026-04-02,-0.019533936,2,boll_break_up
2026-04-03,-0.07387614,1,boll_break_up
2026-04-07,0.02497428,2,boll_break_up
2026-04-09,0.022530206,1,boll_break_up
2026-04-10,-0.0024662502,1,boll_break_up
2026-04-16,0.029398847,1,boll_break_up
2026-04-17,0.00041960427,3,boll_break_up
2026-04-20,0.08740514,3,boll_break_up
2026-04-21,-0.07595489,1,boll_break_up
2026-04-22,0.076037124,1,boll_break_up
2026-04-23,-0.040456414,4,boll_break_up
2026-04-24,-0.018237324,2,boll_break_up
2026-04-27,-0.027148522,3,boll_break_up
2026-04-28,-0.050331526,4,boll_break_up
2026-04-29,-0.0030744507,5,boll_break_up
2026-04-30,-0.057142623,2,boll_break_up
2026-05-06,-0.011908544,4,boll_break_up
2026-05-07,0.050248176,3,boll_break_up
2026-05-08,-0.043941133,2,boll_break_up
2026-05-11,0.00027708284,7,boll_break_up
2026-05-12,0.04951702,3,boll_break_up
2026-05-13,0.0070311874,1,boll_break_up
2026-05-15,-0.03237187,1,boll_break_up
2026-05-18,0.11536976,1,boll_break_up
2026-05-19,0.07349615,3,boll_break_up
2026-05-21,0.17482296,1,boll_break_up
2026-05-22,-0.01555807,1,boll_break_up
2026-05-25,-0.009824504,4,boll_break_up
2026-05-26,-0.037539773,1,boll_break_up
2026-05-28,0.052601915,5,boll_break_up
2026-05-29,0.024552688,1,boll_break_up
2026-06-01,-0.008952126,1,boll_break_up
2026-06-02,-0.1045631,1,boll_break_up
2026-06-03,0.013040099,2,boll_break_up
2026-06-04,0.0028862357,2,boll_break_up
2026-06-05,-0.108995736,1,boll_break_up
2026-06-10,-0.06043416,1,boll_break_up
2026-06-11,-0.1052711,1,boll_break_up
2026-06-12,-0.070627116,1,boll_break_up
2026-06-15,0.017708778,3,boll_break_up
2026-06-16,0.14796259,1,boll_break_up
2026-06-17,0.090806864,2,boll_break_up
2026-06-18,-0.013077603,2,boll_break_up
2026-06-22,0.08035214,5,boll_break_up
2026-06-24,0.026632193,2,boll_break_up
2026-06-25,0.09560427,3,boll_break_up
2026-06-30,-0.12430796,1,boll_break_up
2026-07-01,-0.06792143,2,boll_break_up
2026-07-02,0.037728257,1,boll_break_up
2026-07-06,-0.007851808,3,boll_break_up
2026-07-08,-0.03499234,1,boll_break_up
2026-07-09,-0.012475269,1,boll_break_up
2026-07-14,0.03845625,3,boll_break_up
2026-07-15,0.03176655,6,boll_break_up
2026-07-16,-0.013825981,2,boll_break_up
2026-07-20,-0.021037752,7,boll_break_up
2026-07-21,-0.016864404,1,boll_break_up
2026-07-22,0.03137057,4,boll_break_up
2026-07-23,0.0033892216,9,boll_break_up
2026-07-27,-0.015482321,3,boll_break_up
2026-07-28,-0.052367806,1,boll_break_up
2026-07-29,0.011312028,5,boll_break_up
2026-07-30,-0.04132716,7,boll_break_up
2026-08-03,-0.056557886,1,boll_break_up
2026-08-04,-0.017118705,1,boll_break_up
2026-08-05,-0.024003133,6,boll_break_up
2026-08-06,-0.024748208,2,boll_break_up
2026-08-07,-0.03642959,5,boll_break_up
2026-08-10,-0.019673033,3,boll_break_up
2026-08-11,-0.03554435,1,boll_break_up
2026-08-17,0.05558625,1,boll_break_up
2026-08-18,-0.035825655,2,boll_break_up
2026-08-19,-0.010536818,2,boll_break_up
2026-08-24,-0.035374053,1,boll_break_up
2026-08-25,0.0010751002,1,boll_break_up
2026-08-26,0.0039533647,2,boll_break_up
2026-08-27,-0.00751946,1,boll_break_up
2026-08-28,0.014530054,3,boll_break_up
2026-08-31,-0.01665305,2,boll_break_up
2026-09-01,-0.0037015863,3,boll_break_up
2026-09-02,0.06406842,1,boll_break_up
2026-09-03,-0.054306455,1,boll_break_up
2026-09-04,0.061687917,2,boll_break_up
2026-09-07,-0.024536228,1,boll_break_up
2026-09-08,0.0072961925,2,boll_break_up
2026-09-09,-0.049229193,3,boll_break_up
2015-01-05,-0.0048632417,4,break_hh60_vol
2015-01-06,0.051679064,4,break_hh60_vol
2015-01-13,0.08376713,1,break_hh60_vol
2015-01-15,-0.029480895,1,break_hh60_vol
2015-01-16,0.010589398,1,break_hh60_vol
2015-01-23,-0.100665435,1,break_hh60_vol
2015-02-04,0.14427945,1,break_hh60_vol
2015-02-12,-0.021046644,1,break_hh60_vol
2015-03-05,-0.063838474,1,break_hh60_vol
2015-03-10,-0.05227279,1,break_hh60_vol
2015-03-16,-0.022322468,2,break_hh60_vol
2015-03-17,-0.05963594,3,break_hh60_vol
2015-03-18,0.02067302,4,break_hh60_vol
2015-03-19,0.061032142,1,break_hh60_vol
2015-03-20,0.069297634,2,break_hh60_vol
2015-03-24,-0.028745092,2,break_hh60_vol
2015-03-25,0.031291064,1,break_hh60_vol
2015-03-26,-0.048313826,1,break_hh60_vol
2015-03-30,-0.036668252,5,break_hh60_vol
2015-04-01,-0.029791921,3,break_hh60_vol
2015-04-02,0.09675168,2,break_hh60_vol
2015-04-03,-0.044670634,1,break_hh60_vol
2015-04-07,0.06644834,3,break_hh60_vol
2015-04-09,0.08943227,1,break_hh60_vol
2015-04-13,-0.02467763,1,break_hh60_vol
2015-04-15,-0.007887669,1,break_hh60_vol
2015-04-16,-0.05060392,1,break_hh60_vol
2015-04-17,0.015702084,3,break_hh60_vol
2015-04-20,-0.101870224,2,break_hh60_vol
2015-04-21,-0.059624117,1,break_hh60_vol
2015-04-23,0.010081369,2,break_hh60_vol
2015-04-28,-0.06806176,2,break_hh60_vol
2015-05-13,0.292774,1,break_hh60_vol
2015-05-18,-0.02548042,1,break_hh60_vol
2015-05-20,0.1498483,1,break_hh60_vol
2015-05-21,-0.09424234,2,break_hh60_vol
2015-05-22,0.109443694,2,break_hh60_vol
2015-05-25,0.029786278,1,break_hh60_vol
2015-05-26,-0.08499504,2,break_hh60_vol
2015-05-27,-0.074406855,2,break_hh60_vol
2015-05-28,-0.1359775,1,break_hh60_vol
2015-06-02,0.28598762,1,break_hh60_vol
2015-06-03,0.0029746518,1,break_hh60_vol
2015-06-04,-0.0034903223,2,break_hh60_vol
2015-06-05,-0.026787896,2,break_hh60_vol
2015-06-08,-0.07445904,3,break_hh60_vol
2015-06-12,0.057196196,1,break_hh60_vol
2015-06-15,0.09296838,2,break_hh60_vol
2015-06-24,0.06780596,2,break_hh60_vol
2015-06-25,0.0072431713,1,break_hh60_vol
2015-06-29,-0.1036104,1,break_hh60_vol
2015-06-30,-0.12964877,1,break_hh60_vol
2015-10-30,-0.09116636,1,break_hh60_vol
2015-11-06,-0.041834824,1,break_hh60_vol
2015-11-13,-0.08557136,1,break_hh60_vol
2015-11-20,-0.084066115,1,break_hh60_vol
2015-11-26,-0.09242036,1,break_hh60_vol
2015-12-01,0.07253732,1,break_hh60_vol
2015-12-02,0.031888485,1,break_hh60_vol
2015-12-07,-0.04588569,1,break_hh60_vol
2015-12-09,-0.029154457,1,break_hh60_vol
2015-12-14,-0.02986188,1,break_hh60_vol
2015-12-18,0.029899275,1,break_hh60_vol
2015-12-21,-0.018224223,7,break_hh60_vol
2015-12-23,-0.0038176514,1,break_hh60_vol
2016-01-06,-0.15907156,1,break_hh60_vol
2016-03-28,-0.02881749,1,break_hh60_vol
2016-04-13,0.0118611455,1,break_hh60_vol
2016-05-03,0.007317776,2,break_hh60_vol
2016-05-04,-0.04558052,1,break_hh60_vol
2016-05-11,0.025898386,2,break_hh60_vol
2016-06-01,-0.014526496,1,break_hh60_vol
2016-06-03,0.04287777,2,break_hh60_vol
2016-06-06,0.04151837,1,break_hh60_vol
2016-06-07,0.030470502,1,break_hh60_vol
2016-06-20,0.015298468,1,break_hh60_vol
2016-06-27,-0.017135488,2,break_hh60_vol
2016-07-06,-0.0009821927,3,break_hh60_vol
2016-07-08,-0.024843609,1,break_hh60_vol
2016-07-12,0.025832307,4,break_hh60_vol
2016-07-13,0.027449407,2,break_hh60_vol
2016-07-14,-0.041028656,1,break_hh60_vol
2016-07-18,0.013104313,1,break_hh60_vol
2016-07-21,-0.051647265,1,break_hh60_vol
2016-07-25,-0.0926404,1,break_hh60_vol
2016-07-26,0.049224064,1,break_hh60_vol
2016-07-28,0.036988765,2,break_hh60_vol
2016-08-03,-0.026717067,2,break_hh60_vol
2016-08-08,0.015533257,1,break_hh60_vol
2016-08-10,0.039515447,1,break_hh60_vol
2016-08-12,-0.03521896,1,break_hh60_vol
2016-08-15,-0.0010874439,4,break_hh60_vol
2016-08-16,-0.001722163,2,break_hh60_vol
2016-08-17,-0.0010572709,1,break_hh60_vol
2016-08-19,-0.056074806,1,break_hh60_vol
2016-08-23,-0.044523623,1,break_hh60_vol
2016-08-24,-0.021404035,1,break_hh60_vol
2016-08-26,-0.0058925617,1,break_hh60_vol
2016-08-29,-0.0240961,1,break_hh60_vol
2016-08-30,-0.0069115376,1,break_hh60_vol
2016-09-06,0.018559549,2,break_hh60_vol
2016-09-07,0.008335512,4,break_hh60_vol
2016-09-13,-0.06879601,1,break_hh60_vol
2016-09-19,-0.029557545,1,break_hh60_vol
2016-10-10,0.016706545,1,break_hh60_vol
2016-10-12,0.0033303725,1,break_hh60_vol
2016-10-13,-0.016491076,2,break_hh60_vol
2016-10-24,-0.0033623367,2,break_hh60_vol
2016-10-25,0.024774402,3,break_hh60_vol
2016-10-31,-0.014594082,2,break_hh60_vol
2016-11-02,-0.033007726,2,break_hh60_vol
2016-11-03,0.023188066,1,break_hh60_vol
2016-11-07,-0.014711574,1,break_hh60_vol
2016-11-08,-0.0029343031,1,break_hh60_vol
2016-11-10,-0.012972368,2,break_hh60_vol
2016-11-11,0.0094471285,3,break_hh60_vol
2016-11-14,-0.0044553243,2,break_hh60_vol
2016-11-15,-0.040621497,2,break_hh60_vol
2016-11-18,-0.10056801,1,break_hh60_vol
2016-11-22,0.06941353,2,break_hh60_vol
2016-11-23,0.047726117,1,break_hh60_vol
2016-11-24,0.07026018,1,break_hh60_vol
2016-11-25,0.006945392,1,break_hh60_vol
2016-11-28,0.003838757,2,break_hh60_vol
2016-11-29,-0.018201305,1,break_hh60_vol
2016-12-01,-0.025959348,3,break_hh60_vol
2016-12-07,-0.0072283857,1,break_hh60_vol
2016-12-15,-0.030018032,1,break_hh60_vol
2017-01-03,0.007024698,1,break_hh60_vol
2017-01-04,0.04998155,1,break_hh60_vol
2017-01-09,-0.06384972,2,break_hh60_vol
2017-01-12,0.020581007,1,break_hh60_vol
2017-01-23,-0.08353832,1,break_hh60_vol
2017-01-24,-0.007279404,1,break_hh60_vol
2017-02-09,0.010035679,1,break_hh60_vol
2017-02-10,0.0046567274,2,break_hh60_vol
2017-02-13,0.029236462,2,break_hh60_vol
2017-02-20,-0.01088112,2,break_hh60_vol
2017-03-07,-0.0012365445,1,break_hh60_vol
2017-03-10,-0.00026049488,1,break_hh60_vol
2017-03-13,0.060893845,1,break_hh60_vol
2017-03-16,0.018709453,1,break_hh60_vol
2017-03-20,0.05374657,1,break_hh60_vol
2017-03-21,0.002480519,2,break_hh60_vol
2017-04-05,0.048742976,1,break_hh60_vol
2017-04-10,-0.02444771,1,break_hh60_vol
2017-04-11,-0.025759405,1,break_hh60_vol
2017-04-12,-0.046338595,1,break_hh60_vol
2017-04-19,0.054885592,2,break_hh60_vol
2017-04-20,-0.010176193,3,break_hh60_vol
2017-04-21,0.026393335,1,break_hh60_vol
2017-05-16,0.025732186,1,break_hh60_vol
2017-05-25,-0.01295449,1,break_hh60_vol
2017-06-07,0.00037951348,2,break_hh60_vol
2017-06-08,-0.009989251,3,break_hh60_vol
2017-06-09,0.018783562,1,break_hh60_vol
2017-06-12,-0.040051065,1,break_hh60_vol
2017-06-22,0.053163253,1,break_hh60_vol
2017-06-23,-0.032101266,2,break_hh60_vol
2017-06-26,-0.029505087,2,break_hh60_vol
2017-06-27,0.004396665,1,break_hh60_vol
2017-06-28,-0.015582291,1,break_hh60_vol
2017-06-29,0.045459878,1,break_hh60_vol
2017-07-03,0.053905167,1,break_hh60_vol
2017-07-06,-0.0052838605,1,break_hh60_vol
2017-07-10,0.14758049,1,break_hh60_vol
2017-07-11,-0.015967105,1,break_hh60_vol
2017-07-13,0.013481971,1,break_hh60_vol
2017-07-18,0.0025431216,1,break_hh60_vol
2017-07-19,-0.0018995175,6,break_hh60_vol
2017-07-20,0.016847318,1,break_hh60_vol
2017-07-26,-0.02530518,1,break_hh60_vol
2017-07-28,-0.021578543,3,break_hh60_vol
2017-07-31,-0.0004316247,1,break_hh60_vol
2017-08-01,-0.023935292,1,break_hh60_vol
2017-08-02,-0.006153738,1,break_hh60_vol
2017-08-09,-0.0190312,1,break_hh60_vol
2017-08-18,-0.021457365,1,break_hh60_vol
2017-08-28,0.0010457477,3,break_hh60_vol
2017-08-29,0.007513079,1,break_hh60_vol
2017-08-31,0.009227423,1,break_hh60_vol
2017-09-06,-0.042928644,1,break_hh60_vol
2017-09-07,0.0583699,1,break_hh60_vol
2017-09-11,0.045993365,1,break_hh60_vol
2017-09-14,0.032074157,1,break_hh60_vol
2017-09-19,0.014830399,1,break_hh60_vol
2017-09-20,-0.004613227,1,break_hh60_vol
2017-09-22,0.08912023,1,break_hh60_vol
2017-09-26,0.115610644,1,break_hh60_vol
2017-09-27,0.0027648248,1,break_hh60_vol
2017-09-28,0.033116333,4,break_hh60_vol
2017-10-09,0.009246802,4,break_hh60_vol
2017-10-13,-0.022368869,2,break_hh60_vol
2017-10-17,-0.0023397207,2,break_hh60_vol
2017-10-18,0.038062226,1,break_hh60_vol
2017-10-19,-0.031270757,1,break_hh60_vol
2017-10-24,-0.004841645,1,break_hh60_vol
2017-10-25,0.022949874,3,break_hh60_vol
2017-10-26,0.008355625,2,break_hh60_vol
2017-10-30,0.045820896,2,break_hh60_vol
2017-10-31,0.037892174,1,break_hh60_vol
2017-11-06,0.018160854,2,break_hh60_vol
2017-11-08,0.0602103,1,break_hh60_vol
2017-11-09,0.010055508,1,break_hh60_vol
2017-11-10,0.0060005113,1,break_hh60_vol
2017-11-13,-0.03766077,1,break_hh60_vol
2017-11-20,0.020315705,1,break_hh60_vol
2017-11-21,-0.02541318,3,break_hh60_vol
2017-11-28,-0.02035586,1,break_hh60_vol
2017-12-14,0.0026942557,1,break_hh60_vol
2017-12-19,0.008725025,1,break_hh60_vol
2017-12-22,-0.04804424,1,break_hh60_vol
2017-12-26,0.010023009,1,break_hh60_vol
2017-12-29,-0.0128399255,1,break_hh60_vol
2018-01-05,0.007590591,2,break_hh60_vol
2018-01-11,-0.15386459,1,break_hh60_vol
2018-01-15,-0.037360765,1,break_hh60_vol
2018-01-16,0.004284838,1,break_hh60_vol
2018-01-23,0.035266206,1,break_hh60_vol
2018-02-08,0.025390081,1,break_hh60_vol
2018-02-26,-0.0013296725,1,break_hh60_vol
2018-03-07,-0.02996421,1,break_hh60_vol
2018-04-16,-0.06695252,1,break_hh60_vol
2018-04-25,0.059477165,1,break_hh60_vol
2018-05-07,-0.031188508,1,break_hh60_vol
2018-05-10,-0.02379109,1,break_hh60_vol
2018-05-15,-0.03828466,1,break_hh60_vol
2018-05-16,0.027481828,2,break_hh60_vol
2018-05-28,0.042990446,2,break_hh60_vol
2018-06-04,0.012759026,1,break_hh60_vol
2018-06-12,0.0047919974,1,break_hh60_vol
2018-06-29,-0.062514424,1,break_hh60_vol
2018-07-02,0.023185963,1,break_hh60_vol
2018-07-13,-0.05266395,1,break_hh60_vol
2018-07-25,-0.004412748,1,break_hh60_vol
2018-08-07,-0.007288542,1,break_hh60_vol
2018-08-27,0.012286942,1,break_hh60_vol
2018-09-11,0.12891787,1,break_hh60_vol
2018-09-13,0.019235665,1,break_hh60_vol
2018-09-14,-0.010404633,1,break_hh60_vol
2018-09-21,-0.031961627,2,break_hh60_vol
2018-09-27,-0.011650875,1,break_hh60_vol
2018-09-28,0.056719467,1,break_hh60_vol
2018-11-13,-0.037044983,1,break_hh60_vol
2018-11-15,0.017374426,1,break_hh60_vol
2018-11-16,-0.0064512435,2,break_hh60_vol
2018-12-13,-0.017320048,1,break_hh60_vol
2019-01-07,-0.013974295,3,break_hh60_vol
2019-01-08,-0.057249773,1,break_hh60_vol
2019-01-09,-0.010186012,1,break_hh60_vol
2019-01-15,-0.06099485,1,break_hh60_vol
2019-01-16,0.124263704,1,break_hh60_vol
2019-01-17,-0.0015191194,1,break_hh60_vol
2019-01-25,0.042588647,1,break_hh60_vol
2019-02-11,0.008125679,3,break_hh60_vol
2019-02-12,0.058257937,3,break_hh60_vol
2019-02-13,0.01810319,3,break_hh60_vol
2019-02-18,-0.065860175,3,break_hh60_vol
2019-02-19,0.0224829,2,break_hh60_vol
2019-02-22,-0.033571854,4,break_hh60_vol
2019-02-25,0.0153062465,20,break_hh60_vol
2019-02-26,-0.036255054,1,break_hh60_vol
2019-03-04,-0.042436413,5,break_hh60_vol
2019-03-05,0.029508088,2,break_hh60_vol
2019-03-06,0.02349346,3,break_hh60_vol
2019-03-07,-0.02364894,1,break_hh60_vol
2019-03-12,-0.04064361,1,break_hh60_vol
2019-03-15,-0.028319549,2,break_hh60_vol
2019-03-18,-0.026819859,9,break_hh60_vol
2019-03-21,-0.11096416,1,break_hh60_vol
2019-03-25,-0.08722784,2,break_hh60_vol
2019-03-26,0.14541018,1,break_hh60_vol
2019-03-27,-0.07516771,1,break_hh60_vol
2019-03-28,-0.04462809,1,break_hh60_vol
2019-03-29,-0.03035608,2,break_hh60_vol
2019-04-01,0.002823415,3,break_hh60_vol
2019-04-02,-0.073790304,1,break_hh60_vol
2019-04-03,0.008672144,2,break_hh60_vol
2019-04-04,0.0407538,3,break_hh60_vol
2019-04-08,-0.006986972,3,break_hh60_vol
2019-04-09,-0.007411084,1,break_hh60_vol
2019-04-10,-0.033744536,1,break_hh60_vol
2019-04-16,0.0091050835,3,break_hh60_vol
2019-04-19,-0.04950156,1,break_hh60_vol
2019-04-26,0.038731035,2,break_hh60_vol
2019-07-17,-0.007186204,1,break_hh60_vol
2019-07-26,-0.063414395,1,break_hh60_vol
2019-08-12,-0.06146204,1,break_hh60_vol
2019-08-15,-0.058156982,1,break_hh60_vol
2019-08-20,0.019883882,1,break_hh60_vol
2019-08-22,0.05951449,1,break_hh60_vol
2019-08-26,-0.0575141,1,break_hh60_vol
2019-08-29,-0.010122452,1,break_hh60_vol
2019-09-02,-0.025942128,2,break_hh60_vol
2019-09-09,-0.056601103,1,break_hh60_vol
2019-09-11,-0.022707582,2,break_hh60_vol
2019-09-17,0.017966196,1,break_hh60_vol
2019-09-20,0.0658364,1,break_hh60_vol
2019-10-08,-0.017586222,1,break_hh60_vol
2019-10-09,-0.016726654,1,break_hh60_vol
2019-10-14,-0.007395439,1,break_hh60_vol
2019-10-16,0.05883301,1,break_hh60_vol
2019-10-29,0.03654516,1,break_hh60_vol
2019-10-31,-0.020340776,1,break_hh60_vol
2019-11-01,-0.012278075,5,break_hh60_vol
2019-11-13,-0.04919857,2,break_hh60_vol
2019-11-25,-0.007878333,2,break_hh60_vol
2019-12-05,0.019304786,1,break_hh60_vol
2019-12-11,-0.02199922,3,break_hh60_vol
2019-12-16,0.03673846,3,break_hh60_vol
2019-12-17,0.025242712,1,break_hh60_vol
2019-12-20,-0.08307611,1,break_hh60_vol
2019-12-24,0.01468204,2,break_hh60_vol
2019-12-25,0.11482392,2,break_hh60_vol
2019-12-26,-0.09490289,1,break_hh60_vol
2019-12-27,0.03463992,3,break_hh60_vol
2019-12-30,-0.021131655,3,break_hh60_vol
2019-12-31,-0.00722499,1,break_hh60_vol
2020-01-02,-0.005390598,3,break_hh60_vol
2020-01-03,-0.0059509985,4,break_hh60_vol
2020-01-06,0.045131143,2,break_hh60_vol
2020-01-07,-0.012136817,1,break_hh60_vol
2020-01-08,-0.038888022,2,break_hh60_vol
2020-01-10,0.021718029,1,break_hh60_vol
2020-01-15,-0.02178798,1,break_hh60_vol
2020-01-20,0.07706259,1,break_hh60_vol
2020-02-05,-0.075460225,1,break_hh60_vol
2020-02-06,-0.014648051,1,break_hh60_vol
2020-02-17,0.0771547,2,break_hh60_vol
2020-02-19,-0.044358782,1,break_hh60_vol
2020-02-20,-0.042808816,2,break_hh60_vol
2020-02-27,0.12355087,1,break_hh60_vol
2020-03-13,-0.0088837,1,break_hh60_vol
2020-03-17,-0.0013389662,1,break_hh60_vol
2020-04-16,0.0034662995,1,break_hh60_vol
2020-04-22,0.031177683,1,break_hh60_vol
2020-04-29,-0.08169179,1,break_hh60_vol
2020-05-11,-0.014202556,1,break_hh60_vol
2020-05-13,-0.031709865,1,break_hh60_vol
2020-05-14,-0.0697147,1,break_hh60_vol
2020-05-19,0.004748963,1,break_hh60_vol
2020-06-01,0.0010959925,2,break_hh60_vol
2020-06-04,-0.12612781,1,break_hh60_vol
2020-06-05,-0.004513574,1,break_hh60_vol
2020-06-08,-0.024390338,1,break_hh60_vol
2020-06-09,0.05879314,1,break_hh60_vol
2020-06-10,0.047626656,1,break_hh60_vol
2020-06-12,-0.014123391,1,break_hh60_vol
2020-06-15,0.01175284,1,break_hh60_vol
2020-06-17,-0.05449932,1,break_hh60_vol
2020-06-19,0.079184525,2,break_hh60_vol
2020-06-22,-0.042400565,1,break_hh60_vol
2020-06-24,0.11218977,1,break_hh60_vol
2020-07-01,-0.048542164,4,break_hh60_vol
2020-07-02,0.02181847,8,break_hh60_vol
2020-07-03,-0.014277611,4,break_hh60_vol
2020-07-06,0.00066871545,15,break_hh60_vol
2020-07-07,-0.0024743564,1,break_hh60_vol
2020-07-08,-0.053889815,1,break_hh60_vol
2020-07-10,-0.025034042,3,break_hh60_vol
2020-07-13,0.057754144,2,break_hh60_vol
2020-07-14,0.06991942,2,break_hh60_vol
2020-07-15,0.037241865,1,break_hh60_vol
2020-07-20,-0.046454176,2,break_hh60_vol
2020-07-21,0.1155031,1,break_hh60_vol
2020-07-22,-0.029277878,2,break_hh60_vol
2020-07-24,-0.005175464,1,break_hh60_vol
2020-07-28,-0.092914276,1,break_hh60_vol
2020-08-03,-0.024600763,2,break_hh60_vol
2020-08-05,-0.0034616124,2,break_hh60_vol
2020-08-06,-0.060552258,1,break_hh60_vol
2020-08-12,-0.07904724,1,break_hh60_vol
2020-08-14,0.018308297,1,break_hh60_vol
2020-08-19,0.05903469,1,break_hh60_vol
2020-08-31,-0.008411575,1,break_hh60_vol
2020-09-02,-0.0424517,3,break_hh60_vol
2020-09-10,0.06105808,1,break_hh60_vol
2020-09-18,-0.0593598,1,break_hh60_vol
2020-09-23,-0.05943158,1,break_hh60_vol
2020-09-30,-0.08557175,1,break_hh60_vol
2020-10-12,-0.018296907,1,break_hh60_vol
2020-10-15,0.07075321,1,break_hh60_vol
2020-10-20,0.0652383,2,break_hh60_vol
2020-10-22,0.13132632,1,break_hh60_vol
2020-10-28,0.12798354,1,break_hh60_vol
2020-10-29,0.020689433,2,break_hh60_vol
2020-11-02,-0.0068930485,3,break_hh60_vol
2020-11-03,0.21516497,1,break_hh60_vol
2020-11-04,0.039739482,1,break_hh60_vol
2020-11-09,-0.049195938,1,break_hh60_vol
2020-11-12,-0.015961368,1,break_hh60_vol
2020-11-13,-0.008099703,1,break_hh60_vol
2020-11-16,-0.021555852,1,break_hh60_vol
2020-11-17,-0.010194378,2,break_hh60_vol
2020-11-18,0.0058691055,2,break_hh60_vol
2020-11-20,-0.06442736,1,break_hh60_vol
2020-11-23,-0.0088944435,3,break_hh60_vol
2020-12-01,0.027810074,2,break_hh60_vol
2020-12-02,-0.088763,2,break_hh60_vol
2020-12-14,-0.002743924,1,break_hh60_vol
2020-12-22,-0.11951769,1,break_hh60_vol
2020-12-25,-0.062985346,1,break_hh60_vol
2020-12-30,0.002931632,1,break_hh60_vol
2021-01-04,0.057738554,4,break_hh60_vol
2021-01-12,0.009062307,1,break_hh60_vol
2021-01-13,-0.0101965545,2,break_hh60_vol
2021-01-21,-0.09130698,1,break_hh60_vol
2021-01-22,-0.17350906,1,break_hh60_vol
2021-01-27,0.20821989,1,break_hh60_vol
2021-01-29,0.0752878,1,break_hh60_vol
2021-02-02,0.06201876,1,break_hh60_vol
2021-02-09,-0.00032332167,4,break_hh60_vol
2021-02-23,0.03480792,1,break_hh60_vol
2021-02-25,-0.005288701,1,break_hh60_vol
2021-03-03,0.04968357,1,break_hh60_vol
2021-03-05,0.17936137,1,break_hh60_vol
2021-03-11,-0.0916233,1,break_hh60_vol
2021-03-12,0.01348773,1,break_hh60_vol
2021-03-22,-0.00637289,2,break_hh60_vol
2021-03-31,-0.070574865,1,break_hh60_vol
2021-04-09,0.033153743,1,break_hh60_vol
2021-04-12,-0.062626496,1,break_hh60_vol
2021-04-15,0.0031397827,1,break_hh60_vol
2021-04-21,-0.12369148,1,break_hh60_vol
2021-04-22,0.018071614,1,break_hh60_vol
2021-04-26,0.05299801,1,break_hh60_vol
2021-04-30,0.070058696,1,break_hh60_vol
2021-05-07,-0.040783674,2,break_hh60_vol
2021-05-10,-0.10129515,1,break_hh60_vol
2021-05-13,-0.041484766,1,break_hh60_vol
2021-05-14,-0.1296976,1,break_hh60_vol
2021-05-25,-0.027768137,3,break_hh60_vol
2021-05-28,0.009238082,1,break_hh60_vol
2021-06-02,-0.04238881,1,break_hh60_vol
2021-06-03,-0.007184049,1,break_hh60_vol
2021-06-04,-0.07210226,1,break_hh60_vol
2021-06-07,0.102353506,2,break_hh60_vol
2021-06-22,0.023639463,1,break_hh60_vol
2021-07-01,-0.14236858,1,break_hh60_vol
2021-07-02,-0.13971041,1,break_hh60_vol
2021-07-09,-0.08510262,1,break_hh60_vol
2021-07-13,0.0457162,1,break_hh60_vol
2021-07-16,-0.036810685,1,break_hh60_vol
2021-07-19,-0.030571178,1,break_hh60_vol
2021-07-20,-0.013382673,1,break_hh60_vol
2021-07-22,0.09659845,2,break_hh60_vol
2021-07-23,0.03698256,1,break_hh60_vol
2021-08-02,0.045668654,1,break_hh60_vol
2021-08-03,0.09824379,1,break_hh60_vol
2021-08-05,0.073774874,2,break_hh60_vol
2021-08-06,-0.11254315,1,break_hh60_vol
2021-08-10,-0.003926459,1,break_hh60_vol
2021-08-12,0.016525507,1,break_hh60_vol
2021-08-13,0.08229183,2,break_hh60_vol
2021-08-16,0.050096,1,break_hh60_vol
2021-08-18,-0.034310393,2,break_hh60_vol
2021-08-19,-0.07843141,1,break_hh60_vol
2021-08-25,-0.009008495,2,break_hh60_vol
2021-08-27,-0.0014987607,1,break_hh60_vol
2021-08-31,-0.022155806,1,break_hh60_vol
2021-09-01,0.049934287,2,break_hh60_vol
2021-09-03,0.04581324,2,break_hh60_vol
2021-09-08,-0.0070133507,2,break_hh60_vol
2021-09-09,-0.025691755,1,break_hh60_vol
2021-09-13,0.009228314,1,break_hh60_vol
2021-09-23,0.010839794,1,break_hh60_vol
2021-10-15,0.050267655,1,break_hh60_vol
2021-11-09,-0.057635773,1,break_hh60_vol
2021-11-18,-0.026392248,1,break_hh60_vol
2021-11-24,0.0040579336,1,break_hh60_vol
2021-11-30,-0.015850568,1,break_hh60_vol
2021-12-03,-0.0039627347,1,break_hh60_vol
2021-12-08,0.2182609,1,break_hh60_vol
2021-12-09,0.0018337513,1,break_hh60_vol
2021-12-16,0.051332913,2,break_hh60_vol
2021-12-17,-0.04409069,1,break_hh60_vol
2021-12-21,0.08241233,1,break_hh60_vol
2021-12-31,-0.009102898,1,break_hh60_vol
2022-01-04,0.022803942,1,break_hh60_vol
2022-01-05,-0.024850305,1,break_hh60_vol
2022-01-17,-0.031345293,1,break_hh60_vol
2022-02-09,-0.005648245,1,break_hh60_vol
2022-02-18,-0.013476492,1,break_hh60_vol
2022-03-03,0.0049485713,2,break_hh60_vol
2022-04-15,-0.036500588,1,break_hh60_vol
2022-05-27,-0.0031211562,1,break_hh60_vol
2022-05-30,0.01587084,1,break_hh60_vol
2022-06-02,-0.006125965,1,break_hh60_vol
2022-06-06,0.005941873,1,break_hh60_vol
2022-06-10,-0.02005822,1,break_hh60_vol
2022-06-13,0.08763879,1,break_hh60_vol
2022-06-14,0.013934225,2,break_hh60_vol
2022-06-15,0.15153493,1,break_hh60_vol
2022-06-17,-0.045342363,1,break_hh60_vol
2022-06-23,-0.052104667,1,break_hh60_vol
2022-06-24,-0.051104672,1,break_hh60_vol
2022-06-28,-0.06495062,1,break_hh60_vol
2022-06-30,-0.05553478,2,break_hh60_vol
2022-07-01,0.09910973,3,break_hh60_vol
2022-07-07,-0.002635248,1,break_hh60_vol
2022-07-18,-0.03250757,1,break_hh60_vol
2022-07-20,-0.10488779,1,break_hh60_vol
2022-07-28,0.06407736,1,break_hh60_vol
2022-08-05,0.029443663,1,break_hh60_vol
2022-08-09,0.007330153,1,break_hh60_vol
2022-08-11,0.02645089,2,break_hh60_vol
2022-08-12,-0.035780385,2,break_hh60_vol
2022-08-24,-0.119497694,1,break_hh60_vol
2022-08-26,-0.010896781,1,break_hh60_vol
2022-09-07,-0.13177933,1,break_hh60_vol
2022-09-09,0.05161712,1,break_hh60_vol
2022-09-27,-0.011731166,1,break_hh60_vol
2022-10-18,0.004022762,1,break_hh60_vol
2022-10-27,0.037392076,1,break_hh60_vol
2022-11-01,-0.060447678,1,break_hh60_vol
2022-11-04,0.038741358,1,break_hh60_vol
2022-11-14,0.024988733,1,break_hh60_vol
2022-11-29,-0.0068514263,2,break_hh60_vol
2022-12-05,-0.035253424,2,break_hh60_vol
2022-12-06,-0.013165082,1,break_hh60_vol
2022-12-12,-0.04413112,1,break_hh60_vol
2022-12-30,-0.063164935,1,break_hh60_vol
2023-01-03,0.023566598,1,break_hh60_vol
2023-01-05,-0.005919777,3,break_hh60_vol
2023-01-09,0.042783942,1,break_hh60_vol
2023-01-10,-0.0025348924,1,break_hh60_vol
2023-01-11,0.021227557,1,break_hh60_vol
2023-01-16,-0.022113424,1,break_hh60_vol
2023-01-20,-0.0054312777,1,break_hh60_vol
2023-01-30,0.039436333,1,break_hh60_vol
2023-01-31,-0.005655315,2,break_hh60_vol
2023-02-01,-0.022621872,3,break_hh60_vol
2023-02-02,0.07012455,1,break_hh60_vol
2023-02-06,0.031930007,1,break_hh60_vol
2023-02-09,0.066270106,1,break_hh60_vol
2023-02-10,0.007297959,2,break_hh60_vol
2023-02-13,0.026630586,6,break_hh60_vol
2023-02-14,-0.026161648,1,break_hh60_vol
2023-02-15,-0.035311863,2,break_hh60_vol
2023-02-20,-0.009537721,5,break_hh60_vol
2023-02-21,0.0063746786,2,break_hh60_vol
2023-02-23,0.02233525,1,break_hh60_vol
2023-03-01,-0.0107034715,1,break_hh60_vol
2023-03-02,-0.05352445,1,break_hh60_vol
2023-03-03,0.03627608,2,break_hh60_vol
2023-03-06,0.0009350423,1,break_hh60_vol
2023-03-08,0.0020793062,1,break_hh60_vol
2023-03-10,-0.04362207,1,break_hh60_vol
2023-03-17,0.0046193153,1,break_hh60_vol
2023-03-23,-0.008726746,1,break_hh60_vol
2023-03-24,-0.038293596,1,break_hh60_vol
2023-03-31,-0.018129565,2,break_hh60_vol
2023-04-11,0.021497358,1,break_hh60_vol
2023-04-12,0.038854748,1,break_hh60_vol
2023-04-14,-0.012594711,1,break_hh60_vol
2023-04-17,0.030055163,2,break_hh60_vol
2023-04-19,0.029034022,1,break_hh60_vol
2023-04-20,-0.011839515,1,break_hh60_vol
2023-04-28,-0.015770996,2,break_hh60_vol
2023-05-04,0.046639938,3,break_hh60_vol
2023-05-26,-0.035810206,1,break_hh60_vol
2023-05-29,-0.0045270007,1,break_hh60_vol
2023-06-13,0.007554651,1,break_hh60_vol
2023-06-15,-0.0031993669,1,break_hh60_vol
2023-06-19,0.0038890752,1,break_hh60_vol
2023-06-29,-0.008956114,1,break_hh60_vol
2023-07-03,-0.00996994,1,break_hh60_vol
2023-07-05,-0.03833268,1,break_hh60_vol
2023-07-07,-0.047975324,1,break_hh60_vol
2023-07-11,-0.0018502327,1,break_hh60_vol
2023-07-13,-0.023246136,1,break_hh60_vol
2023-07-14,0.007278517,3,break_hh60_vol
2023-07-19,0.02249424,1,break_hh60_vol
2023-07-25,-0.019431487,2,break_hh60_vol
2023-07-28,0.12176078,1,break_hh60_vol
2023-07-31,0.0035224685,3,break_hh60_vol
2023-08-01,0.007542673,2,break_hh60_vol
2023-08-08,-0.0056284387,2,break_hh60_vol
2023-08-25,-0.010360802,1,break_hh60_vol
2023-09-04,-0.009245804,2,break_hh60_vol
2023-10-13,-0.033714484,2,break_hh60_vol
2023-10-16,0.02632515,1,break_hh60_vol
2023-10-17,0.03039306,1,break_hh60_vol
2023-10-25,-0.0040738415,1,break_hh60_vol
2023-11-06,0.06552594,1,break_hh60_vol
2023-11-09,-0.0069787786,1,break_hh60_vol
2023-11-15,0.0086129345,3,break_hh60_vol
2023-11-17,0.026383812,1,break_hh60_vol
2023-11-23,0.16317983,1,break_hh60_vol
2023-11-29,0.0043903105,1,break_hh60_vol
2023-12-06,-0.034102738,1,break_hh60_vol
2023-12-28,0.022651544,2,break_hh60_vol
2023-12-29,0.024879232,2,break_hh60_vol
2024-01-02,0.042316087,1,break_hh60_vol
2024-01-03,-0.02174937,1,break_hh60_vol
2024-01-04,0.023611646,1,break_hh60_vol
2024-01-16,0.055117503,2,break_hh60_vol
2024-01-25,-0.027831566,1,break_hh60_vol
2024-01-29,0.0956174,2,break_hh60_vol
2024-02-06,-0.035000276,3,break_hh60_vol
2024-02-07,-0.064931475,2,break_hh60_vol
2024-02-08,-0.028482981,1,break_hh60_vol
2024-02-21,-0.021748794,1,break_hh60_vol
2024-02-27,-0.01274505,1,break_hh60_vol
2024-02-29,0.010095845,4,break_hh60_vol
2024-03-01,-0.034497235,3,break_hh60_vol
2024-03-04,0.014160678,3,break_hh60_vol
2024-03-06,-0.08229384,1,break_hh60_vol
2024-03-07,0.016529722,2,break_hh60_vol
2024-03-08,-0.010641166,1,break_hh60_vol
2024-03-11,-0.032270394,1,break_hh60_vol
2024-03-15,-0.03964725,2,break_hh60_vol
2024-03-18,-0.025675915,1,break_hh60_vol
2024-03-19,0.060286313,1,break_hh60_vol
2024-04-01,0.01587259,4,break_hh60_vol
2024-04-03,-0.021666287,2,break_hh60_vol
2024-04-08,0.031580526,2,break_hh60_vol
2024-04-11,0.029981067,3,break_hh60_vol
2024-04-15,-0.0009449781,2,break_hh60_vol
2024-04-16,0.02148574,2,break_hh60_vol
2024-04-17,-0.030047096,1,break_hh60_vol
2024-04-18,0.010055358,1,break_hh60_vol
2024-04-19,-0.018995158,1,break_hh60_vol
2024-04-26,-0.05213697,1,break_hh60_vol
2024-04-30,0.0053653345,1,break_hh60_vol
2024-05-06,-0.017238788,4,break_hh60_vol
2024-05-09,-0.0026869513,1,break_hh60_vol
2024-05-10,-0.037827015,1,break_hh60_vol
2024-05-13,-0.013563853,2,break_hh60_vol
2024-05-14,-0.019469034,1,break_hh60_vol
2024-05-17,0.016730636,1,break_hh60_vol
2024-05-20,-0.02243941,1,break_hh60_vol
2024-05-27,0.06119539,1,break_hh60_vol
2024-05-31,0.0052059707,1,break_hh60_vol
2024-06-04,-0.036680065,2,break_hh60_vol
2024-06-07,-0.044525832,1,break_hh60_vol
2024-06-13,-0.05980791,1,break_hh60_vol
2024-07-25,-0.06887467,1,break_hh60_vol
2024-07-26,-0.031878255,1,break_hh60_vol
2024-08-16,-0.05461394,1,break_hh60_vol
2024-08-23,-0.008410286,1,break_hh60_vol
2024-09-10,0.015056315,1,break_hh60_vol
2024-09-24,0.15669805,1,break_hh60_vol
2024-09-25,0.038889173,4,break_hh60_vol
2024-09-26,-0.038936976,3,break_hh60_vol
2024-09-27,-0.0028024525,11,break_hh60_vol
2024-09-30,-0.010163365,4,break_hh60_vol
2024-10-08,0.004892595,5,break_hh60_vol
2024-10-11,-0.07881824,1,break_hh60_vol
2024-10-21,-0.08393496,1,break_hh60_vol
2024-10-25,-0.022652965,1,break_hh60_vol
2024-10-28,-0.037830796,1,break_hh60_vol
2024-10-30,-0.14055951,1,break_hh60_vol
2024-10-31,-0.037004918,2,break_hh60_vol
2024-11-05,-0.07205542,1,break_hh60_vol
2024-11-11,-0.012113575,2,break_hh60_vol
2024-11-12,-0.06526359,2,break_hh60_vol
2024-12-03,-0.08371268,1,break_hh60_vol
2024-12-09,-0.047259595,1,break_hh60_vol
2024-12-19,0.109470166,1,break_hh60_vol
2025-01-08,-0.018334385,1,break_hh60_vol
2025-02-10,0.19383797,1,break_hh60_vol
2025-02-19,0.009189848,1,break_hh60_vol
2025-02-21,0.017296052,1,break_hh60_vol
2025-02-24,0.075424306,1,break_hh60_vol
2025-02-27,-0.000693884,1,break_hh60_vol
2025-03-05,0.0018502921,1,break_hh60_vol
2025-03-07,0.116040334,1,break_hh60_vol
2025-03-10,-0.019019518,2,break_hh60_vol
2025-03-11,0.033088543,2,break_hh60_vol
2025-03-14,0.11421093,1,break_hh60_vol
2025-03-18,-0.0046230815,1,break_hh60_vol
2025-03-19,-0.035723332,1,break_hh60_vol
2025-03-21,-0.05959867,2,break_hh60_vol
2025-03-24,-0.036427867,1,break_hh60_vol
2025-04-03,-0.05049827,2,break_hh60_vol
2025-04-10,-0.04537215,1,break_hh60_vol
2025-04-22,-0.136067,1,break_hh60_vol
2025-04-25,-0.047020175,1,break_hh60_vol
2025-04-28,-0.027254405,1,break_hh60_vol
2025-05-12,-0.050851308,1,break_hh60_vol
2025-05-20,0.0062363055,1,break_hh60_vol
2025-05-29,-0.1818068,1,break_hh60_vol
2025-05-30,0.010517749,1,break_hh60_vol
2025-06-04,0.0016972534,2,break_hh60_vol
2025-06-10,-0.07060401,1,break_hh60_vol
2025-06-11,0.033050753,1,break_hh60_vol
2025-06-12,-0.08376622,1,break_hh60_vol
2025-06-24,0.011623761,2,break_hh60_vol
2025-06-25,-0.009639794,2,break_hh60_vol
2025-06-26,0.031022115,1,break_hh60_vol
2025-06-27,-0.04469622,1,break_hh60_vol
2025-06-30,-0.050569136,1,break_hh60_vol
2025-07-02,0.0129643,1,break_hh60_vol
2025-07-03,0.017511755,1,break_hh60_vol
2025-07-04,-0.018405443,1,break_hh60_vol
2025-07-07,0.0001511015,1,break_hh60_vol
2025-07-08,0.0012906296,2,break_hh60_vol
2025-07-09,-0.009306593,1,break_hh60_vol
2025-07-10,-0.012405537,3,break_hh60_vol
2025-07-11,-0.008557056,4,break_hh60_vol
2025-07-14,-0.035451766,1,break_hh60_vol
2025-07-15,-0.029909043,1,break_hh60_vol
2025-07-16,-0.012822328,1,break_hh60_vol
2025-07-17,-0.041884467,1,break_hh60_vol
2025-07-21,0.0009002965,7,break_hh60_vol
2025-07-22,-0.04997545,5,break_hh60_vol
2025-07-23,0.021206096,1,break_hh60_vol
2025-07-24,0.011755475,2,break_hh60_vol
2025-07-25,0.00059677847,1,break_hh60_vol
2025-07-28,-0.0058875917,3,break_hh60_vol
2025-07-29,-0.00927192,2,break_hh60_vol
2025-08-01,-0.05215332,1,break_hh60_vol
2025-08-06,0.03126329,1,break_hh60_vol
2025-08-11,-0.027254464,1,break_hh60_vol
2025-08-12,0.057240784,1,break_hh60_vol
2025-08-15,-0.023318939,3,break_hh60_vol
2025-08-18,0.057208996,3,break_hh60_vol
2025-08-19,0.06927711,1,break_hh60_vol
2025-08-20,0.0062626004,1,break_hh60_vol
2025-08-22,-0.017657682,3,break_hh60_vol
2025-08-25,0.002906533,3,break_hh60_vol
2025-08-28,-0.06378445,2,break_hh60_vol
2025-08-29,0.08590619,1,break_hh60_vol
2025-09-01,0.04368691,2,break_hh60_vol
2025-09-03,-0.0030322373,1,break_hh60_vol
2025-09-05,0.07597047,1,break_hh60_vol
2025-09-08,-0.036484994,2,break_hh60_vol
2025-09-12,-0.04300102,2,break_hh60_vol
2025-09-15,0.11998242,1,break_hh60_vol
2025-09-17,-0.05795515,1,break_hh60_vol
2025-09-19,-0.014353489,1,break_hh60_vol
2025-09-25,-0.062339842,1,break_hh60_vol
2025-09-26,-0.046056684,1,break_hh60_vol
2025-09-29,-0.009017235,1,break_hh60_vol
2025-09-30,-0.010706737,1,break_hh60_vol
2025-10-09,-0.006558855,5,break_hh60_vol
2025-10-10,-0.06579714,1,break_hh60_vol
2025-10-23,0.034525774,2,break_hh60_vol
2025-10-27,-0.017092887,2,break_hh60_vol
2025-10-29,-0.016124936,4,break_hh60_vol
2025-11-04,0.11368935,1,break_hh60_vol
2025-11-05,-0.024548912,2,break_hh60_vol
2025-11-06,-0.041411765,1,break_hh60_vol
2025-11-07,0.061554678,1,break_hh60_vol
2025-11-10,0.04887022,1,break_hh60_vol
2025-11-12,-0.0023557758,1,break_hh60_vol
2025-11-14,-0.034910373,2,break_hh60_vol
2025-11-17,-0.10150538,2,break_hh60_vol
2025-11-19,-0.10378548,1,break_hh60_vol
2025-12-01,-0.03177598,1,break_hh60_vol
2025-12-02,0.03257355,1,break_hh60_vol
2025-12-08,-0.020486929,1,break_hh60_vol
2025-12-18,-0.024514003,1,break_hh60_vol
2025-12-19,-0.013377738,1,break_hh60_vol
2025-12-22,-0.0012362953,1,break_hh60_vol
2025-12-24,0.15880024,1,break_hh60_vol
2025-12-25,-0.10887984,1,break_hh60_vol
2025-12-26,-0.01630852,1,break_hh60_vol
2025-12-30,-0.07733545,1,break_hh60_vol
2026-01-06,-0.001144358,7,break_hh60_vol
2026-01-09,0.0055648675,1,break_hh60_vol
2026-01-12,-0.045928974,2,break_hh60_vol
2026-01-13,0.029892234,1,break_hh60_vol
2026-01-14,-0.015709735,4,break_hh60_vol
2026-01-19,-0.04013348,3,break_hh60_vol
2026-01-20,0.005279992,1,break_hh60_vol
2026-01-22,0.011698702,1,break_hh60_vol
2026-01-23,0.08029089,2,break_hh60_vol
2026-01-26,-0.027350023,1,break_hh60_vol
2026-01-28,-0.119158335,1,break_hh60_vol
2026-02-03,0.028464777,1,break_hh60_vol
2026-02-04,-0.031022877,2,break_hh60_vol
2026-02-12,-0.036801487,1,break_hh60_vol
2026-02-13,-0.09491114,1,break_hh60_vol
2026-02-24,-0.076509774,3,break_hh60_vol
2026-02-25,0.022869028,1,break_hh60_vol
2026-02-26,0.034030624,1,break_hh60_vol
2026-02-27,0.028211493,4,break_hh60_vol
2026-03-02,-0.05762628,1,break_hh60_vol
2026-03-03,-0.09565315,3,break_hh60_vol
2026-03-05,0.06822265,1,break_hh60_vol
2026-03-11,0.025227686,1,break_hh60_vol
2026-03-12,0.05594361,2,break_hh60_vol
2026-03-16,0.053722948,1,break_hh60_vol
2026-03-17,0.033840045,1,break_hh60_vol
2026-03-19,0.030640151,1,break_hh60_vol
2026-03-25,-0.078076914,1,break_hh60_vol
2026-03-27,-0.0018399991,1,break_hh60_vol
2026-04-03,-0.07387614,1,break_hh60_vol
2026-04-07,-0.12581094,1,break_hh60_vol
2026-04-09,0.022530206,1,break_hh60_vol
2026-04-17,0.14091131,1,break_hh60_vol
2026-04-24,-0.012856603,1,break_hh60_vol
2026-04-27,-0.026123751,1,break_hh60_vol
2026-04-29,-0.027092185,1,break_hh60_vol
2026-05-06,0.032535035,1,break_hh60_vol
2026-05-11,-0.03765046,3,break_hh60_vol
2026-06-03,-0.18414593,1,break_hh60_vol
2026-06-10,-0.09337973,1,break_hh60_vol
2026-06-12,-0.07853842,1,break_hh60_vol
2026-06-15,-0.08091271,1,break_hh60_vol
2026-06-16,0.14796259,1,break_hh60_vol
2026-06-17,0.03476799,1,break_hh60_vol
2026-06-22,-0.09108861,2,break_hh60_vol
2026-07-06,-0.057094246,2,break_hh60_vol
2026-07-15,-0.020881694,1,break_hh60_vol
2026-07-20,0.012396418,1,break_hh60_vol
2026-07-27,-0.048317865,1,break_hh60_vol
2026-07-29,-0.04674372,2,break_hh60_vol
2026-07-30,-0.021105502,1,break_hh60_vol
2026-08-03,-0.056557886,1,break_hh60_vol
2026-08-07,-0.06819134,1,break_hh60_vol
2026-08-11,-0.03554435,1,break_hh60_vol
2026-08-20,-0.056956016,1,break_hh60_vol
2026-08-28,0.028160578,1,break_hh60_vol
2026-09-01,-0.010310514,1,break_hh60_vol
2026-09-09,-0.10068153,1,break_hh60_vol
2015-01-12,-0.038167298,1,new_high_250
2015-01-13,0.046035383,2,new_high_250
2015-01-15,-0.029480895,1,new_high_250
2015-01-16,-0.02806261,1,new_high_250
2015-01-23,-0.100665435,1,new_high_250
2015-02-16,0.014986817,1,new_high_250
2015-02-17,0.04562334,1,new_high_250
2015-02-27,-0.028711112,2,new_high_250
2015-03-02,0.060080156,1,new_high_250
2015-03-04,-0.06228469,1,new_high_250
2015-03-16,-0.022322468,2,new_high_250
2015-03-17,-0.047424596,1,new_high_250
2015-03-18,-0.0024410319,3,new_high_250
2015-03-20,0.069297634,2,new_high_250
2015-03-23,-0.035061907,3,new_high_250
2015-03-24,-0.043552455,4,new_high_250
2015-03-25,-0.073833525,1,new_high_250
2015-03-26,-0.029874278,2,new_high_250
2015-03-30,-0.037730757,7,new_high_250
2015-03-31,-0.002073817,1,new_high_250
2015-04-01,-0.050058886,2,new_high_250
2015-04-02,0.08400079,4,new_high_250
2015-04-03,-0.07682624,3,new_high_250
2015-04-07,0.044619445,8,new_high_250
2015-04-08,-0.03645625,1,new_high_250
2015-04-09,-0.026652161,4,new_high_250
2015-04-10,-0.03972319,2,new_high_250
2015-04-13,-0.014762275,6,new_high_250
2015-04-14,-0.04158392,1,new_high_250
2015-04-15,-0.007887669,1,new_high_250
2015-04-16,-0.023745937,3,new_high_250
2015-04-17,0.03576182,4,new_high_250
2015-04-20,-0.101870224,2,new_high_250
2015-04-21,0.024554795,8,new_high_250
2015-04-22,-0.018885633,4,new_high_250
2015-04-23,0.089297056,2,new_high_250
2015-04-24,0.026363537,2,new_high_250
2015-04-28,-0.056919903,1,new_high_250
2015-04-29,-0.029118113,2,new_high_250
2015-04-30,-0.05328051,1,new_high_250
2015-05-13,0.292774,1,new_high_250
2015-05-18,-0.02548042,1,new_high_250
2015-05-20,0.1498483,1,new_high_250
2015-05-21,-0.07592536,3,new_high_250
2015-05-22,0.07326917,2,new_high_250
2015-05-25,0.018015493,4,new_high_250
2015-05-26,-0.034820326,7,new_high_250
2015-05-27,0.063771084,5,new_high_250
2015-05-28,-0.1359775,1,new_high_250
2015-05-29,-0.10225256,1,new_high_250
2015-06-01,-0.07141887,5,new_high_250
2015-06-02,0.10261269,5,new_high_250
2015-06-03,-0.03255179,2,new_high_250
2015-06-04,-0.0034903223,2,new_high_250
2015-06-05,-0.015526402,3,new_high_250
2015-06-08,-0.0701328,4,new_high_250
2015-06-10,0.019367212,3,new_high_250
2015-06-11,-0.002240263,1,new_high_250
2015-06-12,0.03025128,4,new_high_250
2015-06-15,0.09296838,2,new_high_250
2015-06-23,0.055093423,1,new_high_250
2015-06-24,0.06780596,2,new_high_250
2015-06-25,-0.0055380017,2,new_high_250
2015-06-29,-0.1036104,1,new_high_250
2015-06-30,-0.12964877,1,new_high_250
2015-12-01,0.07253732,1,new_high_250
2015-12-17,-0.18820035,1,new_high_250
2016-01-06,-0.15907156,1,new_high_250
2016-07-12,-0.00214813,1,new_high_250
2016-07-15,-0.025809707,1,new_high_250
2016-07-20,-0.029920409,1,new_high_250
2016-08-15,-0.06690962,1,new_high_250
2016-08-23,-0.044523623,1,new_high_250
2016-10-26,0.008841313,1,new_high_250
2016-11-02,-0.033007726,2,new_high_250
2016-11-10,-0.04905601,1,new_high_250
2016-11-11,-0.01220093,1,new_high_250
2016-11-23,-0.0077339504,1,new_high_250
2016-11-24,-0.010275293,1,new_high_250
2016-11-28,-0.013972888,1,new_high_250
2016-12-01,-0.053352486,2,new_high_250
2016-12-06,0.08762664,1,new_high_250
2016-12-09,0.0064737424,1,new_high_250
2016-12-13,-0.07872968,1,new_high_250
2017-01-03,0.007024698,1,new_high_250
2017-01-12,0.020581007,1,new_high_250
2017-01-23,-0.08353832,1,new_high_250
2017-01-24,-0.007279404,1,new_high_250
2017-02-08,-0.011511223,1,new_high_250
2017-02-09,0.010035679,1,new_high_250
2017-02-10,0.013573228,1,new_high_250
2017-02-13,0.029236462,2,new_high_250
2017-02-14,0.017374974,1,new_high_250
2017-02-16,-0.014362862,1,new_high_250
2017-02-20,-0.027340222,1,new_high_250
2017-02-22,-0.0018306794,2,new_high_250
2017-03-07,-0.0012365445,1,new_high_250
2017-03-10,-0.02697841,1,new_high_250
2017-03-13,-0.02078807,1,new_high_250
2017-03-21,0.008033014,2,new_high_250
2017-03-22,-0.025230058,1,new_high_250
2017-03-24,-0.01735676,3,new_high_250
2017-03-28,0.0046049915,1,new_high_250
2017-04-05,-0.014617164,2,new_high_250
2017-04-10,-0.02444771,1,new_high_250
2017-04-11,-0.025759405,1,new_high_250
2017-04-12,-0.046338595,1,new_high_250
2017-04-19,0.054885592,2,new_high_250
2017-04-20,-0.010176193,3,new_high_250
2017-04-21,0.026393335,1,new_high_250
2017-04-25,-0.03354192,1,new_high_250
2017-05-03,-0.033693377,1,new_high_250
2017-05-05,0.022674076,1,new_high_250
2017-05-11,-0.07193033,1,new_high_250
2017-05-16,0.025732186,1,new_high_250
2017-05-19,-0.059613843,1,new_high_250
2017-05-25,-0.01295449,1,new_high_250
2017-06-06,0.016723178,1,new_high_250
2017-06-07,0.00037951348,2,new_high_250
2017-06-08,-0.009989251,3,new_high_250
2017-06-12,-0.0196325,5,new_high_250
2017-06-16,0.08803157,1,new_high_250
2017-06-19,-0.01568014,1,new_high_250
2017-06-20,0.061751455,1,new_high_250
2017-06-21,0.004433207,2,new_high_250
2017-06-22,0.053163253,1,new_high_250
2017-06-23,-0.043426894,2,new_high_250
2017-06-26,-0.029505087,2,new_high_250
2017-06-27,-0.035306945,1,new_high_250
2017-06-29,-0.028435776,1,new_high_250
2017-07-06,-0.0052838605,1,new_high_250
2017-07-10,0.057504784,1,new_high_250
2017-07-11,0.037508406,2,new_high_250
2017-07-13,0.013481971,1,new_high_250
2017-07-14,0.025015965,1,new_high_250
2017-07-19,-0.06252311,1,new_high_250
2017-07-20,-0.051717456,1,new_high_250
2017-07-21,-0.011804925,1,new_high_250
2017-07-24,0.044802852,1,new_high_250
2017-07-28,-0.024238154,1,new_high_250
2017-07-31,-0.024830595,2,new_high_250
2017-08-09,-0.0190312,1,new_high_250
2017-08-18,-0.021457365,1,new_high_250
2017-08-28,0.023728933,1,new_high_250
2017-08-31,0.009227423,1,new_high_250
2017-09-04,-0.0014812291,1,new_high_250
2017-09-06,-0.0057721045,1,new_high_250
2017-09-08,-0.023917997,2,new_high_250
2017-09-14,-0.046560455,1,new_high_250
2017-09-15,-0.060202878,1,new_high_250
2017-09-19,0.014830399,1,new_high_250
2017-09-22,0.08912023,1,new_high_250
2017-09-27,0.0027648248,1,new_high_250
2017-09-28,0.057641465,3,new_high_250
2017-10-09,0.042111736,5,new_high_250
2017-10-10,0.03552949,1,new_high_250
2017-10-13,-0.0064933854,4,new_high_250
2017-10-16,0.09643043,1,new_high_250
2017-10-17,0.06457417,1,new_high_250
2017-10-18,0.03631259,3,new_high_250
2017-10-23,-0.0056086946,2,new_high_250
2017-10-25,0.006696196,5,new_high_250
2017-10-26,0.008355625,2,new_high_250
2017-10-30,0.024833173,4,new_high_250
2017-10-31,0.06921187,2,new_high_250
2017-11-01,0.0830508,1,new_high_250
2017-11-06,-0.0032944693,9,new_high_250
2017-11-08,0.0602103,1,new_high_250
2017-11-09,0.028400294,2,new_high_250
2017-11-10,0.0029026684,4,new_high_250
2017-11-13,0.11276419,1,new_high_250
2017-11-16,0.007888496,2,new_high_250
2017-11-20,-0.04903667,3,new_high_250
2017-11-21,-0.02541318,3,new_high_250
2017-11-28,-0.02035586,1,new_high_250
2017-11-29,-0.060951117,1,new_high_250
2017-12-19,0.037372738,2,new_high_250
2017-12-22,0.034160748,1,new_high_250
2017-12-26,0.010023009,1,new_high_250
2017-12-27,0.05357344,1,new_high_250
2017-12-29,-0.0128399255,1,new_high_250
2018-01-02,-0.16257784,1,new_high_250
2018-01-05,0.010299071,1,new_high_250
2018-01-09,0.05742295,2,new_high_250
2018-01-11,-0.15386459,1,new_high_250
2018-01-12,-0.025607884,1,new_high_250
2018-01-15,0.021219768,2,new_high_250
2018-01-16,0.004284838,1,new_high_250
2018-01-22,0.009465726,1,new_high_250
2018-01-26,0.038475767,1,new_high_250
2018-02-26,-0.0013296725,1,new_high_250
2018-03-07,-0.02996421,1,new_high_250
2018-04-25,0.059477165,1,new_high_250
2018-05-15,-0.03828466,1,new_high_250
2018-05-16,0.0119210705,3,new_high_250
2018-05-23,-2.994854e-05,2,new_high_250
2018-05-28,-0.006105801,2,new_high_250
2018-06-12,0.0047919974,1,new_high_250
2018-06-25,-0.010040125,1,new_high_250
2018-06-29,-0.062514424,1,new_high_250
2018-07-02,0.023185963,1,new_high_250
2018-07-03,-0.08957478,1,new_high_250
2018-07-11,-0.01164563,1,new_high_250
2018-07-13,-0.05266395,1,new_high_250
2018-07-25,-0.004412748,1,new_high_250
2018-08-07,-0.007288542,1,new_high_250
2019-02-18,-0.058063,1,new_high_250
2019-02-22,-0.04204161,1,new_high_250
2019-02-25,-0.014969606,3,new_high_250
2019-02-26,-0.031781137,1,new_high_250
2019-03-01,-0.018861089,1,new_high_250
2019-03-04,-0.023807647,2,new_high_250
2019-03-06,-0.04624807,1,new_high_250
2019-03-07,-0.06764433,2,new_high_250
2019-03-08,-0.039625794,1,new_high_250
2019-03-12,-0.07099167,1,new_high_250
2019-03-15,-0.030072939,1,new_high_250
2019-03-18,-0.031691253,4,new_high_250
2019-03-20,0.0027583456,1,new_high_250
2019-03-21,-0.11096416,1,new_high_250
2019-03-22,-0.12841871,1,new_high_250
2019-03-25,-0.11748753,1,new_high_250
2019-03-27,0.07756378,2,new_high_250
2019-03-29,-0.0787477,1,new_high_250
2019-04-01,0.2600189,2,new_high_250
2019-04-03,0.008672144,2,new_high_250
2019-04-04,0.015384831,4,new_high_250
2019-04-08,-0.027699085,2,new_high_250
2019-04-09,-0.014713455,2,new_high_250
2019-04-10,-0.016203599,2,new_high_250
2019-04-16,0.021102116,1,new_high_250
2019-04-17,-0.09183439,1,new_high_250
2019-04-18,0.02735983,1,new_high_250
2019-04-19,0.018499395,2,new_high_250
2019-04-26,0.038731035,2,new_high_250
2019-05-16,-0.060240924,2,new_high_250
2019-06-19,0.017402872,1,new_high_250
2019-06-26,-0.007308075,1,new_high_250
2019-06-27,-0.074730806,1,new_high_250
2019-07-01,0.010881472,3,new_high_250
2019-07-12,-0.043376453,1,new_high_250
2019-07-26,-0.038123187,1,new_high_250
2019-08-12,-0.06146204,1,new_high_250
2019-08-21,-0.021565225,1,new_high_250
2019-08-22,0.05227059,1,new_high_250
2019-08-29,-0.010122452,1,new_high_250
2019-09-18,0.048712395,1,new_high_250
2019-09-20,0.0658364,1,new_high_250
2019-09-24,0.018730385,1,new_high_250
2019-09-25,0.036090363,1,new_high_250
2019-10-08,0.03797211,1,new_high_250
2019-10-11,-0.007618105,1,new_high_250
2019-10-16,0.05883301,1,new_high_250
2019-10-28,0.08722324,1,new_high_250
2019-10-31,0.031401403,1,new_high_250
2019-11-01,-0.013109226,3,new_high_250
2019-11-13,-0.014272372,1,new_high_250
2019-12-11,-0.025900885,1,new_high_250
2019-12-13,-0.00986415,1,new_high_250
2019-12-16,0.007067417,1,new_high_250
2019-12-17,-0.013769995,1,new_high_250
2019-12-18,0.009693943,1,new_high_250
2019-12-24,0.0173189,1,new_high_250
2019-12-25,0.06255156,1,new_high_250
2019-12-26,-0.05900059,1,new_high_250
2019-12-27,-0.026643993,1,new_high_250
2019-12-30,-0.03822113,2,new_high_250
2019-12-31,-0.04648348,1,new_high_250
2020-01-02,-0.007462524,5,new_high_250
2020-01-06,-0.038380057,2,new_high_250
2020-01-08,-0.0060433983,3,new_high_250
2020-01-09,0.052022565,2,new_high_250
2020-01-10,-0.021547727,1,new_high_250
2020-01-17,0.11455369,1,new_high_250
2020-01-20,0.06244603,2,new_high_250
2020-01-22,0.05782219,1,new_high_250
2020-02-05,-0.075460225,1,new_high_250
2020-02-06,-0.014648051,1,new_high_250
2020-02-12,0.18718436,1,new_high_250
2020-02-17,0.14546815,2,new_high_250
2020-02-18,0.16450977,1,new_high_250
2020-02-20,-0.06800035,2,new_high_250
2020-02-21,-0.13300389,1,new_high_250
2020-02-24,-0.026157834,3,new_high_250
2020-02-25,-0.12986715,1,new_high_250
2020-03-02,0.13452083,1,new_high_250
2020-03-05,0.008683419,2,new_high_250
2020-04-07,0.013376302,1,new_high_250
2020-04-09,0.0029311548,1,new_high_250
2020-04-16,0.0034662995,1,new_high_250
2020-04-22,0.031177683,1,new_high_250
2020-04-27,-0.011495689,1,new_high_250
2020-05-06,0.033672825,1,new_high_250
2020-05-11,-0.014202556,1,new_high_250
2020-05-12,0.058890346,1,new_high_250
2020-05-14,-0.0697147,1,new_high_250
2020-05-18,0.024736153,1,new_high_250
2020-06-04,-0.12612781,1,new_high_250
2020-06-08,-0.024390338,1,new_high_250
2020-06-09,0.05879314,1,new_high_250
2020-06-10,0.047626656,1,new_high_250
2020-06-16,0.0617647,3,new_high_250
2020-06-19,0.03505926,2,new_high_250
2020-06-24,0.041397355,1,new_high_250
2020-06-29,-0.06655936,2,new_high_250
2020-06-30,-0.081210166,1,new_high_250
2020-07-01,-0.05145006,3,new_high_250
2020-07-02,0.0015505552,2,new_high_250
2020-07-03,-0.037532303,2,new_high_250
2020-07-06,-0.021673525,6,new_high_250
2020-07-07,0.018195465,4,new_high_250
2020-07-08,-0.0424682,3,new_high_250
2020-07-09,-0.013328863,4,new_high_250
2020-07-10,0.01626119,3,new_high_250
2020-07-13,0.033367004,7,new_high_250
2020-07-14,0.06991942,2,new_high_250
2020-07-15,-0.0035071298,3,new_high_250
2020-07-20,-0.03827741,5,new_high_250
2020-07-22,-0.0069078133,2,new_high_250
2020-07-23,0.03615591,1,new_high_250
2020-07-24,-0.005175464,1,new_high_250
2020-07-28,-0.092914276,1,new_high_250
2020-07-29,-0.031107932,1,new_high_250
2020-07-31,0.015950477,1,new_high_250
2020-08-03,-0.06497206,1,new_high_250
2020-08-05,-0.037277237,3,new_high_250
2020-08-06,-0.060552258,1,new_high_250
2020-08-13,-0.06847575,1,new_high_250
2020-08-14,0.018308297,1,new_high_250
2020-08-19,0.05903469,1,new_high_250
2020-08-25,0.025403557,2,new_high_250
2020-08-27,0.015118537,1,new_high_250
2020-08-28,-0.07826765,1,new_high_250
2020-08-31,-0.008411575,1,new_high_250
2020-09-02,-0.0424517,3,new_high_250
2020-09-04,0.012534678,1,new_high_250
2020-09-10,0.06105808,1,new_high_250
2020-09-16,-0.0012484335,1,new_high_250
2020-09-18,-0.0593598,1,new_high_250
2020-09-23,-0.05943158,1,new_high_250
2020-09-30,-0.08557175,1,new_high_250
2020-10-12,-0.018296907,1,new_high_250
2020-10-13,0.04188738,2,new_high_250
2020-10-19,0.03905769,1,new_high_250
2020-10-20,-0.019158565,2,new_high_250
2020-10-21,-0.0030210847,1,new_high_250
2020-10-22,0.13132632,1,new_high_250
2020-10-28,0.12798354,1,new_high_250
2020-10-29,0.020689433,2,new_high_250
2020-11-02,0.024589874,3,new_high_250
2020-11-03,0.11019718,2,new_high_250
2020-11-04,0.03388157,1,new_high_250
2020-11-05,-0.038063336,2,new_high_250
2020-11-06,0.0014516944,1,new_high_250
2020-11-10,0.019179383,2,new_high_250
2020-11-12,-0.015961368,1,new_high_250
2020-11-16,-0.005026733,3,new_high_250
2020-11-17,-0.023901708,4,new_high_250
2020-11-19,0.05132854,1,new_high_250
2020-11-20,-0.046653386,2,new_high_250
2020-11-23,-0.00073704496,3,new_high_250
2020-11-24,-0.07441326,2,new_high_250
2020-11-27,0.03254749,1,new_high_250
2020-12-01,0.027810074,2,new_high_250
2020-12-02,-0.088763,2,new_high_250
2020-12-07,-0.06495583,1,new_high_250
2020-12-17,0.060211785,1,new_high_250
2020-12-21,0.075759605,1,new_high_250
2020-12-22,-0.11951769,1,new_high_250
2020-12-25,-0.062985346,1,new_high_250
2020-12-28,0.065490596,2,new_high_250
2020-12-30,0.002931632,1,new_high_250
2020-12-31,0.003611289,1,new_high_250
2021-01-04,0.04275843,3,new_high_250
2021-01-05,-0.01145231,3,new_high_250
2021-01-07,-0.032209925,3,new_high_250
2021-01-08,0.031179653,2,new_high_250
2021-01-12,-0.027148906,4,new_high_250
2021-01-13,-0.0101965545,2,new_high_250
2021-01-14,0.005294211,1,new_high_250
2021-01-18,-0.038785778,2,new_high_250
2021-01-20,-0.018890422,1,new_high_250
2021-01-21,-0.09130698,1,new_high_250
2021-01-22,-0.17350906,1,new_high_250
2021-01-27,0.20370531,2,new_high_250
2021-01-29,0.0752878,1,new_high_250
2021-02-01,0.048992753,2,new_high_250
2021-02-02,0.030686708,2,new_high_250
2021-02-09,-0.02045549,5,new_high_250
2021-02-10,-0.17965953,2,new_high_250
2021-02-18,-0.17630775,1,new_high_250
2021-02-19,-0.06422237,1,new_high_250
2021-02-22,-0.04180185,2,new_high_250
2021-02-25,-0.005288701,1,new_high_250
2021-03-01,-0.12996866,2,new_high_250
2021-03-05,0.17936137,1,new_high_250
2021-03-11,-0.0916233,1,new_high_250
2021-03-15,-0.048267484,1,new_high_250
2021-03-22,-0.0090488205,1,new_high_250
2021-03-23,0.091366716,1,new_high_250
2021-03-29,-0.1901336,1,new_high_250
2021-04-02,-0.06749806,1,new_high_250
2021-04-09,0.033153743,1,new_high_250
2021-04-12,-0.062626496,1,new_high_250
2021-04-21,-0.12369148,1,new_high_250
2021-05-07,-0.07406686,1,new_high_250
2021-05-17,0.019970926,1,new_high_250
2021-06-07,0.27764228,1,new_high_250
2021-06-18,0.006059557,1,new_high_250
2021-06-24,-0.016650269,1,new_high_250
2021-06-28,0.042488284,1,new_high_250
2021-07-02,-0.13971041,1,new_high_250
2021-07-07,-0.07338439,1,new_high_250
2021-07-08,0.045881905,1,new_high_250
2021-07-09,-0.12752198,1,new_high_250
2021-07-12,-0.037776962,1,new_high_250
2021-07-16,0.04716518,1,new_high_250
2021-07-21,-0.07656333,1,new_high_250
2021-07-22,0.02235092,4,new_high_250
2021-08-05,0.1943722,1,new_high_250
2021-08-06,-0.11254315,1,new_high_250
2021-08-13,0.093672454,1,new_high_250
2021-08-16,-0.0038553588,3,new_high_250
2021-08-19,-0.09237838,2,new_high_250
2021-08-20,0.2378527,2,new_high_250
2021-08-23,0.03472579,1,new_high_250
2021-08-24,-0.023512227,1,new_high_250
2021-08-25,-0.009008495,2,new_high_250
2021-08-26,-0.016352028,1,new_high_250
2021-08-27,-0.0041630287,2,new_high_250
2021-08-30,0.06831436,1,new_high_250
2021-08-31,-0.046834428,3,new_high_250
2021-09-02,-0.030775081,2,new_high_250
2021-09-03,-0.030026734,1,new_high_250
2021-09-06,-0.012491737,2,new_high_250
2021-09-07,-0.004474484,1,new_high_250
2021-09-08,-0.04390441,1,new_high_250
2021-09-09,0.021027325,3,new_high_250
2021-09-10,-0.018986112,2,new_high_250
2021-09-13,-0.037998516,2,new_high_250
2021-09-15,0.00973271,1,new_high_250
2021-09-16,0.06954104,1,new_high_250
2021-09-23,0.010839794,1,new_high_250
2021-10-15,0.050267655,1,new_high_250
2021-10-20,-0.009351332,1,new_high_250
2021-10-27,-0.13651334,1,new_high_250
2021-11-09,-0.043038014,2,new_high_250
2021-11-11,-0.019241871,1,new_high_250
2021-11-12,-0.050495185,1,new_high_250
2021-11-19,0.044568904,1,new_high_250
2021-11-23,0.06191184,1,new_high_250
2021-11-25,-0.0517297,1,new_high_250
2021-11-30,-0.015850568,1,new_high_250
2021-12-02,-0.04151483,1,new_high_250
2021-12-08,0.2182609,1,new_high_250
2021-12-13,-0.012781931,1,new_high_250
2021-12-15,-0.10767781,1,new_high_250
2021-12-16,0.093752086,1,new_high_250
2021-12-23,-0.070727155,1,new_high_250
2021-12-27,-0.16879821,1,new_high_250
2022-01-04,-0.033265743,1,new_high_250
2022-06-17,-0.014448642,1,new_high_250
2022-06-27,-0.048774317,1,new_high_250
2022-06-30,-0.051485002,1,new_high_250
2022-07-01,-0.00871042,1,new_high_250
2022-07-06,0.1116092,1,new_high_250
2022-07-12,-0.022313466,1,new_high_250
2022-07-20,0.02959162,1,new_high_250
2022-07-27,0.0065639615,1,new_high_250
2022-08-10,-0.021860251,1,new_high_250
2022-08-24,-0.119497694,1,new_high_250
2022-11-04,0.038741358,1,new_high_250
2022-11-10,-0.0662959,1,new_high_250
2023-01-05,-0.007220583,1,new_high_250
2023-01-16,-0.023051547,1,new_high_250
2023-02-02,0.07012455,1,new_high_250
2023-02-09,0.0026110555,1,new_high_250
2023-02-13,0.039048757,2,new_high_250
2023-02-15,-0.055873156,1,new_high_250
2023-02-20,0.011053165,1,new_high_250
2023-02-23,0.02233525,1,new_high_250
2023-02-27,-0.022855131,1,new_high_250
2023-03-01,0.029265422,1,new_high_250
2023-03-02,-0.031462118,2,new_high_250
2023-03-13,0.02837488,1,new_high_250
2023-03-17,0.0046193153,1,new_high_250
2023-03-23,-0.060744144,2,new_high_250
2023-03-24,0.08066636,2,new_high_250
2023-03-31,-0.0323069,1,new_high_250
2023-04-11,0.021497358,1,new_high_250
2023-04-12,0.038854748,1,new_high_250
2023-04-14,-0.012594711,1,new_high_250
2023-04-17,0.057803024,1,new_high_250
2023-04-20,-0.011839515,1,new_high_250
2023-04-28,-0.013992749,2,new_high_250
2023-05-04,0.023396019,1,new_high_250
2023-05-05,0.06432046,1,new_high_250
2023-05-31,-0.02645541,1,new_high_250
2023-06-16,0.13722515,1,new_high_250
2023-06-27,-0.0031882077,1,new_high_250
2023-06-30,-0.020888496,1,new_high_250
2023-07-05,-0.03833268,1,new_high_250
2023-07-13,-0.023246136,1,new_high_250
2023-07-18,0.00785148,1,new_high_250
2023-07-19,0.02249424,1,new_high_250
2023-07-25,-0.015840609,1,new_high_250
2023-07-31,0.009803977,2,new_high_250
2023-08-02,0.10643632,1,new_high_250
2023-08-04,0.04954155,1,new_high_250
2023-08-08,0.010088425,1,new_high_250
2023-10-16,0.02632515,1,new_high_250
2023-10-25,-0.0040738415,1,new_high_250
2023-11-09,-0.0069787786,1,new_high_250
2023-11-17,0.022307685,1,new_high_250
2023-11-23,0.16317983,1,new_high_250
2023-11-27,-0.060623735,1,new_high_250
2023-11-28,-0.046187747,1,new_high_250
2023-11-29,0.02429954,1,new_high_250
2024-01-02,0.042316087,1,new_high_250
2024-01-04,0.023611646,1,new_high_250
2024-01-25,-0.027831566,1,new_high_250
2024-01-29,0.08321595,2,new_high_250
2024-02-06,-0.03538732,3,new_high_250
2024-02-07,-0.02580618,2,new_high_250
2024-02-19,-0.00020797085,1,new_high_250
2024-02-23,0.020290274,1,new_high_250
2024-02-26,-0.0625932,1,new_high_250
2024-02-29,0.02585722,2,new_high_250
2024-03-01,-0.0056037745,2,new_high_250
2024-03-04,-0.034304526,1,new_high_250
2024-03-06,-0.08229384,1,new_high_250
2024-03-07,0.04419922,1,new_high_250
2024-03-15,-0.041948996,2,new_high_250
2024-03-18,-0.01259139,2,new_high_250
2024-03-29,0.012107038,1,new_high_250
2024-04-01,0.02465683,4,new_high_250
2024-04-02,0.032624744,1,new_high_250
2024-04-03,-0.0037003756,3,new_high_250
2024-04-08,0.031220732,3,new_high_250
2024-04-10,0.032562155,1,new_high_250
2024-04-11,0.035696834,2,new_high_250
2024-04-15,0.005206979,4,new_high_250
2024-04-16,0.000535714,1,new_high_250
2024-04-17,-0.05697135,2,new_high_250
2024-04-18,-0.0011067372,2,new_high_250
2024-04-19,-0.018995158,1,new_high_250
2024-04-30,-6.132526e-05,2,new_high_250
2024-05-06,-0.03171248,1,new_high_250
2024-05-07,0.010919439,2,new_high_250
2024-05-09,-0.0026869513,1,new_high_250
2024-05-13,-0.021375647,4,new_high_250
2024-05-14,-0.0095753325,1,new_high_250
2024-05-20,-0.02243941,1,new_high_250
2024-05-27,0.06119539,1,new_high_250
2024-06-04,-0.036680065,2,new_high_250
2024-06-07,-0.044525832,1,new_high_250
2024-07-01,0.04889311,1,new_high_250
2024-07-09,-0.054372855,1,new_high_250
2024-07-25,-0.06887467,1,new_high_250
2024-09-23,-0.11600655,1,new_high_250
2024-09-25,-0.06819751,2,new_high_250
2024-09-26,0.0010935962,3,new_high_250
2024-09-30,0.0036620721,1,new_high_250
2024-10-08,0.004677056,7,new_high_250
2024-10-11,-0.07881824,1,new_high_250
2024-10-25,-0.022652965,1,new_high_250
2024-10-28,-0.037830796,1,new_high_250
2024-10-30,-0.14055951,1,new_high_250
2024-10-31,-0.02472613,1,new_high_250
2024-11-04,-0.05103378,1,new_high_250
2024-11-05,-0.07205542,1,new_high_250
2024-11-11,-0.012113575,2,new_high_250
2024-12-19,0.109470166,1,new_high_250
2024-12-26,-0.07061583,1,new_high_250
2025-01-21,0.0065939333,1,new_high_250
2025-02-10,0.19383797,1,new_high_250
2025-02-13,0.20374271,1,new_high_250
2025-02-14,0.09528816,1,new_high_250
2025-02-21,-0.056696214,1,new_high_250
2025-02-24,0.028687552,1,new_high_250
2025-03-05,0.0018502921,1,new_high_250
2025-03-11,-0.02012393,2,new_high_250
2025-03-18,-0.0046230815,1,new_high_250
2025-04-03,0.01866191,1,new_high_250
2025-04-10,-0.100852035,1,new_high_250
2025-05-12,-0.050851308,1,new_high_250
2025-05-28,-0.039696436,1,new_high_250
2025-06-11,0.033050753,1,new_high_250
2025-06-24,0.007805852,1,new_high_250
2025-06-26,0.031022115,1,new_high_250
2025-06-27,-0.04469622,1,new_high_250
2025-06-30,-0.09972785,1,new_high_250
2025-07-07,-0.0037624128,1,new_high_250
2025-07-10,-0.044387594,2,new_high_250
2025-07-21,0.045556024,1,new_high_250
2025-07-22,-0.049262673,1,new_high_250
2025-07-24,-0.013740977,1,new_high_250
2025-08-05,0.030094849,1,new_high_250
2025-08-13,-0.0299269,1,new_high_250
2025-08-15,-0.022218773,1,new_high_250
2025-08-21,0.19248258,1,new_high_250
2025-08-22,-0.022122212,2,new_high_250
2025-08-25,0.049559776,1,new_high_250
2025-08-28,-0.14693514,1,new_high_250
2025-08-29,0.07897763,1,new_high_250
2025-09-01,-0.03555305,4,new_high_250
2025-09-02,-0.008036746,1,new_high_250
2025-09-03,-0.0231813,1,new_high_250
2025-09-05,-0.031238602,1,new_high_250
2025-09-08,-0.028525861,1,new_high_250
2025-09-12,-0.04300102,2,new_high_250
2025-09-17,0.00042969454,1,new_high_250
2025-09-19,-0.014353489,1,new_high_250
2025-09-24,0.15408525,1,new_high_250
2025-09-25,-0.062339842,1,new_high_250
2025-09-26,-0.087996155,1,new_high_250
2025-09-29,0.03349442,2,new_high_250
2025-09-30,-0.04164711,3,new_high_250
2025-10-09,0.0170211,2,new_high_250
2025-10-10,-0.06579714,1,new_high_250
2025-10-13,-0.055181485,1,new_high_250
2025-10-23,-0.06802806,1,new_high_250
2025-10-27,0.0016117636,1,new_high_250
2025-10-29,-0.035681523,2,new_high_250
2025-11-06,-0.029897474,4,new_high_250
2025-11-07,0.061554678,1,new_high_250
2025-11-10,0.04887022,1,new_high_250
2025-11-12,-0.013334714,2,new_high_250
2025-11-14,-0.010287359,1,new_high_250
2025-11-17,-0.13226523,1,new_high_250
2025-12-01,-0.03177598,1,new_high_250
2025-12-02,0.011359913,2,new_high_250
2025-12-04,0.09498238,1,new_high_250
2025-12-08,0.06814641,1,new_high_250
2025-12-10,0.067475826,1,new_high_250
2025-12-17,0.03338979,1,new_high_250
2025-12-19,0.07414496,1,new_high_250
2025-12-22,0.13218026,1,new_high_250
2025-12-24,0.15880024,1,new_high_250
2025-12-26,0.0023168651,2,new_high_250
2025-12-30,0.0005089715,2,new_high_250
2025-12-31,-0.08245395,1,new_high_250
2026-01-05,-0.09809952,2,new_high_250
2026-01-06,0.028687306,3,new_high_250
2026-01-07,-0.0543846,1,new_high_250
2026-01-08,-0.063716434,1,new_high_250
2026-01-09,0.054541405,3,new_high_250
2026-01-12,-0.015698932,1,new_high_250
2026-01-13,0.083716236,2,new_high_250
2026-01-14,0.045459736,2,new_high_250
2026-01-15,0.019129865,2,new_high_250
2026-01-19,-0.017246656,2,new_high_250
2026-01-20,0.005279992,1,new_high_250
2026-01-21,0.19026342,1,new_high_250
2026-01-22,0.015910063,5,new_high_250
2026-01-23,0.025404163,4,new_high_250
2026-01-26,-0.047550388,2,new_high_250
2026-01-27,0.022781068,1,new_high_250
2026-01-28,-0.16347662,2,new_high_250
2026-02-03,0.028464777,1,new_high_250
2026-02-04,-0.031022877,2,new_high_250
2026-02-05,0.059900656,1,new_high_250
2026-02-09,0.04093488,3,new_high_250
2026-02-12,0.124735594,2,new_high_250
2026-02-13,-0.09491114,1,new_high_250
2026-02-24,-0.039644647,5,new_high_250
2026-02-25,0.07270335,2,new_high_250
2026-02-26,-0.015649643,2,new_high_250
2026-02-27,0.0019471161,1,new_high_250
2026-03-02,-0.00631018,2,new_high_250
2026-03-03,-0.21581046,1,new_high_250
2026-03-05,0.06822265,1,new_high_250
2026-03-09,-0.03068079,1,new_high_250
2026-03-10,0.09581756,1,new_high_250
2026-03-11,-0.059218343,1,new_high_250
2026-03-12,-0.05446552,1,new_high_250
2026-03-19,0.20110986,1,new_high_250
2026-03-25,-0.2358542,1,new_high_250
2026-03-26,-0.1234861,1,new_high_250
2026-03-27,-0.0018399991,1,new_high_250
2026-04-07,0.1757595,1,new_high_250
2026-04-24,-0.012856603,1,new_high_250
2026-04-28,-0.10640822,1,new_high_250
2026-04-30,-0.09073904,2,new_high_250
2026-05-06,0.032535035,1,new_high_250
2026-05-18,0.11536976,1,new_high_250
2026-05-22,-0.010839452,1,new_high_250
2026-05-25,-0.11818979,1,new_high_250
2026-06-03,-0.05185203,2,new_high_250
2026-06-04,0.00898103,1,new_high_250
2026-06-10,-0.09337973,1,new_high_250
2026-06-11,0.26309982,1,new_high_250
2026-06-15,0.12502068,1,new_high_250
2026-06-18,-0.027702345,1,new_high_250
2026-06-24,-0.016982727,2,new_high_250
2026-06-25,0.13328345,2,new_high_250
2026-06-29,-0.13856551,1,new_high_250
2026-06-30,-0.105247185,2,new_high_250
2026-07-01,-0.17833082,1,new_high_250
2026-07-06,0.0019071512,1,new_high_250
2026-07-15,-0.0026237713,2,new_high_250
2026-07-20,-0.020307023,1,new_high_250
2026-07-23,-0.015025029,1,new_high_250
2026-07-27,-0.048317865,1,new_high_250
2026-07-29,-0.038830362,1,new_high_250
2026-08-04,-0.017118705,1,new_high_250
2026-08-07,-0.06819134,1,new_high_250
2026-08-20,-0.056956016,1,new_high_250
2026-09-01,-0.010310514,1,new_high_250
2015-01-09,0.015436153,1,close_x_ma60_dn
2015-01-14,0.01479655,3,close_x_ma60_dn
2015-01-19,0.016598849,6,close_x_ma60_dn
2015-01-23,-0.04612222,1,close_x_ma60_dn
2015-01-27,-0.044258244,1,close_x_ma60_dn
2015-01-28,0.0026377202,1,close_x_ma60_dn
2015-01-29,-0.0005440144,2,close_x_ma60_dn
2015-01-30,0.0027720516,3,close_x_ma60_dn
2015-02-02,-0.005357012,4,close_x_ma60_dn
2015-02-04,-0.01695499,1,close_x_ma60_dn
2015-02-05,-0.015896214,7,close_x_ma60_dn
2015-02-06,0.009933415,11,close_x_ma60_dn
2015-02-12,0.0043347627,1,close_x_ma60_dn
2015-02-25,0.030105779,3,close_x_ma60_dn
2015-03-03,-0.012228633,8,close_x_ma60_dn
2015-03-04,-0.026068358,1,close_x_ma60_dn
2015-03-05,-0.006307724,1,close_x_ma60_dn
2015-03-06,-0.010622019,4,close_x_ma60_dn
2015-03-13,-0.021941788,1,close_x_ma60_dn
2015-03-25,0.029117893,1,close_x_ma60_dn
2015-05-06,-0.009165786,2,close_x_ma60_dn
2015-05-07,0.010458328,2,close_x_ma60_dn
2015-05-14,-0.015163679,1,close_x_ma60_dn
2015-05-15,-0.041310124,2,close_x_ma60_dn
2015-05-18,-0.026858374,1,close_x_ma60_dn
2015-05-28,-0.04857228,2,close_x_ma60_dn
2015-05-29,0.0019776176,3,close_x_ma60_dn
2015-06-10,0.0050022528,1,close_x_ma60_dn
2015-06-15,0.03138932,1,close_x_ma60_dn
2015-06-18,-0.009840756,3,close_x_ma60_dn
2015-06-19,-0.02201585,9,close_x_ma60_dn
2015-06-25,0.0025726364,5,close_x_ma60_dn
2015-06-26,-0.022470094,9,close_x_ma60_dn
2015-06-29,0.04076481,2,close_x_ma60_dn
2015-07-01,-0.019170674,8,close_x_ma60_dn
2015-07-02,0.021756705,2,close_x_ma60_dn
2015-07-03,-0.052472632,6,close_x_ma60_dn
2015-07-08,-0.074948445,1,close_x_ma60_dn
2015-07-14,0.011305996,3,close_x_ma60_dn
2015-07-20,-0.027282909,1,close_x_ma60_dn
2015-07-22,0.04946058,1,close_x_ma60_dn
2015-07-27,0.015493631,3,close_x_ma60_dn
2015-07-28,-0.06330097,2,close_x_ma60_dn
2015-07-30,-0.026516572,1,close_x_ma60_dn
2015-08-03,0.16301058,1,close_x_ma60_dn
2015-08-06,-0.037603285,2,close_x_ma60_dn
2015-08-12,0.0019434175,3,close_x_ma60_dn
2015-08-13,0.001353927,1,close_x_ma60_dn
2015-08-18,0.0055044615,7,close_x_ma60_dn
2015-08-20,-0.026945308,4,close_x_ma60_dn
2015-08-21,-0.028893948,3,close_x_ma60_dn
2015-09-07,0.029409772,1,close_x_ma60_dn
2015-09-30,-0.01771368,1,close_x_ma60_dn
2015-10-14,-0.009027147,1,close_x_ma60_dn
2015-10-19,0.0068838224,2,close_x_ma60_dn
2015-10-21,0.03877251,8,close_x_ma60_dn
2015-10-28,0.03551302,4,close_x_ma60_dn
2015-11-02,0.011885459,5,close_x_ma60_dn
2015-11-03,-0.023419224,1,close_x_ma60_dn
2015-11-12,0.009927386,2,close_x_ma60_dn
2015-11-13,0.014116898,1,close_x_ma60_dn
2015-11-27,0.0025752261,10,close_x_ma60_dn
2015-11-30,-0.0073106717,2,close_x_ma60_dn
2015-12-04,-0.02622499,2,close_x_ma60_dn
2015-12-08,-0.0063473457,7,close_x_ma60_dn
2015-12-09,0.014670774,2,close_x_ma60_dn
2015-12-10,-0.01790545,2,close_x_ma60_dn
2015-12-11,0.0116269365,3,close_x_ma60_dn
2015-12-15,-0.024160292,2,close_x_ma60_dn
2015-12-16,-0.031380508,2,close_x_ma60_dn
2015-12-18,-0.008126155,1,close_x_ma60_dn
2015-12-21,0.006426867,1,close_x_ma60_dn
2015-12-23,0.038747333,3,close_x_ma60_dn
2015-12-24,0.006915721,5,close_x_ma60_dn
2015-12-28,-0.004752061,9,close_x_ma60_dn
2015-12-30,-0.069231406,1,close_x_ma60_dn
2015-12-31,0.028757207,2,close_x_ma60_dn
2016-01-04,-0.014684789,20,close_x_ma60_dn
2016-01-07,0.023289045,9,close_x_ma60_dn
2016-01-11,-0.033899337,4,close_x_ma60_dn
2016-01-12,0.0059994813,1,close_x_ma60_dn
2016-01-13,-0.007981662,1,close_x_ma60_dn
2016-01-15,-0.05322981,1,close_x_ma60_dn
2016-01-18,0.014354295,1,close_x_ma60_dn
2016-01-20,0.078495696,1,close_x_ma60_dn
2016-02-03,0.049270887,1,close_x_ma60_dn
2016-02-05,0.09919022,1,close_x_ma60_dn
2016-02-18,0.012645319,1,close_x_ma60_dn
2016-02-25,-0.057667144,1,close_x_ma60_dn
2016-02-29,-0.052558374,1,close_x_ma60_dn
2016-03-03,0.04613234,3,close_x_ma60_dn
2016-03-04,-0.03854331,1,close_x_ma60_dn
2016-03-08,0.041917402,1,close_x_ma60_dn
2016-03-09,-0.027332637,5,close_x_ma60_dn
2016-03-10,-0.0150289,1,close_x_ma60_dn
2016-03-22,0.02011262,3,close_x_ma60_dn
2016-03-23,-0.0033766986,1,close_x_ma60_dn
2016-03-24,0.007592273,10,close_x_ma60_dn
2016-03-28,-0.009810895,4,close_x_ma60_dn
2016-03-29,-0.017806662,3,close_x_ma60_dn
2016-04-01,0.015684552,3,close_x_ma60_dn
2016-04-06,0.06453405,1,close_x_ma60_dn
2016-04-07,0.032196514,2,close_x_ma60_dn
2016-04-08,0.027239498,2,close_x_ma60_dn
2016-04-12,0.0376541,3,close_x_ma60_dn
2016-04-18,-0.00027535856,1,close_x_ma60_dn
2016-04-20,-0.008166399,13,close_x_ma60_dn
2016-04-21,0.009762686,4,close_x_ma60_dn
2016-04-22,-0.039197687,3,close_x_ma60_dn
2016-04-25,0.021746261,3,close_x_ma60_dn
2016-04-27,-0.022583077,1,close_x_ma60_dn
2016-04-28,0.0052129473,2,close_x_ma60_dn
2016-04-29,-0.052021608,1,close_x_ma60_dn
2016-05-04,0.06943647,1,close_x_ma60_dn
2016-05-05,0.039605998,1,close_x_ma60_dn
2016-05-06,-0.022196632,8,close_x_ma60_dn
2016-05-09,0.002393016,4,close_x_ma60_dn
2016-05-10,-0.047516022,1,close_x_ma60_dn
2016-05-12,-0.0029713553,2,close_x_ma60_dn
2016-05-13,0.008699323,1,close_x_ma60_dn
2016-05-17,-0.0034664888,1,close_x_ma60_dn
2016-05-18,-0.0020047235,2,close_x_ma60_dn
2016-06-01,-0.0007056268,4,close_x_ma60_dn
2016-06-06,-0.024975155,1,close_x_ma60_dn
2016-06-08,-0.010159391,1,close_x_ma60_dn
2016-06-13,0.068719886,5,close_x_ma60_dn
2016-06-20,-0.0348221,1,close_x_ma60_dn
2016-06-24,-0.015281402,4,close_x_ma60_dn
2016-06-29,0.057757877,1,close_x_ma60_dn
2016-07-05,0.032152247,1,close_x_ma60_dn
2016-07-08,-0.004769407,1,close_x_ma60_dn
2016-07-18,0.0030723382,1,close_x_ma60_dn
2016-07-19,-0.01184475,1,close_x_ma60_dn
2016-07-22,-0.0018499843,2,close_x_ma60_dn
2016-07-25,-0.010878105,1,close_x_ma60_dn
2016-07-27,-0.023688033,7,close_x_ma60_dn
2016-07-29,-0.014198131,2,close_x_ma60_dn
2016-08-01,0.03687405,3,close_x_ma60_dn
2016-08-03,0.0106797535,1,close_x_ma60_dn
2016-08-04,0.0033118958,1,close_x_ma60_dn
2016-08-09,-0.02685956,1,close_x_ma60_dn
2016-08-11,-0.0024107723,4,close_x_ma60_dn
2016-08-19,-0.018858971,1,close_x_ma60_dn
2016-08-22,0.0030165927,3,close_x_ma60_dn
2016-08-23,-0.024385808,1,close_x_ma60_dn
2016-08-24,-0.016566407,1,close_x_ma60_dn
2016-08-25,-0.012004261,3,close_x_ma60_dn
2016-08-31,-0.026399098,1,close_x_ma60_dn
2016-09-09,0.007114209,3,close_x_ma60_dn
2016-09-12,-0.00091515674,13,close_x_ma60_dn
2016-09-14,-0.022667304,3,close_x_ma60_dn
2016-09-20,-0.010662969,1,close_x_ma60_dn
2016-09-21,0.0035859905,1,close_x_ma60_dn
2016-09-22,-0.0057623843,1,close_x_ma60_dn
2016-09-23,-0.011184801,3,close_x_ma60_dn
2016-09-26,-0.0022794635,5,close_x_ma60_dn
2016-09-28,0.054161407,1,close_x_ma60_dn
2016-09-29,-0.030917043,1,close_x_ma60_dn
2016-10-12,0.009407315,4,close_x_ma60_dn
2016-10-14,-0.00396201,2,close_x_ma60_dn
2016-10-17,0.012477846,7,close_x_ma60_dn
2016-10-19,-0.011025956,2,close_x_ma60_dn
2016-10-20,0.014486699,2,close_x_ma60_dn
2016-10-21,-0.012704153,2,close_x_ma60_dn
2016-10-25,-0.0060176635,1,close_x_ma60_dn
2016-10-26,-0.031725284,2,close_x_ma60_dn
2016-10-27,-0.021914406,3,close_x_ma60_dn
2016-10-28,-0.0056059216,2,close_x_ma60_dn
2016-10-31,-0.01563269,3,close_x_ma60_dn
2016-11-02,-0.054228105,1,close_x_ma60_dn
2016-11-07,-0.017631296,3,close_x_ma60_dn
2016-11-14,0.00070976047,1,close_x_ma60_dn
2016-11-16,0.0027308557,1,close_x_ma60_dn
2016-11-17,-0.0066568824,2,close_x_ma60_dn
2016-11-21,-0.0043909084,1,close_x_ma60_dn
2016-11-24,0.027315617,1,close_x_ma60_dn
2016-11-25,0.022343257,1,close_x_ma60_dn
2016-11-29,0.0045405608,1,close_x_ma60_dn
2016-12-02,-0.016531501,1,close_x_ma60_dn
2016-12-05,-0.028954806,4,close_x_ma60_dn
2016-12-06,-0.02806531,1,close_x_ma60_dn
2016-12-09,0.06106045,2,close_x_ma60_dn
2016-12-12,-0.0059209433,9,close_x_ma60_dn
2016-12-14,0.0046990765,4,close_x_ma60_dn
2016-12-15,-0.039726622,1,close_x_ma60_dn
2016-12-16,0.014505493,2,close_x_ma60_dn
2016-12-19,0.0011582542,1,close_x_ma60_dn
2016-12-20,-0.013764624,2,close_x_ma60_dn
2016-12-21,0.02503306,2,close_x_ma60_dn
2016-12-22,-0.01872349,2,close_x_ma60_dn
2016-12-23,0.0024481218,5,close_x_ma60_dn
2016-12-26,-0.043743946,1,close_x_ma60_dn
2016-12-27,0.0008695107,1,close_x_ma60_dn
2016-12-28,0.0043752226,3,close_x_ma60_dn
2016-12-30,-0.0012761652,2,close_x_ma60_dn
2017-01-05,-0.02916509,1,close_x_ma60_dn
2017-01-06,0.017690815,3,close_x_ma60_dn
2017-01-09,0.0027467087,1,close_x_ma60_dn
2017-01-10,-0.032022174,3,close_x_ma60_dn
2017-01-11,0.0009554289,5,close_x_ma60_dn
2017-01-12,0.03681094,3,close_x_ma60_dn
2017-01-13,0.011965349,4,close_x_ma60_dn
2017-01-16,0.032606415,1,close_x_ma60_dn
2017-01-17,0.042169522,3,close_x_ma60_dn
2017-01-19,0.042653903,2,close_x_ma60_dn
2017-01-23,0.00072491076,1,close_x_ma60_dn
2017-01-24,0.0127562955,1,close_x_ma60_dn
2017-01-25,-0.01002447,1,close_x_ma60_dn
2017-01-26,0.02866852,1,close_x_ma60_dn
2017-02-03,-0.004016079,4,close_x_ma60_dn
2017-02-07,-0.03574168,2,close_x_ma60_dn
2017-02-10,0.0077486085,1,close_x_ma60_dn
2017-02-15,0.0056803506,1,close_x_ma60_dn
2017-02-17,-0.010172209,3,close_x_ma60_dn
2017-02-22,0.030369908,2,close_x_ma60_dn
2017-02-23,0.009850203,1,close_x_ma60_dn
2017-02-24,-0.02247982,2,close_x_ma60_dn
2017-02-27,0.01488716,5,close_x_ma60_dn
2017-03-01,-0.0060096523,1,close_x_ma60_dn
2017-03-02,-0.024094984,1,close_x_ma60_dn
2017-03-07,-0.01456696,1,close_x_ma60_dn
2017-03-09,-0.006430668,1,close_x_ma60_dn
2017-03-10,0.004173235,1,close_x_ma60_dn
2017-03-13,0.012051422,1,close_x_ma60_dn
2017-03-14,-0.0032840143,1,close_x_ma60_dn
2017-03-15,-0.041102745,1,close_x_ma60_dn
2017-03-17,0.0005763866,5,close_x_ma60_dn
2017-03-20,-0.0017141695,2,close_x_ma60_dn
2017-03-21,-0.07888743,1,close_x_ma60_dn
2017-03-22,0.019532494,4,close_x_ma60_dn
2017-03-27,-0.10224729,1,close_x_ma60_dn
2017-03-28,0.0010359325,5,close_x_ma60_dn
2017-03-29,0.004448129,1,close_x_ma60_dn
2017-03-30,-0.0016970262,5,close_x_ma60_dn
2017-03-31,0.051285,2,close_x_ma60_dn
2017-04-07,-0.021098107,1,close_x_ma60_dn
2017-04-10,0.029067796,1,close_x_ma60_dn
2017-04-12,-0.010488369,1,close_x_ma60_dn
2017-04-13,-0.022911483,1,close_x_ma60_dn
2017-04-14,-0.004298975,4,close_x_ma60_dn
2017-04-17,-0.019515395,4,close_x_ma60_dn
2017-04-18,-0.0062849517,2,close_x_ma60_dn
2017-04-19,-0.039388154,2,close_x_ma60_dn
2017-04-21,0.000652045,1,close_x_ma60_dn
2017-04-24,0.0043859784,6,close_x_ma60_dn
2017-04-28,-0.02467297,1,close_x_ma60_dn
2017-05-02,-0.0128697455,1,close_x_ma60_dn
2017-05-03,-0.084480256,1,close_x_ma60_dn
2017-05-05,-0.037896853,1,close_x_ma60_dn
2017-05-08,0.037044365,1,close_x_ma60_dn
2017-05-10,0.049568247,1,close_x_ma60_dn
2017-05-22,-0.03654262,3,close_x_ma60_dn
2017-05-23,-0.019978017,1,close_x_ma60_dn
2017-05-31,0.037110463,1,close_x_ma60_dn
2017-06-01,-0.024375683,2,close_x_ma60_dn
2017-06-05,-0.023537043,1,close_x_ma60_dn
2017-06-06,0.012028493,1,close_x_ma60_dn
2017-06-08,-0.011468073,1,close_x_ma60_dn
2017-06-14,-0.010180939,1,close_x_ma60_dn
2017-06-16,-0.008520843,1,close_x_ma60_dn
2017-06-20,-0.043808777,1,close_x_ma60_dn
2017-06-22,-0.028826553,1,close_x_ma60_dn
2017-06-23,-0.041896373,1,close_x_ma60_dn
2017-06-27,-0.011127438,2,close_x_ma60_dn
2017-06-28,0.027171783,1,close_x_ma60_dn
2017-06-29,0.01001983,1,close_x_ma60_dn
2017-07-04,-0.023510173,1,close_x_ma60_dn
2017-07-06,-0.015414934,1,close_x_ma60_dn
2017-07-11,-0.044645913,1,close_x_ma60_dn
2017-07-12,0.030558422,3,close_x_ma60_dn
2017-07-14,-0.006854294,1,close_x_ma60_dn
2017-07-17,-0.004595782,11,close_x_ma60_dn
2017-07-18,0.030847497,1,close_x_ma60_dn
2017-07-21,-0.037855536,2,close_x_ma60_dn
2017-07-25,0.025083806,4,close_x_ma60_dn
2017-07-26,-0.0019852128,2,close_x_ma60_dn
2017-07-27,-0.0012957389,1,close_x_ma60_dn
2017-07-31,-0.10017357,1,close_x_ma60_dn
2017-08-01,-0.013329739,1,close_x_ma60_dn
2017-08-02,-0.007950109,1,close_x_ma60_dn
2017-08-03,-0.00015072648,3,close_x_ma60_dn
2017-08-04,0.03456888,2,close_x_ma60_dn
2017-08-07,0.056234248,2,close_x_ma60_dn
2017-08-08,0.01163774,2,close_x_ma60_dn
2017-08-09,0.0522561,1,close_x_ma60_dn
2017-08-10,-0.015113182,2,close_x_ma60_dn
2017-08-11,-0.0011308445,6,close_x_ma60_dn
2017-08-15,-0.014489703,1,close_x_ma60_dn
2017-08-16,0.026549323,1,close_x_ma60_dn
2017-08-24,-0.0046657817,5,close_x_ma60_dn
2017-08-29,-0.013113312,2,close_x_ma60_dn
2017-08-31,0.010732417,6,close_x_ma60_dn
2017-09-05,0.011206884,1,close_x_ma60_dn
2017-09-06,0.00071966276,1,close_x_ma60_dn
2017-09-07,0.006282834,3,close_x_ma60_dn
2017-09-08,0.07799153,1,close_x_ma60_dn
2017-09-11,-0.017458737,1,close_x_ma60_dn
2017-09-12,0.01617133,3,close_x_ma60_dn
2017-09-14,-0.0055638445,2,close_x_ma60_dn
2017-09-15,-0.012593363,4,close_x_ma60_dn
2017-09-18,-0.009416694,1,close_x_ma60_dn
2017-09-19,-0.006117592,5,close_x_ma60_dn
2017-09-20,-0.010461838,1,close_x_ma60_dn
2017-09-21,-0.012903636,5,close_x_ma60_dn
2017-09-22,0.005119907,3,close_x_ma60_dn
2017-09-25,-0.017261587,4,close_x_ma60_dn
2017-09-26,-0.009621592,2,close_x_ma60_dn
2017-09-27,0.017524127,1,close_x_ma60_dn
2017-09-28,0.034734674,1,close_x_ma60_dn
2017-09-29,0.036007836,1,close_x_ma60_dn
2017-10-09,-0.022584395,1,close_x_ma60_dn
2017-10-10,-0.00040478446,2,close_x_ma60_dn
2017-10-11,-0.029286187,2,close_x_ma60_dn
2017-10-16,-0.013957285,7,close_x_ma60_dn
2017-10-17,-0.015936464,1,close_x_ma60_dn
2017-10-18,-0.0065063247,2,close_x_ma60_dn
2017-10-19,0.0066623967,2,close_x_ma60_dn
2017-10-20,-0.028995987,1,close_x_ma60_dn
2017-10-26,-0.012430177,2,close_x_ma60_dn
2017-10-27,-0.032625735,2,close_x_ma60_dn
2017-10-30,-0.0051957713,5,close_x_ma60_dn
2017-10-31,0.004196901,1,close_x_ma60_dn
2017-11-01,-0.02450737,1,close_x_ma60_dn
2017-11-03,-0.0281314,1,close_x_ma60_dn
2017-11-08,-0.024812678,1,close_x_ma60_dn
2017-11-13,-0.006562937,1,close_x_ma60_dn
2017-11-14,0.01794583,1,close_x_ma60_dn
2017-11-15,-0.030737512,3,close_x_ma60_dn
2017-11-20,0.011748785,1,close_x_ma60_dn
2017-11-23,-0.027741449,2,close_x_ma60_dn
2017-11-24,0.014245866,1,close_x_ma60_dn
2017-11-27,0.021535087,2,close_x_ma60_dn
2017-11-29,0.022523679,2,close_x_ma60_dn
2017-11-30,0.0065398565,2,close_x_ma60_dn
2017-12-04,-0.0058674514,1,close_x_ma60_dn
2017-12-05,-0.011243509,1,close_x_ma60_dn
2017-12-07,0.027167853,4,close_x_ma60_dn
2017-12-12,-0.02314134,1,close_x_ma60_dn
2017-12-15,0.023915473,1,close_x_ma60_dn
2017-12-18,0.055486333,1,close_x_ma60_dn
2017-12-22,0.0215756,1,close_x_ma60_dn
2017-12-25,0.014017452,1,close_x_ma60_dn
2017-12-26,0.0080435835,1,close_x_ma60_dn
2017-12-27,0.0075907186,3,close_x_ma60_dn
2018-01-02,0.024175407,1,close_x_ma60_dn
2018-01-04,-0.015439328,1,close_x_ma60_dn
2018-01-09,-0.031441838,1,close_x_ma60_dn
2018-01-11,-0.04964012,1,close_x_ma60_dn
2018-01-16,0.0035111438,1,close_x_ma60_dn
2018-01-23,0.01261875,1,close_x_ma60_dn
2018-01-25,-0.059560638,2,close_x_ma60_dn
2018-01-26,0.04140191,1,close_x_ma60_dn
2018-01-29,-0.04375164,3,close_x_ma60_dn
2018-01-30,0.037471876,2,close_x_ma60_dn
2018-01-31,0.02596044,2,close_x_ma60_dn
2018-02-01,-0.0024841737,6,close_x_ma60_dn
2018-02-06,0.014130203,4,close_x_ma60_dn
2018-02-07,-0.016141886,3,close_x_ma60_dn
2018-02-08,-0.036286578,2,close_x_ma60_dn
2018-02-09,-0.01630785,1,close_x_ma60_dn
2018-02-23,-0.007625373,2,close_x_ma60_dn
2018-02-27,-0.0094097145,5,close_x_ma60_dn
2018-02-28,0.04624808,1,close_x_ma60_dn
2018-03-02,-0.03262413,1,close_x_ma60_dn
2018-03-07,-0.04451389,1,close_x_ma60_dn
2018-03-09,0.014193689,1,close_x_ma60_dn
2018-03-13,0.024857502,2,close_x_ma60_dn
2018-03-14,0.026936213,2,close_x_ma60_dn
2018-03-16,0.0271077,2,close_x_ma60_dn
2018-03-20,-0.0009157844,2,close_x_ma60_dn
2018-03-21,0.026111638,1,close_x_ma60_dn
2018-03-22,-0.0056003258,2,close_x_ma60_dn
2018-03-23,0.016240172,4,close_x_ma60_dn
2018-03-28,0.024246167,2,close_x_ma60_dn
2018-03-29,-0.031428568,1,close_x_ma60_dn
2018-04-03,0.039980642,3,close_x_ma60_dn
2018-04-10,-0.006724136,1,close_x_ma60_dn
2018-04-11,0.006066343,1,close_x_ma60_dn
2018-04-12,0.0082675535,1,close_x_ma60_dn
2018-04-13,-0.0057248585,4,close_x_ma60_dn
2018-04-16,0.014406209,2,close_x_ma60_dn
2018-04-17,0.005155444,3,close_x_ma60_dn
2018-04-20,0.050545372,1,close_x_ma60_dn
2018-04-26,0.04603164,2,close_x_ma60_dn
2018-04-27,0.015938032,1,close_x_ma60_dn
2018-05-02,0.0580303,1,close_x_ma60_dn
2018-05-08,0.00974047,1,close_x_ma60_dn
2018-05-09,0.063592,1,close_x_ma60_dn
2018-05-10,0.0013024271,1,close_x_ma60_dn
2018-05-11,-0.033923395,1,close_x_ma60_dn
2018-05-14,-0.0037189713,1,close_x_ma60_dn
2018-05-17,-0.04535305,1,close_x_ma60_dn
2018-05-22,-0.0078057623,3,close_x_ma60_dn
2018-05-23,-0.0146550955,3,close_x_ma60_dn
2018-05-24,-0.004328102,1,close_x_ma60_dn
2018-05-28,-0.029482914,3,close_x_ma60_dn
2018-05-30,0.021045608,2,close_x_ma60_dn
2018-06-01,0.06975712,1,close_x_ma60_dn
2018-06-08,0.041848365,3,close_x_ma60_dn
2018-06-13,0.024041869,1,close_x_ma60_dn
2018-06-15,-0.030783013,1,close_x_ma60_dn
2018-06-19,0.016374445,6,close_x_ma60_dn
2018-06-20,-0.054639902,1,close_x_ma60_dn
2018-06-26,-0.07096402,2,close_x_ma60_dn
2018-06-27,-0.038423706,2,close_x_ma60_dn
2018-06-28,-0.01207335,2,close_x_ma60_dn
2018-07-02,-0.008281468,1,close_x_ma60_dn
2018-07-04,0.009642143,1,close_x_ma60_dn
2018-07-05,-0.054332063,2,close_x_ma60_dn
2018-07-11,2.1170825e-05,2,close_x_ma60_dn
2018-07-18,0.01845191,1,close_x_ma60_dn
2018-07-19,-0.061128676,1,close_x_ma60_dn
2018-07-25,0.0011755191,1,close_x_ma60_dn
2018-07-27,-0.0067566186,2,close_x_ma60_dn
2018-07-31,0.0076039955,2,close_x_ma60_dn
2018-08-01,0.027511347,2,close_x_ma60_dn
2018-08-02,-0.036080934,2,close_x_ma60_dn
2018-08-03,0.04579124,1,close_x_ma60_dn
2018-08-06,0.10840067,1,close_x_ma60_dn
2018-08-15,-0.02199216,1,close_x_ma60_dn
2018-08-16,0.018733924,1,close_x_ma60_dn
2018-08-29,-0.029792935,1,close_x_ma60_dn
2018-08-30,0.0074279592,4,close_x_ma60_dn
2018-08-31,-0.019855931,1,close_x_ma60_dn
2018-09-05,0.016063264,1,close_x_ma60_dn
2018-09-06,0.010404783,1,close_x_ma60_dn
2018-09-07,-0.0024268888,1,close_x_ma60_dn
2018-09-10,0.03304586,1,close_x_ma60_dn
2018-09-12,-0.043653205,2,close_x_ma60_dn
2018-09-14,-0.048752874,1,close_x_ma60_dn
2018-09-17,0.036066182,1,close_x_ma60_dn
2018-09-25,0.0077141626,2,close_x_ma60_dn
2018-09-26,-0.0061471313,1,close_x_ma60_dn
2018-09-27,-0.031825803,2,close_x_ma60_dn
2018-10-08,-0.0008528577,8,close_x_ma60_dn
2018-10-11,-0.040596258,6,close_x_ma60_dn
2018-10-15,-0.0069343373,1,close_x_ma60_dn
2018-10-23,-0.010522942,5,close_x_ma60_dn
2018-10-25,-0.010178513,1,close_x_ma60_dn
2018-10-29,-0.009454135,1,close_x_ma60_dn
2018-11-05,0.0034442674,1,close_x_ma60_dn
2018-11-07,0.00089861266,2,close_x_ma60_dn
2018-11-08,0.009667378,2,close_x_ma60_dn
2018-11-14,0.013013615,1,close_x_ma60_dn
2018-11-15,-0.0098137185,1,close_x_ma60_dn
2018-11-19,-0.0038187206,1,close_x_ma60_dn
2018-11-20,-0.014768821,3,close_x_ma60_dn
2018-11-23,-0.010726994,10,close_x_ma60_dn
2018-11-26,-0.0010199053,2,close_x_ma60_dn
2018-11-29,-0.016340364,7,close_x_ma60_dn
2018-12-05,0.014769638,4,close_x_ma60_dn
2018-12-06,-0.03642941,5,close_x_ma60_dn
2018-12-10,-0.0212579,3,close_x_ma60_dn
2018-12-14,0.011039631,2,close_x_ma60_dn
2018-12-17,0.029878696,3,close_x_ma60_dn
2018-12-18,-0.009456152,2,close_x_ma60_dn
2018-12-19,0.006222772,3,close_x_ma60_dn
2018-12-20,0.025288217,1,close_x_ma60_dn
2018-12-21,-0.005517987,3,close_x_ma60_dn
2018-12-24,0.038293585,1,close_x_ma60_dn
2018-12-25,0.0077424794,4,close_x_ma60_dn
2018-12-26,-0.034691088,2,close_x_ma60_dn
2018-12-27,0.14096099,1,close_x_ma60_dn
2018-12-28,0.013624828,1,close_x_ma60_dn
2019-01-02,-0.010031802,2,close_x_ma60_dn
2019-01-03,0.035848424,1,close_x_ma60_dn
2019-01-09,-0.03181318,1,close_x_ma60_dn
2019-01-10,-0.022796933,2,close_x_ma60_dn
2019-01-11,-0.046999775,1,close_x_ma60_dn
2019-01-14,-0.0121757025,1,close_x_ma60_dn
2019-01-16,0.0049883784,2,close_x_ma60_dn
2019-01-17,0.001373894,2,close_x_ma60_dn
2019-01-21,-0.018536821,2,close_x_ma60_dn
2019-01-22,-0.028520497,1,close_x_ma60_dn
2019-01-28,-0.02726596,2,close_x_ma60_dn
2019-01-29,-0.006589255,5,close_x_ma60_dn
2019-01-30,0.014798358,2,close_x_ma60_dn
2019-01-31,-0.012781158,1,close_x_ma60_dn
2019-02-14,-0.0011442732,1,close_x_ma60_dn
2019-02-15,0.0051834583,1,close_x_ma60_dn
2019-03-26,-0.05262862,1,close_x_ma60_dn
2019-04-08,0.030532366,1,close_x_ma60_dn
2019-04-10,0.024973411,1,close_x_ma60_dn
2019-04-15,-0.053888876,1,close_x_ma60_dn
2019-04-16,-0.018673552,1,close_x_ma60_dn
2019-04-18,-0.042850137,1,close_x_ma60_dn
2019-04-25,0.026529778,5,close_x_ma60_dn
2019-04-26,-0.025753425,3,close_x_ma60_dn
2019-04-29,0.010586403,10,close_x_ma60_dn
2019-04-30,-0.0068136267,4,close_x_ma60_dn
2019-05-06,-0.0101305805,13,close_x_ma60_dn
2019-05-08,-0.0006706491,1,close_x_ma60_dn
2019-05-09,0.02033206,5,close_x_ma60_dn
2019-05-13,-0.00044956524,1,close_x_ma60_dn
2019-05-16,0.0049279016,2,close_x_ma60_dn
2019-05-17,0.010826101,3,close_x_ma60_dn
2019-05-23,-0.036521222,1,close_x_ma60_dn
2019-05-24,0.037034683,2,close_x_ma60_dn
2019-05-28,-0.05135361,1,close_x_ma60_dn
2019-05-29,-0.011091104,1,close_x_ma60_dn
2019-05-30,-0.03374038,2,close_x_ma60_dn
2019-05-31,0.042917233,1,close_x_ma60_dn
2019-06-03,0.0011360282,1,close_x_ma60_dn
2019-06-04,0.0012707176,3,close_x_ma60_dn
2019-06-05,-0.011084745,1,close_x_ma60_dn
2019-06-06,0.015189029,2,close_x_ma60_dn
2019-06-13,6.568184e-05,3,close_x_ma60_dn
2019-06-14,-0.0082168635,2,close_x_ma60_dn
2019-06-18,0.053984392,1,close_x_ma60_dn
2019-06-25,-0.0019766416,3,close_x_ma60_dn
2019-06-26,-0.03022007,2,close_x_ma60_dn
2019-06-27,0.0030356562,1,close_x_ma60_dn
2019-06-28,-0.028524855,1,close_x_ma60_dn
2019-07-02,-0.0058187107,5,close_x_ma60_dn
2019-07-03,0.02593884,1,close_x_ma60_dn
2019-07-08,0.011615349,8,close_x_ma60_dn
2019-07-09,-0.03919449,1,close_x_ma60_dn
2019-07-10,0.088704504,1,close_x_ma60_dn
2019-07-11,-0.04135544,2,close_x_ma60_dn
2019-07-12,-0.021054327,1,close_x_ma60_dn
2019-07-16,0.009149404,1,close_x_ma60_dn
2019-07-17,0.023785228,2,close_x_ma60_dn
2019-07-18,-0.0010427872,4,close_x_ma60_dn
2019-07-19,0.022809356,1,close_x_ma60_dn
2019-07-22,-0.005868896,4,close_x_ma60_dn
2019-07-25,0.0003485214,2,close_x_ma60_dn
2019-07-29,0.007410601,2,close_x_ma60_dn
2019-07-31,-0.020539716,1,close_x_ma60_dn
2019-08-01,0.0017121326,5,close_x_ma60_dn
2019-08-02,-0.012996137,7,close_x_ma60_dn
2019-08-05,0.0013299215,5,close_x_ma60_dn
2019-08-06,-0.023448983,2,close_x_ma60_dn
2019-08-07,-0.010138836,2,close_x_ma60_dn
2019-08-09,0.009412873,2,close_x_ma60_dn
2019-08-13,0.020939974,3,close_x_ma60_dn
2019-08-14,0.0677565,1,close_x_ma60_dn
2019-08-15,0.016242128,1,close_x_ma60_dn
2019-08-21,-0.010640078,1,close_x_ma60_dn
2019-08-22,-0.039029054,1,close_x_ma60_dn
2019-08-26,0.016527854,5,close_x_ma60_dn
2019-08-28,-0.011073535,1,close_x_ma60_dn
2019-08-29,-0.007508039,6,close_x_ma60_dn
2019-08-30,0.0019083787,2,close_x_ma60_dn
2019-09-02,-0.04470136,1,close_x_ma60_dn
2019-09-11,0.07424165,1,close_x_ma60_dn
2019-09-16,-0.01062174,1,close_x_ma60_dn
2019-09-17,-0.000900615,6,close_x_ma60_dn
2019-09-18,-0.01028374,4,close_x_ma60_dn
2019-09-19,0.008756162,3,close_x_ma60_dn
2019-09-23,-0.0013260115,9,close_x_ma60_dn
2019-09-24,-0.02859261,1,close_x_ma60_dn
2019-09-25,-0.0065111886,7,close_x_ma60_dn
2019-09-26,0.014832961,5,close_x_ma60_dn
2019-09-27,0.03552244,2,close_x_ma60_dn
2019-09-30,-0.019856224,1,close_x_ma60_dn
2019-10-09,-0.029704683,1,close_x_ma60_dn
2019-10-15,-0.0009053815,2,close_x_ma60_dn
2019-10-16,0.009759785,1,close_x_ma60_dn
2019-10-17,0.0064372905,1,close_x_ma60_dn
2019-10-18,0.012918022,4,close_x_ma60_dn
2019-10-21,0.023152092,1,close_x_ma60_dn
2019-10-23,-0.013725776,4,close_x_ma60_dn
2019-10-24,-0.019885035,1,close_x_ma60_dn
2019-10-29,-0.014985889,4,close_x_ma60_dn
2019-10-30,-0.017256018,6,close_x_ma60_dn
2019-10-31,0.0011524223,1,close_x_ma60_dn
2019-11-05,0.007269211,1,close_x_ma60_dn
2019-11-06,-0.005326266,5,close_x_ma60_dn
2019-11-07,-0.020324927,1,close_x_ma60_dn
2019-11-08,0.0032937145,2,close_x_ma60_dn
2019-11-11,-0.007902535,7,close_x_ma60_dn
2019-11-13,0.012042972,1,close_x_ma60_dn
2019-11-14,-0.012415145,1,close_x_ma60_dn
2019-11-15,-0.020602977,3,close_x_ma60_dn
2019-11-20,0.045581233,3,close_x_ma60_dn
2019-11-21,0.014008454,1,close_x_ma60_dn
2019-11-22,-0.0054519116,2,close_x_ma60_dn
2019-11-26,-0.019088242,1,close_x_ma60_dn
2019-11-28,-0.0114888055,2,close_x_ma60_dn
2019-11-29,0.01767725,1,close_x_ma60_dn
2019-12-03,0.023020899,3,close_x_ma60_dn
2019-12-05,-0.028119463,1,close_x_ma60_dn
2019-12-06,0.008007048,1,close_x_ma60_dn
2019-12-12,0.0031896327,4,close_x_ma60_dn
2019-12-18,-0.015533546,1,close_x_ma60_dn
2019-12-23,0.001201734,3,close_x_ma60_dn
2020-01-02,0.051261388,1,close_x_ma60_dn
2020-01-03,0.0020311512,1,close_x_ma60_dn
2020-01-08,0.00441956,2,close_x_ma60_dn
2020-01-16,-0.0048048124,4,close_x_ma60_dn
2020-01-17,0.081584826,1,close_x_ma60_dn
2020-01-20,-0.003139928,1,close_x_ma60_dn
2020-01-21,-0.020255206,6,close_x_ma60_dn
2020-01-22,0.028779665,3,close_x_ma60_dn
2020-02-03,-0.0005393013,10,close_x_ma60_dn
2020-02-04,0.025274724,1,close_x_ma60_dn
2020-02-07,-0.035089843,1,close_x_ma60_dn
2020-02-10,-0.054465193,1,close_x_ma60_dn
2020-02-13,-0.061189465,1,close_x_ma60_dn
2020-02-18,-0.066783644,1,close_x_ma60_dn
2020-02-19,0.005441157,1,close_x_ma60_dn
2020-02-21,0.075847715,1,close_x_ma60_dn
2020-02-24,-0.010601305,2,close_x_ma60_dn
2020-02-25,0.056414004,3,close_x_ma60_dn
2020-02-26,-0.023845881,2,close_x_ma60_dn
2020-02-27,0.009540958,3,close_x_ma60_dn
2020-02-28,-0.006040734,10,close_x_ma60_dn
2020-03-04,-0.053706076,1,close_x_ma60_dn
2020-03-05,-0.01199533,1,close_x_ma60_dn
2020-03-06,0.00264607,6,close_x_ma60_dn
2020-03-09,0.0049436,9,close_x_ma60_dn
2020-03-11,0.009026363,3,close_x_ma60_dn
2020-03-12,-0.028455293,5,close_x_ma60_dn
2020-03-13,0.008001339,2,close_x_ma60_dn
2020-03-16,-0.0022168914,4,close_x_ma60_dn
2020-03-17,0.012805374,2,close_x_ma60_dn
2020-03-18,0.12129505,1,close_x_ma60_dn
2020-03-23,0.044781856,2,close_x_ma60_dn
2020-03-24,-0.07151595,1,close_x_ma60_dn
2020-03-26,-0.04738629,1,close_x_ma60_dn
2020-03-30,0.026729984,1,close_x_ma60_dn
2020-03-31,-0.015005559,2,close_x_ma60_dn
2020-04-01,-0.0430568,1,close_x_ma60_dn
2020-04-09,0.038537387,1,close_x_ma60_dn
2020-04-10,-0.0016877037,1,close_x_ma60_dn
2020-04-16,0.00680357,1,close_x_ma60_dn
2020-04-21,0.09344682,1,close_x_ma60_dn
2020-04-24,0.07229738,1,close_x_ma60_dn
2020-04-27,0.028719246,1,close_x_ma60_dn
2020-04-28,-0.013861246,1,close_x_ma60_dn
2020-05-06,-0.03242293,1,close_x_ma60_dn
2020-05-07,-0.009045813,2,close_x_ma60_dn
2020-05-12,-0.0026897714,1,close_x_ma60_dn
2020-05-13,0.039044153,2,close_x_ma60_dn
2020-05-14,0.01050311,1,close_x_ma60_dn
2020-05-18,0.015520774,3,close_x_ma60_dn
2020-05-19,0.006543167,1,close_x_ma60_dn
2020-05-20,-0.009180706,2,close_x_ma60_dn
2020-05-21,0.03622721,1,close_x_ma60_dn
2020-05-22,-0.005907424,7,close_x_ma60_dn
2020-05-25,0.04810372,1,close_x_ma60_dn
2020-05-27,-0.002558753,1,close_x_ma60_dn
2020-05-29,0.00018247217,1,close_x_ma60_dn
2020-06-03,-0.017762134,1,close_x_ma60_dn
2020-06-05,-0.035027795,1,close_x_ma60_dn
2020-06-08,-0.009625148,1,close_x_ma60_dn
2020-06-10,-0.016437499,1,close_x_ma60_dn
2020-06-11,0.0011253171,1,close_x_ma60_dn
2020-06-12,-0.01309443,5,close_x_ma60_dn
2020-06-15,0.008555636,1,close_x_ma60_dn
2020-06-17,-0.024286505,1,close_x_ma60_dn
2020-06-22,0.008815022,5,close_x_ma60_dn
2020-06-23,-0.0041545327,3,close_x_ma60_dn
2020-06-29,0.059627917,3,close_x_ma60_dn
2020-06-30,0.0029034913,1,close_x_ma60_dn
2020-07-01,0.0678211,1,close_x_ma60_dn
2020-07-16,-0.03683376,3,close_x_ma60_dn
2020-07-17,0.0346917,2,close_x_ma60_dn
2020-07-21,0.02919545,1,close_x_ma60_dn
2020-07-23,0.02062932,2,close_x_ma60_dn
2020-07-24,-0.031241253,3,close_x_ma60_dn
2020-07-27,-0.034374677,2,close_x_ma60_dn
2020-07-30,-0.044447634,3,close_x_ma60_dn
2020-07-31,0.0050332295,1,close_x_ma60_dn
2020-08-05,0.05754537,2,close_x_ma60_dn
2020-08-07,-0.009186223,1,close_x_ma60_dn
2020-08-11,-0.023801878,1,close_x_ma60_dn
2020-08-18,-0.022340834,1,close_x_ma60_dn
2020-08-24,0.042801198,1,close_x_ma60_dn
2020-08-25,0.021739528,1,close_x_ma60_dn
2020-08-26,-0.019380733,6,close_x_ma60_dn
2020-08-28,0.022452295,1,close_x_ma60_dn
2020-08-31,0.02444615,3,close_x_ma60_dn
2020-09-02,0.013109889,1,close_x_ma60_dn
2020-09-03,-0.012121413,2,close_x_ma60_dn
2020-09-04,0.0024529742,4,close_x_ma60_dn
2020-09-07,-0.04147983,3,close_x_ma60_dn
2020-09-09,0.02905003,4,close_x_ma60_dn
2020-09-10,-0.019756045,5,close_x_ma60_dn
2020-09-11,-0.033083998,2,close_x_ma60_dn
2020-09-14,-0.04655941,1,close_x_ma60_dn
2020-09-15,0.026555147,1,close_x_ma60_dn
2020-09-17,0.00302049,2,close_x_ma60_dn
2020-09-21,0.013531564,4,close_x_ma60_dn
2020-09-22,0.0009592101,4,close_x_ma60_dn
2020-09-23,-0.028185558,2,close_x_ma60_dn
2020-09-24,0.0029562926,6,close_x_ma60_dn
2020-09-29,0.00097020343,1,close_x_ma60_dn
2020-10-13,0.017902484,3,close_x_ma60_dn
2020-10-14,0.0021590814,3,close_x_ma60_dn
2020-10-15,-0.022330847,1,close_x_ma60_dn
2020-10-16,-0.016697537,1,close_x_ma60_dn
2020-10-19,-0.005897507,1,close_x_ma60_dn
2020-10-20,0.018636646,1,close_x_ma60_dn
2020-10-21,-0.023559466,3,close_x_ma60_dn
2020-10-22,0.026663143,1,close_x_ma60_dn
2020-10-23,-0.021496406,3,close_x_ma60_dn
2020-10-27,0.006364789,1,close_x_ma60_dn
2020-10-29,-0.028617855,1,close_x_ma60_dn
2020-10-30,0.08647497,4,close_x_ma60_dn
2020-11-06,-0.020657394,2,close_x_ma60_dn
2020-11-10,0.02977747,1,close_x_ma60_dn
2020-11-12,-0.010646319,1,close_x_ma60_dn
2020-11-13,-0.009060364,1,close_x_ma60_dn
2020-11-16,-0.024723224,1,close_x_ma60_dn
2020-11-17,-0.046936437,2,close_x_ma60_dn
2020-11-18,0.15655914,1,close_x_ma60_dn
2020-11-25,0.01514063,5,close_x_ma60_dn
2020-11-26,-0.05779966,1,close_x_ma60_dn
2020-11-30,-0.017295651,2,close_x_ma60_dn
2020-12-02,0.013903566,1,close_x_ma60_dn
2020-12-04,0.012582213,1,close_x_ma60_dn
2020-12-07,-0.010730926,5,close_x_ma60_dn
2020-12-08,-0.0095366,1,close_x_ma60_dn
2020-12-09,-0.008633205,4,close_x_ma60_dn
2020-12-10,-0.034146667,2,close_x_ma60_dn
2020-12-11,0.0021970584,5,close_x_ma60_dn
2020-12-14,-0.011986075,2,close_x_ma60_dn
2020-12-15,0.07442507,3,close_x_ma60_dn
2020-12-21,0.0153355105,1,close_x_ma60_dn
2020-12-22,-0.009128082,7,close_x_ma60_dn
2020-12-24,-0.029510243,2,close_x_ma60_dn
2020-12-28,0.013120685,2,close_x_ma60_dn
2020-12-29,-0.023733452,4,close_x_ma60_dn
2020-12-31,-0.063773364,1,close_x_ma60_dn
2021-01-05,0.055895552,2,close_x_ma60_dn
2021-01-06,-0.0057701077,8,close_x_ma60_dn
2021-01-08,-0.00012980402,2,close_x_ma60_dn
2021-01-11,-0.015462311,4,close_x_ma60_dn
2021-01-13,0.019475756,4,close_x_ma60_dn
2021-01-14,-0.042438813,2,close_x_ma60_dn
2021-01-15,0.04708325,2,close_x_ma60_dn
2021-01-19,-0.057837695,1,close_x_ma60_dn
2021-01-21,0.060992993,1,close_x_ma60_dn
2021-01-22,0.011392286,4,close_x_ma60_dn
2021-01-26,0.025968939,3,close_x_ma60_dn
2021-01-27,-0.045977596,1,close_x_ma60_dn
2021-01-28,0.02163126,4,close_x_ma60_dn
2021-01-29,-0.013768163,2,close_x_ma60_dn
2021-02-01,0.015744207,1,close_x_ma60_dn
2021-02-03,0.01469516,1,close_x_ma60_dn
2021-02-04,0.008913504,2,close_x_ma60_dn
2021-02-05,-0.007768944,1,close_x_ma60_dn
2021-02-08,-0.11495732,1,close_x_ma60_dn
2021-02-18,0.13514508,1,close_x_ma60_dn
2021-02-22,0.028109277,3,close_x_ma60_dn
2021-02-24,-0.020604406,2,close_x_ma60_dn
2021-02-25,-0.02000895,2,close_x_ma60_dn
2021-02-26,0.08176937,3,close_x_ma60_dn
2021-03-02,-0.10412866,1,close_x_ma60_dn
2021-03-03,-0.14155105,1,close_x_ma60_dn
2021-03-04,-0.02015922,2,close_x_ma60_dn
2021-03-09,-0.004715484,7,close_x_ma60_dn
2021-03-10,-0.0072941873,2,close_x_ma60_dn
2021-03-12,0.033673245,1,close_x_ma60_dn
2021-03-15,0.015978437,2,close_x_ma60_dn
2021-03-17,-0.017829118,1,close_x_ma60_dn
2021-03-18,-0.004414683,2,close_x_ma60_dn
2021-03-19,-0.01565788,4,close_x_ma60_dn
2021-03-23,0.021962238,4,close_x_ma60_dn
2021-03-24,0.02329541,3,close_x_ma60_dn
2021-03-25,-0.009235496,1,close_x_ma60_dn
2021-03-29,-0.02852142,2,close_x_ma60_dn
2021-03-30,0.018598821,1,close_x_ma60_dn
2021-03-31,-0.0118462965,2,close_x_ma60_dn
2021-04-01,0.10195383,2,close_x_ma60_dn
2021-04-07,0.058986396,2,close_x_ma60_dn
2021-04-09,-0.023010997,2,close_x_ma60_dn
2021-04-12,0.00093621324,3,close_x_ma60_dn
2021-04-15,0.022687938,2,close_x_ma60_dn
2021-04-16,0.096621424,1,close_x_ma60_dn
2021-04-19,-0.03055986,1,close_x_ma60_dn
2021-04-20,-0.014995399,1,close_x_ma60_dn
2021-04-21,-0.06989183,1,close_x_ma60_dn
2021-04-23,0.01993955,1,close_x_ma60_dn
2021-04-27,0.024686977,1,close_x_ma60_dn
2021-04-28,-0.05450913,1,close_x_ma60_dn
2021-05-06,0.044719353,1,close_x_ma60_dn
2021-05-07,-0.008430254,2,close_x_ma60_dn
2021-05-10,-0.027883807,1,close_x_ma60_dn
2021-05-13,-0.043589033,2,close_x_ma60_dn
2021-05-17,0.02034847,1,close_x_ma60_dn
2021-05-18,0.030805595,1,close_x_ma60_dn
2021-05-19,0.010112945,1,close_x_ma60_dn
2021-05-20,-0.0006792331,4,close_x_ma60_dn
2021-05-21,0.028510258,1,close_x_ma60_dn
2021-05-24,-0.006694486,5,close_x_ma60_dn
2021-05-26,-0.03019901,1,close_x_ma60_dn
2021-05-27,-0.001265753,3,close_x_ma60_dn
2021-05-31,-0.00056784507,2,close_x_ma60_dn
2021-06-01,-0.004820192,1,close_x_ma60_dn
2021-06-02,0.01581675,3,close_x_ma60_dn
2021-06-03,-0.015725607,1,close_x_ma60_dn
2021-06-04,-0.0004119519,1,close_x_ma60_dn
2021-06-08,0.0038100216,4,close_x_ma60_dn
2021-06-11,0.014231582,1,close_x_ma60_dn
2021-06-15,-0.0009596171,4,close_x_ma60_dn
2021-06-16,0.0026812344,5,close_x_ma60_dn
2021-06-18,-0.008590158,1,close_x_ma60_dn
2021-06-21,0.03318096,4,close_x_ma60_dn
2021-06-23,0.09070417,1,close_x_ma60_dn
2021-06-24,-0.041336898,3,close_x_ma60_dn
2021-06-28,0.0094697,2,close_x_ma60_dn
2021-06-29,-0.008343857,1,close_x_ma60_dn
2021-06-30,0.0051640393,1,close_x_ma60_dn
2021-07-01,0.019630868,4,close_x_ma60_dn
2021-07-02,-0.022773385,4,close_x_ma60_dn
2021-07-05,-0.033497814,3,close_x_ma60_dn
2021-07-06,-0.047454,1,close_x_ma60_dn
2021-07-08,-0.012098383,1,close_x_ma60_dn
2021-07-09,-0.004375418,1,close_x_ma60_dn
2021-07-12,0.22300933,1,close_x_ma60_dn
2021-07-14,0.054977812,5,close_x_ma60_dn
2021-07-15,-0.044104546,3,close_x_ma60_dn
2021-07-16,0.036815748,3,close_x_ma60_dn
2021-07-19,-0.06633498,1,close_x_ma60_dn
2021-07-20,0.093803585,1,close_x_ma60_dn
2021-07-21,0.022163622,4,close_x_ma60_dn
2021-07-23,-0.110032044,1,close_x_ma60_dn
2021-07-26,-0.0016464386,2,close_x_ma60_dn
2021-07-27,0.010841984,4,close_x_ma60_dn
2021-07-28,0.049811475,5,close_x_ma60_dn
2021-07-30,0.06648435,2,close_x_ma60_dn
2021-08-03,-0.062897876,2,close_x_ma60_dn
2021-08-05,0.0024861638,2,close_x_ma60_dn
2021-08-10,-0.048455555,1,close_x_ma60_dn
2021-08-11,0.04714026,1,close_x_ma60_dn
2021-08-12,-0.08782588,1,close_x_ma60_dn
2021-08-17,-0.0013102898,2,close_x_ma60_dn
2021-08-19,-0.02280721,2,close_x_ma60_dn
2021-08-23,-0.07518926,1,close_x_ma60_dn
2021-08-24,0.050522216,1,close_x_ma60_dn
2021-08-25,0.06048675,2,close_x_ma60_dn
2021-08-26,-0.048563834,1,close_x_ma60_dn
2021-08-27,0.04883842,1,close_x_ma60_dn
2021-09-06,-0.12547256,1,close_x_ma60_dn
2021-09-10,0.029453522,2,close_x_ma60_dn
2021-09-13,-0.01883902,2,close_x_ma60_dn
2021-09-14,-0.004737392,6,close_x_ma60_dn
2021-09-16,0.13417774,1,close_x_ma60_dn
2021-09-22,0.037237357,3,close_x_ma60_dn
2021-09-23,-0.034389563,1,close_x_ma60_dn
2021-09-24,0.026766188,1,close_x_ma60_dn
2021-09-27,-0.0091865985,3,close_x_ma60_dn
2021-09-28,0.018667454,2,close_x_ma60_dn
2021-09-29,-0.028667424,5,close_x_ma60_dn
2021-10-11,-0.034829833,2,close_x_ma60_dn
2021-10-12,0.027212923,4,close_x_ma60_dn
2021-10-13,-0.0102673555,2,close_x_ma60_dn
2021-10-15,-0.0042246906,2,close_x_ma60_dn
2021-10-18,-0.013960682,2,close_x_ma60_dn
2021-10-20,-0.034013845,2,close_x_ma60_dn
2021-10-21,0.021235477,2,close_x_ma60_dn
2021-10-25,-0.006798076,3,close_x_ma60_dn
2021-10-27,0.00077627227,5,close_x_ma60_dn
2021-10-28,-0.021179372,3,close_x_ma60_dn
2021-10-29,0.026080279,1,close_x_ma60_dn
2021-11-01,-0.004266764,2,close_x_ma60_dn
2021-11-02,-0.034735218,2,close_x_ma60_dn
2021-11-03,0.046592176,2,close_x_ma60_dn
2021-11-08,0.096744515,1,close_x_ma60_dn
2021-11-09,0.051597442,1,close_x_ma60_dn
2021-11-12,0.017020727,3,close_x_ma60_dn
2021-11-16,-0.036489222,3,close_x_ma60_dn
2021-11-19,-0.018813597,1,close_x_ma60_dn
2021-11-22,0.04888774,1,close_x_ma60_dn
2021-11-24,0.12187927,1,close_x_ma60_dn
2021-11-25,-0.02507899,1,close_x_ma60_dn
2021-11-29,0.04208021,2,close_x_ma60_dn
2021-12-08,-0.014982162,1,close_x_ma60_dn
2021-12-10,0.0011284938,3,close_x_ma60_dn
2021-12-14,0.017962405,3,close_x_ma60_dn
2021-12-15,0.06340943,1,close_x_ma60_dn
2021-12-17,0.008442276,6,close_x_ma60_dn
2021-12-20,0.007612804,3,close_x_ma60_dn
2021-12-21,0.0031502184,1,close_x_ma60_dn
2021-12-22,0.021656295,1,close_x_ma60_dn
2021-12-23,-0.014983671,1,close_x_ma60_dn
2021-12-24,-0.0066776956,5,close_x_ma60_dn
2021-12-27,0.06215683,1,close_x_ma60_dn
2021-12-28,-0.05370624,3,close_x_ma60_dn
2021-12-29,-0.050647903,1,close_x_ma60_dn
2022-01-05,-0.026148442,1,close_x_ma60_dn
2022-01-07,0.0027812007,4,close_x_ma60_dn
2022-01-13,0.07467551,2,close_x_ma60_dn
2022-01-14,0.0016364421,6,close_x_ma60_dn
2022-01-18,0.04132434,1,close_x_ma60_dn
2022-01-19,-0.011776526,3,close_x_ma60_dn
2022-01-20,0.023420766,2,close_x_ma60_dn
2022-01-21,0.006818969,2,close_x_ma60_dn
2022-01-24,-0.00072654587,3,close_x_ma60_dn
2022-01-25,0.017852474,9,close_x_ma60_dn
2022-01-27,-0.023341216,4,close_x_ma60_dn
2022-01-28,0.009146317,1,close_x_ma60_dn
2022-02-10,-0.024078825,1,close_x_ma60_dn
2022-02-11,0.030437505,2,close_x_ma60_dn
2022-02-14,-0.0074004945,2,close_x_ma60_dn
2022-02-15,0.006467347,2,close_x_ma60_dn
2022-02-16,-0.04382276,1,close_x_ma60_dn
2022-02-17,-0.044204924,1,close_x_ma60_dn
2022-02-21,-0.015359645,1,close_x_ma60_dn
2022-02-22,-0.03139289,2,close_x_ma60_dn
2022-02-23,-0.03283147,1,close_x_ma60_dn
2022-02-24,0.003175404,2,close_x_ma60_dn
2022-03-01,0.026585031,1,close_x_ma60_dn
2022-03-04,-0.06788475,1,close_x_ma60_dn
2022-03-07,-0.018680062,2,close_x_ma60_dn
2022-03-09,-0.014888,2,close_x_ma60_dn
2022-03-10,-0.06948146,1,close_x_ma60_dn
2022-03-14,-0.008112643,2,close_x_ma60_dn
2022-03-25,0.04137045,1,close_x_ma60_dn
2022-03-31,0.09568232,1,close_x_ma60_dn
2022-04-01,-0.097037055,2,close_x_ma60_dn
2022-04-11,-0.05215709,2,close_x_ma60_dn
2022-04-13,-0.007714318,2,close_x_ma60_dn
2022-04-15,-0.024746388,1,close_x_ma60_dn
2022-04-18,0.026071928,1,close_x_ma60_dn
2022-04-20,0.039435893,2,close_x_ma60_dn
2022-04-21,-0.02738056,2,close_x_ma60_dn
2022-04-22,-0.14654374,1,close_x_ma60_dn
2022-04-25,-0.027208831,2,close_x_ma60_dn
2022-04-29,-0.06199434,1,close_x_ma60_dn
2022-05-06,-0.0034457967,2,close_x_ma60_dn
2022-05-09,0.04248418,3,close_x_ma60_dn
2022-05-16,-0.026259493,1,close_x_ma60_dn
2022-05-18,-0.023895929,2,close_x_ma60_dn
2022-05-19,-0.04670448,1,close_x_ma60_dn
2022-05-23,-0.025206955,2,close_x_ma60_dn
2022-05-24,-0.016589144,3,close_x_ma60_dn
2022-05-25,0.046076287,1,close_x_ma60_dn
2022-06-01,-0.0029234865,1,close_x_ma60_dn
2022-06-09,-0.021607306,1,close_x_ma60_dn
2022-06-13,-0.037256185,1,close_x_ma60_dn
2022-06-15,0.026121803,2,close_x_ma60_dn
2022-06-16,-0.015204243,2,close_x_ma60_dn
2022-06-20,-0.019786067,3,close_x_ma60_dn
2022-06-21,-0.00080871023,2,close_x_ma60_dn
2022-06-22,0.009209792,6,close_x_ma60_dn
2022-06-29,-0.028730467,3,close_x_ma60_dn
2022-07-05,0.013370282,1,close_x_ma60_dn
2022-07-06,-0.057175267,1,close_x_ma60_dn
2022-07-07,0.033106007,2,close_x_ma60_dn
2022-07-08,-0.07546393,1,close_x_ma60_dn
2022-07-11,-0.006360271,1,close_x_ma60_dn
2022-07-12,-0.00014046517,3,close_x_ma60_dn
2022-07-13,0.019372487,2,close_x_ma60_dn
2022-07-14,0.10303794,2,close_x_ma60_dn
2022-07-15,0.008304922,10,close_x_ma60_dn
2022-07-19,0.018835457,2,close_x_ma60_dn
2022-07-21,0.016214322,4,close_x_ma60_dn
2022-07-22,0.041327324,3,close_x_ma60_dn
2022-07-25,-0.00916075,2,close_x_ma60_dn
2022-07-27,0.007275367,2,close_x_ma60_dn
2022-07-29,0.017659545,5,close_x_ma60_dn
2022-08-01,0.009332081,4,close_x_ma60_dn
2022-08-02,-0.009351754,9,close_x_ma60_dn
2022-08-03,0.013408551,4,close_x_ma60_dn
2022-08-04,0.0239528,1,close_x_ma60_dn
2022-08-08,-0.030118251,1,close_x_ma60_dn
2022-08-09,0.009081725,1,close_x_ma60_dn
2022-08-10,0.012229271,1,close_x_ma60_dn
2022-08-16,0.018262455,1,close_x_ma60_dn
2022-08-17,0.0038474724,1,close_x_ma60_dn
2022-08-18,0.00727919,3,close_x_ma60_dn
2022-08-19,0.0148955,2,close_x_ma60_dn
2022-08-22,0.012516991,1,close_x_ma60_dn
2022-08-23,-0.014537916,3,close_x_ma60_dn
2022-08-24,0.013275636,9,close_x_ma60_dn
2022-08-25,-0.03860762,1,close_x_ma60_dn
2022-08-26,-0.033656526,1,close_x_ma60_dn
2022-08-31,0.03105935,4,close_x_ma60_dn
2022-09-01,0.044942982,2,close_x_ma60_dn
2022-09-02,0.019201014,1,close_x_ma60_dn
2022-09-05,0.032396834,2,close_x_ma60_dn
2022-09-09,-0.012073342,3,close_x_ma60_dn
2022-09-14,0.000559933,4,close_x_ma60_dn
2022-09-15,0.0076491805,4,close_x_ma60_dn
2022-09-16,0.002080367,8,close_x_ma60_dn
2022-09-19,-0.0004157126,2,close_x_ma60_dn
2022-09-20,-0.0061533432,1,close_x_ma60_dn
2022-09-21,0.08635962,1,close_x_ma60_dn
2022-09-22,-0.036796004,1,close_x_ma60_dn
2022-09-23,-0.010699999,3,close_x_ma60_dn
2022-09-26,-0.021782007,2,close_x_ma60_dn
2022-09-30,-0.011645933,1,close_x_ma60_dn
2022-10-10,-0.067655206,1,close_x_ma60_dn
2022-10-11,-0.03777034,1,close_x_ma60_dn
2022-10-13,-0.04004032,1,close_x_ma60_dn
2022-10-17,-0.031517014,2,close_x_ma60_dn
2022-10-19,-0.017386746,1,close_x_ma60_dn
2022-10-20,-0.0014094468,1,close_x_ma60_dn
2022-10-21,0.068028904,1,close_x_ma60_dn
2022-10-24,0.024781644,2,close_x_ma60_dn
2022-10-25,-0.088873565,1,close_x_ma60_dn
2022-10-27,0.036540005,2,close_x_ma60_dn
2022-10-28,-0.029007724,2,close_x_ma60_dn
2022-11-03,0.010859467,1,close_x_ma60_dn
2022-11-08,-0.014752205,2,close_x_ma60_dn
2022-11-09,0.029186651,1,close_x_ma60_dn
2022-11-10,0.010117018,2,close_x_ma60_dn
2022-11-14,0.019070351,2,close_x_ma60_dn
2022-11-16,0.0077347294,3,close_x_ma60_dn
2022-11-17,0.007438594,3,close_x_ma60_dn
2022-11-21,-0.023428433,2,close_x_ma60_dn
2022-11-22,0.011728797,1,close_x_ma60_dn
2022-11-23,-0.005287472,1,close_x_ma60_dn
2022-11-28,-0.010817025,8,close_x_ma60_dn
2022-11-30,0.030050099,3,close_x_ma60_dn
2022-12-02,-0.022865549,2,close_x_ma60_dn
2022-12-09,-0.008947865,2,close_x_ma60_dn
2022-12-12,0.0062407358,4,close_x_ma60_dn
2022-12-13,-0.018651117,2,close_x_ma60_dn
2022-12-14,0.014418904,1,close_x_ma60_dn
2022-12-15,0.009020333,2,close_x_ma60_dn
2022-12-16,0.0009213798,3,close_x_ma60_dn
2022-12-19,0.0027812764,14,close_x_ma60_dn
2022-12-20,0.006668155,2,close_x_ma60_dn
2022-12-22,0.0172363,3,close_x_ma60_dn
2022-12-23,-0.03592804,1,close_x_ma60_dn
2022-12-26,0.09138322,1,close_x_ma60_dn
2022-12-27,-0.021276563,1,close_x_ma60_dn
2022-12-28,-0.006640209,2,close_x_ma60_dn
2022-12-29,0.020235851,3,close_x_ma60_dn
2022-12-30,0.0398344,1,close_x_ma60_dn
2023-01-06,0.023459874,1,close_x_ma60_dn
2023-01-10,0.0243471,1,close_x_ma60_dn
2023-01-11,-0.05756643,1,close_x_ma60_dn
2023-01-13,-0.004975455,1,close_x_ma60_dn
2023-01-17,-0.012916181,2,close_x_ma60_dn
2023-02-02,0.005450348,2,close_x_ma60_dn
2023-02-03,-0.0061778,1,close_x_ma60_dn
2023-02-06,-0.02097175,4,close_x_ma60_dn
2023-02-08,-0.029629314,2,close_x_ma60_dn
2023-02-15,0.02297937,1,close_x_ma60_dn
2023-02-16,-0.006281002,3,close_x_ma60_dn
2023-02-17,0.0040034996,2,close_x_ma60_dn
2023-02-22,-0.0029600204,1,close_x_ma60_dn
2023-02-24,-0.0023804232,3,close_x_ma60_dn
2023-02-27,0.012607579,5,close_x_ma60_dn
2023-03-02,0.022607982,2,close_x_ma60_dn
2023-03-03,-0.012949576,3,close_x_ma60_dn
2023-03-06,-0.03461564,1,close_x_ma60_dn
2023-03-07,-0.015528172,6,close_x_ma60_dn
2023-03-09,0.008645724,1,close_x_ma60_dn
2023-03-10,-0.020669395,4,close_x_ma60_dn
2023-03-13,-0.037508305,3,close_x_ma60_dn
2023-03-14,-0.0029365725,3,close_x_ma60_dn
2023-03-15,0.023465872,1,close_x_ma60_dn
2023-03-16,-0.007342642,2,close_x_ma60_dn
2023-03-20,-0.014052275,3,close_x_ma60_dn
2023-03-21,-0.024489969,1,close_x_ma60_dn
2023-03-27,-0.020631988,1,close_x_ma60_dn
2023-03-28,0.01221046,1,close_x_ma60_dn
2023-03-29,-0.023668077,1,close_x_ma60_dn
2023-04-04,-0.025377218,2,close_x_ma60_dn
2023-04-06,-0.012743717,2,close_x_ma60_dn
2023-04-10,-0.0030630114,1,close_x_ma60_dn
2023-04-11,-0.030052008,2,close_x_ma60_dn
2023-04-12,-0.001510164,2,close_x_ma60_dn
2023-04-13,-0.025260007,2,close_x_ma60_dn
2023-04-14,0.004857978,2,close_x_ma60_dn
2023-04-17,0.011092523,1,close_x_ma60_dn
2023-04-19,-0.0222888,2,close_x_ma60_dn
2023-04-21,0.0121562425,4,close_x_ma60_dn
2023-04-24,-0.048507452,3,close_x_ma60_dn
2023-04-25,-0.033123005,4,close_x_ma60_dn
2023-04-27,-0.015203018,2,close_x_ma60_dn
2023-05-04,-0.013939518,2,close_x_ma60_dn
2023-05-09,-0.0757613,1,close_x_ma60_dn
2023-05-10,-0.01501455,2,close_x_ma60_dn
2023-05-12,-0.02293571,2,close_x_ma60_dn
2023-05-16,-0.0006067117,2,close_x_ma60_dn
2023-05-17,0.021896232,1,close_x_ma60_dn
2023-05-18,-0.026763655,1,close_x_ma60_dn
2023-05-19,-0.0044878,3,close_x_ma60_dn
2023-05-22,-0.016162315,1,close_x_ma60_dn
2023-05-23,0.015115203,1,close_x_ma60_dn
2023-05-24,-0.046933398,3,close_x_ma60_dn
2023-05-25,-0.02273325,1,close_x_ma60_dn
2023-05-26,0.0058419565,1,close_x_ma60_dn
2023-05-29,0.019966342,2,close_x_ma60_dn
2023-05-31,-0.016848586,2,close_x_ma60_dn
2023-06-01,-0.012685363,3,close_x_ma60_dn
2023-06-06,0.008682521,3,close_x_ma60_dn
2023-06-07,0.0060805483,2,close_x_ma60_dn
2023-06-13,0.0068589277,1,close_x_ma60_dn
2023-06-14,0.008866726,4,close_x_ma60_dn
2023-06-16,0.0051150257,2,close_x_ma60_dn
2023-06-19,-0.0023976688,6,close_x_ma60_dn
2023-06-20,0.049901523,1,close_x_ma60_dn
2023-06-21,-0.0064013824,2,close_x_ma60_dn
2023-06-26,0.02696908,3,close_x_ma60_dn
2023-06-28,-0.005815749,1,close_x_ma60_dn
2023-07-03,-0.00237034,1,close_x_ma60_dn
2023-07-05,0.031044615,2,close_x_ma60_dn
2023-07-06,-0.020104922,2,close_x_ma60_dn
2023-07-07,0.021655103,1,close_x_ma60_dn
2023-07-10,0.11906452,1,close_x_ma60_dn
2023-07-11,-0.038186014,1,close_x_ma60_dn
2023-07-12,0.00187256,2,close_x_ma60_dn
2023-07-14,0.012388213,2,close_x_ma60_dn
2023-07-17,-0.0101370895,4,close_x_ma60_dn
2023-07-18,0.030888665,1,close_x_ma60_dn
2023-07-19,0.015391868,2,close_x_ma60_dn
2023-07-20,0.005129506,5,close_x_ma60_dn
2023-07-21,-0.007126985,2,close_x_ma60_dn
2023-07-24,0.021194493,3,close_x_ma60_dn
2023-07-26,-0.004987132,2,close_x_ma60_dn
2023-07-28,0.017142942,1,close_x_ma60_dn
2023-07-31,0.0021817703,4,close_x_ma60_dn
2023-08-01,-0.04730915,2,close_x_ma60_dn
2023-08-03,-0.011265174,1,close_x_ma60_dn
2023-08-04,-0.038008545,1,close_x_ma60_dn
2023-08-07,-0.01394489,2,close_x_ma60_dn
2023-08-08,-0.0055053607,1,close_x_ma60_dn
2023-08-09,-0.0004769247,2,close_x_ma60_dn
2023-08-11,0.0087498315,12,close_x_ma60_dn
2023-08-15,0.0066933604,1,close_x_ma60_dn
2023-08-16,0.019137053,2,close_x_ma60_dn
2023-08-17,0.008149898,4,close_x_ma60_dn
2023-08-18,0.006030532,5,close_x_ma60_dn
2023-08-21,-0.0033759684,2,close_x_ma60_dn
2023-08-22,-0.0042876992,2,close_x_ma60_dn
2023-08-23,0.016159682,1,close_x_ma60_dn
2023-08-24,-0.008087516,3,close_x_ma60_dn
2023-08-25,-0.03428206,1,close_x_ma60_dn
2023-08-30,0.00085985067,4,close_x_ma60_dn
2023-08-31,0.009432258,5,close_x_ma60_dn
2023-09-01,-0.030682214,1,close_x_ma60_dn
2023-09-04,0.036551096,1,close_x_ma60_dn
2023-09-05,-0.0064759143,4,close_x_ma60_dn
2023-09-06,0.018607749,2,close_x_ma60_dn
2023-09-07,-0.0009318623,5,close_x_ma60_dn
2023-09-08,0.016243102,2,close_x_ma60_dn
2023-09-12,-0.0098528,5,close_x_ma60_dn
2023-09-13,0.013526876,3,close_x_ma60_dn
2023-09-14,0.019236477,1,close_x_ma60_dn
2023-09-15,0.027793707,1,close_x_ma60_dn
2023-09-18,0.008754235,1,close_x_ma60_dn
2023-09-19,-0.01642355,1,close_x_ma60_dn
2023-09-20,-0.010156736,2,close_x_ma60_dn
2023-09-21,-0.009183078,6,close_x_ma60_dn
2023-09-25,-0.02639204,4,close_x_ma60_dn
2023-09-26,0.017288914,3,close_x_ma60_dn
2023-09-27,-0.013751078,2,close_x_ma60_dn
2023-10-09,-0.009140218,1,close_x_ma60_dn
2023-10-10,-0.00486393,4,close_x_ma60_dn
2023-10-13,-0.0037947483,1,close_x_ma60_dn
2023-10-16,-0.015192901,3,close_x_ma60_dn
2023-10-17,0.04112092,1,close_x_ma60_dn
2023-10-19,-0.067852594,1,close_x_ma60_dn
2023-10-20,-0.050266832,1,close_x_ma60_dn
2023-10-24,-0.0035490226,1,close_x_ma60_dn
2023-10-30,0.002999695,2,close_x_ma60_dn
2023-10-31,0.03936948,2,close_x_ma60_dn
2023-11-02,-0.029618626,2,close_x_ma60_dn
2023-11-06,-0.018825937,2,close_x_ma60_dn
2023-11-09,-0.022899428,2,close_x_ma60_dn
2023-11-10,0.055055965,1,close_x_ma60_dn
2023-11-14,0.010922869,1,close_x_ma60_dn
2023-11-15,-0.014671953,1,close_x_ma60_dn
2023-11-16,0.01916483,2,close_x_ma60_dn
2023-11-21,-0.019752191,1,close_x_ma60_dn
2023-11-22,0.007439788,2,close_x_ma60_dn
2023-11-24,0.015662152,1,close_x_ma60_dn
2023-11-27,0.0023528896,1,close_x_ma60_dn
2023-11-29,0.06976872,2,close_x_ma60_dn
2023-11-30,0.008121654,2,close_x_ma60_dn
2023-12-05,0.011092737,4,close_x_ma60_dn
2023-12-07,0.0014921287,1,close_x_ma60_dn
2023-12-12,-0.00298863,2,close_x_ma60_dn
2023-12-13,-0.003525231,2,close_x_ma60_dn
2023-12-15,-0.021582624,3,close_x_ma60_dn
2023-12-18,0.009559582,1,close_x_ma60_dn
2023-12-19,-0.04291477,1,close_x_ma60_dn
2023-12-20,-0.0032881992,1,close_x_ma60_dn
2023-12-22,-0.009861799,1,close_x_ma60_dn
2023-12-25,0.017738143,1,close_x_ma60_dn
2023-12-26,0.00393926,2,close_x_ma60_dn
2023-12-29,-0.010482224,1,close_x_ma60_dn
2024-01-02,-0.06567122,1,close_x_ma60_dn
2024-01-03,0.005965393,1,close_x_ma60_dn
2024-01-04,-0.0153905405,2,close_x_ma60_dn
2024-01-08,-0.030418588,1,close_x_ma60_dn
2024-01-09,-0.011832547,1,close_x_ma60_dn
2024-01-10,0.01839657,1,close_x_ma60_dn
2024-01-17,-0.014357593,3,close_x_ma60_dn
2024-01-19,-0.022636555,2,close_x_ma60_dn
2024-01-22,0.011639168,8,close_x_ma60_dn
2024-01-26,-0.054643236,1,close_x_ma60_dn
2024-01-29,0.026067339,1,close_x_ma60_dn
2024-01-30,0.015916817,8,close_x_ma60_dn
2024-01-31,-0.013404377,2,close_x_ma60_dn
2024-02-01,-0.025011418,3,close_x_ma60_dn
2024-02-02,-0.007134076,2,close_x_ma60_dn
2024-02-05,0.02020666,1,close_x_ma60_dn
2024-02-08,0.006749309,1,close_x_ma60_dn
2024-02-19,-0.009186099,3,close_x_ma60_dn
2024-02-20,-0.014161841,1,close_x_ma60_dn
2024-02-22,-0.058428504,1,close_x_ma60_dn
2024-02-26,-0.010818009,4,close_x_ma60_dn
2024-02-28,-0.006987582,4,close_x_ma60_dn
2024-03-01,-0.032248486,1,close_x_ma60_dn
2024-03-05,0.00020211423,2,close_x_ma60_dn
2024-03-06,0.030205455,1,close_x_ma60_dn
2024-03-13,-0.01917922,3,close_x_ma60_dn
2024-03-19,-0.005629396,1,close_x_ma60_dn
2024-03-21,-0.025368232,1,close_x_ma60_dn
2024-03-22,-0.0075669093,2,close_x_ma60_dn
2024-03-25,-0.017118648,5,close_x_ma60_dn
2024-03-26,0.031003708,1,close_x_ma60_dn
2024-03-27,-0.0034372248,9,close_x_ma60_dn
2024-03-29,0.00036555063,1,close_x_ma60_dn
2024-04-02,-0.003791659,1,close_x_ma60_dn
2024-04-03,-0.015780041,1,close_x_ma60_dn
2024-04-08,-0.00475076,3,close_x_ma60_dn
2024-04-10,0.012500744,1,close_x_ma60_dn
2024-04-11,0.009844379,1,close_x_ma60_dn
2024-04-12,-0.0028958172,3,close_x_ma60_dn
2024-04-16,0.005513195,4,close_x_ma60_dn
2024-04-18,0.019775994,1,close_x_ma60_dn
2024-04-19,-0.03072872,1,close_x_ma60_dn
2024-04-22,0.010467806,2,close_x_ma60_dn
2024-04-23,-0.012245442,4,close_x_ma60_dn
2024-04-25,-0.054679118,2,close_x_ma60_dn
2024-04-30,-0.005682856,4,close_x_ma60_dn
2024-05-07,-0.0009792692,1,close_x_ma60_dn
2024-05-08,-0.0056285323,6,close_x_ma60_dn
2024-05-10,0.0027213816,3,close_x_ma60_dn
2024-05-13,0.014912548,1,close_x_ma60_dn
2024-05-14,-0.023711383,1,close_x_ma60_dn
2024-05-15,0.005918994,1,close_x_ma60_dn
2024-05-20,0.014423363,2,close_x_ma60_dn
2024-05-21,-0.044885784,1,close_x_ma60_dn
2024-05-22,0.010370941,2,close_x_ma60_dn
2024-05-23,0.012047133,6,close_x_ma60_dn
2024-05-24,0.0027988115,3,close_x_ma60_dn
2024-05-28,0.0083922,5,close_x_ma60_dn
2024-05-30,-0.023336638,4,close_x_ma60_dn
2024-05-31,-0.035157297,1,close_x_ma60_dn
2024-06-03,-0.014213462,2,close_x_ma60_dn
2024-06-04,-0.017909266,2,close_x_ma60_dn
2024-06-05,-0.018889444,2,close_x_ma60_dn
2024-06-06,-0.008047172,2,close_x_ma60_dn
2024-06-11,0.033334743,1,close_x_ma60_dn
2024-06-13,0.005252252,4,close_x_ma60_dn
2024-06-17,0.014426467,6,close_x_ma60_dn
2024-06-19,0.011870707,1,close_x_ma60_dn
2024-06-20,0.014121789,5,close_x_ma60_dn
2024-06-24,0.00069477595,6,close_x_ma60_dn
2024-06-27,-0.00096518314,2,close_x_ma60_dn
2024-06-28,0.02138613,1,close_x_ma60_dn
2024-07-02,-0.053088456,1,close_x_ma60_dn
2024-07-03,0.010670148,2,close_x_ma60_dn
2024-07-04,0.038123053,2,close_x_ma60_dn
2024-07-05,-0.001231296,2,close_x_ma60_dn
2024-07-08,-0.057308298,1,close_x_ma60_dn
2024-07-10,-0.0287917,1,close_x_ma60_dn
2024-07-15,-0.009332437,2,close_x_ma60_dn
2024-07-17,-0.0020042658,2,close_x_ma60_dn
2024-07-22,-0.025229832,2,close_x_ma60_dn
2024-07-23,-0.019230044,4,close_x_ma60_dn
2024-07-24,-0.011497289,1,close_x_ma60_dn
2024-07-25,0.02480605,1,close_x_ma60_dn
2024-08-02,-0.020090265,5,close_x_ma60_dn
2024-08-09,-0.072848864,1,close_x_ma60_dn
2024-08-14,-0.033907473,1,close_x_ma60_dn
2024-08-20,-0.0066859974,2,close_x_ma60_dn
2024-08-21,-0.009318636,2,close_x_ma60_dn
2024-08-26,-0.104750805,1,close_x_ma60_dn
2024-08-27,-0.06503658,1,close_x_ma60_dn
2024-08-29,-0.011573156,2,close_x_ma60_dn
2024-08-30,-0.016386,1,close_x_ma60_dn
2024-09-02,0.048120156,1,close_x_ma60_dn
2024-09-05,0.047387112,1,close_x_ma60_dn
2024-09-06,0.037751276,2,close_x_ma60_dn
2024-09-09,-0.021584686,1,close_x_ma60_dn
2024-09-10,-0.008254582,1,close_x_ma60_dn
2024-09-11,-0.048664223,2,close_x_ma60_dn
2024-09-12,-0.028940745,1,close_x_ma60_dn
2024-09-20,-0.104528375,1,close_x_ma60_dn
2024-09-25,-0.013306797,2,close_x_ma60_dn
2024-10-09,0.07114607,2,close_x_ma60_dn
2024-10-11,-0.0037081358,2,close_x_ma60_dn
2024-10-15,-0.0004821401,3,close_x_ma60_dn
2024-10-17,-0.009801806,3,close_x_ma60_dn
2024-10-25,0.07492997,1,close_x_ma60_dn
2024-10-30,0.0012910049,1,close_x_ma60_dn
2024-11-14,-0.030535001,1,close_x_ma60_dn
2024-11-15,0.013264856,2,close_x_ma60_dn
2024-11-18,-0.014310241,1,close_x_ma60_dn
2024-11-22,0.011867321,6,close_x_ma60_dn
2024-11-25,-0.0007867953,2,close_x_ma60_dn
2024-11-26,-0.007869832,1,close_x_ma60_dn
2024-11-28,-0.0015273964,3,close_x_ma60_dn
2024-11-29,0.0057430007,1,close_x_ma60_dn
2024-12-04,-0.004383231,3,close_x_ma60_dn
2024-12-05,0.044538315,3,close_x_ma60_dn
2024-12-09,-0.024955919,3,close_x_ma60_dn
2024-12-10,0.023848452,1,close_x_ma60_dn
2024-12-11,0.0003137309,1,close_x_ma60_dn
2024-12-12,-0.0061707385,1,close_x_ma60_dn
2024-12-13,-0.007822851,9,close_x_ma60_dn
2024-12-16,-0.017626053,6,close_x_ma60_dn
2024-12-17,0.0031783332,5,close_x_ma60_dn
2024-12-19,-0.014418744,8,close_x_ma60_dn
2024-12-20,0.02059447,4,close_x_ma60_dn
2024-12-23,-0.00093047274,4,close_x_ma60_dn
2024-12-24,-0.037577584,1,close_x_ma60_dn
2024-12-25,-0.01051731,2,close_x_ma60_dn
2024-12-26,-0.0032566686,3,close_x_ma60_dn
2024-12-27,0.01358233,1,close_x_ma60_dn
2024-12-30,-0.0066923946,2,close_x_ma60_dn
2024-12-31,-0.01842233,7,close_x_ma60_dn
2025-01-02,0.0053006955,7,close_x_ma60_dn
2025-01-03,-0.031086873,1,close_x_ma60_dn
2025-01-07,-0.0095173335,3,close_x_ma60_dn
2025-01-08,-0.015595909,1,close_x_ma60_dn
2025-01-10,-0.0012901127,1,close_x_ma60_dn
2025-01-15,0.015622758,2,close_x_ma60_dn
2025-01-17,0.009338132,2,close_x_ma60_dn
2025-01-22,-0.016410632,1,close_x_ma60_dn
2025-01-24,-0.032407787,2,close_x_ma60_dn
2025-02-05,-0.034859903,4,close_x_ma60_dn
2025-02-06,-0.01498193,2,close_x_ma60_dn
2025-02-10,-0.017394498,2,close_x_ma60_dn
2025-02-11,-0.029752202,1,close_x_ma60_dn
2025-02-12,0.018944917,3,close_x_ma60_dn
2025-02-13,-0.011037891,5,close_x_ma60_dn
2025-02-17,-0.029170653,6,close_x_ma60_dn
2025-02-18,0.017943297,4,close_x_ma60_dn
2025-02-21,0.038151123,2,close_x_ma60_dn
2025-02-24,-0.012130847,1,close_x_ma60_dn
2025-02-25,0.0033202656,1,close_x_ma60_dn
2025-02-26,-0.02082999,1,close_x_ma60_dn
2025-02-27,-0.006158198,4,close_x_ma60_dn
2025-02-28,0.00042618028,5,close_x_ma60_dn
2025-03-03,-0.0072112065,3,close_x_ma60_dn
2025-03-05,-0.04012231,1,close_x_ma60_dn
2025-03-07,-0.037518695,2,close_x_ma60_dn
2025-03-10,-0.008989014,2,close_x_ma60_dn
2025-03-11,-0.031305373,1,close_x_ma60_dn
2025-03-13,-0.009136613,3,close_x_ma60_dn
2025-03-17,-0.0019751694,2,close_x_ma60_dn
2025-03-19,0.0072908597,2,close_x_ma60_dn
2025-03-20,0.020639548,3,close_x_ma60_dn
2025-03-21,-0.016451778,3,close_x_ma60_dn
2025-03-24,-0.009289425,1,close_x_ma60_dn
2025-03-27,-0.00052034855,1,close_x_ma60_dn
2025-03-28,-0.007849464,6,close_x_ma60_dn
2025-03-31,-0.009630591,5,close_x_ma60_dn
2025-04-02,0.003953278,1,close_x_ma60_dn
2025-04-03,-0.00087509956,2,close_x_ma60_dn
2025-04-07,0.0053142942,25,close_x_ma60_dn
2025-04-08,0.011099998,1,close_x_ma60_dn
2025-04-14,0.0058262832,1,close_x_ma60_dn
2025-04-15,-0.118819006,1,close_x_ma60_dn
2025-04-16,-0.013561505,2,close_x_ma60_dn
2025-04-21,0.010766851,1,close_x_ma60_dn
2025-04-23,0.001704185,1,close_x_ma60_dn
2025-04-24,-0.01980688,1,close_x_ma60_dn
2025-04-25,-0.021670643,1,close_x_ma60_dn
2025-04-28,-0.027438408,1,close_x_ma60_dn
2025-04-29,-0.007175379,3,close_x_ma60_dn
2025-04-30,-0.026900355,1,close_x_ma60_dn
2025-05-06,-0.042586487,1,close_x_ma60_dn
2025-05-07,-0.010584874,1,close_x_ma60_dn
2025-05-08,0.013826662,1,close_x_ma60_dn
2025-05-09,-0.0064276997,2,close_x_ma60_dn
2025-05-13,-0.026837237,1,close_x_ma60_dn
2025-05-14,-0.021009367,1,close_x_ma60_dn
2025-05-15,-0.012981775,5,close_x_ma60_dn
2025-05-16,0.004775727,1,close_x_ma60_dn
2025-05-19,-0.019971604,1,close_x_ma60_dn
2025-05-20,-0.0042963196,1,close_x_ma60_dn
2025-05-21,0.02306301,1,close_x_ma60_dn
2025-05-22,-0.003163949,3,close_x_ma60_dn
2025-05-23,0.016564649,2,close_x_ma60_dn
2025-05-26,0.018112142,1,close_x_ma60_dn
2025-05-27,-0.045488983,1,close_x_ma60_dn
2025-05-28,-0.023955712,1,close_x_ma60_dn
2025-05-30,-0.009727874,3,close_x_ma60_dn
2025-06-05,0.004907879,1,close_x_ma60_dn
2025-06-06,0.00737689,1,close_x_ma60_dn
2025-06-10,0.045426782,2,close_x_ma60_dn
2025-06-12,0.0015178913,3,close_x_ma60_dn
2025-06-13,0.08090739,1,close_x_ma60_dn
2025-06-16,0.004672904,4,close_x_ma60_dn
2025-06-19,0.013428847,10,close_x_ma60_dn
2025-06-20,0.0019663507,2,close_x_ma60_dn
2025-06-23,-0.015766526,3,close_x_ma60_dn
2025-06-26,0.065803915,2,close_x_ma60_dn
2025-06-27,-0.013117017,1,close_x_ma60_dn
2025-06-30,0.0013885805,2,close_x_ma60_dn
2025-07-04,0.0068335473,4,close_x_ma60_dn
2025-07-07,-0.0013636835,1,close_x_ma60_dn
2025-07-09,0.009781185,2,close_x_ma60_dn
2025-07-14,-0.032848477,2,close_x_ma60_dn
2025-07-15,0.03407369,5,close_x_ma60_dn
2025-07-23,-0.022834998,2,close_x_ma60_dn
2025-07-25,-0.010345113,3,close_x_ma60_dn
2025-07-29,0.010497014,2,close_x_ma60_dn
2025-07-30,0.021710992,1,close_x_ma60_dn
2025-07-31,-0.0036005883,7,close_x_ma60_dn
2025-08-04,-0.014768865,2,close_x_ma60_dn
2025-08-07,-0.003059899,2,close_x_ma60_dn
2025-08-08,0.11869649,1,close_x_ma60_dn
2025-08-11,-0.044432282,1,close_x_ma60_dn
2025-08-12,-0.010359685,1,close_x_ma60_dn
2025-08-13,0.019013999,1,close_x_ma60_dn
2025-08-14,-0.0056197518,3,close_x_ma60_dn
2025-08-15,-0.03385385,1,close_x_ma60_dn
2025-08-18,0.009175364,1,close_x_ma60_dn
2025-08-20,0.004082393,1,close_x_ma60_dn
2025-08-27,0.033949938,5,close_x_ma60_dn
2025-08-28,0.0012003705,1,close_x_ma60_dn
2025-08-29,0.0049601877,2,close_x_ma60_dn
2025-09-01,0.015905034,1,close_x_ma60_dn
2025-09-02,0.030931737,5,close_x_ma60_dn
2025-09-03,-0.035962038,4,close_x_ma60_dn
2025-09-04,0.013398404,3,close_x_ma60_dn
2025-09-09,-0.025570616,1,close_x_ma60_dn
2025-09-10,0.021594025,2,close_x_ma60_dn
2025-09-12,0.1637701,2,close_x_ma60_dn
2025-09-15,-0.003970622,1,close_x_ma60_dn
2025-09-17,-0.013312019,2,close_x_ma60_dn
2025-09-18,0.006938474,3,close_x_ma60_dn
2025-09-19,-0.015533866,1,close_x_ma60_dn
2025-09-22,-0.02237692,1,close_x_ma60_dn
2025-09-23,-0.017012898,4,close_x_ma60_dn
2025-09-25,-0.0057572597,7,close_x_ma60_dn
2025-09-30,0.019132823,4,close_x_ma60_dn
2025-10-10,-3.3034943e-05,2,close_x_ma60_dn
2025-10-13,0.032641243,5,close_x_ma60_dn
2025-10-14,-0.0037296393,3,close_x_ma60_dn
2025-10-16,0.0112860175,3,close_x_ma60_dn
2025-10-17,0.015825162,5,close_x_ma60_dn
2025-10-21,-0.023346014,2,close_x_ma60_dn
2025-10-22,-0.014491475,2,close_x_ma60_dn
2025-10-23,0.006711096,1,close_x_ma60_dn
2025-10-24,0.023973435,2,close_x_ma60_dn
2025-10-27,-0.017196098,1,close_x_ma60_dn
2025-10-28,-0.025163513,1,close_x_ma60_dn
2025-10-30,-0.020400781,4,close_x_ma60_dn
2025-10-31,-0.009187305,4,close_x_ma60_dn
2025-11-04,0.031021893,3,close_x_ma60_dn
2025-11-05,0.023817834,2,close_x_ma60_dn
2025-11-11,0.0019225385,1,close_x_ma60_dn
2025-11-12,-0.02992047,1,close_x_ma60_dn
2025-11-14,0.019470507,3,close_x_ma60_dn
2025-11-17,0.013084881,3,close_x_ma60_dn
2025-11-18,-0.0049861213,5,close_x_ma60_dn
2025-11-19,0.009572733,2,close_x_ma60_dn
2025-11-20,-0.01790761,3,close_x_ma60_dn
2025-11-21,0.00033586752,8,close_x_ma60_dn
2025-11-24,-0.008488449,2,close_x_ma60_dn
2025-11-26,-0.020809507,5,close_x_ma60_dn
2025-11-27,0.0117890565,3,close_x_ma60_dn
2025-12-02,-0.03586097,2,close_x_ma60_dn
2025-12-03,-0.0061621666,3,close_x_ma60_dn
2025-12-04,-0.027100902,2,close_x_ma60_dn
2025-12-08,0.0386494,2,close_x_ma60_dn
2025-12-09,0.0077875876,5,close_x_ma60_dn
2025-12-11,-0.044245217,1,close_x_ma60_dn
2025-12-15,0.030515388,1,close_x_ma60_dn
2025-12-16,0.012549011,2,close_x_ma60_dn
2025-12-18,-0.005967688,2,close_x_ma60_dn
2025-12-19,0.0053836554,1,close_x_ma60_dn
2025-12-22,0.010989526,1,close_x_ma60_dn
2025-12-23,-0.007732461,1,close_x_ma60_dn
2025-12-24,0.020703778,1,close_x_ma60_dn
2025-12-25,0.0601916,1,close_x_ma60_dn
2025-12-26,0.029533846,3,close_x_ma60_dn
2025-12-29,-0.068731606,1,close_x_ma60_dn
2025-12-30,-0.015281595,6,close_x_ma60_dn
2025-12-31,-0.03950014,1,close_x_ma60_dn
2026-01-07,-0.02646411,3,close_x_ma60_dn
2026-01-08,-0.022183174,3,close_x_ma60_dn
2026-01-12,-0.024284167,2,close_x_ma60_dn
2026-01-13,-0.018694123,3,close_x_ma60_dn
2026-01-14,-0.008678596,3,close_x_ma60_dn
2026-01-15,-0.047698323,3,close_x_ma60_dn
2026-01-16,-0.038664382,2,close_x_ma60_dn
2026-01-19,-0.04191427,1,close_x_ma60_dn
2026-01-20,-0.05046527,1,close_x_ma60_dn
2026-01-21,-0.057036728,1,close_x_ma60_dn
2026-01-23,0.01199207,2,close_x_ma60_dn
2026-01-26,-0.00818051,3,close_x_ma60_dn
2026-01-27,0.016318092,3,close_x_ma60_dn
2026-01-28,-0.024762483,3,close_x_ma60_dn
2026-01-29,-0.029751105,1,close_x_ma60_dn
2026-01-30,-0.012753394,2,close_x_ma60_dn
2026-02-02,-0.011522646,14,close_x_ma60_dn
2026-02-04,-0.021265632,1,close_x_ma60_dn
2026-02-05,0.014553146,4,close_x_ma60_dn
2026-02-06,0.0023514265,1,close_x_ma60_dn
2026-02-09,-0.08315941,1,close_x_ma60_dn
2026-02-10,-0.013916366,2,close_x_ma60_dn
2026-02-11,0.017698336,2,close_x_ma60_dn
2026-02-12,-0.0066333213,3,close_x_ma60_dn
2026-02-13,0.027335813,6,close_x_ma60_dn
2026-02-24,-0.07409469,1,close_x_ma60_dn
2026-02-26,-0.0027202326,2,close_x_ma60_dn
2026-02-27,-0.0064288797,2,close_x_ma60_dn
2026-03-02,0.010080621,2,close_x_ma60_dn
2026-03-03,0.009421872,5,close_x_ma60_dn
2026-03-04,0.0272706,2,close_x_ma60_dn
2026-03-06,0.01334504,1,close_x_ma60_dn
2026-03-09,-0.032657653,1,close_x_ma60_dn
2026-03-12,0.055894025,1,close_x_ma60_dn
2026-03-13,-0.028420204,6,close_x_ma60_dn
2026-03-16,-0.028329037,6,close_x_ma60_dn
2026-03-17,0.001952406,3,close_x_ma60_dn
2026-03-18,-0.030428208,1,close_x_ma60_dn
2026-03-19,0.046338525,5,close_x_ma60_dn
2026-03-20,0.037835445,3,close_x_ma60_dn
2026-03-23,-0.011383429,6,close_x_ma60_dn
2026-03-26,-0.06423568,1,close_x_ma60_dn
2026-03-31,0.023536187,5,close_x_ma60_dn
2026-04-01,-0.047806036,1,close_x_ma60_dn
2026-04-02,0.04161878,4,close_x_ma60_dn
2026-04-03,-0.03350462,2,close_x_ma60_dn
2026-04-07,0.0065647885,4,close_x_ma60_dn
2026-04-09,0.017980207,3,close_x_ma60_dn
2026-04-14,0.050018933,1,close_x_ma60_dn
2026-04-16,-0.013279115,1,close_x_ma60_dn
2026-04-17,0.0050998107,2,close_x_ma60_dn
2026-04-20,-0.017240053,1,close_x_ma60_dn
2026-04-21,0.009824754,3,close_x_ma60_dn
2026-04-22,-0.057892792,1,close_x_ma60_dn
2026-04-23,0.026805157,4,close_x_ma60_dn
2026-04-24,0.006021509,2,close_x_ma60_dn
2026-04-27,-0.000551749,1,close_x_ma60_dn
2026-04-28,0.07973977,3,close_x_ma60_dn
2026-04-30,0.009079223,6,close_x_ma60_dn
2026-05-06,0.01786919,2,close_x_ma60_dn
2026-05-07,-0.018772764,2,close_x_ma60_dn
2026-05-08,0.015453689,2,close_x_ma60_dn
2026-05-12,-0.011098027,4,close_x_ma60_dn
2026-05-13,-0.029786326,1,close_x_ma60_dn
2026-05-14,0.04355534,4,close_x_ma60_dn
2026-05-15,0.05347003,6,close_x_ma60_dn
2026-05-18,-0.07648183,2,close_x_ma60_dn
2026-05-19,0.26702124,1,close_x_ma60_dn
2026-05-21,0.044875734,4,close_x_ma60_dn
2026-05-22,-0.07849069,1,close_x_ma60_dn
2026-05-26,-0.03740313,2,close_x_ma60_dn
2026-05-27,-0.018609622,5,close_x_ma60_dn
2026-05-28,0.033739947,1,close_x_ma60_dn
2026-05-29,0.10294888,3,close_x_ma60_dn
2026-06-01,0.10770801,1,close_x_ma60_dn
2026-06-02,-0.045938365,2,close_x_ma60_dn
2026-06-03,0.066628166,2,close_x_ma60_dn
2026-06-05,-0.13075386,1,close_x_ma60_dn
2026-06-08,0.027424116,5,close_x_ma60_dn
2026-06-10,0.03231661,4,close_x_ma60_dn
2026-06-11,0.03513962,1,close_x_ma60_dn
2026-06-12,0.09146992,2,close_x_ma60_dn
2026-06-15,-0.012662791,1,close_x_ma60_dn
2026-06-16,-0.011160883,3,close_x_ma60_dn
2026-06-17,0.040350974,1,close_x_ma60_dn
2026-06-18,-0.019631054,5,close_x_ma60_dn
2026-06-22,0.0036104582,1,close_x_ma60_dn
2026-06-23,0.019090144,4,close_x_ma60_dn
2026-06-24,0.0020194054,3,close_x_ma60_dn
2026-06-26,0.026088813,6,close_x_ma60_dn
2026-06-29,0.05932934,1,close_x_ma60_dn
2026-06-30,0.045056015,3,close_x_ma60_dn
2026-07-02,0.0006739907,4,close_x_ma60_dn
2026-07-03,-0.10071571,1,close_x_ma60_dn
2026-07-07,-0.033113737,4,close_x_ma60_dn
2026-07-08,-0.09152102,3,close_x_ma60_dn
2026-07-09,-0.075709574,2,close_x_ma60_dn
2026-07-10,0.036480285,2,close_x_ma60_dn
2026-07-13,-0.045478076,3,close_x_ma60_dn
2026-07-14,-0.10847907,2,close_x_ma60_dn
2026-07-15,-0.15728268,1,close_x_ma60_dn
2026-07-16,0.11010495,1,close_x_ma60_dn
2026-07-17,-0.008311593,4,close_x_ma60_dn
2026-07-20,-0.0249726,1,close_x_ma60_dn
2026-07-21,0.021654025,1,close_x_ma60_dn
2026-07-23,0.013731865,2,close_x_ma60_dn
2026-07-24,-0.021327123,10,close_x_ma60_dn
2026-07-28,-0.024798628,4,close_x_ma60_dn
2026-07-30,-0.031008624,1,close_x_ma60_dn
2026-07-31,-0.09905408,1,close_x_ma60_dn
2026-08-06,0.0047150566,5,close_x_ma60_dn
2026-08-10,0.012876323,1,close_x_ma60_dn
2026-08-11,0.0041203243,6,close_x_ma60_dn
2026-08-13,0.010059586,3,close_x_ma60_dn
2026-08-14,-0.0082393745,5,close_x_ma60_dn
2026-08-17,-0.041475367,2,close_x_ma60_dn
2026-08-18,0.02626339,1,close_x_ma60_dn
2026-08-19,-0.0008303742,6,close_x_ma60_dn
2026-08-20,0.08374596,1,close_x_ma60_dn
2026-08-21,0.0042993436,5,close_x_ma60_dn
2026-08-24,0.012006012,2,close_x_ma60_dn
2026-08-25,-0.008341873,2,close_x_ma60_dn
2026-08-26,-0.00512188,1,close_x_ma60_dn
2026-08-28,-0.009565446,2,close_x_ma60_dn
2026-08-31,-0.021893755,2,close_x_ma60_dn
2026-09-01,-0.017506443,2,close_x_ma60_dn
2026-09-02,0.024438744,3,close_x_ma60_dn
2026-09-03,-0.0064034984,1,close_x_ma60_dn
2026-09-04,-0.0025000423,1,close_x_ma60_dn
2026-09-07,-0.017286878,2,close_x_ma60_dn
2026-09-08,-0.004142484,3,close_x_ma60_dn
2026-09-09,0.024386391,1,close_x_ma60_dn
2026-09-10,-0.012941565,4,close_x_ma60_dn
2015-01-05,0.009312799,6,macd_golden
2015-01-06,0.036479935,10,macd_golden
2015-01-07,0.05668074,3,macd_golden
2015-01-08,-0.007828803,1,macd_golden
2015-01-13,0.06536618,1,macd_golden
2015-01-15,0.042109314,1,macd_golden
2015-01-21,0.0004148241,1,macd_golden
2015-01-22,0.03608967,1,macd_golden
2015-01-23,-0.100665435,1,macd_golden
2015-01-26,-0.016730621,2,macd_golden
2015-01-27,-0.00026120525,2,macd_golden
2015-02-04,0.02487711,1,macd_golden
2015-02-10,-0.026986536,1,macd_golden
2015-02-11,0.018963471,2,macd_golden
2015-02-12,0.008218363,2,macd_golden
2015-02-13,-0.012005369,5,macd_golden
2015-02-16,0.012802879,9,macd_golden
2015-02-17,0.016189914,7,macd_golden
2015-02-25,0.008103807,2,macd_golden
2015-02-26,0.008861925,3,macd_golden
2015-02-27,-0.03634569,1,macd_golden
2015-03-02,-0.032326024,3,macd_golden
2015-03-09,0.056293353,1,macd_golden
2015-03-12,-0.026224347,2,macd_golden
2015-03-16,-0.019200645,5,macd_golden
2015-03-17,0.08507236,3,macd_golden
2015-03-18,-0.01878461,1,macd_golden
2015-03-23,0.002181407,1,macd_golden
2015-03-30,-0.09473291,1,macd_golden
2015-04-01,-0.016811246,2,macd_golden
2015-04-02,0.110947624,1,macd_golden
2015-04-09,-0.049298186,1,macd_golden
2015-04-10,0.000246929,1,macd_golden
2015-04-13,-0.017013576,1,macd_golden
2015-04-15,-0.007887669,1,macd_golden
2015-04-16,0.02443869,1,macd_golden
2015-04-17,-0.017699907,5,macd_golden
2015-04-20,-0.062877536,1,macd_golden
2015-04-21,-0.055316728,1,macd_golden
2015-04-22,0.010801561,4,macd_golden
2015-04-23,-0.01213453,3,macd_golden
2015-05-04,-0.07141978,2,macd_golden
2015-05-12,0.012957364,1,macd_golden
2015-05-13,0.115441084,2,macd_golden
2015-05-18,-0.022798711,3,macd_golden
2015-05-19,-0.04484418,3,macd_golden
2015-05-20,0.02445243,5,macd_golden
2015-05-21,-0.03816386,4,macd_golden
2015-05-22,-0.029396739,8,macd_golden
2015-05-25,0.04533451,7,macd_golden
2015-05-26,-0.07477342,4,macd_golden
2015-05-27,-0.076016426,1,macd_golden
2015-06-02,0.011204386,1,macd_golden
2015-06-03,-0.025884023,3,macd_golden
2015-06-08,-0.08899483,1,macd_golden
2015-06-09,0.06359179,1,macd_golden
2015-06-15,0.117193505,1,macd_golden
2015-06-18,0.12189176,1,macd_golden
2015-06-24,0.06780596,2,macd_golden
2015-06-25,0.045806784,2,macd_golden
2015-06-29,-0.16143987,2,macd_golden
2015-06-30,0.04235226,1,macd_golden
2015-07-07,-0.18844482,1,macd_golden
2015-07-10,-0.028600426,2,macd_golden
2015-07-13,-0.016958272,3,macd_golden
2015-07-14,0.016357183,3,macd_golden
2015-07-15,0.05505003,1,macd_golden
2015-07-16,-0.0048303083,2,macd_golden
2015-07-17,0.03105802,9,macd_golden
2015-07-20,-0.017484589,4,macd_golden
2015-07-21,0.003796035,5,macd_golden
2015-07-22,-0.025109364,2,macd_golden
2015-07-23,-0.049064167,4,macd_golden
2015-07-24,-0.0049195085,2,macd_golden
2015-07-29,0.021804556,1,macd_golden
2015-07-30,-0.124245584,1,macd_golden
2015-07-31,-0.041723713,2,macd_golden
2015-08-03,-0.05188489,2,macd_golden
2015-08-04,0.014205341,3,macd_golden
2015-08-05,-0.03517262,4,macd_golden
2015-08-07,0.003821101,2,macd_golden
2015-08-10,-0.043786623,2,macd_golden
2015-08-14,-0.037492603,1,macd_golden
2015-08-17,0.07106459,1,macd_golden
2015-08-26,-0.13629347,1,macd_golden
2015-09-01,-0.060063377,3,macd_golden
2015-09-02,-0.06593414,1,macd_golden
2015-09-07,-0.055064015,1,macd_golden
2015-09-08,-0.0052924305,2,macd_golden
2015-09-09,0.0026358913,10,macd_golden
2015-09-10,-0.01863978,2,macd_golden
2015-09-11,-0.0042680777,9,macd_golden
2015-09-16,-0.017454417,9,macd_golden
2015-09-17,0.067942165,3,macd_golden
2015-09-18,-0.011679184,6,macd_golden
2015-09-21,-0.015771132,7,macd_golden
2015-09-22,0.005545374,4,macd_golden
2015-09-25,-0.040014703,1,macd_golden
2015-10-08,-0.016294487,1,macd_golden
2015-10-09,-0.05058718,2,macd_golden
2015-10-12,-0.061034374,1,macd_golden
2015-11-04,0.014030402,6,macd_golden
2015-11-05,0.030129096,3,macd_golden
2015-11-09,-0.015446696,1,macd_golden
2015-11-10,-0.01852093,1,macd_golden
2015-11-12,0.005850888,1,macd_golden
2015-11-16,-0.043167353,1,macd_golden
2015-11-17,-0.019175984,1,macd_golden
2015-11-18,-0.023678537,1,macd_golden
2015-11-19,0.008767065,1,macd_golden
2015-11-26,-0.044901546,2,macd_golden
2015-11-30,0.15481098,1,macd_golden
2015-12-02,0.031888485,1,macd_golden
2015-12-03,-0.041942053,1,macd_golden
2015-12-04,0.016983202,3,macd_golden
2015-12-07,0.06113492,4,macd_golden
2015-12-10,-0.028269563,1,macd_golden
2015-12-11,-0.053177245,2,macd_golden
2015-12-14,0.092008896,1,macd_golden
2015-12-15,0.0041280184,2,macd_golden
2015-12-16,0.09141801,2,macd_golden
2015-12-17,-0.018823285,7,macd_golden
2015-12-18,-0.009251284,3,macd_golden
2015-12-21,0.005365003,8,macd_golden
2015-12-22,-0.024842009,2,macd_golden
2015-12-24,-0.043282196,2,macd_golden
2015-12-25,-0.02052907,3,macd_golden
2016-01-06,0.08328662,1,macd_golden
2016-01-19,0.063369796,1,macd_golden
2016-01-20,-0.018042974,1,macd_golden
2016-01-22,0.027056608,1,macd_golden
2016-01-25,-0.020362282,4,macd_golden
2016-01-29,-0.0072091464,4,macd_golden
2016-02-01,-0.005364716,5,macd_golden
2016-02-02,-0.021494025,2,macd_golden
2016-02-03,-0.004307344,7,macd_golden
2016-02-04,-0.015518535,11,macd_golden
2016-02-05,-0.0068819188,4,macd_golden
2016-02-15,0.0158865,2,macd_golden
2016-02-16,0.044333488,3,macd_golden
2016-02-22,0.05898878,1,macd_golden
2016-03-02,0.030862378,6,macd_golden
2016-03-03,-0.035699554,1,macd_golden
2016-03-04,0.03622183,1,macd_golden
2016-03-09,0.0016323957,1,macd_golden
2016-03-14,0.021391835,1,macd_golden
2016-03-15,0.018495476,2,macd_golden
2016-03-21,-0.015995212,5,macd_golden
2016-03-22,-0.03676767,1,macd_golden
2016-03-23,-0.025183938,1,macd_golden
2016-03-30,-0.02193548,1,macd_golden
2016-03-31,0.01596644,1,macd_golden
2016-04-01,0.055179823,1,macd_golden
2016-04-05,-0.0077053444,3,macd_golden
2016-04-06,0.027740996,1,macd_golden
2016-04-11,0.01965442,2,macd_golden
2016-04-13,-0.008871855,6,macd_golden
2016-04-14,0.0060626343,5,macd_golden
2016-04-15,0.0032696053,1,macd_golden
2016-04-29,0.029952569,3,macd_golden
2016-05-03,0.019157838,5,macd_golden
2016-05-04,0.0076348134,3,macd_golden
2016-05-05,-0.038839795,2,macd_golden
2016-05-06,-0.012920206,1,macd_golden
2016-05-11,-0.006244117,1,macd_golden
2016-05-12,0.012253347,1,macd_golden
2016-05-17,-0.00689541,1,macd_golden
2016-05-20,0.018148767,1,macd_golden
2016-05-23,-0.006071543,4,macd_golden
2016-05-24,-0.01002526,2,macd_golden
2016-05-25,0.00897298,2,macd_golden
2016-05-26,-0.009765487,2,macd_golden
2016-05-27,-0.00824401,7,macd_golden
2016-05-31,-0.007370206,8,macd_golden
2016-06-01,0.012981775,3,macd_golden
2016-06-02,0.022909286,3,macd_golden
2016-06-03,0.019741857,2,macd_golden
2016-06-15,0.016514283,2,macd_golden
2016-06-17,-0.0545666,1,macd_golden
2016-06-20,-0.026240092,2,macd_golden
2016-06-22,-0.009018572,5,macd_golden
2016-06-28,-0.0009871814,3,macd_golden
2016-07-01,-0.031422257,1,macd_golden
2016-07-06,-0.009192267,2,macd_golden
2016-07-07,-0.043119956,1,macd_golden
2016-07-11,-0.0657863,1,macd_golden
2016-07-13,-0.012382636,1,macd_golden
2016-07-18,-0.029435271,1,macd_golden
2016-07-21,-0.051647265,1,macd_golden
2016-07-22,-0.09074292,1,macd_golden
2016-07-26,0.018200144,1,macd_golden
2016-07-27,-0.093857065,1,macd_golden
2016-08-02,-0.0011306386,1,macd_golden
2016-08-03,0.07358989,2,macd_golden
2016-08-04,0.04856044,1,macd_golden
2016-08-05,-0.008485468,1,macd_golden
2016-08-08,0.015533257,1,macd_golden
2016-08-09,-0.012890029,2,macd_golden
2016-08-10,-0.008288041,4,macd_golden
2016-08-11,0.01725844,2,macd_golden
2016-08-12,-0.008167709,6,macd_golden
2016-08-15,0.007669817,8,macd_golden
2016-08-16,-0.0023742542,3,macd_golden
2016-08-17,0.0037646862,4,macd_golden
2016-08-18,-0.010312434,1,macd_golden
2016-08-23,-0.044523623,1,macd_golden
2016-08-26,-0.0058925617,1,macd_golden
2016-08-29,-0.013127964,2,macd_golden
2016-08-31,-0.010147087,2,macd_golden
2016-09-01,-0.01684509,1,macd_golden
2016-09-02,-0.025265796,1,macd_golden
2016-09-06,0.037979595,4,macd_golden
2016-09-07,0.0004232574,5,macd_golden
2016-09-08,0.022334665,1,macd_golden
2016-09-09,-0.009791159,2,macd_golden
2016-09-13,-0.06879601,1,macd_golden
2016-09-19,0.061606802,2,macd_golden
2016-09-22,-0.011351489,3,macd_golden
2016-09-23,-0.004375306,2,macd_golden
2016-09-26,0.05085217,1,macd_golden
2016-09-28,0.0030797012,2,macd_golden
2016-09-29,-0.0315533,3,macd_golden
2016-09-30,0.015132549,5,macd_golden
2016-10-10,0.0029097635,5,macd_golden
2016-10-11,0.005376213,2,macd_golden
2016-10-12,0.0034791029,2,macd_golden
2016-10-13,-0.0035654623,2,macd_golden
2016-10-14,0.006316104,2,macd_golden
2016-10-18,-0.014221453,2,macd_golden
2016-10-19,0.0025527384,1,macd_golden
2016-10-21,0.0068380977,1,macd_golden
2016-10-24,0.029525101,2,macd_golden
2016-10-25,-0.016071418,1,macd_golden
2016-11-02,-0.041900236,1,macd_golden
2016-11-07,-0.014711574,1,macd_golden
2016-11-10,0.014305299,8,macd_golden
2016-11-11,0.021042235,6,macd_golden
2016-11-14,-0.012277883,3,macd_golden
2016-11-15,-0.03955966,1,macd_golden
2016-11-21,-0.03302964,2,macd_golden
2016-11-22,0.009116439,3,macd_golden
2016-11-23,0.047726117,1,macd_golden
2016-11-24,0.034566246,2,macd_golden
2016-11-28,-0.002796552,3,macd_golden
2016-12-01,-0.0002218727,1,macd_golden
2016-12-05,-0.04019309,1,macd_golden
2016-12-07,0.030060988,2,macd_golden
2016-12-09,-0.007883057,4,macd_golden
2016-12-14,0.040770266,1,macd_golden
2016-12-15,-0.024322953,1,macd_golden
2016-12-19,-0.032205276,1,macd_golden
2016-12-21,-0.026802221,2,macd_golden
2016-12-26,-0.013078177,1,macd_golden
2016-12-28,-0.019614497,1,macd_golden
2016-12-29,-0.012922035,3,macd_golden
2017-01-03,-0.007441509,7,macd_golden
2017-01-04,-0.021456458,4,macd_golden
2017-01-05,0.0009524592,8,macd_golden
2017-01-06,-0.0007191263,2,macd_golden
2017-01-09,0.0014003031,3,macd_golden
2017-01-10,-0.027229961,2,macd_golden
2017-01-12,-0.07905825,2,macd_golden
2017-01-18,-0.006666307,3,macd_golden
2017-01-20,-0.0045397757,2,macd_golden
2017-01-23,-0.0035760682,2,macd_golden
2017-01-24,-0.009240065,4,macd_golden
2017-01-25,0.0012218365,3,macd_golden
2017-01-26,0.003063161,4,macd_golden
2017-02-03,-0.028672604,1,macd_golden
2017-02-06,-0.045588627,4,macd_golden
2017-02-07,-0.0020287363,4,macd_golden
2017-02-08,-0.007520885,1,macd_golden
2017-02-09,0.013813819,2,macd_golden
2017-02-13,-0.054201297,1,macd_golden
2017-02-20,0.032510962,2,macd_golden
2017-02-22,-0.004662334,2,macd_golden
2017-02-23,-0.0381739,1,macd_golden
2017-03-08,0.02019447,4,macd_golden
2017-03-09,-0.007840094,1,macd_golden
2017-03-10,0.016571566,2,macd_golden
2017-03-16,-0.009789778,4,macd_golden
2017-03-17,0.019297918,1,macd_golden
2017-03-20,0.041362047,2,macd_golden
2017-03-21,0.005049502,3,macd_golden
2017-03-23,-0.021287043,2,macd_golden
2017-03-27,-0.00093680195,7,macd_golden
2017-03-29,0.015167013,2,macd_golden
2017-03-31,0.009957902,2,macd_golden
2017-04-05,-0.011900112,6,macd_golden
2017-04-06,-0.013008133,4,macd_golden
2017-04-07,0.04853988,1,macd_golden
2017-04-10,0.0012544075,2,macd_golden
2017-04-11,-0.028806694,3,macd_golden
2017-04-12,-0.09650226,1,macd_golden
2017-04-19,0.03688684,3,macd_golden
2017-04-20,-0.002867553,4,macd_golden
2017-04-21,0.02017107,1,macd_golden
2017-04-26,0.0034176088,2,macd_golden
2017-04-28,0.0032288097,1,macd_golden
2017-05-02,-0.033103414,1,macd_golden
2017-05-03,0.057433054,1,macd_golden
2017-05-08,-0.028081935,1,macd_golden
2017-05-09,0.2407106,1,macd_golden
2017-05-12,-0.054152466,2,macd_golden
2017-05-15,-0.025336161,2,macd_golden
2017-05-16,0.023940664,5,macd_golden
2017-05-17,0.00831529,6,macd_golden
2017-05-18,0.016886348,3,macd_golden
2017-05-19,-0.023143105,3,macd_golden
2017-05-22,-0.0060562864,1,macd_golden
2017-05-23,-0.0039429194,3,macd_golden
2017-05-24,0.021063983,1,macd_golden
2017-05-25,-0.0073531405,1,macd_golden
2017-05-26,0.002560609,3,macd_golden
2017-05-31,0.0063033802,2,macd_golden
2017-06-01,0.018613197,3,macd_golden
2017-06-02,-0.017526014,1,macd_golden
2017-06-06,-0.00459731,1,macd_golden
2017-06-07,0.01975528,5,macd_golden
2017-06-08,-0.015645439,4,macd_golden
2017-06-15,-0.02251763,1,macd_golden
2017-06-20,-0.008046802,1,macd_golden
2017-06-21,-0.002562251,1,macd_golden
2017-06-22,0.00038405508,1,macd_golden
2017-06-26,-0.040437233,3,macd_golden
2017-06-29,-0.028435776,1,macd_golden
2017-07-10,0.004914308,1,macd_golden
2017-07-11,-0.015967105,1,macd_golden
2017-07-19,-0.01323248,6,macd_golden
2017-07-20,0.011002001,3,macd_golden
2017-07-24,0.066082,2,macd_golden
2017-07-25,0.051239345,2,macd_golden
2017-07-27,0.008714579,5,macd_golden
2017-07-28,-0.078388594,1,macd_golden
2017-07-31,0.025901014,3,macd_golden
2017-08-01,-0.01946957,1,macd_golden
2017-08-02,-0.02376562,1,macd_golden
2017-08-04,0.021354623,2,macd_golden
2017-08-09,-0.01599774,2,macd_golden
2017-08-10,0.0069082836,1,macd_golden
2017-08-14,-0.0007474427,2,macd_golden
2017-08-16,0.0123410905,2,macd_golden
2017-08-17,-0.017909557,1,macd_golden
2017-08-18,-0.00962261,2,macd_golden
2017-08-21,-0.0054339617,2,macd_golden
2017-08-22,0.029791115,1,macd_golden
2017-08-23,0.0006319238,2,macd_golden
2017-08-25,0.010317356,3,macd_golden
2017-08-28,-0.0073168366,2,macd_golden
2017-08-29,0.0014530657,3,macd_golden
2017-08-30,-0.013526388,3,macd_golden
2017-08-31,-0.014370865,2,macd_golden
2017-09-01,-0.05196317,2,macd_golden
2017-09-04,-0.008472996,1,macd_golden
2017-09-05,0.02765251,2,macd_golden
2017-09-07,-0.011303628,1,macd_golden
2017-09-08,-0.0076327445,1,macd_golden
2017-09-11,0.021768205,2,macd_golden
2017-09-13,-0.02290618,1,macd_golden
2017-09-14,0.11171269,1,macd_golden
2017-09-15,0.04671958,1,macd_golden
2017-09-18,0.030828282,4,macd_golden
2017-09-19,0.032164913,1,macd_golden
2017-09-21,-0.011271286,3,macd_golden
2017-09-22,0.08912023,1,macd_golden
2017-09-28,0.004087532,1,macd_golden
2017-09-29,0.033157773,1,macd_golden
2017-10-09,0.0033434466,4,macd_golden
2017-10-10,-0.0061158054,6,macd_golden
2017-10-11,0.0076158065,2,macd_golden
2017-10-12,0.013328695,1,macd_golden
2017-10-13,-0.02810303,1,macd_golden
2017-10-16,-0.034172375,2,macd_golden
2017-10-20,-0.06810055,1,macd_golden
2017-10-23,-0.018082274,2,macd_golden
2017-10-24,-0.059866846,2,macd_golden
2017-10-25,0.04748909,2,macd_golden
2017-10-26,-0.035875767,3,macd_golden
2017-10-27,0.124494836,1,macd_golden
2017-10-30,-0.057845756,1,macd_golden
2017-10-31,0.029843343,2,macd_golden
2017-11-06,0.05171796,2,macd_golden
2017-11-07,0.014702076,4,macd_golden
2017-11-08,-0.033987455,2,macd_golden
2017-11-09,-0.0037527457,3,macd_golden
2017-11-10,0.020747872,4,macd_golden
2017-11-13,-0.03153133,2,macd_golden
2017-11-15,-0.05379941,1,macd_golden
2017-11-17,0.06303578,2,macd_golden
2017-11-20,-0.07517121,1,macd_golden
2017-11-21,-0.005910815,3,macd_golden
2017-11-24,0.024019465,4,macd_golden
2017-11-27,-0.025810122,1,macd_golden
2017-11-28,0.013318492,2,macd_golden
2017-11-29,0.0036845321,3,macd_golden
2017-12-01,-0.0078018336,1,macd_golden
2017-12-08,-0.019285418,1,macd_golden
2017-12-11,0.03437876,2,macd_golden
2017-12-12,0.0020756219,4,macd_golden
2017-12-13,-0.00090304494,7,macd_golden
2017-12-14,0.008379677,4,macd_golden
2017-12-18,0.013946317,2,macd_golden
2017-12-20,0.04815172,1,macd_golden
2017-12-21,-0.033626243,1,macd_golden
2017-12-22,-0.050597638,1,macd_golden
2017-12-26,-0.049134668,1,macd_golden
2017-12-27,0.025466407,3,macd_golden
2017-12-28,-0.01887422,1,macd_golden
2017-12-29,0.00503134,2,macd_golden
2018-01-02,0.0041939053,7,macd_golden
2018-01-03,-0.021092664,2,macd_golden
2018-01-04,0.010262995,3,macd_golden
2018-01-08,-0.03096705,1,macd_golden
2018-01-09,0.08669477,1,macd_golden
2018-01-12,0.010504678,1,macd_golden
2018-01-15,-0.0026774965,1,macd_golden
2018-01-16,-0.050866775,2,macd_golden
2018-01-17,0.019291967,2,macd_golden
2018-01-22,0.043758158,1,macd_golden
2018-01-23,-0.021236591,1,macd_golden
2018-01-24,0.0027901467,3,macd_golden
2018-01-25,-0.042769954,1,macd_golden
2018-01-26,0.05324393,2,macd_golden
2018-01-29,0.029510532,1,macd_golden
2018-02-02,-0.058109656,2,macd_golden
2018-02-08,-0.021094207,2,macd_golden
2018-02-13,0.018462488,1,macd_golden
2018-02-22,0.032741968,3,macd_golden
2018-02-23,0.047559146,7,macd_golden
2018-02-26,-0.0023511355,5,macd_golden
2018-02-27,0.009764597,4,macd_golden
2018-02-28,0.008649788,3,macd_golden
2018-03-01,-0.017773952,2,macd_golden
2018-03-05,-0.0051193503,3,macd_golden
2018-03-06,0.0089946035,4,macd_golden
2018-03-08,-0.037038613,2,macd_golden
2018-03-09,0.010696131,3,macd_golden
2018-03-12,-0.0006555915,2,macd_golden
2018-03-15,-0.05613437,1,macd_golden
2018-03-21,-0.027868096,1,macd_golden
2018-03-28,-0.03879512,1,macd_golden
2018-03-29,-0.024999669,3,macd_golden
2018-03-30,0.01319688,2,macd_golden
2018-04-02,-0.0071753412,5,macd_golden
2018-04-03,-0.0044118324,2,macd_golden
2018-04-04,-0.006393966,2,macd_golden
2018-04-09,-0.021051573,2,macd_golden
2018-04-10,-0.022548527,6,macd_golden
2018-04-11,0.009949939,4,macd_golden
2018-04-12,0.02546358,4,macd_golden
2018-04-18,0.024527505,2,macd_golden
2018-04-19,-0.009097377,3,macd_golden
2018-04-23,-0.018502254,1,macd_golden
2018-04-24,0.032664347,3,macd_golden
2018-05-02,0.026337184,2,macd_golden
2018-05-03,-0.02632173,3,macd_golden
2018-05-04,-0.0024836848,3,macd_golden
2018-05-07,0.01576555,4,macd_golden
2018-05-08,-0.011242571,3,macd_golden
2018-05-09,0.052930333,2,macd_golden
2018-05-10,0.02528518,1,macd_golden
2018-05-14,-0.030982094,3,macd_golden
2018-05-15,-0.011585498,1,macd_golden
2018-05-16,-0.016273767,1,macd_golden
2018-05-18,-0.008889245,1,macd_golden
2018-05-22,0.02996407,1,macd_golden
2018-05-23,0.0186537,1,macd_golden
2018-05-28,0.042990446,2,macd_golden
2018-06-04,0.021206606,5,macd_golden
2018-06-07,-0.0061949287,1,macd_golden
2018-06-12,-0.030372825,2,macd_golden
2018-06-13,0.047515254,1,macd_golden
2018-06-14,0.048261926,2,macd_golden
2018-06-15,0.003708437,1,macd_golden
2018-06-22,-0.053143203,2,macd_golden
2018-06-26,0.05910165,1,macd_golden
2018-06-27,0.057200566,3,macd_golden
2018-06-29,0.011420216,1,macd_golden
2018-07-02,0.017384335,4,macd_golden
2018-07-03,-0.014641468,3,macd_golden
2018-07-04,-0.014405998,4,macd_golden
2018-07-09,0.23325892,1,macd_golden
2018-07-10,-0.010599898,4,macd_golden
2018-07-11,-0.056444973,1,macd_golden
2018-07-12,0.013879736,6,macd_golden
2018-07-13,-0.02070078,7,macd_golden
2018-07-16,-0.024943192,1,macd_golden
2018-07-18,0.08642512,1,macd_golden
2018-07-19,0.030297,1,macd_golden
2018-07-20,0.000794407,1,macd_golden
2018-07-23,0.021860069,2,macd_golden
2018-07-24,-0.009388324,2,macd_golden
2018-08-07,-0.009840604,1,macd_golden
2018-08-08,-0.024213986,1,macd_golden
2018-08-10,0.0016529815,6,macd_golden
2018-08-13,0.009908004,5,macd_golden
2018-08-14,-0.008368118,3,macd_golden
2018-08-16,-0.07346515,1,macd_golden
2018-08-21,0.026636492,5,macd_golden
2018-08-22,0.00837142,2,macd_golden
2018-08-23,-0.049624726,1,macd_golden
2018-08-24,-0.00817734,3,macd_golden
2018-08-27,0.0024812536,13,macd_golden
2018-08-28,8.433382e-05,4,macd_golden
2018-09-04,-0.008860977,3,macd_golden
2018-09-12,0.05282945,1,macd_golden
2018-09-13,-0.050819717,2,macd_golden
2018-09-14,0.0030146148,2,macd_golden
2018-09-17,0.019563422,1,macd_golden
2018-09-18,0.017735401,3,macd_golden
2018-09-19,-0.017684758,4,macd_golden
2018-09-20,-0.049210023,1,macd_golden
2018-09-21,0.004167216,6,macd_golden
2018-09-26,-0.042980246,4,macd_golden
2018-10-19,-0.03435597,1,macd_golden
2018-10-22,-0.043898005,3,macd_golden
2018-10-23,0.0035967464,4,macd_golden
2018-10-24,0.054212682,4,macd_golden
2018-10-25,0.015499819,1,macd_golden
2018-10-26,0.012909402,9,macd_golden
2018-10-29,-0.052582033,2,macd_golden
2018-10-30,-0.024895236,1,macd_golden
2018-10-31,-0.005971553,1,macd_golden
2018-11-01,0.016701534,2,macd_golden
2018-11-02,-0.0049228254,5,macd_golden
2018-11-05,-0.02358786,1,macd_golden
2018-11-07,0.0049906094,1,macd_golden
2018-11-12,-0.028421307,3,macd_golden
2018-11-15,-0.008568706,2,macd_golden
2018-11-19,-0.013627052,1,macd_golden
2018-11-28,-0.00768633,1,macd_golden
2018-11-30,0.009093329,1,macd_golden
2018-12-03,0.006063449,2,macd_golden
2018-12-04,-0.003402751,8,macd_golden
2018-12-05,-0.0032393367,3,macd_golden
2018-12-07,0.063991435,1,macd_golden
2018-12-11,-0.016761106,1,macd_golden
2018-12-12,0.046759266,1,macd_golden
2018-12-13,0.0062388014,4,macd_golden
2018-12-14,-0.016411485,2,macd_golden
2018-12-25,-0.053474147,1,macd_golden
2018-12-28,0.10543783,1,macd_golden
2019-01-03,-0.030810975,2,macd_golden
2019-01-04,-0.0054089334,8,macd_golden
2019-01-07,0.030969584,6,macd_golden
2019-01-08,0.0012950696,5,macd_golden
2019-01-09,0.0006606942,6,macd_golden
2019-01-10,0.018002953,4,macd_golden
2019-01-11,-0.012346335,2,macd_golden
2019-01-15,0.012393286,2,macd_golden
2019-01-28,0.02036212,1,macd_golden
2019-02-01,0.028135445,2,macd_golden
2019-02-11,0.056401186,7,macd_golden
2019-02-12,0.016475732,6,macd_golden
2019-02-13,0.006223254,1,macd_golden
2019-02-14,0.035443477,2,macd_golden
2019-02-18,-0.037305646,1,macd_golden
2019-02-25,0.013967009,4,macd_golden
2019-03-04,0.038808547,2,macd_golden
2019-03-14,0.06290474,1,macd_golden
2019-03-15,-0.024486449,2,macd_golden
2019-03-18,-0.019639341,8,macd_golden
2019-03-20,-0.020086776,1,macd_golden
2019-03-21,-0.04907524,1,macd_golden
2019-03-25,-0.07909661,3,macd_golden
2019-03-27,-0.07516771,1,macd_golden
2019-03-29,0.023534944,3,macd_golden
2019-04-01,0.002646543,6,macd_golden
2019-04-02,0.014142349,3,macd_golden
2019-04-03,0.008672144,2,macd_golden
2019-04-04,0.028089048,4,macd_golden
2019-04-08,0.0029753994,3,macd_golden
2019-04-09,-0.007411084,1,macd_golden
2019-04-10,0.08590045,1,macd_golden
2019-04-11,-0.06504551,1,macd_golden
2019-04-16,0.003106568,2,macd_golden
2019-04-17,-0.003789436,1,macd_golden
2019-04-19,-0.04043657,3,macd_golden
2019-04-24,-0.05401022,1,macd_golden
2019-04-29,-0.038614716,1,macd_golden
2019-04-30,-0.034419935,1,macd_golden
2019-05-13,-0.03437392,2,macd_golden
2019-05-15,-0.015040234,1,macd_golden
2019-05-16,-0.003913627,5,macd_golden
2019-05-17,-0.051121265,1,macd_golden
2019-05-20,0.00072350167,2,macd_golden
2019-05-21,0.005200824,2,macd_golden
2019-05-22,0.004190987,3,macd_golden
2019-05-23,0.006458471,3,macd_golden
2019-05-24,0.01139087,1,macd_golden
2019-05-27,-0.007640882,6,macd_golden
2019-05-28,-0.0006446077,4,macd_golden
2019-05-29,-0.01720834,4,macd_golden
2019-05-31,-0.04758765,1,macd_golden
2019-06-03,-0.0011859303,1,macd_golden
2019-06-05,0.012444025,1,macd_golden
2019-06-10,0.019695546,2,macd_golden
2019-06-11,0.0016413307,7,macd_golden
2019-06-12,0.005836699,3,macd_golden
2019-06-18,0.025163885,1,macd_golden
2019-06-19,0.030655824,2,macd_golden
2019-06-20,0.01688427,5,macd_golden
2019-07-01,-0.040371228,1,macd_golden
2019-07-02,-0.041265965,1,macd_golden
2019-07-10,-0.011936255,1,macd_golden
2019-07-15,-0.0017225068,3,macd_golden
2019-07-16,0.0132645955,3,macd_golden
2019-07-17,-0.0032993176,5,macd_golden
2019-07-19,-0.017801378,5,macd_golden
2019-07-24,0.0014933925,5,macd_golden
2019-07-25,-0.0040401015,2,macd_golden
2019-07-26,-0.024162108,2,macd_golden
2019-07-29,3.2465905e-05,2,macd_golden
2019-07-30,-0.0030615628,1,macd_golden
2019-07-31,-0.0056006946,4,macd_golden
2019-08-08,-0.02003122,2,macd_golden
2019-08-12,-0.06755835,2,macd_golden
2019-08-13,0.014586229,2,macd_golden
2019-08-14,-0.027321253,1,macd_golden
2019-08-15,0.07248229,5,macd_golden
2019-08-16,-0.0017139018,3,macd_golden
2019-08-19,0.010363531,12,macd_golden
2019-08-20,-0.012161109,3,macd_golden
2019-08-21,-0.0055141477,2,macd_golden
2019-08-22,0.007391718,1,macd_golden
2019-08-23,-0.006942872,4,macd_golden
2019-08-26,-0.022844426,1,macd_golden
2019-08-27,0.0031701229,2,macd_golden
2019-09-02,0.07010555,2,macd_golden
2019-09-03,0.0010291487,1,macd_golden
2019-09-05,0.042624913,2,macd_golden
2019-09-06,-0.0312927,2,macd_golden
2019-09-09,-0.00041127205,1,macd_golden
2019-09-10,0.018644353,1,macd_golden
2019-09-11,-0.022494838,1,macd_golden
2019-09-16,-0.00795465,1,macd_golden
2019-09-20,0.0658364,1,macd_golden
2019-09-24,-0.039126046,1,macd_golden
2019-09-25,-0.012361705,1,macd_golden
2019-10-08,-0.026335213,2,macd_golden
2019-10-09,-0.014234863,2,macd_golden
2019-10-10,0.02667224,2,macd_golden
2019-10-11,0.00032153307,2,macd_golden
2019-10-14,0.0042766,9,macd_golden
2019-10-15,0.011271398,5,macd_golden
2019-10-16,-0.004277123,1,macd_golden
2019-10-17,0.01775101,2,macd_golden
2019-10-22,0.019214366,1,macd_golden
2019-10-23,-0.014341629,1,macd_golden
2019-10-24,-0.005653614,2,macd_golden
2019-10-25,0.02131201,5,macd_golden
2019-10-28,-0.014336846,6,macd_golden
2019-10-29,-0.04807486,3,macd_golden
2019-10-30,-0.06564299,1,macd_golden
2019-11-01,0.0123898685,3,macd_golden
2019-11-04,-0.01769488,2,macd_golden
2019-11-05,0.011607468,3,macd_golden
2019-11-07,0.019435428,3,macd_golden
2019-11-08,-0.038324296,1,macd_golden
2019-11-14,0.021786436,2,macd_golden
2019-11-18,-0.026513308,4,macd_golden
2019-11-19,-0.014408938,2,macd_golden
2019-11-20,0.04954942,1,macd_golden
2019-11-21,0.01924912,2,macd_golden
2019-11-22,0.0013949906,4,macd_golden
2019-11-25,-0.007198261,4,macd_golden
2019-11-26,0.003214313,3,macd_golden
2019-11-27,-0.05876468,1,macd_golden
2019-11-28,-0.03678675,1,macd_golden
2019-12-02,0.017734366,3,macd_golden
2019-12-03,0.018267076,4,macd_golden
2019-12-04,-0.03026288,1,macd_golden
2019-12-05,0.008586314,2,macd_golden
2019-12-06,-0.012201646,2,macd_golden
2019-12-09,0.014374558,1,macd_golden
2019-12-10,-0.017279077,1,macd_golden
2019-12-11,-0.0013957676,2,macd_golden
2019-12-12,-0.0069063846,1,macd_golden
2019-12-17,-0.006069881,1,macd_golden
2019-12-19,0.04137285,1,macd_golden
2019-12-25,-0.039697427,1,macd_golden
2019-12-26,0.044009436,1,macd_golden
2019-12-27,0.0522743,1,macd_golden
2019-12-30,-0.01125282,3,macd_golden
2019-12-31,-0.012934724,5,macd_golden
2020-01-02,-0.010355326,1,macd_golden
2020-01-03,-0.01165798,2,macd_golden
2020-01-09,0.0066825575,3,macd_golden
2020-01-14,0.06768282,1,macd_golden
2020-01-20,0.07706259,1,macd_golden
2020-01-21,0.041049916,1,macd_golden
2020-02-05,-0.075460225,1,macd_golden
2020-02-06,-0.014648051,1,macd_golden
2020-02-11,0.17279327,1,macd_golden
2020-02-12,0.04469603,4,macd_golden
2020-02-13,-0.07951622,1,macd_golden
2020-02-14,0.051710207,2,macd_golden
2020-02-17,-0.0017034604,13,macd_golden
2020-02-18,-0.019112227,11,macd_golden
2020-02-19,0.0031388875,3,macd_golden
2020-02-20,0.02457484,2,macd_golden
2020-02-21,-0.029120374,2,macd_golden
2020-02-24,-0.04502342,1,macd_golden
2020-02-28,-0.012454249,2,macd_golden
2020-03-02,0.006978903,1,macd_golden
2020-03-03,-0.0016916532,1,macd_golden
2020-03-04,0.024514526,1,macd_golden
2020-03-05,0.010073249,5,macd_golden
2020-03-13,0.08949605,1,macd_golden
2020-03-24,0.096367426,1,macd_golden
2020-03-25,0.0035965322,2,macd_golden
2020-03-26,0.0058299648,2,macd_golden
2020-03-27,-0.011347039,4,macd_golden
2020-03-30,-0.024795914,1,macd_golden
2020-03-31,-0.027000925,5,macd_golden
2020-04-01,-0.02163981,1,macd_golden
2020-04-02,0.020691719,7,macd_golden
2020-04-03,-0.029345814,5,macd_golden
2020-04-07,0.0006046737,7,macd_golden
2020-04-08,-0.02996058,4,macd_golden
2020-04-09,-0.029860148,1,macd_golden
2020-04-10,0.024984797,1,macd_golden
2020-04-16,0.01144237,2,macd_golden
2020-04-20,-0.035687875,1,macd_golden
2020-04-22,0.005456183,2,macd_golden
2020-04-23,0.0061161015,1,macd_golden
2020-04-28,-0.04780224,2,macd_golden
2020-04-30,-0.015891997,4,macd_golden
2020-05-06,-0.006731978,5,macd_golden
2020-05-07,-0.011310894,1,macd_golden
2020-05-08,0.23783612,1,macd_golden
2020-05-11,-0.020639824,5,macd_golden
2020-05-13,0.012961183,1,macd_golden
2020-05-14,-0.013712939,1,macd_golden
2020-05-18,0.029199954,2,macd_golden
2020-05-26,-0.007937909,3,macd_golden
2020-05-27,-0.010804055,2,macd_golden
2020-05-28,-0.0138631,2,macd_golden
2020-05-29,0.02953162,2,macd_golden
2020-06-01,0.0327576,5,macd_golden
2020-06-02,-0.000233713,7,macd_golden
2020-06-03,0.02564741,3,macd_golden
2020-06-04,-0.021823004,5,macd_golden
2020-06-05,-0.004513574,1,macd_golden
2020-06-10,-0.0040894784,2,macd_golden
2020-06-11,0.034106217,1,macd_golden
2020-06-16,0.029270988,1,macd_golden
2020-06-17,-0.04334729,2,macd_golden
2020-06-18,-0.015035329,2,macd_golden
2020-06-19,0.04329068,3,macd_golden
2020-06-22,-0.04096064,2,macd_golden
2020-06-23,-0.014735442,1,macd_golden
2020-06-24,0.00044882298,2,macd_golden
2020-06-29,-0.019796096,1,macd_golden
2020-06-30,-0.054338407,1,macd_golden
2020-07-01,-0.034737486,5,macd_golden
2020-07-02,0.013315594,7,macd_golden
2020-07-03,-0.016555745,4,macd_golden
2020-07-06,-0.021985902,3,macd_golden
2020-07-13,-0.01115606,1,macd_golden
2020-07-14,0.065768115,1,macd_golden
2020-07-20,0.010925904,2,macd_golden
2020-07-21,-0.007701665,3,macd_golden
2020-07-22,0.022017576,1,macd_golden
2020-07-23,-0.02133497,1,macd_golden
2020-07-28,-0.092914276,1,macd_golden
2020-07-30,-0.043732915,1,macd_golden
2020-07-31,-0.015045735,2,macd_golden
2020-08-03,-0.006950182,2,macd_golden
2020-08-04,-0.044225782,1,macd_golden
2020-08-05,-0.021772604,5,macd_golden
2020-08-06,-0.042100273,2,macd_golden
2020-08-11,0.0029394785,2,macd_golden
2020-08-12,-0.04782009,1,macd_golden
2020-08-14,-0.008409154,2,macd_golden
2020-08-17,-0.038928267,2,macd_golden
2020-08-18,0.025078746,8,macd_golden
2020-08-19,0.05903469,1,macd_golden
2020-08-20,-0.030476093,1,macd_golden
2020-08-21,-0.049155626,1,macd_golden
2020-08-24,-0.039429553,1,macd_golden
2020-08-25,-0.06728926,2,macd_golden
2020-08-26,0.04931853,1,macd_golden
2020-08-27,0.018390527,1,macd_golden
2020-08-28,0.021038983,5,macd_golden
2020-09-01,0.03723858,2,macd_golden
2020-09-03,0.016005488,2,macd_golden
2020-09-07,0.029850915,1,macd_golden
2020-09-08,-0.025739059,3,macd_golden
2020-09-09,-0.037516784,3,macd_golden
2020-09-16,-0.024264818,3,macd_golden
2020-09-17,0.028610582,3,macd_golden
2020-09-18,-0.0208117,6,macd_golden
2020-09-21,0.0074991714,4,macd_golden
2020-09-22,0.007461166,1,macd_golden
2020-09-23,0.0056736087,4,macd_golden
2020-09-28,0.015484586,1,macd_golden
2020-09-29,-0.005375847,1,macd_golden
2020-09-30,0.041081216,4,macd_golden
2020-10-09,0.0017231582,8,macd_golden
2020-10-12,0.013398297,6,macd_golden
2020-10-13,0.021680275,8,macd_golden
2020-10-14,0.020303858,1,macd_golden
2020-10-16,-0.026527084,1,macd_golden
2020-10-19,0.00024071429,1,macd_golden
2020-10-20,-0.016496304,1,macd_golden
2020-10-22,-0.046272956,1,macd_golden
2020-10-23,0.01897912,1,macd_golden
2020-10-27,-0.041400187,1,macd_golden
2020-10-28,-0.077023625,2,macd_golden
2020-10-29,-0.038822517,3,macd_golden
2020-10-30,-0.013297293,1,macd_golden
2020-11-02,-0.016088787,2,macd_golden
2020-11-03,0.114474446,2,macd_golden
2020-11-04,0.023189645,5,macd_golden
2020-11-05,-0.003248376,6,macd_golden
2020-11-06,-0.016033944,5,macd_golden
2020-11-09,-0.040544655,3,macd_golden
2020-11-11,-0.01979877,3,macd_golden
2020-11-13,0.034149125,1,macd_golden
2020-11-16,0.028791782,2,macd_golden
2020-11-17,-0.010167946,2,macd_golden
2020-11-18,-0.004528587,2,macd_golden
2020-11-20,-0.028497808,3,macd_golden
2020-11-23,-0.028039921,2,macd_golden
2020-11-24,-0.09106318,1,macd_golden
2020-11-27,0.07356663,2,macd_golden
2020-12-01,-0.006499315,4,macd_golden
2020-12-02,-0.02339216,1,macd_golden
2020-12-04,0.06743704,2,macd_golden
2020-12-17,0.023826836,3,macd_golden
2020-12-21,0.041638736,3,macd_golden
2020-12-22,0.049929194,2,macd_golden
2020-12-23,0.05889927,1,macd_golden
2020-12-24,-0.033126634,3,macd_golden
2020-12-28,-0.026813624,2,macd_golden
2020-12-30,-0.032721072,5,macd_golden
2020-12-31,-0.012672645,2,macd_golden
2021-01-04,0.056187674,6,macd_golden
2021-01-05,0.0018466922,6,macd_golden
2021-01-06,0.047402382,4,macd_golden
2021-01-08,0.0074424464,1,macd_golden
2021-01-12,0.01984981,1,macd_golden
2021-01-13,0.019001843,1,macd_golden
2021-01-15,-0.041582786,2,macd_golden
2021-01-18,0.022558453,2,macd_golden
2021-01-19,-0.017945156,2,macd_golden
2021-01-21,-0.032420214,2,macd_golden
2021-01-22,-0.11266867,1,macd_golden
2021-01-26,0.05751851,1,macd_golden
2021-01-29,-0.122819,1,macd_golden
2021-02-01,0.04201133,1,macd_golden
2021-02-02,0.021594314,6,macd_golden
2021-02-03,0.16720009,1,macd_golden
2021-02-04,-0.045202628,2,macd_golden
2021-02-05,-0.03253785,1,macd_golden
2021-02-08,-0.19371115,1,macd_golden
2021-02-09,-0.10600506,2,macd_golden
2021-02-10,0.032493033,5,macd_golden
2021-02-18,0.037322078,7,macd_golden
2021-02-19,0.023459272,1,macd_golden
2021-02-22,0.006387474,2,macd_golden
2021-02-23,0.02978048,4,macd_golden
2021-02-24,-0.01783441,1,macd_golden
2021-02-25,-0.011526467,1,macd_golden
2021-03-01,-0.18151549,1,macd_golden
2021-03-02,0.16926196,1,macd_golden
2021-03-08,-0.015188557,1,macd_golden
2021-03-11,-0.013319256,2,macd_golden
2021-03-12,0.029674023,3,macd_golden
2021-03-15,-0.01054297,1,macd_golden
2021-03-16,0.0081670545,2,macd_golden
2021-03-17,0.0723091,2,macd_golden
2021-03-18,-0.025881503,2,macd_golden
2021-03-19,-0.051479608,3,macd_golden
2021-03-22,3.4580007e-06,2,macd_golden
2021-03-23,0.046956208,2,macd_golden
2021-03-24,-0.02699655,1,macd_golden
2021-03-25,-0.002042655,2,macd_golden
2021-03-26,-0.042110704,1,macd_golden
2021-03-29,0.0016661348,3,macd_golden
2021-03-30,-0.0073715462,3,macd_golden
2021-03-31,-0.070574865,1,macd_golden
2021-04-01,-0.036264904,1,macd_golden
2021-04-02,-0.018914953,4,macd_golden
2021-04-06,-0.009728387,3,macd_golden
2021-04-07,0.02663102,3,macd_golden
2021-04-08,0.040407505,2,macd_golden
2021-04-13,-0.015952604,1,macd_golden
2021-04-15,0.0029466536,3,macd_golden
2021-04-19,-0.013988843,4,macd_golden
2021-04-20,0.015726274,2,macd_golden
2021-04-21,-0.0043058125,2,macd_golden
2021-04-23,0.022707738,2,macd_golden
2021-04-26,0.012446615,2,macd_golden
2021-04-28,0.0064793043,1,macd_golden
2021-05-06,-0.0035480116,1,macd_golden
2021-05-07,-0.05908546,3,macd_golden
2021-05-10,-0.035195388,4,macd_golden
2021-05-11,0.066326074,2,macd_golden
2021-05-12,0.0046829125,2,macd_golden
2021-05-13,-0.010036169,1,macd_golden
2021-05-14,-0.1296976,1,macd_golden
2021-05-17,0.027067719,2,macd_golden
2021-05-18,0.0043402016,6,macd_golden
2021-05-19,0.01933587,1,macd_golden
2021-05-20,-0.0011260556,1,macd_golden
2021-05-21,-0.057652812,1,macd_golden
2021-05-24,7.6367054e-05,2,macd_golden
2021-05-25,-0.067643024,2,macd_golden
2021-05-26,0.002032876,3,macd_golden
2021-05-31,-0.014857254,2,macd_golden
2021-06-03,0.13825954,3,macd_golden
2021-06-04,-0.044434603,1,macd_golden
2021-06-08,-0.0029924922,1,macd_golden
2021-06-10,-0.039571155,1,macd_golden
2021-06-11,-0.021590067,2,macd_golden
2021-06-17,0.020795528,1,macd_golden
2021-06-18,-0.085559025,1,macd_golden
2021-06-22,0.042167455,4,macd_golden
2021-06-23,0.0010671668,5,macd_golden
2021-06-24,-0.012409251,4,macd_golden
2021-06-25,-0.027352193,6,macd_golden
2021-06-28,-0.04741959,2,macd_golden
2021-06-29,-0.034548577,1,macd_golden
2021-06-30,-0.01113383,3,macd_golden
2021-07-01,-0.025598675,4,macd_golden
2021-07-02,0.03733533,2,macd_golden
2021-07-05,0.023115125,1,macd_golden
2021-07-08,-0.025513584,2,macd_golden
2021-07-09,0.041402224,3,macd_golden
2021-07-12,0.00352743,2,macd_golden
2021-07-13,-0.009829855,4,macd_golden
2021-07-14,0.010492598,3,macd_golden
2021-07-15,-0.059959818,1,macd_golden
2021-07-20,0.0033643432,1,macd_golden
2021-07-21,-0.13289808,1,macd_golden
2021-07-22,0.0074090497,6,macd_golden
2021-07-23,-0.05000186,1,macd_golden
2021-07-29,-0.04538769,1,macd_golden
2021-08-02,0.017729517,5,macd_golden
2021-08-03,-0.038904604,6,macd_golden
2021-08-05,-0.07754335,1,macd_golden
2021-08-06,-0.03531175,3,macd_golden
2021-08-09,0.005065425,6,macd_golden
2021-08-10,0.014311787,4,macd_golden
2021-08-11,0.0050300583,4,macd_golden
2021-08-12,-0.052395917,1,macd_golden
2021-08-13,0.034675878,3,macd_golden
2021-08-19,0.008976344,2,macd_golden
2021-08-20,-0.0004279781,1,macd_golden
2021-08-23,0.0043520853,1,macd_golden
2021-08-24,-0.0068793595,4,macd_golden
2021-08-25,0.023745954,3,macd_golden
2021-08-27,-0.04116957,3,macd_golden
2021-08-30,-0.015989827,3,macd_golden
2021-08-31,0.0042823236,2,macd_golden
2021-09-01,-0.022616116,3,macd_golden
2021-09-02,-0.011772331,2,macd_golden
2021-09-03,-0.020688616,1,macd_golden
2021-09-06,-0.08914743,2,macd_golden
2021-09-07,-0.015578913,2,macd_golden
2021-09-08,-0.045119315,2,macd_golden
2021-09-09,-0.0032404102,1,macd_golden
2021-09-10,-0.043210916,2,macd_golden
2021-09-13,-0.036852133,1,macd_golden
2021-09-15,0.03879039,2,macd_golden
2021-09-16,-0.12595172,1,macd_golden
2021-09-23,0.010912234,2,macd_golden
2021-09-24,0.070649855,1,macd_golden
2021-09-27,0.03781782,1,macd_golden
2021-09-29,-0.004374559,2,macd_golden
2021-10-11,-0.018347705,2,macd_golden
2021-10-12,-0.03736477,2,macd_golden
2021-10-13,-0.06826573,4,macd_golden
2021-10-15,0.028153813,2,macd_golden
2021-10-18,-0.024937512,1,macd_golden
2021-10-19,0.00087320554,3,macd_golden
2021-10-20,0.113355055,1,macd_golden
2021-10-21,-0.022189703,2,macd_golden
2021-10-22,-0.051068537,2,macd_golden
2021-10-25,0.03253711,1,macd_golden
2021-10-26,-0.025154999,3,macd_golden
2021-10-27,-0.0040521845,2,macd_golden
2021-11-01,0.0033476362,4,macd_golden
2021-11-04,0.0062404233,2,macd_golden
2021-11-05,0.039558753,2,macd_golden
2021-11-08,-0.0029313886,7,macd_golden
2021-11-09,-0.028440258,1,macd_golden
2021-11-10,0.021391552,5,macd_golden
2021-11-11,-0.04581715,2,macd_golden
2021-11-12,-0.0059841895,1,macd_golden
2021-11-15,0.042067427,4,macd_golden
2021-11-16,-0.03312587,4,macd_golden
2021-11-17,0.03418194,3,macd_golden
2021-11-18,0.0013597086,1,macd_golden
2021-11-19,0.01752965,4,macd_golden
2021-11-22,-0.045076624,2,macd_golden
2021-11-23,0.03957018,1,macd_golden
2021-11-24,-0.014711503,1,macd_golden
2021-11-30,-0.040748987,4,macd_golden
2021-12-01,-0.02653491,1,macd_golden
2021-12-02,0.013706522,1,macd_golden
2021-12-03,0.015827851,2,macd_golden
2021-12-06,0.06672693,3,macd_golden
2021-12-07,-0.010862555,2,macd_golden
2021-12-08,0.036922682,5,macd_golden
2021-12-09,0.0014708268,5,macd_golden
2021-12-13,-0.10105046,1,macd_golden
2021-12-14,-0.03275653,1,macd_golden
2021-12-15,-0.10767781,1,macd_golden
2021-12-16,0.093752086,1,macd_golden
2021-12-17,-0.042327955,1,macd_golden
2021-12-21,0.025990257,2,macd_golden
2021-12-24,-0.041255567,1,macd_golden
2021-12-27,-0.02148222,2,macd_golden
2021-12-29,-0.008798683,1,macd_golden
2021-12-30,-0.14422551,1,macd_golden
2021-12-31,0.00024155279,6,macd_golden
2022-01-04,0.025096884,4,macd_golden
2022-01-05,-0.0059803505,2,macd_golden
2022-01-06,0.01267478,3,macd_golden
2022-01-07,-0.024049265,1,macd_golden
2022-01-10,0.06465001,1,macd_golden
2022-01-11,-0.008173479,1,macd_golden
2022-01-12,0.036411785,1,macd_golden
2022-01-17,-0.027039694,1,macd_golden
2022-01-18,-0.026082255,1,macd_golden
2022-01-19,-0.020983312,2,macd_golden
2022-01-20,0.00234058,3,macd_golden
2022-01-24,-0.06923482,1,macd_golden
2022-01-26,-0.0033602617,1,macd_golden
2022-02-08,-0.015738234,2,macd_golden
2022-02-09,-0.009817822,7,macd_golden
2022-02-10,-0.0024686828,3,macd_golden
2022-02-11,-0.007998099,6,macd_golden
2022-02-14,-0.038125593,1,macd_golden
2022-02-15,0.024942867,5,macd_golden
2022-02-16,0.00069507957,2,macd_golden
2022-02-17,-0.022094516,1,macd_golden
2022-02-18,0.0038453303,3,macd_golden
2022-02-21,-0.030730981,4,macd_golden
2022-02-23,0.016743971,2,macd_golden
2022-02-25,-0.034195356,2,macd_golden
2022-03-01,-0.015217181,2,macd_golden
2022-03-03,-0.011081217,4,macd_golden
2022-03-04,0.018132608,1,macd_golden
2022-03-14,-0.044805292,1,macd_golden
2022-03-18,-0.038139395,3,macd_golden
2022-03-21,-0.004368868,6,macd_golden
2022-03-22,-0.005033228,6,macd_golden
2022-03-23,-0.01432369,11,macd_golden
2022-03-24,-0.028802998,1,macd_golden
2022-03-25,-0.010733664,2,macd_golden
2022-03-28,0.020994877,2,macd_golden
2022-03-29,0.055780496,2,macd_golden
2022-03-30,-0.011833802,6,macd_golden
2022-03-31,0.027714003,1,macd_golden
2022-04-06,0.0275094,3,macd_golden
2022-04-07,0.10738211,1,macd_golden
2022-04-08,0.03951545,2,macd_golden
2022-04-12,0.03804313,3,macd_golden
2022-04-13,-0.03119751,1,macd_golden
2022-04-14,-0.007862575,1,macd_golden
2022-04-15,0.03571681,2,macd_golden
2022-04-18,-0.006114207,1,macd_golden
2022-04-21,0.100473985,1,macd_golden
2022-04-28,0.06328555,2,macd_golden
2022-04-29,0.0071992404,4,macd_golden
2022-05-05,-0.023713578,4,macd_golden
2022-05-06,0.06004471,3,macd_golden
2022-05-09,-0.021779152,4,macd_golden
2022-05-10,-0.008139541,4,macd_golden
2022-05-11,-0.014429791,4,macd_golden
2022-05-12,0.008188579,3,macd_golden
2022-05-13,-0.009088575,4,macd_golden
2022-05-16,0.004423679,2,macd_golden
2022-05-17,0.034865625,1,macd_golden
2022-05-18,-0.022018693,1,macd_golden
2022-05-19,-0.067395486,1,macd_golden
2022-05-20,-0.022340938,3,macd_golden
2022-05-23,-0.026172187,2,macd_golden
2022-05-26,-0.01609848,2,macd_golden
2022-05-30,0.013352152,1,macd_golden
2022-05-31,0.0068545714,1,macd_golden
2022-06-06,-0.03814464,1,macd_golden
2022-06-08,-0.03048331,2,macd_golden
2022-06-14,0.027230285,1,macd_golden
2022-06-15,0.027485203,2,macd_golden
2022-06-16,-0.011914854,1,macd_golden
2022-06-20,-0.024289506,1,macd_golden
2022-06-21,0.01620838,1,macd_golden
2022-06-23,0.008288138,1,macd_golden
2022-06-24,-0.045394253,1,macd_golden
2022-06-27,-0.024859367,4,macd_golden
2022-06-28,-0.03679986,5,macd_golden
2022-06-30,-0.06753453,1,macd_golden
2022-07-01,-0.005920002,6,macd_golden
2022-07-04,0.09297052,3,macd_golden
2022-07-11,0.034692753,3,macd_golden
2022-07-12,-0.08329291,1,macd_golden
2022-07-13,-0.008508962,3,macd_golden
2022-07-15,-0.015949972,1,macd_golden
2022-07-18,-0.07209389,1,macd_golden
2022-07-19,-0.007858038,3,macd_golden
2022-07-20,-0.05490461,2,macd_golden
2022-07-21,0.0042834687,3,macd_golden
2022-07-22,-0.015999675,2,macd_golden
2022-07-26,0.0045661274,1,macd_golden
2022-07-27,0.03040793,4,macd_golden
2022-07-28,-0.030373072,3,macd_golden
2022-07-29,0.03449322,1,macd_golden
2022-08-01,-0.08339085,1,macd_golden
2022-08-03,-0.02812242,1,macd_golden
2022-08-04,-0.014137944,2,macd_golden
2022-08-05,-0.041108437,3,macd_golden
2022-08-08,-0.00929029,3,macd_golden
2022-08-09,-0.0040605864,3,macd_golden
2022-08-10,-0.06994045,2,macd_golden
2022-08-11,-0.003970893,8,macd_golden
2022-08-12,0.008017861,2,macd_golden
2022-08-15,0.04666267,4,macd_golden
2022-08-16,0.027447069,1,macd_golden
2022-08-17,0.020711392,4,macd_golden
2022-08-18,-0.09838546,1,macd_golden
2022-08-22,0.002368968,1,macd_golden
2022-08-25,0.0696536,1,macd_golden
2022-08-26,0.0141328545,3,macd_golden
2022-08-29,0.01676877,2,macd_golden
2022-08-30,0.029198498,2,macd_golden
2022-08-31,-0.041746434,1,macd_golden
2022-09-01,-0.022190068,2,macd_golden
2022-09-05,-0.011781447,3,macd_golden
2022-09-06,-0.03903753,1,macd_golden
2022-09-07,-0.0011898266,3,macd_golden
2022-09-08,-0.020328116,1,macd_golden
2022-09-09,0.025416939,6,macd_golden
2022-09-13,0.03474431,3,macd_golden
2022-09-16,0.04967662,1,macd_golden
2022-09-20,0.043666862,1,macd_golden
2022-09-21,0.06840567,1,macd_golden
2022-09-22,-0.02391126,2,macd_golden
2022-09-23,-0.073063985,1,macd_golden
2022-09-26,-0.03807118,1,macd_golden
2022-09-27,0.04256905,1,macd_golden
2022-09-30,0.13799232,1,macd_golden
2022-10-11,-0.010760024,1,macd_golden
2022-10-12,0.03350917,7,macd_golden
2022-10-13,-0.0141531285,4,macd_golden
2022-10-14,0.011164765,10,macd_golden
2022-10-17,0.027983028,4,macd_golden
2022-10-18,-0.007437307,3,macd_golden
2022-10-25,0.012747199,1,macd_golden
2022-10-26,-0.022853322,2,macd_golden
2022-10-31,-0.04316686,1,macd_golden
2022-11-01,0.07475336,1,macd_golden
2022-11-02,-0.00063084933,3,macd_golden
2022-11-03,0.049559962,3,macd_golden
2022-11-04,0.014526009,8,macd_golden
2022-11-07,0.034750976,2,macd_golden
2022-11-08,-0.02814844,1,macd_golden
2022-11-09,0.048132226,1,macd_golden
2022-11-10,0.030464048,3,macd_golden
2022-11-11,0.01166711,2,macd_golden
2022-11-16,-0.050946992,1,macd_golden
2022-11-24,-0.0675139,1,macd_golden
2022-11-29,0.03169487,5,macd_golden
2022-11-30,-0.029792964,3,macd_golden
2022-12-01,0.02676786,2,macd_golden
2022-12-05,-0.01118939,2,macd_golden
2022-12-06,-0.008036182,2,macd_golden
2022-12-07,0.01325998,3,macd_golden
2022-12-08,-0.034349583,1,macd_golden
2022-12-12,-0.0008313395,1,macd_golden
2022-12-23,-0.049586847,1,macd_golden
2022-12-28,-0.0018129516,4,macd_golden
2022-12-29,-0.020093871,2,macd_golden
2022-12-30,-0.026185898,2,macd_golden
2023-01-03,0.021146113,3,macd_golden
2023-01-04,-0.0109999385,4,macd_golden
2023-01-05,-0.008791197,8,macd_golden
2023-01-06,-0.008729148,10,macd_golden
2023-01-09,-0.0047169765,2,macd_golden
2023-01-11,-0.017882584,3,macd_golden
2023-01-12,0.004322437,3,macd_golden
2023-01-13,0.003394289,2,macd_golden
2023-01-16,-0.00984558,1,macd_golden
2023-01-17,-0.0065194797,1,macd_golden
2023-01-18,0.028361764,1,macd_golden
2023-01-20,0.017313145,1,macd_golden
2023-01-30,0.023446735,1,macd_golden
2023-01-31,0.12174208,1,macd_golden
2023-02-09,0.07317603,2,macd_golden
2023-02-13,0.06047916,2,macd_golden
2023-02-14,-0.004588116,2,macd_golden
2023-02-15,-0.038412742,2,macd_golden
2023-02-20,-0.009491278,1,macd_golden
2023-02-21,0.006282744,4,macd_golden
2023-02-22,0.004748917,1,macd_golden
2023-02-23,-0.0063432558,5,macd_golden
2023-02-24,-0.02679,2,macd_golden
2023-02-27,-0.043458324,1,macd_golden
2023-02-28,-0.0064511243,1,macd_golden
2023-03-01,-0.022862105,2,macd_golden
2023-03-02,-0.038126267,2,macd_golden
2023-03-03,0.04287622,2,macd_golden
2023-03-06,0.008751948,2,macd_golden
2023-03-07,0.0028884513,1,macd_golden
2023-03-09,-0.073795915,1,macd_golden
2023-03-10,-0.04362207,1,macd_golden
2023-03-13,0.024184873,2,macd_golden
2023-03-17,0.03633582,2,macd_golden
2023-03-21,0.052439395,1,macd_golden
2023-03-22,0.019604603,3,macd_golden
2023-03-23,-0.023684345,4,macd_golden
2023-03-24,0.026787002,4,macd_golden
2023-03-28,0.0050079557,6,macd_golden
2023-03-30,-0.05152321,1,macd_golden
2023-03-31,-0.018129565,2,macd_golden
2023-04-03,-0.0018654689,3,macd_golden
2023-04-04,-0.034771726,2,macd_golden
2023-04-06,0.0070855618,2,macd_golden
2023-04-07,0.009094899,3,macd_golden
2023-04-11,0.023291703,4,macd_golden
2023-04-12,0.004198297,5,macd_golden
2023-04-13,0.012970929,1,macd_golden
2023-04-14,-0.011922791,2,macd_golden
2023-04-17,-0.025060588,3,macd_golden
2023-04-18,0.063007854,1,macd_golden
2023-04-20,-0.07726479,3,macd_golden
2023-04-24,-0.012436999,1,macd_golden
2023-04-27,-0.025340674,4,macd_golden
2023-04-28,0.0791533,2,macd_golden
2023-05-04,-0.004508411,8,macd_golden
2023-05-05,-0.012057096,1,macd_golden
2023-05-08,-0.028450929,1,macd_golden
2023-05-09,-0.0023742765,2,macd_golden
2023-05-10,0.03635794,1,macd_golden
2023-05-15,-0.0027308105,1,macd_golden
2023-05-16,0.022624332,2,macd_golden
2023-05-17,-0.012547834,1,macd_golden
2023-05-19,0.0040216967,1,macd_golden
2023-05-22,0.0009184691,3,macd_golden
2023-05-23,-0.012514485,2,macd_golden
2023-05-24,-0.026716832,1,macd_golden
2023-05-26,0.014523989,2,macd_golden
2023-05-29,0.017630273,3,macd_golden
2023-06-01,-0.030329717,1,macd_golden
2023-06-02,0.010655647,8,macd_golden
2023-06-05,0.031383973,2,macd_golden
2023-06-06,0.022709154,1,macd_golden
2023-06-08,-0.037567504,1,macd_golden
2023-06-09,-0.016416825,2,macd_golden
2023-06-12,0.013472222,2,macd_golden
2023-06-13,0.01824031,3,macd_golden
2023-06-14,-0.077960014,2,macd_golden
2023-06-15,-0.00820945,3,macd_golden
2023-06-16,-0.004877062,2,macd_golden
2023-06-19,0.044119496,1,macd_golden
2023-06-27,0.001169494,3,macd_golden
2023-06-28,0.016961673,3,macd_golden
2023-06-29,-0.023727939,2,macd_golden
2023-06-30,0.032156043,4,macd_golden
2023-07-03,0.0030266924,7,macd_golden
2023-07-04,0.0028734314,2,macd_golden
2023-07-05,-0.003935634,2,macd_golden
2023-07-10,0.024340056,2,macd_golden
2023-07-12,0.003187713,2,macd_golden
2023-07-13,-0.013760067,1,macd_golden
2023-07-14,0.018218737,4,macd_golden
2023-07-19,0.04075799,2,macd_golden
2023-07-24,-0.02327295,2,macd_golden
2023-07-25,-0.009432755,2,macd_golden
2023-07-26,0.020404724,2,macd_golden
2023-07-28,-0.002210644,5,macd_golden
2023-07-31,-0.0007240996,1,macd_golden
2023-08-01,0.011381965,4,macd_golden
2023-08-04,0.040812463,1,macd_golden
2023-08-08,0.010088425,1,macd_golden
2023-08-18,-0.027910525,1,macd_golden
2023-08-21,0.003941257,1,macd_golden
2023-08-22,-0.029314063,1,macd_golden
2023-08-25,-0.0013219323,2,macd_golden
2023-08-28,-0.010570482,2,macd_golden
2023-08-29,0.006809558,5,macd_golden
2023-08-30,-0.013579234,11,macd_golden
2023-09-01,0.01994052,6,macd_golden
2023-09-04,-0.006615466,7,macd_golden
2023-09-05,-0.002658274,4,macd_golden
2023-09-06,0.0017945431,1,macd_golden
2023-09-11,-0.02082241,2,macd_golden
2023-09-12,0.029364504,1,macd_golden
2023-09-13,0.0040139165,1,macd_golden
2023-09-14,-0.0023932764,2,macd_golden
2023-09-18,-0.0035449986,3,macd_golden
2023-09-19,0.002394563,5,macd_golden
2023-09-20,0.027481645,2,macd_golden
2023-09-22,0.002877932,5,macd_golden
2023-09-25,-0.02189012,2,macd_golden
2023-09-27,0.008418441,2,macd_golden
2023-09-28,0.023440594,3,macd_golden
2023-10-09,0.028987316,2,macd_golden
2023-10-10,-0.027282095,2,macd_golden
2023-10-11,0.009769222,1,macd_golden
2023-10-12,-0.014558724,4,macd_golden
2023-10-13,0.011323359,1,macd_golden
2023-10-17,0.006415872,2,macd_golden
2023-10-24,-0.027702086,2,macd_golden
2023-10-25,-0.006251881,1,macd_golden
2023-10-26,0.010637829,5,macd_golden
2023-10-27,-0.0035149304,11,macd_golden
2023-10-30,-0.016369347,10,macd_golden
2023-10-31,-0.024058074,2,macd_golden
2023-11-01,0.0106108785,5,macd_golden
2023-11-03,-0.011174399,3,macd_golden
2023-11-06,-0.00066073984,6,macd_golden
2023-11-07,-0.021083752,3,macd_golden
2023-11-08,-0.019793134,1,macd_golden
2023-11-13,-0.012059496,2,macd_golden
2023-11-14,0.007918186,1,macd_golden
2023-11-15,-0.010865407,1,macd_golden
2023-11-16,0.0099909995,1,macd_golden
2023-11-20,0.014863767,5,macd_golden
2023-11-21,-0.032200325,1,macd_golden
2023-11-22,-0.00042913918,1,macd_golden
2023-11-23,0.07471814,2,macd_golden
2023-11-24,-0.021082763,1,macd_golden
2023-11-28,0.0065156445,1,macd_golden
2023-11-30,0.016474105,1,macd_golden
2023-12-01,0.023205532,2,macd_golden
2023-12-04,-0.010607263,1,macd_golden
2023-12-06,-0.036754794,2,macd_golden
2023-12-07,0.017807823,2,macd_golden
2023-12-08,0.024745492,2,macd_golden
2023-12-11,0.015050823,1,macd_golden
2023-12-12,-0.0027316986,2,macd_golden
2023-12-13,0.031709988,3,macd_golden
2023-12-15,0.016641064,2,macd_golden
2023-12-19,0.0077742054,1,macd_golden
2023-12-20,0.011018222,2,macd_golden
2023-12-21,0.0026033204,1,macd_golden
2023-12-22,0.0074362773,1,macd_golden
2023-12-25,0.03979605,3,macd_golden
2023-12-26,0.015290742,4,macd_golden
2023-12-27,-0.038250893,4,macd_golden
2023-12-28,-0.00075906387,13,macd_golden
2023-12-29,0.004081946,2,macd_golden
2024-01-02,0.0004936119,4,macd_golden
2024-01-03,-0.01069063,3,macd_golden
2024-01-04,0.0677598,1,macd_golden
2024-01-09,0.032854628,1,macd_golden
2024-01-12,0.023959287,2,macd_golden
2024-01-15,0.0086391745,3,macd_golden
2024-01-18,-0.024258412,1,macd_golden
2024-01-23,-0.0689624,1,macd_golden
2024-01-24,0.049391948,4,macd_golden
2024-01-25,-0.009118057,8,macd_golden
2024-01-26,0.00820645,13,macd_golden
2024-01-29,-0.022686586,1,macd_golden
2024-02-01,-0.030266333,1,macd_golden
2024-02-02,-0.006233081,1,macd_golden
2024-02-06,-0.016569206,9,macd_golden
2024-02-07,-0.0030780244,14,macd_golden
2024-02-08,-0.012090081,7,macd_golden
2024-02-19,-0.0017588586,3,macd_golden
2024-02-20,0.046831675,1,macd_golden
2024-02-29,0.032405995,2,macd_golden
2024-03-04,0.004168271,2,macd_golden
2024-03-05,-0.017336315,1,macd_golden
2024-03-06,-0.060403604,1,macd_golden
2024-03-07,0.04419922,1,macd_golden
2024-03-12,0.024621222,1,macd_golden
2024-03-14,-0.0331934,1,macd_golden
2024-03-18,-0.015369039,1,macd_golden
2024-03-22,-0.07548387,1,macd_golden
2024-03-29,0.0031120768,4,macd_golden
2024-04-01,0.016975073,8,macd_golden
2024-04-02,0.0090113515,6,macd_golden
2024-04-03,-0.0012559367,4,macd_golden
2024-04-08,-0.011281286,1,macd_golden
2024-04-09,-0.019059595,2,macd_golden
2024-04-10,-0.04908356,1,macd_golden
2024-04-11,0.01724575,2,macd_golden
2024-04-12,0.0011105333,2,macd_golden
2024-04-15,0.015007328,2,macd_golden
2024-04-16,0.02025907,2,macd_golden
2024-04-17,0.008723959,4,macd_golden
2024-04-18,0.007455472,5,macd_golden
2024-04-19,0.04634393,1,macd_golden
2024-04-22,-0.10545093,2,macd_golden
2024-04-25,-0.0018067993,1,macd_golden
2024-04-26,-0.005216894,4,macd_golden
2024-04-29,-0.007290172,4,macd_golden
2024-04-30,-0.011273957,5,macd_golden
2024-05-06,0.011579569,3,macd_golden
2024-05-07,-0.010992443,4,macd_golden
2024-05-09,0.00461687,3,macd_golden
2024-05-10,0.009455256,3,macd_golden
2024-05-13,-0.012516295,1,macd_golden
2024-05-14,-0.024657752,2,macd_golden
2024-05-16,-0.038825735,1,macd_golden
2024-05-17,-0.009153677,1,macd_golden
2024-05-20,-0.020203693,7,macd_golden
2024-05-22,-0.036297586,2,macd_golden
2024-05-23,-0.039742082,1,macd_golden
2024-05-27,0.06119539,1,macd_golden
2024-05-28,-0.040408533,1,macd_golden
2024-05-30,0.09974014,1,macd_golden
2024-05-31,-0.024686823,2,macd_golden
2024-06-03,0.1378279,1,macd_golden
2024-06-05,0.005479943,3,macd_golden
2024-06-06,-0.004269127,1,macd_golden
2024-06-07,-0.044525832,1,macd_golden
2024-06-12,0.033574432,2,macd_golden
2024-06-14,-0.017877838,3,macd_golden
2024-06-17,-0.01726196,1,macd_golden
2024-06-18,-0.009428501,3,macd_golden
2024-06-19,-0.0010142783,2,macd_golden
2024-06-21,0.03691904,1,macd_golden
2024-06-25,-0.023658637,4,macd_golden
2024-06-26,-0.018160721,3,macd_golden
2024-06-28,0.008407212,5,macd_golden
2024-07-01,0.01392746,7,macd_golden
2024-07-02,-0.00092184515,3,macd_golden
2024-07-05,-0.0260488,1,macd_golden
2024-07-08,-0.007938003,1,macd_golden
2024-07-09,-0.020608332,2,macd_golden
2024-07-10,0.016933657,2,macd_golden
2024-07-11,-0.028798101,6,macd_golden
2024-07-12,0.018509164,11,macd_golden
2024-07-15,0.039644774,3,macd_golden
2024-07-16,-0.022128232,1,macd_golden
2024-07-18,0.051651012,2,macd_golden
2024-07-19,-0.0068806782,1,macd_golden
2024-07-23,-0.027182119,1,macd_golden
2024-07-25,-0.035905104,2,macd_golden
2024-07-26,0.0066973395,3,macd_golden
2024-07-29,-0.007270754,3,macd_golden
2024-07-31,-0.0061075194,8,macd_golden
2024-08-01,-0.027751409,6,macd_golden
2024-08-02,-0.0016236221,1,macd_golden
2024-08-05,0.057133295,1,macd_golden
2024-08-06,0.010895088,1,macd_golden
2024-08-07,-0.015388882,2,macd_golden
2024-08-08,0.023843681,4,macd_golden
2024-08-12,0.017027434,1,macd_golden
2024-08-13,0.031794865,3,macd_golden
2024-08-15,0.08832286,1,macd_golden
2024-08-16,0.050251126,2,macd_golden
2024-08-19,-0.026357584,3,macd_golden
2024-08-26,0.0051963422,1,macd_golden
2024-08-27,-0.0045849765,2,macd_golden
2024-08-28,-0.022800459,2,macd_golden
2024-08-29,0.0028812375,2,macd_golden
2024-08-30,0.011706483,5,macd_golden
2024-09-02,0.020367524,2,macd_golden
2024-09-03,-0.010227907,3,macd_golden
2024-09-04,0.018348813,3,macd_golden
2024-09-05,0.010217927,5,macd_golden
2024-09-10,-0.04920312,1,macd_golden
2024-09-11,0.019547723,1,macd_golden
2024-09-13,0.059195526,1,macd_golden
2024-09-18,0.033088677,1,macd_golden
2024-09-19,0.024576945,8,macd_golden
2024-09-20,-0.056146335,3,macd_golden
2024-09-23,-0.004057189,3,macd_golden
2024-09-24,0.022884645,12,macd_golden
2024-09-25,-0.0047244034,3,macd_golden
2024-09-26,-0.012975689,3,macd_golden
2024-09-27,0.0354132,1,macd_golden
2024-10-22,-0.020693367,3,macd_golden
2024-10-23,0.010284576,3,macd_golden
2024-10-24,-0.025012441,2,macd_golden
2024-10-25,0.003921413,4,macd_golden
2024-10-28,0.014605082,6,macd_golden
2024-10-30,-0.040518098,1,macd_golden
2024-10-31,-0.042378183,1,macd_golden
2024-11-01,-0.044950627,1,macd_golden
2024-11-04,-0.01040504,4,macd_golden
2024-11-05,-0.024237793,4,macd_golden
2024-11-07,-0.008987767,11,macd_golden
2024-11-08,0.11369886,2,macd_golden
2024-11-11,-0.051332075,5,macd_golden
2024-11-12,0.0017591678,1,macd_golden
2024-11-28,-0.0055182613,1,macd_golden
2024-12-02,-0.020183416,3,macd_golden
2024-12-03,-0.021574691,4,macd_golden
2024-12-05,-0.0025535657,7,macd_golden
2024-12-06,0.004724444,4,macd_golden
2024-12-09,0.0008849402,3,macd_golden
2024-12-10,0.0167965,4,macd_golden
2024-12-11,-0.0065876455,6,macd_golden
2024-12-12,0.0024321706,9,macd_golden
2024-12-13,0.0040185642,1,macd_golden
2024-12-17,0.11866331,1,macd_golden
2024-12-20,0.00528985,2,macd_golden
2024-12-23,0.0051883487,2,macd_golden
2024-12-24,-0.016946474,4,macd_golden
2024-12-25,-0.017502766,2,macd_golden
2024-12-26,-0.09070918,1,macd_golden
2024-12-27,-0.023058897,3,macd_golden
2024-12-30,0.001788293,4,macd_golden
2025-01-06,-0.065438844,1,macd_golden
2025-01-08,-0.06335703,1,macd_golden
2025-01-09,-0.015367905,1,macd_golden
2025-01-13,-0.010607777,2,macd_golden
2025-01-14,-0.013037388,3,macd_golden
2025-01-15,-0.009491218,5,macd_golden
2025-01-16,0.0062970263,6,macd_golden
2025-01-17,0.029200437,6,macd_golden
2025-01-20,-0.0008622176,13,macd_golden
2025-01-21,-0.011528959,1,macd_golden
2025-01-22,-0.01573888,2,macd_golden
2025-01-23,-0.022820573,1,macd_golden
2025-01-24,-0.005614944,1,macd_golden
2025-01-27,-0.03184898,3,macd_golden
2025-02-05,0.0004561348,4,macd_golden
2025-02-06,-0.030627783,2,macd_golden
2025-02-07,0.016010081,2,macd_golden
2025-02-12,-0.015154012,1,macd_golden
2025-02-13,0.018322568,1,macd_golden
2025-02-14,-0.010385915,2,macd_golden
2025-02-17,0.032869827,1,macd_golden
2025-02-20,0.08710174,1,macd_golden
2025-02-21,-0.035576448,1,macd_golden
2025-02-27,-0.012705715,1,macd_golden
2025-02-28,-0.025828844,3,macd_golden
2025-03-04,-0.022123154,1,macd_golden
2025-03-05,0.015008759,3,macd_golden
2025-03-06,0.0010444149,4,macd_golden
2025-03-07,0.029024035,4,macd_golden
2025-03-10,0.013127118,1,macd_golden
2025-03-11,0.009496816,6,macd_golden
2025-03-12,0.010328095,1,macd_golden
2025-03-13,0.02765275,2,macd_golden
2025-03-14,0.05108872,4,macd_golden
2025-03-17,-0.019983431,2,macd_golden
2025-03-18,0.0018348387,4,macd_golden
2025-03-19,0.03337805,1,macd_golden
2025-03-25,0.028946444,1,macd_golden
2025-04-01,-0.021962639,2,macd_golden
2025-04-03,-0.035700023,4,macd_golden
2025-04-09,0.021991914,1,macd_golden
2025-04-10,-0.100852035,1,macd_golden
2025-04-11,0.02949011,1,macd_golden
2025-04-14,-0.01652171,2,macd_golden
2025-04-15,0.014297803,1,macd_golden
2025-04-16,0.0008903309,2,macd_golden
2025-04-18,-0.008640078,7,macd_golden
2025-04-21,0.003948002,7,macd_golden
2025-04-22,0.0042067748,9,macd_golden
2025-04-23,0.03615335,1,macd_golden
2025-04-24,-0.02087946,6,macd_golden
2025-04-25,0.065016195,2,macd_golden
2025-04-28,-0.005528456,3,macd_golden
2025-04-29,-0.051996026,2,macd_golden
2025-04-30,0.019213192,1,macd_golden
2025-05-06,0.028030347,1,macd_golden
2025-05-07,-0.01093175,4,macd_golden
2025-05-09,-0.0011121915,2,macd_golden
2025-05-12,-0.017926643,1,macd_golden
2025-05-13,0.0031677606,1,macd_golden
2025-05-14,-0.034291446,3,macd_golden
2025-05-19,-0.008918805,1,macd_golden
2025-05-20,0.021250669,2,macd_golden
2025-05-21,0.108077265,2,macd_golden
2025-05-26,-0.037008516,1,macd_golden
2025-05-28,-0.012016118,2,macd_golden
2025-05-29,-0.013840148,1,macd_golden
2025-05-30,-0.015086886,2,macd_golden
2025-06-03,0.002102973,6,macd_golden
2025-06-04,0.0030058753,8,macd_golden
2025-06-05,-0.015747175,5,macd_golden
2025-06-06,-0.013439044,2,macd_golden
2025-06-09,0.018379882,3,macd_golden
2025-06-11,0.010509243,1,macd_golden
2025-06-12,-0.029557392,3,macd_golden
2025-06-13,0.019726744,3,macd_golden
2025-06-16,-0.033764794,1,macd_golden
2025-06-18,-0.008845714,3,macd_golden
2025-06-20,-0.032635383,2,macd_golden
2025-06-23,-0.013989174,3,macd_golden
2025-06-24,0.0031908029,5,macd_golden
2025-06-25,-0.008321885,9,macd_golden
2025-06-26,-0.007867795,7,macd_golden
2025-06-27,0.0031393745,6,macd_golden
2025-06-30,-0.0014118738,2,macd_golden
2025-07-01,-0.0124089625,1,macd_golden
2025-07-02,-0.025586981,1,macd_golden
2025-07-03,-0.091432795,1,macd_golden
2025-07-04,-0.012192539,2,macd_golden
2025-07-07,-0.0011765808,1,macd_golden
2025-07-08,-0.027062105,2,macd_golden
2025-07-10,0.065036155,2,macd_golden
2025-07-14,-0.030934317,1,macd_golden
2025-07-17,-0.010680601,2,macd_golden
2025-07-18,-0.006256854,1,macd_golden
2025-07-21,-0.016831724,4,macd_golden
2025-07-22,0.00015161186,6,macd_golden
2025-07-28,0.0061054314,1,macd_golden
2025-07-29,-0.0031814105,2,macd_golden
2025-08-04,0.012718452,1,macd_golden
2025-08-05,-0.028378861,1,macd_golden
2025-08-06,0.0018372107,4,macd_golden
2025-08-07,-0.027850173,1,macd_golden
2025-08-08,-0.03709276,2,macd_golden
2025-08-11,-0.018680746,3,macd_golden
2025-08-12,0.03135377,4,macd_golden
2025-08-13,-0.020372113,5,macd_golden
2025-08-15,0.04252043,5,macd_golden
2025-08-18,-0.01321435,4,macd_golden
2025-08-19,0.083531894,3,macd_golden
2025-08-20,-0.0039590937,6,macd_golden
2025-08-21,-0.022009326,3,macd_golden
2025-08-22,-0.0011183248,6,macd_golden
2025-08-25,0.008475201,5,macd_golden
2025-08-26,-0.021915728,7,macd_golden
2025-08-27,-0.107279986,1,macd_golden
2025-08-28,-0.0035210326,1,macd_golden
2025-09-01,0.034558237,4,macd_golden
2025-09-02,-0.022427153,1,macd_golden
2025-09-08,0.0061140335,5,macd_golden
2025-09-09,-0.003580941,5,macd_golden
2025-09-10,-0.007743041,1,macd_golden
2025-09-11,-0.025854843,1,macd_golden
2025-09-12,-0.00070360536,2,macd_golden
2025-09-15,0.06360013,3,macd_golden
2025-09-17,-0.00030630222,4,macd_golden
2025-09-18,-0.013638956,1,macd_golden
2025-09-19,-0.021749625,2,macd_golden
2025-09-22,-0.022703659,2,macd_golden
2025-09-23,-0.030671695,2,macd_golden
2025-09-24,-0.0005230345,2,macd_golden
2025-09-25,-0.063336305,3,macd_golden
2025-09-26,0.0053149513,3,macd_golden
2025-09-29,0.00801936,5,macd_golden
2025-09-30,0.0004350481,3,macd_golden
2025-10-09,-0.014317041,11,macd_golden
2025-10-10,0.014387265,5,macd_golden
2025-10-14,0.0040599974,5,macd_golden
2025-10-16,0.0010210648,1,macd_golden
2025-10-21,-0.02303447,1,macd_golden
2025-10-22,-0.009950043,1,macd_golden
2025-10-23,-0.03291266,1,macd_golden
2025-10-27,-0.030207783,5,macd_golden
2025-10-28,0.004771955,2,macd_golden
2025-10-29,0.012021219,5,macd_golden
2025-10-30,-0.03233364,1,macd_golden
2025-10-31,-0.066021845,1,macd_golden
2025-11-03,0.030016901,4,macd_golden
2025-11-04,0.0943328,1,macd_golden
2025-11-05,-0.022201825,4,macd_golden
2025-11-06,-0.020084431,1,macd_golden
2025-11-07,0.009791248,1,macd_golden
2025-11-10,0.015420305,7,macd_golden
2025-11-11,-0.002559607,3,macd_golden
2025-11-13,-0.024507804,3,macd_golden
2025-11-14,-0.013994356,3,macd_golden
2025-11-17,-0.042924456,4,macd_golden
2025-11-25,-0.021830007,1,macd_golden
2025-11-26,-0.009995967,3,macd_golden
2025-11-27,0.009867997,2,macd_golden
2025-11-28,0.061787024,1,macd_golden
2025-12-01,0.029190313,2,macd_golden
2025-12-02,-0.0065791784,5,macd_golden
2025-12-03,0.021925002,8,macd_golden
2025-12-04,0.006912208,2,macd_golden
2025-12-05,0.029934922,3,macd_golden
2025-12-08,0.0074792085,5,macd_golden
2025-12-11,0.01086924,1,macd_golden
2025-12-12,-0.028124705,1,macd_golden
2025-12-15,-0.02405586,2,macd_golden
2025-12-16,-0.019425074,3,macd_golden
2025-12-17,-0.016464917,4,macd_golden
2025-12-18,-0.032990277,1,macd_golden
2025-12-19,0.04195746,2,macd_golden
2025-12-22,-0.009451628,5,macd_golden
2025-12-23,0.03249241,4,macd_golden
2025-12-24,0.017571127,4,macd_golden
2025-12-25,0.07771329,3,macd_golden
2025-12-26,-0.022144713,2,macd_golden
2025-12-30,0.014068902,1,macd_golden
2025-12-31,-3.9395876e-05,2,macd_golden
2026-01-05,-0.011373031,2,macd_golden
2026-01-06,-0.016574211,3,macd_golden
2026-01-07,0.028892513,2,macd_golden
2026-01-08,-0.007798654,1,macd_golden
2026-01-09,0.019874452,3,macd_golden
2026-01-13,0.0056001507,2,macd_golden
2026-01-15,0.10184526,1,macd_golden
2026-01-20,-0.0011394452,8,macd_golden
2026-01-22,-0.014921359,4,macd_golden
2026-01-23,0.009914282,2,macd_golden
2026-01-27,0.1175327,1,macd_golden
2026-01-29,0.018499203,1,macd_golden
2026-01-30,-0.075139135,2,macd_golden
2026-02-02,-0.015523041,1,macd_golden
2026-02-03,0.028464777,1,macd_golden
2026-02-04,0.007608985,6,macd_golden
2026-02-05,-0.029241584,3,macd_golden
2026-02-09,0.052352514,2,macd_golden
2026-02-10,-0.04146549,1,macd_golden
2026-02-11,0.0040960275,4,macd_golden
2026-02-12,0.116427764,2,macd_golden
2026-02-13,-0.00928629,1,macd_golden
2026-02-24,-0.044295806,2,macd_golden
2026-02-25,-0.0042102314,11,macd_golden
2026-02-26,-0.014067344,5,macd_golden
2026-02-27,0.00978402,7,macd_golden
2026-03-02,-0.028698534,2,macd_golden
2026-03-03,-0.21581046,1,macd_golden
2026-03-05,-0.0030524018,4,macd_golden
2026-03-06,0.017626993,1,macd_golden
2026-03-09,0.050016947,1,macd_golden
2026-03-10,0.04012935,2,macd_golden
2026-03-11,0.03931043,7,macd_golden
2026-03-12,0.014817916,5,macd_golden
2026-03-16,0.04847494,3,macd_golden
2026-03-18,0.3091511,1,macd_golden
2026-03-20,-0.026371557,1,macd_golden
2026-03-24,-0.038944643,1,macd_golden
2026-03-25,-0.005999613,4,macd_golden
2026-03-26,0.00820891,1,macd_golden
2026-03-27,0.0016533467,4,macd_golden
2026-03-31,0.021368891,2,macd_golden
2026-04-01,-0.022307394,8,macd_golden
2026-04-02,0.00029912218,4,macd_golden
2026-04-07,-0.12581094,1,macd_golden
2026-04-08,0.0131173,16,macd_golden
2026-04-09,0.01193843,6,macd_golden
2026-04-10,-0.007196909,4,macd_golden
2026-04-13,-0.0055168155,2,macd_golden
2026-04-14,0.13060324,1,macd_golden
2026-04-15,-0.04192823,1,macd_golden
2026-04-16,0.030135449,1,macd_golden
2026-04-20,-0.0076193037,1,macd_golden
2026-04-21,0.0004226016,4,macd_golden
2026-04-22,-0.03828004,3,macd_golden
2026-04-23,-0.03708815,2,macd_golden
2026-04-27,-0.012114122,3,macd_golden
2026-04-28,-0.03438428,2,macd_golden
2026-04-29,-0.003149076,5,macd_golden
2026-04-30,0.00908771,2,macd_golden
2026-05-06,-0.06585181,1,macd_golden
2026-05-07,0.007959472,4,macd_golden
2026-05-08,0.101733945,2,macd_golden
2026-05-11,-0.047920916,3,macd_golden
2026-05-12,0.008459885,2,macd_golden
2026-05-14,0.036769137,1,macd_golden
2026-05-22,-0.02819342,2,macd_golden
2026-05-25,0.03460088,4,macd_golden
2026-05-26,0.036970653,2,macd_golden
2026-05-27,-0.034637883,2,macd_golden
2026-05-28,0.060962632,1,macd_golden
2026-05-29,-0.024130205,2,macd_golden
2026-06-01,0.020924294,6,macd_golden
2026-06-02,0.005073108,2,macd_golden
2026-06-03,-0.011379294,2,macd_golden
2026-06-05,-0.044301964,2,macd_golden
2026-06-08,-0.030845918,2,macd_golden
2026-06-09,-0.0772187,1,macd_golden
2026-06-11,-0.040873677,2,macd_golden
2026-06-12,0.018996892,7,macd_golden
2026-06-15,-0.026726296,9,macd_golden
2026-06-16,0.10230029,5,macd_golden
2026-06-17,0.058022622,6,macd_golden
2026-06-22,0.0003978908,4,macd_golden
2026-06-23,-0.02661403,1,macd_golden
2026-06-24,-0.08562287,1,macd_golden
2026-06-25,0.0068069906,1,macd_golden
2026-06-26,-0.025560124,1,macd_golden
2026-06-29,0.0034058057,2,macd_golden
2026-06-30,0.0011220481,4,macd_golden
2026-07-01,0.012673238,4,macd_golden
2026-07-02,0.0050089457,7,macd_golden
2026-07-03,0.010650609,4,macd_golden
2026-07-06,-0.022897214,11,macd_golden
2026-07-07,-0.011854304,1,macd_golden
2026-07-08,0.054210965,2,macd_golden
2026-07-09,-0.012475269,1,macd_golden
2026-07-10,0.016342085,1,macd_golden
2026-07-14,0.013910006,3,macd_golden
2026-07-15,-0.012339564,4,macd_golden
2026-07-16,0.10907513,1,macd_golden
2026-07-17,0.0018260231,3,macd_golden
2026-07-21,0.024929212,2,macd_golden
2026-07-22,-0.11625089,1,macd_golden
2026-07-23,-0.00032822974,3,macd_golden
2026-07-27,0.02260868,3,macd_golden
2026-07-29,0.017108245,1,macd_golden
2026-07-30,0.032583825,2,macd_golden
2026-07-31,-0.0006736393,3,macd_golden
2026-08-04,-0.0013555717,2,macd_golden
2026-08-06,0.03769859,2,macd_golden
2026-08-07,0.0078997025,2,macd_golden
2026-08-10,0.039937455,3,macd_golden
2026-08-12,0.024805114,1,macd_golden
2026-08-14,-0.04243231,1,macd_golden
2026-08-19,-0.056295812,1,macd_golden
2026-08-21,0.010503644,2,macd_golden
2026-08-24,-0.013055499,1,macd_golden
2026-08-25,0.025297524,2,macd_golden
2026-08-26,-0.00892974,7,macd_golden
2026-08-27,-0.0096957255,4,macd_golden
2026-08-28,-0.0056496747,4,macd_golden
2026-08-31,-0.010045073,2,macd_golden
2026-09-01,0.015408241,4,macd_golden
2026-09-02,-0.021570075,2,macd_golden
2026-09-03,0.013862239,1,macd_golden
2026-09-07,0.030340038,1,macd_golden
2026-09-08,0.019086981,3,macd_golden
2026-09-09,-0.020249756,6,macd_golden
2026-09-10,-0.010570422,3,macd_golden
2015-01-12,-0.034658745,4,drop5_12
2015-01-14,0.0049359147,2,drop5_12
2015-01-19,0.004394904,1,drop5_12
2015-02-02,0.07100371,2,drop5_12
2015-04-20,-0.025645364,2,drop5_12
2015-05-06,0.0070688073,2,drop5_12
2015-05-07,0.0039460096,4,drop5_12
2015-05-11,-0.06263049,1,drop5_12
2015-06-16,-0.018364111,2,drop5_12
2015-06-17,-0.06764128,1,drop5_12
2015-06-18,-0.027731992,2,drop5_12
2015-06-19,-0.033435296,16,drop5_12
2015-06-23,-0.10726657,3,drop5_12
2015-06-25,-0.041047156,7,drop5_12
2015-06-26,-0.023919957,11,drop5_12
2015-06-29,-0.025920609,3,drop5_12
2015-07-01,-0.036764927,5,drop5_12
2015-07-02,-0.035673145,3,drop5_12
2015-07-06,0.011646964,2,drop5_12
2015-07-07,-0.038397983,1,drop5_12
2015-07-08,-0.07891185,3,drop5_12
2015-07-20,-0.054340035,1,drop5_12
2015-07-27,-0.01833337,7,drop5_12
2015-07-28,0.01608541,6,drop5_12
2015-07-30,0.030210879,14,drop5_12
2015-07-31,0.18264964,1,drop5_12
2015-08-18,-0.04542972,1,drop5_12
2015-08-20,0.07133771,8,drop5_12
2015-08-21,-0.017915456,18,drop5_12
2015-08-24,0.029182008,5,drop5_12
2015-08-25,-0.19156429,1,drop5_12
2015-08-26,-0.07311038,1,drop5_12
2015-09-08,-0.028836086,1,drop5_12
2015-09-14,-0.0823133,1,drop5_12
2015-09-15,0.018984476,22,drop5_12
2015-09-17,-0.020930903,1,drop5_12
2015-09-30,-0.01771368,1,drop5_12
2015-11-03,0.037881926,2,drop5_12
2015-11-27,-0.030477941,3,drop5_12
2015-12-01,0.01962721,1,drop5_12
2015-12-02,0.00315452,1,drop5_12
2015-12-11,-0.015297752,1,drop5_12
2015-12-29,0.04803167,1,drop5_12
2016-01-04,-0.015112493,15,drop5_12
2016-01-05,-0.047110975,4,drop5_12
2016-01-07,0.008348567,22,drop5_12
2016-01-12,0.017932605,2,drop5_12
2016-01-13,-0.0060301744,9,drop5_12
2016-01-15,0.012649181,10,drop5_12
2016-01-21,-0.0006876588,1,drop5_12
2016-01-26,-2.5708761e-05,14,drop5_12
2016-01-27,-0.035024516,2,drop5_12
2016-01-28,0.04025662,3,drop5_12
2016-02-01,0.004737363,10,drop5_12
2016-02-03,-0.00984861,1,drop5_12
2016-02-26,-0.041802607,1,drop5_12
2016-02-29,0.020273091,11,drop5_12
2016-03-09,-0.04747107,1,drop5_12
2016-03-10,-0.017793594,3,drop5_12
2016-03-14,0.008600991,1,drop5_12
2016-03-15,0.009760961,1,drop5_12
2016-04-21,0.0048595425,1,drop5_12
2016-05-09,-0.023781449,1,drop5_12
2016-05-10,-0.0044172173,3,drop5_12
2016-05-12,-0.00754397,1,drop5_12
2016-06-13,0.07452349,1,drop5_12
2016-07-07,-0.06953427,1,drop5_12
2016-08-01,-0.017490748,3,drop5_12
2016-12-02,0.04009051,1,drop5_12
2016-12-05,-0.0070864763,1,drop5_12
2016-12-08,-0.025408663,1,drop5_12
2017-01-16,-0.0049370676,2,drop5_12
2017-01-19,0.016841445,1,drop5_12
2017-03-30,-0.009574505,1,drop5_12
2017-04-06,-0.020961886,1,drop5_12
2017-04-18,-0.09359974,2,drop5_12
2017-04-19,0.010388157,1,drop5_12
2017-04-24,0.014599455,1,drop5_12
2017-05-05,0.024399418,1,drop5_12
2017-05-08,-0.0141706355,1,drop5_12
2017-05-10,-0.026885957,1,drop5_12
2017-05-23,-0.02410078,2,drop5_12
2017-06-05,-0.034638066,1,drop5_12
2017-07-17,0.04659314,1,drop5_12
2017-08-03,0.047874995,1,drop5_12
2017-08-11,0.00401094,1,drop5_12
2017-11-02,-0.012212191,1,drop5_12
2017-11-27,0.017929327,3,drop5_12
2017-11-29,0.04176448,1,drop5_12
2017-12-20,-0.0019982113,1,drop5_12
2018-01-15,0.052957274,1,drop5_12
2018-01-18,-0.015432188,1,drop5_12
2018-01-29,-0.023551129,1,drop5_12
2018-01-31,-0.021878801,1,drop5_12
2018-02-01,-0.0008131927,4,drop5_12
2018-02-02,0.044965018,1,drop5_12
2018-02-06,0.021409243,5,drop5_12
2018-02-07,0.0439862,3,drop5_12
2018-02-09,0.017942432,10,drop5_12
2018-03-14,-0.03585842,1,drop5_12
2018-03-23,0.05530299,3,drop5_12
2018-04-09,0.009454596,1,drop5_12
2018-04-11,-0.0031016245,1,drop5_12
2018-04-20,-0.02734974,1,drop5_12
2018-05-03,0.04346427,1,drop5_12
2018-05-30,0.005287649,1,drop5_12
2018-06-19,0.0066053197,6,drop5_12
2018-06-20,0.009641863,2,drop5_12
2018-06-21,0.01702734,3,drop5_12
2018-06-28,0.017135207,2,drop5_12
2018-07-06,0.095083,1,drop5_12
2018-07-18,-0.100642115,1,drop5_12
2018-07-31,-0.018994309,1,drop5_12
2018-08-02,-0.010159492,2,drop5_12
2018-08-03,0.0033916659,4,drop5_12
2018-08-06,-0.0055903047,1,drop5_12
2018-08-08,-0.02281103,2,drop5_12
2018-08-20,0.04197249,2,drop5_12
2018-09-05,0.016063264,1,drop5_12
2018-10-08,0.03182628,2,drop5_12
2018-10-11,0.010088188,12,drop5_12
2018-10-12,-0.0041095247,3,drop5_12
2018-10-15,-0.012640003,1,drop5_12
2018-10-16,-0.001409377,4,drop5_12
2018-10-17,0.028358422,1,drop5_12
2018-10-18,0.051202923,1,drop5_12
2018-10-26,-0.04118778,1,drop5_12
2018-10-29,0.0807216,2,drop5_12
2018-11-23,-0.015138468,1,drop5_12
2018-11-26,0.05373569,1,drop5_12
2018-12-07,-0.031864177,1,drop5_12
2019-03-13,-0.023969049,1,drop5_12
2019-04-25,0.007867329,1,drop5_12
2019-04-26,-0.008322301,6,drop5_12
2019-04-29,0.02089567,2,drop5_12
2019-05-06,-0.001752246,22,drop5_12
2019-05-08,0.0034546591,1,drop5_12
2019-05-09,0.0096798055,3,drop5_12
2019-05-13,-0.118564606,1,drop5_12
2019-05-17,-0.043866698,1,drop5_12
2019-05-20,0.016923558,1,drop5_12
2019-05-22,-0.0076644477,1,drop5_12
2019-05-23,0.02193635,2,drop5_12
2019-06-03,0.0011360282,1,drop5_12
2019-07-08,0.007258497,1,drop5_12
2019-07-16,-0.0038063936,1,drop5_12
2019-08-06,-0.004181522,1,drop5_12
2019-08-09,0.031890363,1,drop5_12
2019-08-30,0.17745668,1,drop5_12
2019-09-23,-0.06442924,1,drop5_12
2019-09-26,-0.017820612,2,drop5_12
2019-09-30,-0.029188816,1,drop5_12
2019-11-04,-0.016383264,1,drop5_12
2019-12-13,-0.005701296,1,drop5_12
2020-02-03,-0.02024941,26,drop5_12
2020-02-04,0.017000053,2,drop5_12
2020-02-05,-0.05442962,1,drop5_12
2020-02-28,-0.034344822,1,drop5_12
2020-03-03,-0.013446617,3,drop5_12
2020-03-12,0.001982987,1,drop5_12
2020-03-13,-0.016507754,3,drop5_12
2020-03-17,0.013687829,5,drop5_12
2020-03-18,0.003235684,7,drop5_12
2020-03-19,-0.026348785,1,drop5_12
2020-03-23,0.0025193486,1,drop5_12
2020-03-24,-0.024102734,1,drop5_12
2020-03-26,-0.053166695,1,drop5_12
2020-04-14,0.010181558,1,drop5_12
2020-05-06,0.035431854,1,drop5_12
2020-05-25,0.041200325,1,drop5_12
2020-07-16,-0.035710327,4,drop5_12
2020-07-17,0.021189703,2,drop5_12
2020-07-27,-0.00382746,1,drop5_12
2020-08-12,-0.046099804,1,drop5_12
2020-08-13,0.07253097,2,drop5_12
2020-09-07,-0.075999066,1,drop5_12
2020-09-08,-0.010950984,1,drop5_12
2020-09-09,0.018198106,2,drop5_12
2020-09-10,-0.0046027508,1,drop5_12
2020-09-16,0.036150318,2,drop5_12
2020-09-18,0.03345364,1,drop5_12
2020-10-09,-0.07126964,1,drop5_12
2020-10-22,-0.046946406,1,drop5_12
2020-10-23,0.158185,1,drop5_12
2020-12-09,0.010670083,1,drop5_12
2020-12-29,-0.062430263,1,drop5_12
2021-01-11,-0.02177735,2,drop5_12
2021-01-12,-0.10628082,1,drop5_12
2021-01-14,-0.038279112,1,drop5_12
2021-01-15,0.0113505665,1,drop5_12
2021-01-19,0.05453909,3,drop5_12
2021-01-28,0.16411568,1,drop5_12
2021-01-29,-0.040144887,7,drop5_12
2021-02-03,-0.006608814,2,drop5_12
2021-02-04,-0.0513227,1,drop5_12
2021-02-22,0.021784026,1,drop5_12
2021-02-24,-0.06168425,2,drop5_12
2021-02-25,0.08213306,1,drop5_12
2021-02-26,0.09802206,1,drop5_12
2021-03-02,-0.057049178,2,drop5_12
2021-03-04,-0.041630413,1,drop5_12
2021-03-08,0.015298673,3,drop5_12
2021-03-09,-0.019360047,4,drop5_12
2021-03-24,0.020124426,1,drop5_12
2021-03-25,0.11019054,1,drop5_12
2021-04-06,-0.035455514,1,drop5_12
2021-04-19,-0.051325556,1,drop5_12
2021-04-28,-0.004704928,1,drop5_12
2021-05-06,0.044719353,1,drop5_12
2021-05-10,0.119530566,1,drop5_12
2021-05-13,0.0606569,1,drop5_12
2021-05-24,0.008203832,2,drop5_12
2021-05-27,0.0054795393,1,drop5_12
2021-06-07,0.028513644,1,drop5_12
2021-06-09,0.008017115,1,drop5_12
2021-06-18,-0.036257666,1,drop5_12
2021-07-02,0.021306809,1,drop5_12
2021-07-06,-0.026603593,1,drop5_12
2021-07-19,0.06909022,2,drop5_12
2021-07-26,-0.08187288,2,drop5_12
2021-07-27,0.008596089,4,drop5_12
2021-07-28,0.0986697,3,drop5_12
2021-08-06,0.115983024,1,drop5_12
2021-08-17,-0.024525002,1,drop5_12
2021-08-20,-0.015772514,2,drop5_12
2021-08-23,0.06697364,1,drop5_12
2021-09-01,-0.13830219,1,drop5_12
2021-09-03,-0.077647425,1,drop5_12
2021-09-06,-0.006718673,1,drop5_12
2021-09-16,-0.015868425,1,drop5_12
2021-09-17,-0.039434418,1,drop5_12
2021-09-22,-0.109538995,3,drop5_12
2021-09-23,-0.024080522,1,drop5_12
2021-09-24,-0.031342965,2,drop5_12
2021-09-27,0.005133791,2,drop5_12
2021-09-28,-0.06645347,1,drop5_12
2021-09-29,-0.00392921,7,drop5_12
2021-10-08,0.00084791146,1,drop5_12
2021-10-12,0.046700876,3,drop5_12
2021-10-14,0.03557435,4,drop5_12
2021-10-25,0.06825424,1,drop5_12
2021-10-28,-0.0714726,1,drop5_12
2021-10-29,0.018206509,1,drop5_12
2021-11-02,-0.03755191,4,drop5_12
2021-11-03,-0.031211203,1,drop5_12
2021-11-05,-0.018092662,1,drop5_12
2021-11-08,0.16695929,1,drop5_12
2021-11-15,0.009554379,1,drop5_12
2021-11-16,-0.062493145,1,drop5_12
2021-11-18,-0.056601413,1,drop5_12
2021-12-30,-0.07078637,1,drop5_12
2022-01-04,-0.022786126,1,drop5_12
2022-01-05,-0.028478447,2,drop5_12
2022-01-07,0.017725386,2,drop5_12
2022-01-25,-0.029951487,2,drop5_12
2022-01-27,0.050965782,1,drop5_12
2022-02-07,-0.061544403,2,drop5_12
2022-02-14,0.0071277674,2,drop5_12
2022-03-08,-0.014801427,8,drop5_12
2022-03-09,0.005789264,5,drop5_12
2022-03-10,-0.0059136786,1,drop5_12
2022-03-11,-0.021102505,1,drop5_12
2022-03-14,0.035467986,3,drop5_12
2022-03-15,0.007935539,5,drop5_12
2022-04-01,-0.12564532,1,drop5_12
2022-04-08,-0.113682054,2,drop5_12
2022-04-11,0.059160873,1,drop5_12
2022-04-13,0.015616032,3,drop5_12
2022-04-21,-0.02078782,2,drop5_12
2022-04-22,-0.07963233,2,drop5_12
2022-04-25,0.010871759,14,drop5_12
2022-04-26,-0.0014188545,7,drop5_12
2022-05-27,-0.057569854,1,drop5_12
2022-06-21,0.037390113,1,drop5_12
2022-06-27,0.06609747,1,drop5_12
2022-07-05,-0.00591408,1,drop5_12
2022-07-28,-0.099976525,1,drop5_12
2022-08-03,0.036563378,1,drop5_12
2022-08-05,-0.11503483,1,drop5_12
2022-08-09,-0.04839253,1,drop5_12
2022-08-18,0.025895882,1,drop5_12
2022-08-19,-0.046311438,1,drop5_12
2022-08-24,-0.037156083,1,drop5_12
2022-08-25,-0.013858889,2,drop5_12
2022-08-31,-0.007303404,1,drop5_12
2022-09-15,0.0009814899,4,drop5_12
2022-09-16,0.046952084,1,drop5_12
2022-09-19,0.010338207,1,drop5_12
2022-09-29,0.028857002,1,drop5_12
2022-09-30,-0.03844766,2,drop5_12
2022-10-10,-0.10581052,1,drop5_12
2022-10-18,-0.01738654,1,drop5_12
2022-10-21,0.022490771,2,drop5_12
2022-10-24,-0.075057395,1,drop5_12
2022-10-25,-0.074062176,1,drop5_12
2022-10-27,0.07784723,1,drop5_12
2022-10-31,-0.0113212615,2,drop5_12
2022-12-12,-0.009056486,1,drop5_12
2023-03-16,0.022158405,1,drop5_12
2023-03-17,0.009703327,1,drop5_12
2023-03-30,0.13427775,1,drop5_12
2023-04-25,0.006464527,2,drop5_12
2023-04-27,-0.053415805,1,drop5_12
2023-05-04,-0.03830943,1,drop5_12
2023-06-09,0.020423368,1,drop5_12
2023-06-21,0.030561548,1,drop5_12
2023-08-11,-0.0061438093,1,drop5_12
2023-08-16,-0.016104111,1,drop5_12
2023-10-13,-0.0151221715,1,drop5_12
2023-10-20,0.0056828707,1,drop5_12
2023-10-24,-0.05298823,1,drop5_12
2024-01-08,-0.028683797,3,drop5_12
2024-01-22,-0.028476723,2,drop5_12
2024-01-31,-0.035069093,1,drop5_12
2024-02-01,0.08085888,1,drop5_12
2024-02-02,0.036850434,7,drop5_12
2024-02-05,0.03178814,5,drop5_12
2024-03-27,-0.030423207,1,drop5_12
2024-04-08,-0.12203449,1,drop5_12
2024-04-10,-0.009010721,2,drop5_12
2024-04-30,-0.005456275,1,drop5_12
2024-05-30,-0.03589427,1,drop5_12
2024-06-24,-0.02306845,1,drop5_12
2024-07-04,0.04787164,1,drop5_12
2024-07-05,0.036459863,1,drop5_12
2024-07-08,0.008001797,1,drop5_12
2024-07-09,-0.027787803,1,drop5_12
2024-07-16,-0.0040131584,1,drop5_12
2024-07-23,-0.018855564,1,drop5_12
2024-07-25,-0.029063843,2,drop5_12
2024-07-26,-0.041298263,1,drop5_12
2024-07-29,0.019732162,1,drop5_12
2024-08-28,-0.05075598,1,drop5_12
2024-09-10,0.0020046108,1,drop5_12
2024-09-13,0.0033311248,1,drop5_12
2024-09-19,0.023730248,1,drop5_12
2024-10-15,0.0064692833,21,drop5_12
2024-10-17,0.079345845,1,drop5_12
2024-11-14,-0.0050758542,1,drop5_12
2024-11-18,0.00813783,4,drop5_12
2024-12-19,-0.024692148,1,drop5_12
2025-01-03,0.032098956,2,drop5_12
2025-02-27,0.049567614,1,drop5_12
2025-03-03,-0.039336424,2,drop5_12
2025-03-31,-0.093042105,1,drop5_12
2025-04-07,0.011391798,8,drop5_12
2025-04-08,0.039286505,4,drop5_12
2025-04-09,0.014608685,1,drop5_12
2025-04-10,-0.00691658,1,drop5_12
2025-04-18,-0.032025944,1,drop5_12
2025-04-28,-0.027438408,1,drop5_12
2025-04-30,-0.0043698996,1,drop5_12
2025-05-06,0.011982936,1,drop5_12
2025-05-23,-0.06482069,1,drop5_12
2025-05-28,-0.011326315,1,drop5_12
2025-06-13,0.08090739,1,drop5_12
2025-08-05,-0.0018697418,1,drop5_12
2025-09-03,-0.021617133,2,drop5_12
2025-09-04,0.0037618044,3,drop5_12
2025-09-08,0.028591642,1,drop5_12
2025-10-14,0.0179583,1,drop5_12
2025-10-16,-0.0319245,1,drop5_12
2025-10-17,0.07320581,1,drop5_12
2025-10-31,-0.04668627,1,drop5_12
2025-11-18,-0.014560899,1,drop5_12
2025-11-24,0.022734912,2,drop5_12
2025-11-26,-0.0507788,1,drop5_12
2025-12-01,-0.07144322,1,drop5_12
2025-12-15,0.0051491493,1,drop5_12
2026-01-29,-0.013850035,1,drop5_12
2026-02-02,-0.028647011,3,drop5_12
2026-02-04,-0.015934331,2,drop5_12
2026-02-05,0.003283374,1,drop5_12
2026-02-06,0.15143868,1,drop5_12
2026-03-03,0.06209833,1,drop5_12
2026-03-09,-0.08043884,1,drop5_12
2026-03-10,-0.009596741,1,drop5_12
2026-03-13,-0.04425151,1,drop5_12
2026-03-17,0.02006455,2,drop5_12
2026-03-19,0.036372874,7,drop5_12
2026-03-23,-0.0073606516,7,drop5_12
2026-03-25,-0.050268963,1,drop5_12
2026-03-31,-0.060815666,2,drop5_12
2026-04-01,-0.06741181,1,drop5_12
2026-04-02,-0.036546044,1,drop5_12
2026-04-14,-0.035419952,1,drop5_12
2026-04-30,0.1385344,2,drop5_12
2026-05-11,0.025435325,1,drop5_12
2026-05-13,-0.0077774636,1,drop5_12
2026-05-15,0.022387844,1,drop5_12
2026-05-18,0.018557943,6,drop5_12
2026-05-19,0.1310548,1,drop5_12
2026-05-20,0.06000063,3,drop5_12
2026-05-21,0.13884112,1,drop5_12
2026-05-26,-0.012396571,1,drop5_12
2026-05-27,-0.06329523,2,drop5_12
2026-05-28,-0.035024814,1,drop5_12
2026-05-29,0.05454299,2,drop5_12
2026-06-02,0.03237757,1,drop5_12
2026-06-05,-0.014276564,2,drop5_12
2026-06-08,-0.0032520443,5,drop5_12
2026-06-09,-0.054920744,1,drop5_12
2026-06-10,0.033296887,4,drop5_12
2026-06-11,0.16214274,1,drop5_12
2026-06-12,0.13934107,3,drop5_12
2026-06-22,0.036745913,1,drop5_12
2026-06-24,0.01464385,1,drop5_12
2026-06-25,0.025273608,1,drop5_12
2026-06-26,0.012035957,1,drop5_12
2026-06-29,0.040078063,2,drop5_12
2026-07-02,0.05449476,1,drop5_12
2026-07-03,-0.021648467,1,drop5_12
2026-07-06,-0.07378624,1,drop5_12
2026-07-07,-0.071218275,5,drop5_12
2026-07-08,-0.047614157,4,drop5_12
2026-07-09,-0.19556445,1,drop5_12
2026-07-10,-0.09028181,1,drop5_12
2026-07-13,-0.034295477,4,drop5_12
2026-07-15,-0.094758995,2,drop5_12
2026-07-16,-0.102525264,2,drop5_12
2026-07-17,-0.02372925,4,drop5_12
2026-07-20,-0.0010346957,1,drop5_12
2026-07-29,0.04089107,2,drop5_12
2026-07-30,0.1116959,2,drop5_12
2026-08-03,0.19189978,3,drop5_12
2026-08-14,0.010025194,1,drop5_12
2026-08-17,-0.023453666,1,drop5_12
2026-08-20,-0.007470813,1,drop5_12
2026-08-24,0.005220109,3,drop5_12
2026-08-25,-0.069470845,1,drop5_12
2026-08-27,0.00065669185,1,drop5_12
2026-09-04,0.02671876,1,drop5_12
2015-01-05,0.023946185,4,limit_up_normal
2015-01-29,0.030982587,1,limit_up_normal
2015-02-03,0.15851861,1,limit_up_normal
2015-02-05,-0.029963136,1,limit_up_normal
2015-02-11,0.0655421,1,limit_up_normal
2015-02-16,-0.007825989,1,limit_up_normal
2015-02-26,-0.023782035,2,limit_up_normal
2015-03-02,0.022266248,1,limit_up_normal
2015-03-03,-0.07795572,1,limit_up_normal
2015-03-16,0.0066150203,1,limit_up_normal
2015-03-17,0.013483126,2,limit_up_normal
2015-03-18,0.011582811,3,limit_up_normal
2015-03-19,-0.10528198,1,limit_up_normal
2015-03-24,-0.024217691,1,limit_up_normal
2015-03-27,-0.050061338,1,limit_up_normal
2015-03-30,-0.07863951,2,limit_up_normal
2015-04-01,-0.05575327,1,limit_up_normal
2015-04-03,-0.063511714,1,limit_up_normal
2015-04-07,0.005308816,1,limit_up_normal
2015-04-10,-0.03972319,2,limit_up_normal
2015-04-13,-0.017013576,1,limit_up_normal
2015-04-16,-0.1477381,1,limit_up_normal
2015-04-22,-0.013369177,1,limit_up_normal
2015-04-23,0.011686897,2,limit_up_normal
2015-04-28,-0.056919903,1,limit_up_normal
2015-04-29,-0.040204525,1,limit_up_normal
2015-05-14,-0.1301831,1,limit_up_normal
2015-05-18,-0.043810558,2,limit_up_normal
2015-05-19,-0.07222482,1,limit_up_normal
2015-05-21,-0.12158581,1,limit_up_normal
2015-05-25,0.15468551,1,limit_up_normal
2015-05-26,0.058142252,2,limit_up_normal
2015-05-27,0.047248125,1,limit_up_normal
2015-06-01,-0.04092549,3,limit_up_normal
2015-06-02,0.08588898,4,limit_up_normal
2015-06-03,0.0065318868,1,limit_up_normal
2015-06-04,0.05264091,4,limit_up_normal
2015-06-05,0.05825836,2,limit_up_normal
2015-06-08,-0.05715408,1,limit_up_normal
2015-06-10,0.116750404,1,limit_up_normal
2015-06-11,0.0404067,2,limit_up_normal
2015-06-12,-0.06104204,1,limit_up_normal
2015-06-15,0.117193505,1,limit_up_normal
2015-06-17,-0.05899384,1,limit_up_normal
2015-06-23,0.10116912,2,limit_up_normal
2015-06-24,0.09606069,2,limit_up_normal
2015-06-29,-0.19314197,1,limit_up_normal
2015-06-30,-0.015651569,2,limit_up_normal
2015-07-09,0.0035556268,26,limit_up_normal
2015-07-10,-0.010834235,24,limit_up_normal
2015-07-13,0.0031187988,19,limit_up_normal
2015-07-14,0.07640171,2,limit_up_normal
2015-07-15,0.106165186,1,limit_up_normal
2015-07-16,0.07562842,1,limit_up_normal
2015-07-17,0.033279438,5,limit_up_normal
2015-07-20,0.08189024,1,limit_up_normal
2015-07-22,0.12530297,2,limit_up_normal
2015-07-23,0.015109479,1,limit_up_normal
2015-07-29,-0.063505985,4,limit_up_normal
2015-08-03,-0.09417668,1,limit_up_normal
2015-08-04,0.10197446,4,limit_up_normal
2015-08-06,0.04182534,1,limit_up_normal
2015-08-07,-0.030452156,1,limit_up_normal
2015-08-11,-0.047212772,1,limit_up_normal
2015-08-12,0.016141012,1,limit_up_normal
2015-08-13,-0.018513218,2,limit_up_normal
2015-08-17,0.015894482,3,limit_up_normal
2015-08-19,-0.08514265,3,limit_up_normal
2015-08-24,0.14683792,1,limit_up_normal
2015-08-27,-0.06144814,4,limit_up_normal
2015-08-28,-0.053536337,7,limit_up_normal
2015-08-31,-0.049726345,4,limit_up_normal
2015-09-02,-0.0010095816,1,limit_up_normal
2015-09-08,-0.029570922,1,limit_up_normal
2015-09-09,-0.04423239,1,limit_up_normal
2015-09-16,0.039525587,12,limit_up_normal
2015-09-18,-0.00036609918,2,limit_up_normal
2015-09-21,-0.046849467,1,limit_up_normal
2015-09-23,-0.06454328,1,limit_up_normal
2015-09-24,-0.09392799,2,limit_up_normal
2015-10-08,-0.021460783,2,limit_up_normal
2015-10-09,-0.040628675,1,limit_up_normal
2015-10-12,0.05496553,3,limit_up_normal
2015-10-13,-0.030364843,1,limit_up_normal
2015-10-15,0.25477657,1,limit_up_normal
2015-10-16,0.045975074,3,limit_up_normal
2015-10-19,-0.0423574,1,limit_up_normal
2015-10-20,-0.11604457,1,limit_up_normal
2015-10-22,0.018260516,2,limit_up_normal
2015-10-23,-0.051417366,1,limit_up_normal
2015-10-27,-0.11769456,2,limit_up_normal
2015-10-29,-0.04836224,2,limit_up_normal
2015-10-30,-0.09116636,1,limit_up_normal
2015-11-04,0.041538477,3,limit_up_normal
2015-11-06,0.04128862,1,limit_up_normal
2015-11-09,-0.027017258,1,limit_up_normal
2015-11-10,-0.07397776,2,limit_up_normal
2015-11-11,-0.005296273,1,limit_up_normal
2015-11-12,-0.06263713,1,limit_up_normal
2015-11-20,-0.010406978,1,limit_up_normal
2015-11-26,-0.09242036,1,limit_up_normal
2015-11-30,-0.12433398,1,limit_up_normal
2015-12-01,0.07253732,1,limit_up_normal
2015-12-02,0.0171767,3,limit_up_normal
2015-12-03,0.06718726,1,limit_up_normal
2015-12-07,-0.04588569,1,limit_up_normal
2015-12-09,0.012336569,1,limit_up_normal
2015-12-10,-0.07087262,1,limit_up_normal
2015-12-14,-0.02986188,1,limit_up_normal
2015-12-17,-0.1163785,2,limit_up_normal
2015-12-21,-0.034912754,5,limit_up_normal
2015-12-22,-0.10142781,1,limit_up_normal
2015-12-30,0.14817573,1,limit_up_normal
2016-01-05,-0.1345866,1,limit_up_normal
2016-01-06,-0.040039707,3,limit_up_normal
2016-01-08,0.00033198297,1,limit_up_normal
2016-01-14,0.2507511,1,limit_up_normal
2016-01-27,-0.017218752,1,limit_up_normal
2016-02-04,-0.013988665,1,limit_up_normal
2016-02-16,-0.061397985,1,limit_up_normal
2016-02-22,-0.10205693,1,limit_up_normal
2016-02-29,0.044946417,1,limit_up_normal
2016-03-01,-0.04767528,1,limit_up_normal
2016-03-02,-0.04045173,4,limit_up_normal
2016-03-03,-0.035699554,1,limit_up_normal
2016-03-04,-0.057487566,1,limit_up_normal
2016-03-07,-0.08238611,1,limit_up_normal
2016-03-21,-0.036037132,2,limit_up_normal
2016-03-31,-0.01471001,2,limit_up_normal
2016-04-05,-0.036470234,1,limit_up_normal
2016-04-13,-0.019714078,3,limit_up_normal
2016-05-11,-0.004218347,1,limit_up_normal
2016-05-31,-0.003768784,1,limit_up_normal
2016-06-17,-0.0545666,1,limit_up_normal
2016-06-27,0.0034149587,1,limit_up_normal
2016-06-28,-0.0402776,2,limit_up_normal
2016-07-04,-0.0070134737,1,limit_up_normal
2016-07-08,-0.02139197,2,limit_up_normal
2016-07-11,-0.0811044,1,limit_up_normal
2016-07-12,-0.01042218,3,limit_up_normal
2016-08-03,-0.02429209,1,limit_up_normal
2016-08-04,0.013600145,1,limit_up_normal
2016-08-11,0.0030617975,1,limit_up_normal
2016-08-12,0.027164055,1,limit_up_normal
2016-08-15,-0.06690962,1,limit_up_normal
2016-08-16,-0.070235975,1,limit_up_normal
2016-08-19,-0.056074806,1,limit_up_normal
2016-08-31,-0.074326105,1,limit_up_normal
2016-09-12,-0.034482524,1,limit_up_normal
2016-11-11,-0.01675511,3,limit_up_normal
2016-11-15,-0.039926942,1,limit_up_normal
2016-11-22,0.15836447,1,limit_up_normal
2016-11-23,-0.02851811,2,limit_up_normal
2016-11-24,-0.010275293,1,limit_up_normal
2016-12-19,-0.032205276,1,limit_up_normal
2017-01-12,-0.18703999,1,limit_up_normal
2017-02-10,-0.0042597735,1,limit_up_normal
2017-03-16,0.018709453,1,limit_up_normal
2017-03-23,-0.16217583,1,limit_up_normal
2017-04-11,-0.13262616,1,limit_up_normal
2017-04-12,-0.09650226,1,limit_up_normal
2017-04-26,0.00022821222,1,limit_up_normal
2017-04-28,-0.09141501,1,limit_up_normal
2017-05-18,-0.029218785,1,limit_up_normal
2017-05-25,0.013855384,1,limit_up_normal
2017-06-23,-0.03402426,1,limit_up_normal
2017-06-26,-0.055780575,1,limit_up_normal
2017-07-28,-0.055698562,1,limit_up_normal
2017-09-18,0.038845167,1,limit_up_normal
2017-11-21,0.0059612505,1,limit_up_normal
2017-11-29,-0.060951117,1,limit_up_normal
2017-12-07,0.029997531,1,limit_up_normal
2017-12-26,0.010023009,1,limit_up_normal
2017-12-29,-0.008828229,1,limit_up_normal
2018-01-02,-0.16257784,1,limit_up_normal
2018-01-11,-0.15386459,1,limit_up_normal
2018-01-16,0.004284838,1,limit_up_normal
2018-01-22,0.009465726,1,limit_up_normal
2018-02-27,0.09873069,1,limit_up_normal
2018-02-28,0.023631355,1,limit_up_normal
2018-03-12,-0.006721843,1,limit_up_normal
2018-04-11,0.06556593,1,limit_up_normal
2018-04-18,-0.012535503,1,limit_up_normal
2018-04-24,-0.011389902,1,limit_up_normal
2018-05-07,-0.031188508,1,limit_up_normal
2018-05-15,-0.03828466,1,limit_up_normal
2018-05-28,0.05429725,1,limit_up_normal
2018-06-04,-0.049026284,1,limit_up_normal
2018-06-29,0.042101834,1,limit_up_normal
2018-07-03,-0.046238426,2,limit_up_normal
2018-07-13,-0.05266395,1,limit_up_normal
2018-07-16,0.008789087,1,limit_up_normal
2018-07-17,-0.07370346,1,limit_up_normal
2018-08-09,0.12381068,1,limit_up_normal
2018-08-14,-0.12973937,1,limit_up_normal
2018-09-19,-0.015672361,1,limit_up_normal
2018-09-20,-0.088602,1,limit_up_normal
2018-10-19,-0.11655278,1,limit_up_normal
2018-10-22,0.078945406,2,limit_up_normal
2018-11-02,-0.029137462,1,limit_up_normal
2018-11-15,0.017374426,1,limit_up_normal
2018-11-16,-0.09361504,1,limit_up_normal
2018-11-19,-0.029030722,1,limit_up_normal
2019-01-04,-0.030593524,1,limit_up_normal
2019-01-14,0.04787419,1,limit_up_normal
2019-01-16,0.124263704,1,limit_up_normal
2019-02-12,0.12337658,1,limit_up_normal
2019-02-13,-0.09756257,1,limit_up_normal
2019-02-22,-0.04204161,1,limit_up_normal
2019-02-25,-0.049290664,7,limit_up_normal
2019-03-05,0.041299548,2,limit_up_normal
2019-03-07,-0.08122415,2,limit_up_normal
2019-03-18,-0.023697209,2,limit_up_normal
2019-03-19,0.24020697,1,limit_up_normal
2019-03-21,-0.04907524,1,limit_up_normal
2019-03-22,-0.10446703,2,limit_up_normal
2019-03-25,-0.11748753,1,limit_up_normal
2019-03-26,0.14541018,1,limit_up_normal
2019-03-27,0.23029527,1,limit_up_normal
2019-03-28,-0.071769595,1,limit_up_normal
2019-03-29,0.3840036,1,limit_up_normal
2019-04-01,0.19621897,2,limit_up_normal
2019-04-03,0.18492708,2,limit_up_normal
2019-04-04,0.029208895,2,limit_up_normal
2019-04-08,0.08518085,1,limit_up_normal
2019-04-09,0.12067366,1,limit_up_normal
2019-04-10,0.024977442,1,limit_up_normal
2019-04-16,0.05245121,2,limit_up_normal
2019-04-17,-0.084218115,2,limit_up_normal
2019-05-10,-0.10346792,1,limit_up_normal
2019-05-15,-0.12761559,2,limit_up_normal
2019-05-20,0.00072350167,2,limit_up_normal
2019-05-21,-0.051055357,1,limit_up_normal
2019-06-13,-0.06640825,1,limit_up_normal
2019-06-18,0.11903517,1,limit_up_normal
2019-06-19,0.115970075,1,limit_up_normal
2019-06-24,-0.03289967,1,limit_up_normal
2019-07-01,-0.07368262,2,limit_up_normal
2019-07-04,-0.01063752,1,limit_up_normal
2019-08-19,-0.016339375,3,limit_up_normal
2019-08-21,-0.021565225,1,limit_up_normal
2019-08-22,0.05951449,1,limit_up_normal
2019-09-03,0.0015698634,1,limit_up_normal
2019-09-09,-0.056601103,1,limit_up_normal
2019-09-11,-0.070592746,1,limit_up_normal
2019-10-09,-0.016726654,1,limit_up_normal
2019-10-14,-0.007395439,1,limit_up_normal
2019-10-28,-0.14919612,1,limit_up_normal
2019-12-11,-0.006375693,1,limit_up_normal
2019-12-16,0.007067417,1,limit_up_normal
2019-12-20,-0.08307611,1,limit_up_normal
2019-12-25,0.16709629,1,limit_up_normal
2019-12-26,0.039162707,1,limit_up_normal
2019-12-30,-0.01856762,1,limit_up_normal
2020-01-03,-0.013340071,1,limit_up_normal
2020-01-06,-0.05035559,1,limit_up_normal
2020-01-08,-0.026959801,2,limit_up_normal
2020-02-05,-0.074314,1,limit_up_normal
2020-02-06,-0.014648051,1,limit_up_normal
2020-02-10,0.066963166,2,limit_up_normal
2020-02-14,-0.06258832,1,limit_up_normal
2020-02-17,0.08225188,2,limit_up_normal
2020-02-18,-0.06752926,1,limit_up_normal
2020-02-20,-0.027927384,2,limit_up_normal
2020-02-24,0.09914736,1,limit_up_normal
2020-02-25,-0.031734496,1,limit_up_normal
2020-02-27,0.12355087,1,limit_up_normal
2020-03-02,0.13452083,1,limit_up_normal
2020-03-05,0.056066375,1,limit_up_normal
2020-03-13,-0.080902115,1,limit_up_normal
2020-04-03,-0.10263899,1,limit_up_normal
2020-04-07,-0.03137964,2,limit_up_normal
2020-04-08,0.041254442,1,limit_up_normal
2020-04-22,-0.01955151,1,limit_up_normal
2020-04-23,0.0520496,1,limit_up_normal
2020-04-30,0.014903083,1,limit_up_normal
2020-05-12,0.032972056,1,limit_up_normal
2020-05-20,0.0030083396,1,limit_up_normal
2020-06-03,-0.016694015,1,limit_up_normal
2020-06-04,-0.12612781,1,limit_up_normal
2020-06-15,0.01175284,1,limit_up_normal
2020-07-01,-0.06513299,2,limit_up_normal
2020-07-03,-0.07279593,2,limit_up_normal
2020-07-06,-0.05828762,6,limit_up_normal
2020-07-07,0.033531114,1,limit_up_normal
2020-07-08,-0.038575485,2,limit_up_normal
2020-07-10,-0.041066714,1,limit_up_normal
2020-07-13,-0.036330856,1,limit_up_normal
2020-07-17,0.032895736,1,limit_up_normal
2020-07-20,-0.04895673,1,limit_up_normal
2020-08-05,0.034371585,1,limit_up_normal
2020-08-13,-0.062440455,2,limit_up_normal
2020-08-17,-0.049726486,1,limit_up_normal
2020-08-18,0.06947817,1,limit_up_normal
2020-09-22,0.013112819,1,limit_up_normal
2020-10-13,0.05826114,1,limit_up_normal
2020-10-20,-0.052544996,1,limit_up_normal
2020-10-27,-0.041400187,1,limit_up_normal
2020-10-29,0.01663825,1,limit_up_normal
2020-11-05,-0.014207239,1,limit_up_normal
2020-11-09,-0.0988855,1,limit_up_normal
2020-11-13,-0.008099703,1,limit_up_normal
2020-11-16,0.046331353,2,limit_up_normal
2020-11-18,-0.032568835,1,limit_up_normal
2020-11-20,-0.06442736,1,limit_up_normal
2020-11-25,0.13134861,1,limit_up_normal
2020-12-01,-0.006827455,2,limit_up_normal
2020-12-02,-0.06565572,2,limit_up_normal
2020-12-21,0.040348116,1,limit_up_normal
2020-12-25,-0.062985346,1,limit_up_normal
2020-12-29,-0.06268154,1,limit_up_normal
2021-01-04,0.047300223,2,limit_up_normal
2021-01-05,-0.0009822994,1,limit_up_normal
2021-01-06,0.16401123,1,limit_up_normal
2021-01-11,-0.026116401,1,limit_up_normal
2021-01-12,-0.007537376,3,limit_up_normal
2021-01-18,0.15568191,1,limit_up_normal
2021-01-19,0.09302945,1,limit_up_normal
2021-01-20,0.030994916,1,limit_up_normal
2021-01-22,-0.17350906,1,limit_up_normal
2021-01-25,-0.04851982,3,limit_up_normal
2021-01-26,0.05751851,1,limit_up_normal
2021-02-01,0.048278157,1,limit_up_normal
2021-02-02,-0.013633297,3,limit_up_normal
2021-02-03,0.0046001524,1,limit_up_normal
2021-02-08,-0.05067298,4,limit_up_normal
2021-02-10,-0.12545705,1,limit_up_normal
2021-02-18,0.03283516,3,limit_up_normal
2021-02-19,-0.0077840984,2,limit_up_normal
2021-02-22,-0.035734918,3,limit_up_normal
2021-02-23,0.03480792,1,limit_up_normal
2021-02-25,-0.005288701,1,limit_up_normal
2021-03-02,0.074753836,2,limit_up_normal
2021-03-05,0.17936137,1,limit_up_normal
2021-03-08,-0.0010948007,1,limit_up_normal
2021-03-10,-0.04592383,1,limit_up_normal
2021-03-18,-0.107770614,1,limit_up_normal
2021-03-22,0.14739333,2,limit_up_normal
2021-03-23,0.091366716,1,limit_up_normal
2021-03-24,-0.09648662,1,limit_up_normal
2021-03-26,-0.083652884,2,limit_up_normal
2021-03-29,-0.1901336,1,limit_up_normal
2021-03-30,0.0009999294,1,limit_up_normal
2021-04-02,0.021419123,1,limit_up_normal
2021-04-06,0.012013303,2,limit_up_normal
2021-04-09,0.033153743,1,limit_up_normal
2021-04-16,-0.084773496,1,limit_up_normal
2021-04-19,-0.10796388,1,limit_up_normal
2021-04-21,-0.12369148,1,limit_up_normal
2021-05-06,-0.012018487,1,limit_up_normal
2021-05-10,0.015794463,3,limit_up_normal
2021-05-12,0.10492663,1,limit_up_normal
2021-05-13,0.05053227,1,limit_up_normal
2021-05-14,0.033611447,1,limit_up_normal
2021-05-24,-0.008534709,1,limit_up_normal
2021-05-28,0.009238082,1,limit_up_normal
2021-05-31,-0.13805456,1,limit_up_normal
2021-06-02,-0.04238881,1,limit_up_normal
2021-06-07,0.27764228,1,limit_up_normal
2021-06-10,0.13141714,1,limit_up_normal
2021-06-18,0.0746649,1,limit_up_normal
2021-06-23,-0.018145291,1,limit_up_normal
2021-06-24,-0.019944975,2,limit_up_normal
2021-06-25,0.03569453,1,limit_up_normal
2021-06-28,0.042488284,1,limit_up_normal
2021-06-30,-0.04646354,1,limit_up_normal
2021-07-01,-0.14236858,1,limit_up_normal
2021-07-07,0.1660828,1,limit_up_normal
2021-07-08,0.045881905,1,limit_up_normal
2021-07-09,-0.08510262,1,limit_up_normal
2021-07-12,0.008800793,2,limit_up_normal
2021-07-15,0.08808938,1,limit_up_normal
2021-07-20,-0.013382673,1,limit_up_normal
2021-07-22,-0.08556874,1,limit_up_normal
2021-07-29,0.22585286,1,limit_up_normal
2021-08-02,0.04593273,2,limit_up_normal
2021-08-04,0.010089457,1,limit_up_normal
2021-08-05,0.028713994,2,limit_up_normal
2021-08-06,0.005632451,2,limit_up_normal
2021-08-11,0.007068484,1,limit_up_normal
2021-08-13,0.09258165,2,limit_up_normal
2021-08-16,-0.091260366,1,limit_up_normal
2021-08-18,0.0008662138,1,limit_up_normal
2021-08-19,-0.07809606,3,limit_up_normal
2021-08-23,0.08762026,1,limit_up_normal
2021-08-24,0.10495561,3,limit_up_normal
2021-08-30,0.06831436,1,limit_up_normal
2021-08-31,-0.037297077,1,limit_up_normal
2021-09-01,-0.064716026,2,limit_up_normal
2021-09-02,-0.030775081,2,limit_up_normal
2021-09-06,0.0054304823,2,limit_up_normal
2021-09-07,-0.027120162,1,limit_up_normal
2021-09-08,-0.04390441,1,limit_up_normal
2021-09-13,-0.09386298,1,limit_up_normal
2021-09-14,-0.010672012,1,limit_up_normal
2021-09-15,0.00973271,1,limit_up_normal
2021-09-17,0.18234293,1,limit_up_normal
2021-09-22,-0.047186915,2,limit_up_normal
2021-09-23,-0.01763516,1,limit_up_normal
2021-09-24,-0.07718221,1,limit_up_normal
2021-09-27,0.06886594,2,limit_up_normal
2021-09-28,-0.08031076,2,limit_up_normal
2021-09-30,-0.18962371,1,limit_up_normal
2021-10-13,0.18369706,2,limit_up_normal
2021-10-18,-0.031791236,3,limit_up_normal
2021-10-19,-0.033769205,1,limit_up_normal
2021-10-20,0.113355055,1,limit_up_normal
2021-10-25,0.014191964,2,limit_up_normal
2021-10-26,0.0838581,1,limit_up_normal
2021-10-27,-0.13651334,1,limit_up_normal
2021-11-01,0.009370376,1,limit_up_normal
2021-11-04,-0.035197027,1,limit_up_normal
2021-11-05,-0.04925452,1,limit_up_normal
2021-11-08,-0.15491532,1,limit_up_normal
2021-11-12,0.13898769,2,limit_up_normal
2021-11-16,0.02240464,1,limit_up_normal
2021-11-18,0.18145756,1,limit_up_normal
2021-11-19,0.046386685,1,limit_up_normal
2021-11-22,0.010770192,1,limit_up_normal
2021-11-25,-0.0517297,1,limit_up_normal
2021-11-30,-0.015850568,1,limit_up_normal
2021-12-01,-0.0023889542,1,limit_up_normal
2021-12-08,0.2182609,1,limit_up_normal
2021-12-16,0.093752086,1,limit_up_normal
2021-12-31,0.12886183,1,limit_up_normal
2022-01-04,0.035003807,1,limit_up_normal
2022-02-09,-0.039137352,1,limit_up_normal
2022-03-01,-0.024670698,1,limit_up_normal
2022-03-10,0.005637929,2,limit_up_normal
2022-03-21,-0.07519935,2,limit_up_normal
2022-03-31,-0.039564442,1,limit_up_normal
2022-04-27,0.05508329,3,limit_up_normal
2022-05-05,-0.029821001,1,limit_up_normal
2022-05-09,0.003048107,1,limit_up_normal
2022-05-13,0.0069058146,1,limit_up_normal
2022-05-26,-0.09702374,1,limit_up_normal
2022-06-14,0.057305247,1,limit_up_normal
2022-06-17,-0.018143898,1,limit_up_normal
2022-06-23,0.0006420277,1,limit_up_normal
2022-06-28,-0.1888779,1,limit_up_normal
2022-07-01,0.11364041,2,limit_up_normal
2022-07-04,0.21060285,1,limit_up_normal
2022-07-05,0.20798466,1,limit_up_normal
2022-07-06,0.1116092,1,limit_up_normal
2022-07-07,0.018726334,2,limit_up_normal
2022-07-11,0.04899843,1,limit_up_normal
2022-07-12,-0.05956877,2,limit_up_normal
2022-07-18,0.10461935,1,limit_up_normal
2022-07-19,-0.018300602,1,limit_up_normal
2022-07-20,-0.037648086,2,limit_up_normal
2022-07-27,0.05754198,2,limit_up_normal
2022-08-01,0.098798454,1,limit_up_normal
2022-08-02,0.001446858,1,limit_up_normal
2022-08-05,-0.080810934,1,limit_up_normal
2022-08-11,0.053250983,1,limit_up_normal
2022-08-12,-0.005772777,1,limit_up_normal
2022-08-16,-0.026814114,1,limit_up_normal
2022-08-17,0.124973156,1,limit_up_normal
2022-08-26,-0.010896781,1,limit_up_normal
2022-09-22,-0.07783086,1,limit_up_normal
2022-10-14,0.029352142,2,limit_up_normal
2022-10-27,-0.025071433,1,limit_up_normal
2022-11-01,0.057746213,1,limit_up_normal
2022-11-04,-0.0003301762,2,limit_up_normal
2022-11-11,-0.038310256,1,limit_up_normal
2022-11-29,-0.0065299803,2,limit_up_normal
2022-11-30,-0.0118380105,1,limit_up_normal
2022-12-05,-0.063725024,1,limit_up_normal
2023-01-05,-0.007220583,1,limit_up_normal
2023-01-06,-0.06687327,1,limit_up_normal
2023-02-02,0.07012455,1,limit_up_normal
2023-02-20,0.011053165,1,limit_up_normal
2023-03-10,-0.04362207,1,limit_up_normal
2023-03-30,0.27376026,1,limit_up_normal
2023-04-03,0.008056771,1,limit_up_normal
2023-04-06,-0.031935837,1,limit_up_normal
2023-04-07,-0.07264817,1,limit_up_normal
2023-05-04,-0.031528354,1,limit_up_normal
2023-05-11,0.08596923,1,limit_up_normal
2023-05-16,-0.035169687,1,limit_up_normal
2023-06-20,0.041088037,1,limit_up_normal
2023-07-07,-0.047975324,1,limit_up_normal
2023-07-25,0.05949613,1,limit_up_normal
2023-11-15,-0.0024097785,1,limit_up_normal
2023-11-28,-0.05699979,1,limit_up_normal
2023-12-05,-0.02506554,1,limit_up_normal
2024-01-24,0.08663577,1,limit_up_normal
2024-02-06,0.017388597,9,limit_up_normal
2024-02-07,-0.02138716,4,limit_up_normal
2024-02-21,-0.021748794,1,limit_up_normal
2024-02-27,-0.011089193,2,limit_up_normal
2024-03-01,-0.09748407,1,limit_up_normal
2024-04-01,-0.0168497,1,limit_up_normal
2024-04-29,-0.023308935,2,limit_up_normal
2024-05-17,0.007229803,1,limit_up_normal
2024-06-05,0.032318883,1,limit_up_normal
2024-07-26,-0.09731991,1,limit_up_normal
2024-08-30,-0.044340163,1,limit_up_normal
2024-09-10,-0.15302043,1,limit_up_normal
2024-09-25,0.027563736,1,limit_up_normal
2024-09-26,-0.008152175,3,limit_up_normal
2024-09-27,-0.025393028,4,limit_up_normal
2024-10-08,-0.020407403,11,limit_up_normal
2024-10-11,-0.07881824,1,limit_up_normal
2024-10-14,0.105697684,1,limit_up_normal
2024-10-21,-0.14983553,1,limit_up_normal
2024-10-23,-0.012357799,1,limit_up_normal
2024-10-25,-0.03662714,2,limit_up_normal
2024-10-28,-0.040100485,2,limit_up_normal
2024-10-30,-0.08095522,2,limit_up_normal
2024-10-31,-0.02472613,1,limit_up_normal
2024-11-04,-0.05103378,1,limit_up_normal
2024-11-07,-0.032643393,2,limit_up_normal
2024-11-11,-0.0411427,3,limit_up_normal
2024-11-14,-0.08310481,1,limit_up_normal
2024-12-03,-0.08371268,1,limit_up_normal
2024-12-09,-0.047259595,1,limit_up_normal
2025-01-09,0.025841625,1,limit_up_normal
2025-02-07,0.34325495,1,limit_up_normal
2025-02-10,0.2552954,2,limit_up_normal
2025-02-12,-0.028217684,1,limit_up_normal
2025-02-14,0.09528816,1,limit_up_normal
2025-02-21,-0.056696214,1,limit_up_normal
2025-02-24,-0.12977886,1,limit_up_normal
2025-03-10,-0.0029732157,1,limit_up_normal
2025-03-13,-0.038037363,1,limit_up_normal
2025-04-02,-0.1424774,1,limit_up_normal
2025-04-09,-0.0060407044,2,limit_up_normal
2025-04-22,-0.136067,1,limit_up_normal
2025-05-08,0.10948259,1,limit_up_normal
2025-05-12,-0.026552761,1,limit_up_normal
2025-05-29,-0.1818068,1,limit_up_normal
2025-06-25,0.05089657,1,limit_up_normal
2025-06-30,-0.09972785,1,limit_up_normal
2025-07-03,-0.091432795,1,limit_up_normal
2025-07-08,0.014968719,1,limit_up_normal
2025-07-10,-0.04977022,1,limit_up_normal
2025-07-16,-0.012822328,1,limit_up_normal
2025-07-21,0.008323394,2,limit_up_normal
2025-07-22,-0.10755213,1,limit_up_normal
2025-08-01,-0.05215332,1,limit_up_normal
2025-08-06,0.03126329,1,limit_up_normal
2025-08-18,-0.0029509142,1,limit_up_normal
2025-08-19,0.16982406,1,limit_up_normal
2025-08-21,0.19248258,1,limit_up_normal
2025-08-22,0.12333579,1,limit_up_normal
2025-09-01,0.060814187,1,limit_up_normal
2025-09-02,-0.008036746,1,limit_up_normal
2025-09-15,0.11998242,1,limit_up_normal
2025-09-17,0.00042969454,1,limit_up_normal
2025-09-18,-0.05813344,1,limit_up_normal
2025-09-23,0.05856562,1,limit_up_normal
2025-09-24,0.09520434,2,limit_up_normal
2025-09-26,-0.087996155,1,limit_up_normal
2025-09-29,-0.08420786,2,limit_up_normal
2025-10-09,-0.03581424,2,limit_up_normal
2025-10-23,-0.06802806,1,limit_up_normal
2025-10-29,-0.026954383,1,limit_up_normal
2025-11-05,-0.017989527,1,limit_up_normal
2025-11-06,-0.02082404,2,limit_up_normal
2025-11-14,-0.06730311,1,limit_up_normal
2025-11-17,-0.13226523,1,limit_up_normal
2025-11-26,-0.05529162,1,limit_up_normal
2025-12-01,-0.12501572,1,limit_up_normal
2025-12-02,0.03257355,1,limit_up_normal
2025-12-10,-0.040238842,1,limit_up_normal
2025-12-25,0.22132123,1,limit_up_normal
2025-12-30,0.029200714,2,limit_up_normal
2026-01-06,-0.0071240026,1,limit_up_normal
2026-01-14,-0.047600098,1,limit_up_normal
2026-01-19,-0.04348475,2,limit_up_normal
2026-01-21,0.19026342,1,limit_up_normal
2026-01-23,-0.0070250668,2,limit_up_normal
2026-01-26,-0.038440015,3,limit_up_normal
2026-01-27,0.022781068,1,limit_up_normal
2026-01-28,-0.18019271,2,limit_up_normal
2026-01-29,-0.043181967,3,limit_up_normal
2026-02-03,0.018494396,2,limit_up_normal
2026-02-04,-0.047831163,2,limit_up_normal
2026-02-10,-0.02996205,1,limit_up_normal
2026-02-11,0.15940627,1,limit_up_normal
2026-02-13,0.0055724494,1,limit_up_normal
2026-02-25,0.0091468915,2,limit_up_normal
2026-02-27,-0.062007926,1,limit_up_normal
2026-03-03,-0.21581046,1,limit_up_normal
2026-03-05,-0.025573496,1,limit_up_normal
2026-03-11,0.013607027,2,limit_up_normal
2026-03-16,0.11774567,1,limit_up_normal
2026-03-19,0.115875006,2,limit_up_normal
2026-03-23,-0.028561974,1,limit_up_normal
2026-03-24,-0.09523759,3,limit_up_normal
2026-03-25,-0.2358542,1,limit_up_normal
2026-03-27,-0.0018399991,1,limit_up_normal
2026-04-02,-0.0042356793,1,limit_up_normal
2026-04-07,0.090466276,2,limit_up_normal
2026-04-16,0.029398847,1,limit_up_normal
2026-04-21,0.0376813,1,limit_up_normal
2026-04-22,0.076037124,1,limit_up_normal
2026-04-23,-0.15498753,1,limit_up_normal
2026-04-24,-0.012856603,1,limit_up_normal
2026-04-27,-0.080010116,1,limit_up_normal
2026-04-29,0.025891818,2,limit_up_normal
2026-05-06,0.002976451,2,limit_up_normal
2026-05-08,-0.08372481,1,limit_up_normal
2026-05-11,-0.10449705,3,limit_up_normal
2026-05-12,0.036443014,1,limit_up_normal
2026-05-18,0.11536976,1,limit_up_normal
2026-05-22,0.022591984,4,limit_up_normal
2026-05-27,0.14044452,1,limit_up_normal
2026-05-28,0.026188992,2,limit_up_normal
2026-06-01,-0.15420254,1,limit_up_normal
2026-06-02,-0.058540564,1,limit_up_normal
2026-06-04,-0.0601068,2,limit_up_normal
2026-06-11,0.3852836,1,limit_up_normal
2026-06-12,0.15562026,2,limit_up_normal
2026-06-15,0.09171765,3,limit_up_normal
2026-06-16,0.06463043,2,limit_up_normal
2026-06-17,0.09361323,3,limit_up_normal
2026-06-18,-0.027702345,1,limit_up_normal
2026-06-22,-0.105961435,3,limit_up_normal
2026-06-24,-0.022644911,2,limit_up_normal
2026-06-25,0.057274334,2,limit_up_normal
2026-06-29,-0.13856551,1,limit_up_normal
2026-06-30,-0.12430796,1,limit_up_normal
2026-07-01,-0.17833082,1,limit_up_normal
2026-07-06,-0.11609564,1,limit_up_normal
2026-07-09,-0.27351218,1,limit_up_normal
2026-07-14,-0.0054764394,1,limit_up_normal
2026-07-15,0.0846856,1,limit_up_normal
2026-07-20,-0.065401465,2,limit_up_normal
2026-07-21,-0.006455853,1,limit_up_normal
2026-07-23,-0.017436765,1,limit_up_normal
2026-07-30,0.05726809,1,limit_up_normal
2026-07-31,0.029017834,2,limit_up_normal
2026-08-04,-0.017118705,1,limit_up_normal
2026-08-05,0.15319943,1,limit_up_normal
2026-08-07,-0.06819134,1,limit_up_normal
2026-08-10,-0.03887655,1,limit_up_normal
2026-08-17,0.05558625,1,limit_up_normal
2026-08-19,0.035222176,1,limit_up_normal
2026-08-24,-0.035374053,1,limit_up_normal
2026-08-28,0.021283302,1,limit_up_normal
2026-09-01,0.0029300782,1,limit_up_normal
